pl_radj,pl_massj,stellar_compatibility,orbital_stability,star_A,star_B,star_F,star_G,star_K,star_M,star_Unknown,radius_earth_scaled,mass_earth_scaled,orbital_period_scaled,semimajor_axis_scaled,eq_temp_k_scaled,density_scaled,star_temp_k_scaled,star_luminosity_scaled,star_metallicity_scaled
0.47660235,0.09848081,1.0,0.1567086753652476,0,0,0,1,0,0,0,2.356634354838709,-164.750555,-0.2395929901555945,-0.2939375382731169,0.3744759206798868,-0.2000000000000001,-0.5676784249384742,-0.39107,0.719047619047619
,,0.9,8.344919544872843,0,0,0,0,1,0,0,0.0,0.0,48.15009036313808,13.678093405151404,0.0,0.0,-0.8247197156138911,1.16675,0.380952380952381
0.19448691,,1.0,0.0556563076876072,0,0,0,1,0,0,0,-0.1935483870967739,0.0,-0.3005716117900572,-0.3689216041591162,2.9830028328611897,0.0,-0.0426579163248564,0.0,0.0
,30.0,0.5,8.655951575334148,0,0,0,0,0,1,0,0.0,9338.801655,0.0,2588.930852193909,2.235127478753541,0.0,0.0,0.0,0.0
,5.5,1.0,0.7658695990709582,0,0,0,1,0,0,0,0.0,1552.014445,0.0,0.0,0.8413597733711048,0.0,2.2072737216297518,0.8481099999999999,0.0
0.964,0.412,1.0,1.5259942139262277,0,0,0,1,0,0,0,6.766129032258064,-65.050555,0.3759447073492486,0.2784408313233438,-0.3087818696883853,-0.7570000000000001,0.1564123598578069,0.03802,1.2857142857142858
0.21657951,0.03146352,1.0,0.27406021478524,0,0,0,1,0,0,0,0.0061577177419356,-186.050555,-0.1909753086108438,-0.2189534723871177,0.7487535410764871,2.49,0.3904840032813781,0.08225,-0.1428571428571428
0.39967883,0.09722179,1.0,0.3741901255639468,0,0,0,1,0,0,0,1.6612903225806452,-165.150555,-0.1413222044005714,-0.1838609295524701,0.2577903682719547,0.54,-0.3598578069455838,0.0,0.7142857142857143
0.44076962,0.12711262,1.0,0.3103776303039081,0,0,0,1,0,0,0,2.0327243467741933,-155.650555,-0.1762573232232848,-0.1999575090293313,1.1388668555240793,0.51,0.0404703308722997,0.35197,1.0714285714285714
0.09991988,,1.0,1.4462437916648152,0,0,0,1,0,0,0,-1.0483870967741933,0.0,0.3768568694657194,0.1994576152567578,-0.5410764872521246,0.0,0.0087503418102269,0.0,-1.7142857142857142
0.20430012,,1.0,1.8874301355644527,0,0,0,1,0,0,0,-0.1048387096774192,0.0,0.7059740645040317,0.3389279778047164,-1.3427762039660056,0.0,-1.6767842493847416,0.0,0.6666666666666666
0.28102466,,1.0,2.0120804651552966,0,0,0,1,0,0,0,0.5887096774193548,0.0,0.6809662561308775,0.4968944099378881,-0.5835694050991501,0.0,0.5742411812961444,0.0,0.0
0.3523954,,1.0,1.011880020942047,0,0,0,1,0,0,0,1.2338709677419355,0.0,0.1211376968317104,0.0729844907957059,-0.2039660056657223,0.0,0.2625102543068088,0.0,0.0
0.11865465,,1.0,0.0165179248373111,0,0,0,1,0,0,0,-0.8790322580645159,0.0,-0.3259417460599077,-0.4454053513628354,0.0849858356940509,0.0,-2.3418102269619907,0.0,0.0
0.16504623,,1.0,1.8870136223735217,0,0,0,1,0,0,0,-0.4596774193548385,0.0,0.6538916921202766,0.3824187360185959,-0.9376770538243626,0.0,-0.1990702761826633,0.0,-1.523809523809524
0.09456703,,1.0,0.7682214396157846,0,0,0,1,0,0,0,-1.0967741935483868,0.0,0.0177384968643137,-0.0219953259932264,0.2152974504249291,0.0,0.5283018867924528,0.0,-1.142857142857143
1.3,0.667,1.0,0.2258680253619753,0,0,0,1,0,0,0,9.79973783064516,15.940992469999998,-0.2043864911845083,-0.257445292875264,1.0368271954674222,-0.95,-0.0295324036095159,0.0,1.761904761904762
0.25961326,,1.0,3.46356271746461,0,0,0,1,0,0,0,0.3951612903225807,0.0,2.4691225290043235,1.2687303947911066,-1.257790368271955,0.0,-0.3554826360404703,0.0,0.2857142857142857
,,0.5,0.0237503063202129,0,0,0,0,0,1,0,0.0,0.0,-0.3230920580395307,-0.420410662734169,0.0,0.0,-2.0344544708777685,-1.31992,-1.3333333333333333
0.20697689,,1.0,1.7009288477275055,0,0,0,1,0,0,0,-0.0806451612903226,0.0,0.5372686699359472,0.2954372195908368,-0.6260623229461756,0.0,0.0875034181022696,0.0,-2.1904761904761902
0.04460709,,1.0,0.1367354251618725,0,0,0,1,0,0,0,-1.5483870967741933,0.0,-0.2451590952299519,-0.31543297049377,0.3597733711048159,0.0,-0.5753349740224227,0.0,-1.619047619047619
0.31938676,0.04184648,1.0,0.6613565913034356,0,0,0,1,0,0,0,0.935483870967742,-182.750555,-0.067331330320302,0.0,0.2096317280453258,0.1099999999999998,-0.1104730653541154,0.0,1.8571428571428568
0.13738983,0.01123248,1.0,0.5574440989535827,0,0,0,1,0,0,0,-0.7096774193548385,-192.480555,-0.1276502179077721,0.0,0.5609065155807366,4.293888,-0.3281378178835111,-0.23009,-0.4285714285714285
0.19359477,,1.0,1.7961563008980828,0,0,0,1,0,0,0,-0.2016129032258064,0.0,0.4082081069477283,0.5478835747403676,1.614730878186969,0.0,4.362045392398141,0.0,0.4285714285714286
0.20697689,,1.0,0.9568055071642788,0,0,0,1,0,0,0,-0.0806451612903226,0.0,0.1146686885893082,0.0304935201269729,-0.6147308781869688,0.0,-0.475799835931091,0.0,-0.1904761904761904
,15.49,1.0,2.32263050248291,0,0,0,1,0,0,0,0.0,4726.949445,0.0,3.6302285764275086,0.0,0.0,0.0,0.0,0.0
1.664,8.0,0.9,8.205168159831523,0,0,0,0,1,0,0,13.08629032258064,2346.949445,0.0,1649.1305597560518,2.801699716713881,0.0,-1.6592835657642877,0.0,0.0
1.13,0.31,1.0,0.2226161362553359,0,0,0,1,0,0,0,8.263040322580643,-97.523255,-0.2145975949357039,-0.2439481610157841,1.3569405099150142,-1.04,0.3215750615258408,0.0,0.5714285714285715
0.1623698,,1.0,1.093039772736902,0,0,0,1,0,0,0,-0.4838709677419353,0.0,0.1611049901099808,0.1004786482872389,-0.1246458923512747,0.0,0.4736122504785343,0.0,-0.6666666666666667
,,1.0,6.132773118921943,0,0,0,1,0,0,0,0.0,0.0,11.396875167548254,5.879750553007487,0.0,0.0,-0.7251845775225595,1.41604,-0.2380952380952381
0.16950694,,1.0,1.0173003127299751,0,0,0,1,0,0,0,-0.4193548387096774,0.0,0.1244488090344313,0.0739842783408525,0.0566572237960339,0.0,0.6190866830735575,0.0,-0.8571428571428573
,,1.0,0.1858362065036955,0,0,0,1,0,0,0,0.0,0.0,-0.2292985863202459,-0.2689428496444505,0.0,0.0,0.0875034181022696,0.0,1.238095238095238
0.24801541,,1.0,0.3423550949702942,0,0,0,1,0,0,0,0.2903225806451611,0.0,-0.1676022523067517,-0.1769623954909581,1.056657223796034,0.0,0.992070002734482,0.0,-0.2857142857142857
0.18913406,,1.0,3.044970918747439,0,0,0,1,0,0,0,-0.2419354838709675,0.0,1.692759179577358,1.074271717260082,-0.8158640226628895,0.0,0.7612797374897456,0.0,-0.1904761904761904
,,1.0,5.736875622439267,0,0,0,1,0,0,0,0.0,0.0,10.3017606571322,4.225102165789769,0.0,0.0,0.1369975389663658,0.0,1.4142857142857146
0.1900262,,1.0,2.3687438934542087,0,0,0,1,0,0,0,-0.2338709677419354,0.0,1.17027305750575,0.514890585750528,-1.5155807365439091,0.0,-1.8572600492206728,0.0,-0.4761904761904761
,,1.0,5.454327459451983,0,0,0,1,0,0,0,0.0,0.0,8.4993812812658,3.780196708199507,0.0,0.0,0.3237626469783976,0.0,1.1428571428571428
0.23998614,0.01950738,0.7,1.2167186513671897,0,0,1,0,0,0,0,0.2177419354838709,-189.850555,0.3864983990683955,0.0,0.1586402266288951,0.47,0.6694011484823625,0.45984,0.5714285714285715
,0.0786588,1.0,2.637067202124576,0,0,0,1,0,0,0,0.0,-171.050555,0.0,5.329867403176824,0.0,0.0,0.0,0.0,0.0
0.38261909,,1.0,0.295561876083701,0,0,0,1,0,0,0,1.5070725806451617,0.0,-0.2545629582977166,0.0,0.8725212464589235,0.0,-0.071096527208094,0.0,0.0
1.354,0.899,0.7,0.1412333636515454,0,0,1,0,0,0,0,10.28790322580645,89.66644499999998,-0.251422224236458,-0.2964370071359836,1.8753541076487248,0.0,0.5545529122231337,0.0,-0.8571428571428573
,,1.0,0.1291555065600211,0,0,0,1,0,0,0,0.0,0.0,-0.3195502000195817,0.0,0.0,0.0,0.0,0.0,0.0
,,1.0,0.4272825910162086,0,0,0,1,0,0,0,0.0,0.0,-0.1296817707462907,-0.1449691940462651,0.0,0.0,-0.0021875854525567,0.12441,1.4285714285714288
,,0.5,0.1589234671928564,0,0,0,0,0,1,0,0.0,0.0,-0.2083786084250503,-0.336593473886799,0.0,0.0,-2.4008750341810225,-2.02865,0.5238095238095238
0.24444685,,1.0,0.8585846367706466,0,0,0,1,0,0,0,0.2580645161290324,0.0,0.0598042544940611,0.0074984065885999,0.1076487252124645,0.0,0.7394038829641782,0.0,-2.4761904761904763
0.22481973,0.04719528,0.5,0.4945826927067218,0,0,0,0,0,1,0,0.0806451612903226,-181.050555,-0.0667193497492248,-0.1654648387217716,-0.7875354107648725,0.0,-1.7413180202351657,0.0,-1.142857142857143
1.653,0.636,0.7,0.1690690300832004,0,0,1,0,0,0,0,12.990322580645156,6.080444999999997,-0.2420967699924019,-0.2695927115487959,2.685552407932011,-1.142,0.5720535958435876,0.0,-1.1904761904761905
,,1.0,8.599618903631553,0,0,0,1,0,0,0,0.0,0.0,57.59338606665102,14.81285226889286,0.0,0.0,-0.5862729012852065,0.54887,1.2
0.0918906,,1.0,0.3362534506893163,0,0,0,1,0,0,0,-1.1209677419354835,0.0,-0.2369568895758348,0.0,-0.0793201133144475,0.0,-1.1145747880776593,0.0,-1.0000000000000002
0.53528507,,1.0,5.190292984413024,0,0,0,1,0,0,0,2.887096774193548,0.0,6.433995098512408,3.780196708199507,-0.6062322946175638,0.0,2.3407164342357123,0.0,0.4285714285714286
0.21679008,,1.0,0.1025314977576188,0,0,0,1,0,0,0,0.0080645161290324,0.0,-0.2562303155717695,-0.353424897209343,-0.2946175637393767,0.0,-1.9961717254580256,0.0,0.0
,7.0,1.0,4.052573135015183,0,0,0,1,0,0,0,0.0,2003.949445,0.0,24.97569266530862,0.0,0.0,0.0,0.0,0.0
2.80667804,,1.0,1.314770621304559,0,0,0,1,0,0,0,23.419354838709676,0.0,0.282800111851522,0.1714635639926515,-0.3371104815864023,0.0,0.2712605961170358,0.0,-0.9523809523809524
0.3173677,0.02170983,1.0,1.3499694079636675,0,0,0,1,0,0,0,0.9172325806451612,-189.150555,0.3149229654786141,0.1709636702200782,-0.735297450424929,-0.5000000000000001,-0.4659557013945857,-0.34576,0.0
0.836,0.19,1.0,1.0127561568530083,0,0,0,1,0,0,0,5.443548387096773,-135.550555,0.1044321989410045,0.0949798167889323,0.0,-0.899,-0.54361498496035,0.73868,-0.2857142857142857
0.21679045,,1.0,1.265300455604883,0,0,0,1,0,0,0,0.0080645161290324,0.0,0.3231641990558067,0.0879813039729057,-1.2861189801699715,0.0,-1.831009023789992,0.0,-0.8571428571428573
0.25426041,,1.0,1.1842506872146046,0,0,0,1,0,0,0,0.3467741935483872,0.0,0.2073940793604716,0.1319719559593586,-0.4249291784702549,0.0,0.239540607054963,0.0,-0.4761904761904761
1.57,1.18,0.7,0.1228056959758467,0,0,1,0,0,0,0,12.240427419354836,178.988845,-0.2690085026396046,-0.2914380694102503,3.609065155807365,-0.953,1.1955154498222589,0.83978,0.5238095238095238
,2.28,0.5,9.168966141668475,0,0,0,0,0,0,1,0.0,528.5714449999999,92.30175446375132,16.42750915430471,0.0,0.0,56.24610336341264,0.0,0.0
,0.05128554,1.0,3.534035814662273,0,0,0,1,0,0,0,0.0,-179.750555,0.0,14.477923441268729,0.0,0.0,0.0,0.0,0.0
,,1.0,4.413271393532301,0,0,0,1,0,0,0,0.0,0.0,4.693575942779981,2.120549383256058,0.0,0.0,-0.5184577522559475,-0.42513,-0.6666666666666667
1.4,0.78,1.0,0.1888942177901212,0,0,0,1,0,0,0,10.701612903225804,51.849445,-0.2345903027510528,-0.2539460364672507,2.036827195467422,-0.98,0.8455017774131802,0.43687,0.0
0.14185054,,1.0,0.2128761704940121,0,0,0,1,0,0,0,-0.6693548387096772,0.0,-0.2136587663143061,-0.258944974192984,1.388101983002833,0.0,-0.189226141646158,0.0,0.0
0.13203698,,1.0,0.017467032397602,0,0,0,1,0,0,0,-0.7580645161290321,0.0,-0.3315125249107635,-0.4274091755501956,2.4107648725212463,0.0,0.1268799562482909,0.0,-1.3333333333333333
0.11865486,0.023283,0.5,1.580957743298655,0,0,0,0,0,1,0,-0.8790322580645159,-188.650555,0.5594268197580937,0.1659647324943449,-1.4560906515580736,0.0,-1.9885151763740767,-1.43205,-1.0476190476190477
0.19627119,,1.0,0.875290291975137,0,0,0,1,0,0,0,-0.1774193548387094,0.0,0.0636562347325751,0.0179961758126397,-0.3172804532577903,0.0,-0.0131255127153404,0.0,0.5714285714285715
0.90317747,0.20105188,1.0,0.1820547645413996,0,0,0,1,0,0,0,6.212660330645161,-132.150555,-0.2348390897162238,-0.2639439119187173,1.6479886685552407,-0.99,0.1542247744052502,0.39534,1.4428571428571428
0.26853468,,1.0,0.8685009141912948,0,0,0,1,0,0,0,0.475806451612903,0.0,0.0525153560051344,0.025994476173813,0.5070821529745042,0.0,0.3522012578616352,0.0,0.0
1.19704041,,1.0,0.5405345938257858,0,0,0,1,0,0,0,8.869034540322579,0.0,-0.1368863491457906,0.0,2.4505665722379604,0.0,0.1693191140278919,0.0,0.0
0.10616487,,1.0,0.1222382346359221,0,0,0,1,0,0,0,-0.9919354838709676,0.0,-0.2566041833107076,-0.3189322269017833,0.4277620396600566,0.0,-0.6300246103363413,0.0,0.2857142857142857
,,1.0,0.1248034900513595,0,0,0,1,0,0,0,0.0,0.0,-0.259409733091919,-0.3089343514503168,1.603399433427762,0.0,0.2067268252666119,0.0,-0.0952380952380952
0.239094,,1.0,0.4928961084916372,0,0,0,1,0,0,0,0.2096774193548388,0.0,-0.0973153596573453,-0.126473124461052,0.1926345609065155,0.0,0.3817336614711512,0.0,-0.8571428571428573
0.11687057,,1.0,0.0713316476283826,0,0,0,1,0,0,0,-0.8951612903225804,0.0,-0.2795581604604939,-0.3739205418848494,-0.3427762039660056,0.0,-1.9447634673229424,0.0,-0.8571428571428573
0.09545917,,1.0,1.0876891140892342,0,0,0,1,0,0,0,-1.0887096774193543,0.0,0.1564783796647695,0.1009785420598122,-0.1444759206798866,0.0,0.4025157232704403,0.0,0.0
0.21589831,0.03272206,1.0,2.1902158210628087,0,0,0,1,0,0,0,0.0,-185.650555,0.8346173575935067,0.5658797505530074,-0.4815864022662889,2.67,0.2264150943396226,0.15072,0.3333333333333333
0.1,,1.0,0.8090836234239361,0,0,0,1,0,0,0,-1.0564516129032255,0.0,0.0273305054837856,0.0034992564080132,0.1274787535410765,0.0,0.4670494941208641,0.0,0.4285714285714286
,,1.0,1.1235679235756475,0,0,0,1,0,0,0,0.0,0.0,0.1789831547584742,0.1079770548758389,0.0,0.0,0.3511074651353568,0.10605,-0.7142857142857144
0.14898768,,1.0,0.1184715443780691,0,0,0,1,0,0,0,-0.6048387096774193,0.0,-0.2642792782129771,-0.3104340327680367,1.3994334277620395,0.0,0.5097074104457205,0.0,-0.0952380952380952
1.348,0.957,1.0,0.2259323708594459,0,0,0,1,0,0,0,10.233633854838708,108.1112305,-0.2196856452802562,-0.2294512416111576,0.0,-0.449,-0.6595570139458573,0.8490399999999999,1.0714285714285714
,,1.0,6.515649333567258,0,0,0,1,0,0,0,0.0,0.0,16.80090263948923,5.9147431170876175,0.0,0.0,0.1203171998906207,0.0,1.6190476190476193
1.285,3.47,1.0,0.0341861907364067,0,0,0,1,0,0,0,9.664165322580644,906.819545,-0.3176362004955748,-0.3935163777697239,2.9206798866855523,0.69,0.2078206179928903,0.10966,1.3285714285714287
0.98046382,,1.0,1.1500555005337068,0,0,0,1,0,0,0,6.911290322580644,0.0,0.1719562248836482,0.1414699376382518,0.4560906515580736,0.0,-0.7590921520371889,0.0,0.8571428571428571
0.17206739,,1.0,0.3134439668151165,0,0,0,1,0,0,0,-0.3962096774193546,0.0,-0.1446723805444858,-0.2429483734706375,0.0,0.0,-1.349740224227509,0.0,-0.3904761904761904
0.11597843,,1.0,0.3835469571772892,0,0,0,1,0,0,0,-0.9032258064516128,0.0,-0.0986697620515596,-0.2294512416111576,-1.1869688385269122,0.0,-2.303527481542248,0.0,0.0
0.12489985,,1.0,1.6835672416000451,0,0,0,1,0,0,0,-0.8225806451612901,0.0,0.4910493497449337,0.3214316957646499,-0.603399433427762,0.0,0.5512715340442986,0.0,-2.2857142857142856
0.23552543,,1.0,0.7438082162620909,0,0,0,1,0,0,0,0.1774193548387098,0.0,0.0123166345300156,-0.0374920329429996,-0.2266288951841359,0.0,0.0700027344818157,0.0,-0.6666666666666667
0.19322988,,1.0,0.6697592644178925,0,0,0,1,0,0,0,-0.2049112903225807,0.0,-0.0621743216513683,0.0,-0.0708215297450425,0.0,0.3270440251572327,0.0,0.0
0.10857347,0.00578926,0.5,0.1288989795479158,0,0,0,0,0,1,0,-0.9701612903225804,-194.210555,-0.2343339192373271,-0.3439269155304497,-0.8101983002832861,4.27,-2.266338528848783,-1.77146,-0.4761904761904761
0.11439756,,1.0,0.2038141316801816,0,0,0,1,0,0,0,-0.9175161290322578,0.0,-0.2917264755233758,0.0,1.8441926345609063,0.0,0.245983046212743,0.0,0.0
,,1.0,6.01307925708039,0,0,0,1,0,0,0,0.0,0.0,11.146385527701256,5.279878025919492,0.0,0.0,-0.3904840032813781,1.0358699999999998,-0.6190476190476191
,,0.5,1.6840090630184157,0,0,0,0,0,1,0,0.0,0.0,0.7419627132825721,0.1309721684142119,0.0,0.0,-2.5058791359037462,0.0,0.8571428571428571
0.26585825,,1.0,2.2427768355901123,0,0,0,1,0,0,0,0.4516129032258064,0.0,0.936131859758322,0.5418848494694877,-0.9575070821529744,0.0,-0.3642329778506973,0.0,0.1904761904761905
0.20697654,,0.5,0.0472401416001199,0,0,0,0,0,1,0,-0.0806451612903226,0.0,-0.2890246484267447,-0.4119124686004224,-0.6883852691218131,0.0,-2.584632212195789,0.0,1.3333333333333337
0.19181048,,1.0,0.5047551314059583,0,0,0,1,0,0,0,-0.2177419354838709,0.0,-0.087766635647639,-0.1284726995513453,0.6713881019830028,0.0,-0.2318840579710145,0.0,-0.1904761904761904
0.07404764,,1.0,0.0340989732534258,0,0,0,1,0,0,0,-1.2822580645161288,0.0,-0.3104578845055485,-0.4109126810552757,-0.0623229461756373,0.0,-2.0257041290675417,0.0,-0.0476190476190476
0.15701695,,1.0,2.560198165489329,0,0,0,1,0,0,0,-0.5322580645161289,0.0,1.361296992213281,0.6143694464926204,-1.5297450424929178,0.0,-1.7413180202351657,0.0,-0.9523809523809524
0.808,0.387,0.9,1.8050774630673287,0,0,0,0,1,0,0,5.352316129032258,-73.05034500000001,0.566304315699723,0.3759201169751427,-0.6968838526912181,-0.42,-0.2592288761279737,0.0,1.1428571428571428
0.20711964,,1.0,0.4139760744112889,0,0,0,1,0,0,0,-0.0793548387096772,0.0,-0.2012708781234707,0.0,1.0396600566572238,0.0,0.5567404976756904,0.0,0.0
0.30154392,,1.0,0.4476250196515633,0,0,0,1,0,0,0,0.7741935483870966,0.0,-0.1254201979036598,-0.1299723808690653,1.0084985835694051,0.0,0.3117309269893355,0.0,1.3809523809523812
0.25872112,,1.0,1.6352454320479142,0,0,0,1,0,0,0,0.3870967741935483,0.0,0.4801961372491425,0.2829398752765036,-0.7705382436260623,0.0,-0.3806398687448728,0.0,0.4285714285714286
,,1.0,0.2772910725182543,0,0,0,1,0,0,0,0.0,0.0,-0.1841809817783926,-0.2264518789757176,0.8045325779036827,0.0,0.0634399781241454,0.0,-0.5714285714285715
0.984,0.593,1.0,0.0903795370847006,0,0,0,1,0,0,0,6.943270967741934,-7.577365000000015,-0.277387227196891,-0.3381281477685992,1.4645892351274787,-0.5559400000000001,-0.2592288761279737,0.0,2.238095238095238
,2.89,0.7,8.726800743043407,0,0,1,0,0,0,0,0.0,722.47354123,61.65361029423634,15.752652561330716,0.0,0.0,0.5414273995077933,0.0,-0.8095238095238096
,,0.9,5.047336226291935,0,0,0,0,1,0,0,0.0,0.0,7.067497366166558,2.88688653661097,0.0,0.0,-0.1564123598578069,-0.21726,-0.7142857142857144
0.30422035,,1.0,2.649055013906217,0,0,0,1,0,0,0,0.7983870967741936,0.0,1.3316217353976845,0.7503405526325656,-0.6317280453257791,0.0,0.1946951052775499,0.0,-2.380952380952381
,,1.0,7.595889917718538,0,0,0,1,0,0,0,0.0,0.0,37.94713980414143,7.979304397815464,0.0,0.0,25.948044845501776,0.0,0.0
0.1088413,,1.0,0.0250504930040239,0,0,0,1,0,0,0,-0.9677419354838708,0.0,-0.3238608300630299,-0.4129122561455691,1.7223796033994334,0.0,-0.3489198796828001,0.0,0.2857142857142857
0.38362097,,1.0,4.14772514254527,0,0,0,1,0,0,0,1.5161290322580645,0.0,3.566830975881285,2.0755589437244586,-0.9121813031161472,0.0,1.273174733388023,0.0,0.0
0.12846842,,1.0,0.149953709118649,0,0,0,1,0,0,0,-0.7903225806451611,0.0,-0.2473788797362239,-0.2899383880925303,1.0708215297450423,0.0,0.4156412359857807,0.0,-0.2857142857142857
,0.00786588,1.0,3.655759297586775,0,0,0,1,0,0,0,0.0,-193.550555,0.0,16.47749853156204,0.0,0.0,0.0,0.0,0.0
0.28902573,,1.0,1.2811922070763124,0,0,0,1,0,0,0,0.6610353548387097,0.0,0.4574238769696885,0.0,-0.34671388101983,0.0,0.130161334427126,0.0,0.0
1.686,0.762,1.0,0.1598852791933581,0,0,0,1,0,0,0,13.288709677419352,46.12544499999999,-0.249273121357802,-0.2694427434170239,2.7507082152974505,-1.13,0.9505058791359038,0.6448699999999999,0.0
,0.122,1.0,3.4174733616284216,0,0,0,1,0,0,0,0.0,-157.27548935,0.0,12.778284614519414,0.0,0.0,0.0,0.0,0.0
1.35,2.14,1.0,0.1253711472019753,0,0,0,1,0,0,0,10.251712862903224,484.10223597999993,-0.2679631848147152,-0.2889386005473837,3.413881019830028,-0.2299999999999999,0.5173639595296692,0.0,0.8095238095238095
,27.0,1.0,13.987782620655215,0,0,0,1,0,0,0,0.0,8385.316434,1440.361685509618,134.45242885886748,0.0,0.0,0.0,0.0,0.0
0.24087828,,1.0,1.731650872658938,0,0,0,1,0,0,0,0.2258064516129033,0.0,0.562537368016845,0.3034355199520102,-0.8611898016997167,0.0,-0.3697019414820891,0.0,-1.142857142857143
0.33901388,,1.0,0.2936680541469079,0,0,0,1,0,0,0,1.1129032258064513,0.0,-0.1776887835980584,-0.2174537910693977,1.0736543909348442,0.0,0.1520371889526934,0.0,-0.6666666666666667
0.15612481,,1.0,3.258880444636389,0,0,0,1,0,0,0,-0.5403225806451611,0.0,2.1271152909950803,1.1257607758351351,-1.2436260623229465,0.0,-0.3565764287667487,0.0,0.0
0.11776272,,1.0,0.6487272260201625,0,0,0,1,0,0,0,-0.8870967741935482,0.0,-0.0213437883567576,-0.0814826849294525,-0.093484419263456,0.0,-0.0667213563029805,0.0,-0.8571428571428573
0.0704792,,1.0,1.7525851926899108,0,0,0,1,0,0,0,-1.3145161290322578,0.0,0.5834519720088128,0.3059349888148768,-1.1246458923512748,0.0,-1.0062893081761006,0.0,0.1904761904761905
,2.49,1.0,2.863349291938757,0,0,0,1,0,0,0,0.0,595.34217843,0.0,6.929527475411475,0.0,0.0,0.0,0.0,0.0
0.12757627,,1.0,0.3249029579671902,0,0,0,1,0,0,0,-0.7983870967741934,0.0,-0.1696526615796893,-0.1939587837584513,0.5694050991501416,0.0,0.425485370522286,0.0,0.0
0.23210674,,1.0,0.888490735942013,0,0,0,1,0,0,0,0.146516129032258,0.0,0.0885132221475463,0.0,-0.4674220963172804,0.0,-0.6074924801750065,0.0,0.0
,1.56,1.0,8.85200691060029,0,0,0,1,0,0,0,0.0,299.76175992000003,70.69088357499075,15.577689740930053,0.0,0.0,0.1750068362045392,0.0,-0.4761904761904761
0.28905394,,1.0,0.2248753501834055,0,0,0,1,0,0,0,0.6612903225806452,0.0,-0.2201878242252345,-0.2299511353837309,1.801699716713881,0.0,0.3565764287667487,0.0,2.380952380952381
0.19680648,0.0139698,1.0,0.94973556593689,0,0,0,1,0,0,0,-0.1725806451612902,-191.610555,0.1369565596285891,0.0,0.0,0.930583,0.2745419742958709,0.0,0.0
0.05058444,0.0053488,1.0,0.3879287014443153,0,0,0,1,0,0,0,-1.4943548387096772,-194.350555,-0.1314965600010462,-0.1838609295524701,-0.0963172804532577,50.67,-0.7306535411539513,0.0,0.6190476190476191
0.1088413,,1.0,0.2245023816571553,0,0,0,1,0,0,0,-0.9677419354838708,0.0,-0.2069496835620756,-0.2549458240123973,0.6657223796033994,0.0,0.0568772217664752,0.0,-0.6666666666666667
,,1.0,0.3517042102864404,0,0,0,1,0,0,0,0.0,0.0,-0.075517593700452,-0.2789407250959171,-1.3626062322946175,0.0,-2.67760459392945,-1.85919,0.0
0.28467153,,1.0,0.9002073757100737,0,0,0,1,0,0,0,0.6216755403225805,0.0,0.0975527844271875,0.0,-0.5145042492917847,0.0,-0.4761607875307628,0.0,0.0
1.099,3.88,1.0,0.4643263583729529,0,0,0,1,0,0,0,7.982798217741934,1037.12366416,-0.1196484982675146,-0.1214741867353187,1.0963172804532575,2.3,0.5720535958435876,0.36293,0.9285714285714284
0.08207704,,1.0,1.1445992369951408,0,0,0,1,0,0,0,-1.2096774193548383,0.0,0.1693082822015163,0.1394703625479585,0.0538243626062322,0.0,0.3171998906207274,0.0,1.238095238095238
,,1.0,5.05064806528361,0,0,0,1,0,0,0,0.0,0.0,7.027222561328412,2.9168801629653696,0.0,0.0,-0.8280010937927262,-0.42536,1.9047619047619049
0.13917412,,1.0,1.2079473672757473,0,0,0,1,0,0,0,-0.693548387096774,0.0,0.2234995841646947,0.1359711061399452,-0.5070821529745042,0.0,0.0973475526387749,0.0,0.0
,2.74,1.0,3.543697124693606,0,0,0,1,0,0,0,0.0,674.949445,0.0,14.627891573040726,0.0,0.0,0.0,0.0,0.0
0.24355471,,1.0,0.2063934987268369,0,0,0,1,0,0,0,0.25,0.0,-0.2186928801818067,-0.258944974192984,0.9291784702549576,0.0,0.4703308722996992,0.0,-1.0476190476190477
,,0.5,0.8747351350001487,0,0,0,0,0,1,0,0.0,0.0,0.2092547458746245,-0.1189747178724521,0.0,0.0,-2.788077659283566,-2.6721,0.0
0.17485979,,1.0,0.4366473556031007,0,0,0,1,0,0,0,-0.3709677419354837,0.0,-0.0914110794893846,-0.188959846032718,-0.8696883852691218,0.0,-1.6647525293956795,0.0,0.0
1.008,1.04,0.5,0.0402204564107186,0,0,0,0,0,1,0,7.153225806451611,134.949445,-0.3044098874620534,-0.4043140832573078,-0.1869688385269121,-0.07,-2.333059885151764,-1.45991,0.0
0.16504623,,1.0,0.062981221184523,0,0,0,1,0,0,0,-0.4596774193548385,0.0,-0.2906401596170921,-0.3719209667945561,0.3399433427762039,0.0,-1.1780147662018048,0.0,0.0
0.1025963,,1.0,0.2886567193419043,0,0,0,1,0,0,0,-1.0241935483870963,0.0,-0.1684195649330229,-0.2374495419723308,-0.3881019830028329,0.0,-1.297238173366147,0.0,0.2857142857142857
0.23641757,,1.0,3.385404611040824,0,0,0,1,0,0,0,0.1854838709677418,0.0,2.1942467371315333,1.3072222152792532,-1.0311614730878187,0.0,0.6300246103363413,0.0,-0.5714285714285715
0.11508629,,1.0,1.7389211709539698,0,0,0,1,0,0,0,-0.9112903225806448,0.0,0.5279541390048132,0.342927127985303,-0.2436260623229461,0.0,0.4331419196062346,0.0,-1.523809523809524
0.63,0.101,0.7,0.2993123631640158,0,0,1,0,0,0,0,3.743282258064516,-163.949725,-0.1847985287859108,-0.1984578277116112,1.30028328611898,-0.79,0.5173639595296692,0.0,1.0
,,1.0,6.455198563340122,0,0,0,1,0,0,0,0.0,0.0,16.00883147767238,5.829761175750153,0.0,0.0,-0.0875034181022696,-0.00887,1.4
0.32117104,,1.0,0.0536962903786546,0,0,0,1,0,0,0,0.9516129032258064,0.0,-0.3007549309139327,-0.3739205418848494,1.1274787535410764,0.0,-0.2340716434235712,0.0,0.0
0.23998614,,1.0,0.5203173875986595,0,0,0,1,0,0,0,0.2177419354838709,0.0,-0.0908160255019561,-0.1084769486484121,0.2124645892351274,0.0,0.3532950505879136,0.0,0.4285714285714286
0.14363483,,1.0,0.0208442568914676,0,0,0,1,0,0,0,-0.6532258064516127,0.0,-0.3282079840172361,-0.4199107689615957,2.382436260623229,0.0,-0.3412633305988515,0.0,2.285714285714286
0.10705701,,1.0,0.1879292999842787,0,0,0,1,0,0,0,-0.9838709677419352,0.0,-0.2183884861865207,-0.2849394503667971,0.1161473087818696,0.0,-0.7284659557013946,0.0,-0.9523809523809524
,0.4,1.0,3.357534663395791,0,0,0,1,0,0,0,0.0,-68.9191922,0.0,11.978454578402088,0.0,0.0,0.0,0.0,0.0
0.28370109,,1.0,0.304474822410624,0,0,0,1,0,0,0,0.6129032258064517,0.0,-0.1631447826824131,-0.2274516665208643,-0.0764872521246459,0.0,-0.5381460213289582,0.0,-1.619047619047619
,,1.0,5.508537772571757,0,0,0,1,0,0,0,0.0,0.0,8.579276016066672,3.980154217228839,0.0,0.0,-0.7820617992890347,1.81652,-1.238095238095238
,,1.0,5.712332485584917,0,0,0,1,0,0,0,0.0,0.0,10.370358800332127,4.080132971743504,0.0,0.0,-0.0754716981132075,-0.11013,2.0000000000000004
0.2221433,0.05411725,1.0,4.450957837592699,0,0,0,1,0,0,0,0.056451612903226,-178.850555,4.4191833699802645,2.3804941449941883,-0.9943342776203966,4.77,0.3106371342630571,0.0,0.380952380952381
0.67535133,,1.0,4.192994760373541,0,0,0,1,0,0,0,4.153225806451612,0.0,3.822717105590407,2.0315682917380053,-0.886685552407932,0.0,0.6869018321028165,0.0,-1.238095238095238
1.009,1.32,1.0,3.255828005307316,0,0,0,1,0,0,0,7.169243169354837,223.48294224,2.0967924133530618,1.140757589012335,-1.048158640226629,0.27,0.1345365053322395,1.08387,-0.9047619047619048
0.12846842,,1.0,1.57564554155591,0,0,0,1,0,0,0,-0.7903225806451611,0.0,0.40569789296527,0.2974367946811302,-0.206798866855524,0.0,0.8826907301066448,0.0,-1.0476190476190477
,,1.0,0.6203076343829876,0,0,0,1,0,0,0,0.0,0.0,-0.0503376547406689,-0.0689853406151193,0.2521246458923513,0.0,0.2581350834016954,0.0,1.6190476190476193
0.16442441,,1.0,0.2548994566648193,0,0,0,1,0,0,0,-0.4652983870967741,0.0,-0.2714551217229112,0.0,1.2606232294617563,0.0,0.2975116215477167,0.0,0.0
0.23552543,0.0393294,1.0,0.4525770117064484,0,0,0,1,0,0,0,0.1774193548387098,-183.550555,-0.1174155714048053,-0.1374707874576652,1.5552407932011332,2.37,0.5140825813508341,0.54931,-0.2380952380952381
0.27745609,,1.0,0.906413001161509,0,0,0,1,0,0,0,0.5564516129032256,0.0,0.0855297995093609,0.0194958571303598,-0.2209631728045325,0.0,0.3062619633579436,0.0,-1.619047619047619
0.13382127,,1.0,0.8413456724994341,0,0,0,1,0,0,0,-0.7419354838709675,0.0,0.0434028310524458,0.0124973443143332,0.3456090651558073,0.0,0.4025157232704403,0.0,0.0
,,0.9,3.990161094312446,0,0,0,0,1,0,0,0.0,0.0,16.375888845343603,0.0,0.0,0.0,-1.5061525840853158,0.0,0.0
1.473,4.85,0.7,0.1702652615606709,0,0,1,0,0,0,0,11.363594354838709,1345.424945,-0.2447938885386787,-0.2619443368284239,3.028328611898017,0.6699999999999999,0.9548810500410172,0.0,-0.1428571428571428
0.12484546,0.01761957,1.0,0.0046736775544325,0,0,0,1,0,0,0,-0.8230722822580643,-190.450555,-0.3487047186707431,-0.4654011022657685,3.1864872521246457,9.84,-0.5151763740771124,-0.3888,0.4428571428571429
0.987,0.63,0.7,2.411142614378691,0,0,1,0,0,0,0,6.970374153225805,4.181341409999988,0.9712592924113248,0.7258457577764724,-0.3597733711048159,-0.52,0.6486190866830736,0.0,0.5238095238095238
1.135,6.1,0.9,0.0493653700325303,0,0,0,0,1,0,0,8.308237903225805,1742.712445,-0.303926280375617,-0.3787695114788107,1.6260623229461757,3.77,-0.39595296691277,-0.29098,0.5857142857142857
0.12311557,,1.0,0.0298535222374366,0,0,0,1,0,0,0,-0.8387096774193548,0.0,-0.3200857098691441,-0.4034142744666758,2.0623229461756374,0.0,0.1706316652994257,0.0,-0.4761904761904761
0.08653775,,1.0,0.0100422968653528,0,0,0,1,0,0,0,-1.1693548387096773,0.0,-0.3408606089455269,-0.4444055638176887,3.858356940509915,0.0,0.1728192507519825,0.0,0.1904761904761905
0.27477967,0.03240742,1.0,1.0678578186973795,0,0,0,1,0,0,0,0.532258064516129,-185.750555,0.1480995830712469,0.0924803479260657,0.3937677053824363,0.5999999999999999,0.2111019961717254,0.33862,-1.0476190476190477
,3.86,1.0,10.185152131133004,0,0,0,1,0,0,0,0.0,1030.719445,159.00076052497135,26.705325118412336,0.0,0.0,-0.3576702214930271,-0.1700799999999999,1.761904761904762
0.11776251,,1.0,0.9162181916431762,0,0,0,1,0,0,0,-0.8870967741935482,0.0,0.1100778752419743,0.0,-0.2889518413597733,0.0,0.4790812141099261,0.0,0.5619047619047619
0.37851667,0.12113455,1.0,1.841762865387801,0,0,0,1,0,0,0,1.4699887903225806,-157.550555,0.5421276450490786,0.4409063074096754,-0.1773371104815864,1.4299999999999995,0.2887612797374898,0.46778,1.1714285714285717
0.1409584,,1.0,0.2131899999712799,0,0,0,1,0,0,0,-0.6774193548387094,0.0,-0.2170636520150627,-0.2524463551495307,1.1388101983002832,0.0,0.5720535958435876,0.0,-0.4761904761904761
,1.83,1.0,9.592236569237954,0,0,0,1,0,0,0,0.0,385.57542981,106.709001722925,21.87635127535399,0.0,0.0,0.2056330325403336,0.0,-0.4285714285714285
0.08921418,,1.0,1.3640895483828277,0,0,0,1,0,0,0,-1.1451612903225803,0.0,0.3033118472981315,0.1964582526213179,-0.3286118980169972,0.0,0.4101722723543888,0.0,-1.0476190476190477
,,1.0,0.6017519174590518,0,0,0,1,0,0,0,0.0,0.0,-0.102694901030257,0.0,0.0,0.0,0.0,0.0,0.0
0.13382127,,1.0,0.072162935653174,0,0,0,1,0,0,0,-0.7419354838709675,0.0,-0.339435115430437,0.0,0.0,0.0,0.0612523926715887,0.0,-0.1571428571428571
,13.27,1.0,3.9765394613722815,0,0,0,1,0,0,0,0.0,4021.949445,0.0,23.07609632952997,0.0,0.0,0.0,0.0,0.0
0.06423421,,1.0,0.9164221692438856,0,0,0,1,0,0,0,-1.3709677419354835,0.0,0.1102387419807461,0.0,-0.3824362606232294,0.0,-0.0196882690730106,0.0,-2.952380952380953
0.22125116,,1.0,2.9490051617396884,0,0,0,1,0,0,0,0.0483870967741935,0.0,1.7326235972516997,0.8938100653611107,-1.385269121813031,0.0,-1.0117582718074924,0.0,0.1904761904761905
0.11062558,,1.0,0.4361649634123102,0,0,0,1,0,0,0,-0.9516129032258064,0.0,-0.1233737661115093,-0.1454690878188385,0.5835694050991501,0.0,0.948318293683347,0.0,-2.2857142857142856
0.09251494,,1.0,0.5160783563794176,0,0,0,1,0,0,0,-1.1153225806451612,0.0,-0.0363554212756409,-0.1804616518989714,-1.1161473087818696,0.0,-2.314465408805032,-1.60764,-0.2380952380952381
0.6438483,,1.0,2.272994587039128,0,0,0,1,0,0,0,3.868454177419354,0.0,2.3840366897878136,0.0,-0.6124362606232296,0.0,0.2698386655728737,0.0,0.0
0.109,,1.0,0.1521475388793843,0,0,0,1,0,0,0,-0.9677419354838708,0.0,-0.3112018223640222,0.0,0.0,0.0,0.0,0.0,0.0
,,0.5,0.2143006925505796,0,0,0,0,0,1,0,0.0,0.0,-0.1960052715539466,-0.2846895034805103,-0.56657223796034,0.0,-1.9447634673229424,-1.26403,0.0
0.23820186,,1.0,0.8340857130031977,0,0,0,1,0,0,0,0.2016129032258064,0.0,0.0478991757520638,0.0,-0.4419263456090651,0.0,-0.5468963631391851,0.0,0.7142857142857143
,,1.0,6.360894795172664,0,0,0,1,0,0,0,0.0,0.0,13.96889624074847,6.079708062036818,0.0,0.0,-0.7645611156685808,0.0,0.0
0.16683051,,1.0,1.1905852090419966,0,0,0,1,0,0,0,-0.4435483870967739,0.0,0.2047672157908295,0.1409700438656785,-0.0906515580736544,0.0,0.5304894722450095,0.0,0.0
0.35061172,,1.0,3.6881640961914592,0,0,0,1,0,0,0,1.217741935483871,0.0,2.903070168767253,1.4341952335128785,-1.1898016997167138,0.0,0.0470330872299699,0.0,-1.4285714285714286
0.22303545,,1.0,2.095492165968418,0,0,0,1,0,0,0,0.0645161290322581,0.0,0.743332056647069,0.5358861241986077,-0.6062322946175638,0.0,0.6683073557560842,0.0,0.0
,,1.0,2.5987484549146047,0,0,0,1,0,0,0,0.0,0.0,1.2613439769757842,0.7353437394553657,0.0,0.0,0.0575553732567677,0.0,-0.7642857142857143
1.322,0.817,1.0,0.1590478940862061,0,0,0,1,0,0,0,9.998606846774193,63.61525351999998,-0.2421661441623292,-0.2854393441393704,0.0,0.0,0.1564123598578069,0.0,0.0
0.26585825,,1.0,0.8440016572693552,0,0,0,1,0,0,0,0.4516129032258064,0.0,0.0276607883528278,0.0364922453978529,0.8526912181303116,0.0,0.1990702761826633,0.0,1.523809523809524
0.08207704,,1.0,0.3501426707239852,0,0,0,1,0,0,0,-1.2096774193548383,0.0,-0.1508538515655889,-0.1954584650761713,0.1728045325779036,0.0,0.0929723817336614,0.0,-1.523809523809524
0.45856088,0.04703796,0.5,0.1831659534407416,0,0,0,0,0,1,0,2.1935483870967736,-181.100555,-0.209972007405048,-0.3039354137245835,-0.6487252124645893,-0.7200000000000001,-2.188679245283019,-1.40846,0.5666666666666668
0.99,1.93,1.0,4.336284382519211,0,0,0,1,0,0,0,6.997508064516127,417.3613449999999,4.26174067723832,2.1505430096104576,-1.3144475920679888,1.13,0.2767295597484276,0.0,0.8571428571428571
0.12133128,,1.0,1.5441969771717712,0,0,0,1,0,0,0,-0.854838709677419,0.0,0.3942400823028721,0.277441043778197,-0.3937677053824363,0.0,0.3861088323762647,0.0,-0.0952380952380952
0.15612481,,1.0,0.6647427757380276,0,0,0,1,0,0,0,-0.5403225806451611,0.0,-0.024117378279424,-0.0629866153442393,-0.1048158640226629,0.0,0.1728192507519825,0.0,-0.5714285714285715
0.14541911,,1.0,2.560027784766508,0,0,0,1,0,0,0,-0.6370967741935483,0.0,1.1666469220008964,0.7583388529937388,-0.8640226628895185,0.0,0.4659557013945857,0.0,-0.5714285714285715
0.17575193,,1.0,0.3748070957194278,0,0,0,1,0,0,0,-0.3629032258064515,0.0,-0.1414789067900104,-0.1829611207618381,0.0963172804532577,0.0,-0.4681432868471424,0.0,2.095238095238096
0.21411403,,1.0,1.130489784748235,0,0,0,1,0,0,0,-0.0161290322580645,0.0,0.1540476786250597,0.1449691940462651,0.2804532577903683,0.0,0.197976483456385,0.0,1.523809523809524
0.33276888,,1.0,0.4836899163462458,0,0,0,1,0,0,0,1.0564516129032258,0.0,-0.0892742804653755,-0.1469687691365585,-0.3427762039660056,0.0,-0.9122231337161608,0.0,2.0000000000000004
0.17129122,,1.0,0.2757275061782445,0,0,0,1,0,0,0,-0.4032258064516128,0.0,-0.1694506095307963,-0.2504467800592374,-0.6402266288951841,0.0,-1.6461580530489472,0.0,-0.7142857142857144
,16.1,0.3,12.65823366289395,1,0,0,0,0,0,0,0.0,4920.9867977,608.6705937300451,83.96315782896133,0.0,0.0,2.6502597757724917,1.16863,0.0
0.28726965,,1.0,0.1823570887631867,0,0,0,1,0,0,0,0.6451612903225807,0.0,-0.2262941672802673,-0.2794406188684905,0.1898016997167138,0.0,-0.7284659557013946,0.0,1.3333333333333337
0.52547151,,1.0,0.2342100104962759,0,0,0,1,0,0,0,2.798387096774193,0.0,-0.210365529641672,-0.2359498606546109,1.461756373937677,0.0,0.3565764287667487,0.0,0.8571428571428571
0.1329289,,1.0,0.0765336331436772,0,0,0,1,0,0,0,-0.7499999999999998,0.0,-0.2859875024732796,-0.3499256408013297,0.980169971671388,0.0,-0.3215750615258408,0.0,0.7333333333333334
,0.1479,1.0,5.312031412661399,0,0,0,1,0,0,0,0.0,-149.045455,8.180129779500017,3.346788807378432,0.0,0.0,-0.3576702214930271,-0.1700799999999999,1.761904761904762
,4.0,0.5,7.177250911154621,0,0,0,0,0,1,0,0.0,1075.263073,0.0,589.355761900596,1.8101983002832864,0.0,-2.709324582991523,-1.13681,0.1428571428571428
0.19627119,,1.0,2.0808166757494373,0,0,0,1,0,0,0,-0.1774193548387094,0.0,0.8326193343486095,0.4409063074096754,-1.144475920679887,0.0,-0.7765928356576429,0.0,0.0
0.967,0.65,1.0,0.2564515591157844,0,0,0,1,0,0,0,6.789584145161289,10.537909549999997,-0.1935912947088052,-0.2364997438044415,0.5354107648725213,-0.45,-0.2373530216024063,-0.2480399999999999,0.5714285714285715
,,1.0,6.613545279234067,0,0,0,1,0,0,0,0.0,0.0,18.379478526681872,5.979729307522152,0.0,0.0,0.050795734208367,-0.1229299999999999,-0.7071428571428573
0.21500617,,1.0,2.0954453065196232,0,0,0,1,0,0,0,-0.008064516129032,0.0,0.7868714978729011,0.4958946223927415,-0.7422096317280453,0.0,0.0065627563576702,0.0,0.1904761904761905
0.30243606,,1.0,3.4827881267601506,0,0,0,1,0,0,0,0.782258064516129,0.0,2.370689632248265,1.3702088306234923,-1.13314447592068,0.0,0.3642329778506973,0.0,0.0
0.13738983,,1.0,0.6093606977792363,0,0,0,1,0,0,0,-0.7096774193548385,0.0,-0.0358933045631162,-0.0989789669695189,-0.3739376770538243,0.0,-0.4889253486464315,0.0,-0.4761904761904761
,,0.5,0.0384455231557533,0,0,0,0,0,1,0,0.0,0.0,-0.2885562491721027,-0.4327580389167302,-1.0124645892351274,0.0,0.0,0.0,0.0
,0.369,0.9,1.575961526086968,0,0,0,0,1,0,0,0.0,-78.77187282,0.4448918235471645,0.2581451441568666,0.0,0.0,-0.4736122504785343,-0.37434,0.2857142857142857
0.09456687,,1.0,1.1078234110604808,0,0,0,1,0,0,0,-1.0967741935483868,0.0,0.2766174676220796,0.0,-1.6345609065155808,0.0,-2.5561936013125512,-2.26048,-0.6190476190476191
0.24177042,,1.0,4.535008089365902,0,0,0,1,0,0,0,0.2338709677419354,0.0,4.996859925152164,2.2975117787470163,-1.5042492917847026,0.0,-0.2657916324856439,0.0,0.0
0.20340833,,1.0,0.485889609592429,0,0,0,1,0,0,0,-0.1129032258064516,0.0,-0.0877022566340551,-0.1469687691365585,-0.0056657223796034,0.0,-0.0284386108832376,0.0,-1.9047619047619049
,,1.0,4.92649977785209,0,0,0,1,0,0,0,0.0,0.0,6.133318356384225,2.930377294824849,0.0,0.0,-0.8433141919606235,1.37687,-0.8571428571428573
0.12668413,,1.0,0.6050556158542967,0,0,0,1,0,0,0,-0.8064516129032256,0.0,-0.0487027141003866,-0.0859817288826124,0.0849858356940509,0.0,0.4943943122778234,0.0,-1.809523809523809
0.2221433,,1.0,0.1856741494957363,0,0,0,1,0,0,0,0.056451612903226,0.0,-0.2275292202019053,-0.2724421060524639,1.388101983002833,0.0,-0.3642329778506973,0.0,0.6666666666666666
0.11981464,0.03542792,1.0,0.0784644474912772,0,0,0,1,0,0,0,-0.868548387096774,-184.790555,-0.2822452199977093,-0.3535248759638577,0.8781869688385269,24.93,-0.5950232430954334,0.0,-0.3333333333333333
,0.11,1.0,3.6699835070265023,0,0,0,1,0,0,0,0.0,-162.050555,0.0,16.727445417848706,0.0,0.0,0.0,0.0,0.0
0.22571187,,1.0,1.0363444220458211,0,0,0,1,0,0,0,0.0887096774193547,0.0,0.1271438044763619,0.088481197745479,0.2039660056657223,0.0,0.1629751162154771,0.0,1.0952380952380951
0.25515255,,1.0,0.5139993692834455,0,0,0,1,0,0,0,0.3548387096774192,0.0,-0.0780321413173985,-0.1329717435045052,-0.178470254957507,0.0,-0.5501777413180202,0.0,0.8571428571428571
1.27,1.07,0.7,0.0890700574936674,0,0,1,0,0,0,0,9.52822580645161,144.009445,-0.2816986286829425,-0.3314295712161165,2.546742209631728,-0.6400000000000001,0.5720535958435876,0.0,0.4285714285714286
,4.95,1.0,4.300448123741369,0,0,0,1,0,0,0,0.0,1373.949445,0.0,32.27414174487921,0.0,0.0,0.0,0.0,0.0
0.2007319,,1.0,0.7191691302944353,0,0,0,1,0,0,0,-0.1370967741935483,0.0,-0.0257583958311128,-0.0079983003611732,0.5949008498583569,0.0,1.0478534317746786,0.0,1.0952380952380951
0.25604469,,1.0,1.2249704452746737,0,0,0,1,0,0,0,0.3629032258064517,0.0,0.2548410987194283,0.1179749303273055,-0.5382436260623229,0.0,-0.1914137270987148,0.0,-1.0476190476190477
1.20795997,,1.0,4.444539979551805,0,0,0,1,0,0,0,8.967741935483868,0.0,4.549145283100761,2.2855143282052564,-1.2521246458923512,0.0,0.6267432321575062,0.0,-0.4761904761904761
,,0.5,3.4394496773326098,0,0,0,0,0,1,0,0.0,0.0,3.295745521202423,0.8308234500168714,-1.872521246458924,0.0,-2.4949412086409626,0.0,0.1904761904761905
,1.96,1.0,3.162014868279928,0,0,0,1,0,0,0,0.0,426.89312272,0.0,9.67894322456478,0.0,0.0,0.0,0.0,0.0
0.88,3.0,1.0,0.5233620957310351,0,0,0,1,0,0,0,6.003147596774193,757.434666,-0.0920702437952355,-0.1034780109226789,0.7620396600566572,4.07,0.2526661197703035,0.22387,1.6190476190476193
,9.1,0.9,10.55885446200782,0,0,0,0,1,0,0,0.0,2696.1879487,168.69290868114277,36.77318569803917,0.0,0.0,-0.7306535411539513,1.60802,0.5714285714285715
0.21500617,,1.0,1.6838775579072882,0,0,0,1,0,0,0,-0.008064516129032,0.0,0.468135579096536,0.3449267030755964,-0.4589235127478753,0.0,0.6125239267158873,0.0,-0.4761904761904761
0.20965332,,1.0,1.047866868424143,0,0,0,1,0,0,0,-0.0564516129032256,0.0,0.1578106869081246,0.0629866153442393,-0.6317280453257791,0.0,-0.5250205086136177,0.0,0.4761904761904762
0.07493991,,1.0,0.6377854352846896,0,0,0,1,0,0,0,-1.2741935483870963,0.0,-0.0248833176416496,-0.086981516427759,-0.2039660056657223,0.0,0.2176647525293956,0.0,-3.333333333333333
0.1025963,,1.0,0.7360507642949292,0,0,0,1,0,0,0,-1.0241935483870963,0.0,-0.0090191856366953,-0.0159966007223465,0.4787535410764872,0.0,0.9669127700300792,0.0,-0.4761904761904761
,,1.0,8.930070759239856,0,0,0,1,0,0,0,0.0,0.0,72.39355825107492,16.47749853156204,0.0,0.0,0.3653267705769756,0.20006,0.4761904761904762
0.52457937,,1.0,0.044578916500152,0,0,0,1,0,0,0,2.7903225806451606,0.0,-0.3147328021919281,-0.3644225602059562,5.464589235127479,0.0,-0.6956521739130435,0.0,2.0000000000000004
0.18212816,,1.0,0.5086567127760069,0,0,0,1,0,0,0,-0.3052652903225807,0.0,-0.1538792612667275,0.0,-1.2835694050991502,0.0,-2.5069729286300246,0.0,0.0
0.13856166,,1.0,0.3321869098340206,0,0,0,1,0,0,0,-0.6990846854838708,0.0,-0.2387487591647583,0.0,0.7395750708215295,0.0,0.1606453377085041,0.0,0.0
0.16058552,,1.0,0.810505659438186,0,0,0,1,0,0,0,-0.4999999999999998,0.0,0.0340315126464899,-0.0039991501805866,-0.1728045325779036,0.0,0.2723543888433142,0.0,0.0
0.12222342,,1.0,0.0209016091664822,0,0,0,1,0,0,0,-0.8467741935483868,0.0,-0.3288028073577336,-0.4179111938713024,2.314447592067989,0.0,-0.0087503418102269,0.0,1.0952380952380951
0.0811849,,1.0,1.0256996577375292,0,0,0,1,0,0,0,-1.2177419354838706,0.0,0.1481294781093097,0.0539885274379193,-0.3342776203966006,0.0,-0.1214109926168991,0.0,-0.4761904761904761
0.21424275,0.02013665,1.0,0.1914038282202552,0,0,0,1,0,0,0,-0.0149654354838709,-189.650555,-0.2237815503654286,-0.2709424247347439,0.5492917847025495,1.1999999999999995,-0.0853158326497128,-0.1928099999999999,-0.1380952380952381
,,1.0,8.278489201983971,0,0,0,1,0,0,0,0.0,0.0,49.80037504918888,12.328380219203416,0.0,0.0,-0.1498496035001367,-0.0631299999999999,1.0476190476190477
0.15523267,,1.0,0.2254201273473669,0,0,0,1,0,0,0,-0.5483870967741934,0.0,-0.2125091056383294,-0.2439481610157841,0.8328611898016998,0.0,0.4615805304894722,0.0,-0.1904761904761904
0.146311,,1.0,0.5626178258783826,0,0,0,1,0,0,0,-0.629032258064516,0.0,-0.0435302304107094,-0.1319719559593586,0.0,0.0,-1.6385015039649986,-0.96881,-0.4285714285714285
0.34793529,,1.0,1.320116049326864,0,0,0,1,0,0,0,1.193548387096774,0.0,0.3074380403462919,0.1509679193171451,-0.8895184135977338,0.0,-0.6201804757998359,0.0,0.0
1.16,1.88,0.7,0.2031755645293033,0,0,1,0,0,0,0,8.533870967741935,401.449445,-0.2292095233371892,-0.2433482884886961,2.773371104815864,0.266,0.5020508613617719,0.7428699999999999,0.761904761904762
,21.0,1.0,2.26676210488594,0,0,0,1,0,0,0,0.0,6478.3459920000005,0.0,3.380281690140845,0.0,0.0,0.0,0.0,0.0
,,0.7,5.244484006818908,0,0,1,0,0,0,0,0.0,0.0,7.164746285165979,3.580239199170176,-1.320113314447592,0.0,0.7908121410992617,0.0,1.0952380952380951
0.22749576,,1.0,1.649173556449265,0,0,0,1,0,0,0,0.1048387096774192,0.0,0.5151435258075218,0.2644438056912906,-0.8611898016997167,0.0,-0.3445447087776866,0.0,-2.0
,0.401,1.0,3.327754151689667,0,0,0,1,0,0,0,0.0,-69.050555,0.0,11.59853531124636,0.0,0.0,0.0,0.0,0.0
0.17485949,,1.0,0.1106382559526472,0,0,0,1,0,0,0,-0.3709677419354837,0.0,-0.2693798756327049,-0.3144331829486234,2.033994334277621,0.0,0.4025157232704403,0.0,0.5714285714285715
0.26764253,0.05694897,1.0,1.1154349590580013,0,0,0,1,0,0,0,0.4677419354838709,-177.950555,0.2036598223764994,0.0734843845682791,-0.9660056657223796,2.36,-1.1780147662018048,-0.74963,0.0
,0.06638802,1.0,1.4899374528491494,0,0,0,1,0,0,0,0.0,-174.950555,0.7211049485005411,0.0,0.0,0.0,-2.091331692644244,-0.96313,0.6666666666666666
1.13,1.32,1.0,0.0662214131551052,0,0,0,1,0,0,0,8.266129032258062,223.469445,-0.2951704854138143,-0.3537748228501443,2.1076487252124645,-0.1200000000000001,0.0689089417555373,0.0,1.1904761904761905
0.88181167,,1.0,1.5011513973007895,0,0,0,1,0,0,0,6.019524193548386,0.0,0.7368882679635566,0.0,0.3909348441926346,0.0,-0.1192234071643423,0.0,0.0
1.194,0.672,1.0,0.1234649397442991,0,0,0,1,0,0,0,8.84156935483871,17.531205,-0.2588800015308197,-0.3123836184810727,1.2521246458923512,-0.8500000000000001,-0.0864096253759912,-0.13052,0.1428571428571428
1.188,3.2,1.0,0.0293113879725951,0,0,0,1,0,0,0,8.787313766129031,821.0003474,-0.3158748369154681,-0.4156616718947223,0.1728045325779036,1.04,-2.1930544161881325,-1.35823,1.6333333333333335
0.23249215,0.04216111,1.0,3.3308542942938617,0,0,0,1,0,0,0,0.1499999999999999,-182.650555,2.178249188450523,1.2177412299886272,-1.0793201133144477,2.77,-0.0896910035548263,0.0,0.4285714285714286
1.72,0.57,1.0,0.4183102894559555,0,0,0,1,0,0,0,13.596328064516127,-14.888363010000006,-0.1991980157778108,0.0,2.8470254957507084,-1.1920000000000002,0.965818977303801,0.0,0.4380952380952381
,,1.0,4.517933395594769,0,0,0,1,0,0,0,0.0,0.0,4.502680244033368,2.530462276766187,0.0,0.0,-1.025977577249111,0.0,-0.7142857142857144
,11.207,1.0,11.888163033352376,0,0,0,1,0,0,0,0.0,3365.85240225,428.3240608623141,55.04930202332004,0.0,0.0,0.0,0.0,0.0
0.27388753,,1.0,0.6576119064365414,0,0,0,1,0,0,0,0.5241935483870966,0.0,0.0167287924448993,-0.1179749303273055,-1.1643059490084986,0.0,-2.083675143560295,0.0,0.5238095238095238
1.22,0.59,1.0,0.2039577452915487,0,0,0,1,0,0,0,9.076612903225806,-8.540555000000012,-0.2216634590864981,-0.2569453991026906,1.2436260623229465,-0.8800000000000001,0.1345365053322395,0.0,0.0
0.09545917,,1.0,0.6643861156800486,0,0,0,1,0,0,0,-1.0887096774193543,0.0,-0.0217466876812353,-0.0664858717522526,0.254957507082153,0.0,0.2078206179928903,0.0,-0.5714285714285715
,,1.0,10.476734301087374,0,0,0,1,0,0,0,0.0,0.0,188.53561740627745,30.22457727732857,0.0,0.0,0.2493847415914684,0.0,-1.2428571428571429
,,1.0,0.0225487160857094,0,0,0,1,0,0,0,0.0,0.0,-0.3558466072458244,0.0,0.0,0.0,23.979217938200712,0.0,0.0
0.18387042,,1.0,0.7626473604109122,0,0,0,1,0,0,0,-0.289516129032258,0.0,-0.0021827405266317,0.0,0.0,0.0,0.6136177194421657,0.0,0.3285714285714286
0.1025963,,1.0,0.1968111309698609,0,0,0,1,0,0,0,-1.0241935483870963,0.0,-0.2194471634261248,-0.2709424247347439,0.3512747875354107,0.0,-0.4222039923434509,0.0,0.4761904761904762
0.18378121,,1.0,0.2614384078113853,0,0,0,1,0,0,0,-0.2903225806451611,0.0,-0.19377171306442,-0.2299511353837309,1.4107648725212465,0.0,0.4747060432048127,0.0,-1.3333333333333333
,5.3,1.0,2.6129733880790726,0,0,0,1,0,0,0,0.0,1488.4400021,0.0,5.179899271404826,0.0,0.0,0.0,0.0,0.0
0.12668413,,1.0,1.4161793116256178,0,0,0,1,0,0,0,-0.8064516129032256,0.0,0.3418181199683456,0.2059562343002111,-0.509915014164306,0.0,0.0590648072190319,0.0,0.0
1.10357938,0.90300298,1.0,1.062725055797294,0,0,0,1,0,0,0,8.024193548387094,90.949445,0.2345004997593869,0.0,0.8413597733711048,-0.43,0.5206453377085042,0.0,1.238095238095238
,,1.0,0.912398502969194,0,0,0,1,0,0,0,0.0,0.0,0.0977492008373741,0.0104977692240398,0.0,0.0,-0.239540607054963,-0.21726,-0.2380952380952381
0.13292913,,1.0,0.0803424990393062,0,0,0,1,0,0,0,-0.7499999999999998,0.0,-0.282473312916817,-0.348925853256183,0.7110481586402266,0.0,-1.0172272354388845,0.0,0.0
,,0.5,4.953386052602189,0,0,0,0,0,1,0,0.0,0.0,8.025906746339317,2.225527075496457,0.0,0.0,-2.4358764014219307,-1.83613,-2.523809523809524
,,1.0,0.3541861294076176,0,0,0,1,0,0,0,0.0,0.0,-0.0706715196223663,-0.2809403001862104,-1.4475920679886685,0.0,-2.5233798195242003,-2.33166,0.0
0.21054546,,1.0,4.786202422173665,0,0,0,1,0,0,0,-0.0483870967741935,0.0,5.67020410570556,2.705425097166852,-1.141643059490085,0.0,0.8422203992343451,0.0,-1.4285714285714286
0.17129093,,1.0,0.3970141659430874,0,0,0,1,0,0,0,-0.4032258064516128,0.0,-0.0943779901124613,-0.2219528350225577,-0.4985835694050991,0.0,-1.5706863549357395,0.0,0.0
,,1.0,9.81237395475067,0,0,0,1,0,0,0,0.0,0.0,115.94273746630452,25.175650174337957,0.0,0.0,-0.8181569592562209,1.24171,0.6666666666666666
0.13382127,,1.0,0.1696077567721776,0,0,0,1,0,0,0,-0.7419354838709675,0.0,-0.2342669166967611,-0.2839396628216504,0.9320113314447592,0.0,0.1214109926168991,0.0,-0.4761904761904761
0.885,1.308,1.0,0.187138843348096,0,0,0,1,0,0,0,6.048387096774192,219.653445,-0.2309131803255865,-0.2639439119187173,2.518413597733711,1.0099999999999998,0.4025157232704403,0.0,0.1428571428571428
0.23195686,,1.0,0.2482233240703624,0,0,0,1,0,0,0,0.1451612903225807,0.0,-0.1889758118974769,-0.2539460364672507,-0.178470254957507,0.0,-0.8728465955701394,0.0,0.0
0.34969103,,1.0,0.505621699163599,0,0,0,1,0,0,0,1.2094193548387095,0.0,-0.1554690504886587,0.0,0.3144475920679886,0.0,-0.3150123051681706,0.0,0.0
0.20054812,,1.0,0.6878108631106492,0,0,0,1,0,0,0,-0.1387580645161291,0.0,-0.0509478016620949,0.0,-0.6430594900849859,0.0,-1.1736395952966914,0.0,0.0
0.10705701,,1.0,0.0583298464558771,0,0,0,1,0,0,0,-0.9838709677419352,0.0,-0.3440930112130716,0.0,0.0,0.0,0.2056330325403336,0.0,-1.761904761904762
0.43804161,,1.0,0.4269217432286075,0,0,0,1,0,0,0,2.008064516129032,0.0,-0.1248284524423331,-0.1529674944074384,0.0623229461756373,0.0,-0.10062893081761,0.0,1.0952380952380951
0.33544531,,1.0,0.5014735773849703,0,0,0,1,0,0,0,1.0806451612903225,0.0,-0.089692032941415,-0.1289725933239186,0.7932011331444759,0.0,-0.5676784249384742,0.0,0.0
,,1.0,7.800506477214795,0,0,0,1,0,0,0,0.0,0.0,37.47890426821829,10.038866740817577,0.0,0.0,0.1454744325950232,-0.08513,0.380952380952381
0.2283883,,1.0,3.5050710516982577,0,0,0,1,0,0,0,0.1129032258064516,0.0,2.52677030312682,1.3097216841421198,-1.348441926345609,0.0,-0.3445447087776866,0.0,-0.5714285714285715
0.24801499,,1.0,0.2060159005399071,0,0,0,1,0,0,0,0.2903225806451611,0.0,-0.2060318970527373,-0.2803904170363797,-0.4475920679886686,0.0,-1.571780147662018,-0.98636,0.0
,,1.0,0.2529962909344542,0,0,0,1,0,0,0,0.0,0.0,-0.1976681298376054,-0.2339502855643175,0.0,0.0,-0.0634399781241454,-0.19513,1.1904761904761905
,,0.9,7.712838210881138,0,0,0,0,1,0,0,0.0,0.0,34.66621667830233,9.928890110851444,0.0,0.0,0.0251572327044025,0.0,1.761904761904762
,,1.0,1.929202783632696,0,0,0,1,0,0,0,0.0,0.0,0.6300773408175799,0.450904182861142,0.0,0.0,-0.8323762646978398,1.90378,-3.619047619047619
1.501,0.821,1.0,0.1307116247118044,0,0,0,1,0,0,0,11.61670080645161,64.88787499999998,-0.2613658116010457,-0.2940875064048889,2.331444759206799,-1.03,0.7656549083948592,0.40345,1.042857142857143
,,0.7,4.331364719871654,0,0,1,0,0,0,0,0.0,0.0,4.273473710199983,2.1305472587075247,0.0,0.0,0.6901832102816516,0.42687,0.4285714285714286
0.19091834,,1.0,0.6611439879289495,0,0,0,1,0,0,0,-0.225806451612903,0.0,-0.0258852817674741,-0.063986402889386,-0.3456090651558073,0.0,-0.404703308722997,0.0,0.0
0.40324808,,1.0,4.405466620735117,0,0,0,1,0,0,0,1.6935483870967736,0.0,4.491948714493051,2.208530687228964,-1.388101983002833,0.0,0.1531309816789718,0.0,0.0
,20.0,1.0,2.629100258387945,0,0,0,1,0,0,0,0.0,6160.5175850000005,0.0,5.279878025919492,0.0,0.0,0.0,0.0,0.0
0.23998573,,0.9,2.962899116458751,0,0,0,0,1,0,0,0.2177419354838709,0.0,1.783311996426893,0.8808128272742043,-1.4022662889518414,0.0,-0.9767569045665846,0.0,-0.5571428571428572
1.178,1.169,1.0,0.1007705397768979,0,0,0,1,0,0,0,8.696774193548386,175.47744500000002,-0.2714418801529303,-0.3294299961258232,1.3031161473087818,-0.44,-0.0842220399234345,-0.1811299999999999,0.2380952380952381
1.58,8.0,0.7,0.0712051795678114,0,0,1,0,0,0,0,12.330822580645158,2346.589445,-0.296833880694871,-0.3364285089418498,4.30028328611898,0.0,1.5564670494941208,0.0,0.5714285714285715
0.10849581,0.00440489,1.0,0.1006007151186433,0,0,0,1,0,0,0,-0.9708649919354836,-194.650555,-0.2713622473680796,-0.3299298898983966,1.298045325779037,2.8,0.227508887065901,-0.02619,-0.8238095238095239
0.20519261,,1.0,0.7037588679740886,0,0,0,1,0,0,0,-0.0967741935483871,0.0,-0.0150448114995713,-0.0384918204881462,0.1699716713881019,0.0,0.5523653267705769,0.0,-0.2857142857142857
0.16058552,,1.0,1.0490451612669025,0,0,0,1,0,0,0,-0.4999999999999998,0.0,0.176365901477629,0.0439906519864528,-0.5637393767705382,0.0,-0.2329778506972928,0.0,-2.4761904761904763
1.13,2.86,1.0,0.9048573558472124,0,0,0,1,0,0,0,8.266129032258062,712.909445,0.058525794337337,0.0524888461201994,0.5354107648725213,1.0699999999999998,0.4375170905113481,0.35687,1.2857142857142858
,,1.0,0.0825758964398922,0,0,0,1,0,0,0,0.0,0.0,-0.2825084796976269,-0.3439269155304497,0.0,0.0,0.0,0.0,0.0
,,1.0,7.240735712061205,0,0,0,1,0,0,0,0.0,0.0,24.7186673207183,8.579176924903459,0.0,0.0,-0.6967459666393219,0.0,0.0
1.5,0.53,0.7,0.2494528246382637,0,0,1,0,0,0,0,11.60766129032258,-27.60065499999999,-0.2112064236245883,-0.2134546408888111,2.4022662889518416,-1.15,0.9417555373256769,0.69619,0.5238095238095238
,0.83,1.0,2.1953195790898348,0,0,0,1,0,0,0,0.0,63.949445,0.0,3.080345426596848,-2.201133144475921,0.0,0.0,0.0,0.0
0.2221433,,1.0,0.2319397960361549,0,0,0,1,0,0,0,0.056451612903226,0.0,-0.2059162989326536,-0.2469475236512241,0.4787535410764872,0.0,0.0601585999453103,0.0,-0.2857142857142857
,,1.0,11.142652775011,0,0,0,1,0,0,0,0.0,0.0,273.3746575165481,40.77233587862579,0.0,0.0,0.1369975389663658,0.0,1.4142857142857146
0.17753621,,1.0,3.3121009111095647,0,0,0,1,0,0,0,-0.346774193548387,0.0,2.156847943009383,1.198745266630841,-1.019830028328612,0.0,0.3292316106097894,0.0,-1.0476190476190477
1.158,2.27,1.0,0.0615151863357556,0,0,0,1,0,0,0,8.516128749999998,525.4199288899999,-0.2969627764422249,-0.3617231338340603,1.9178470254957507,0.49,0.0350013672409078,-0.06626,0.7999999999999999
0.11240986,,1.0,1.3162116799681958,0,0,0,1,0,0,0,-0.9354838709677415,0.0,0.3706740169860667,0.089980879063199,-1.385269121813031,0.0,-1.9863275909215203,0.0,-0.9047619047619048
0.14274244,0.01299437,0.9,0.2054390262454248,0,0,0,0,1,0,0,-0.6612903225806449,-191.920555,-0.2109493197484996,-0.2734418935976105,0.0,2.42,-1.13426305715067,-0.74268,0.2857142857142857
0.12222342,,1.0,0.0439087064146322,0,0,0,1,0,0,0,-0.8467741935483868,0.0,-0.3099802241413933,-0.3804191609283027,2.079320113314448,0.0,0.3926715887339349,0.0,0.4285714285714286
0.1623698,,1.0,1.0764376990887663,0,0,0,1,0,0,0,-0.4838709677419353,0.0,0.1336907572361859,0.1184748240998787,0.1614730878186968,0.0,0.9822258681979764,0.0,-0.1904761904761904
0.27959723,0.02548545,1.0,1.3506911572567235,0,0,0,1,0,0,0,0.5758064516129031,-187.950555,0.3134757902351739,0.1731132134421435,-0.5014164305949008,0.0999999999999998,-0.3347005742411812,0.0,-0.1904761904761904
0.1409584,,1.0,0.48933422664843,0,0,0,1,0,0,0,-0.6774193548387094,0.0,-0.1014096763435074,-0.1239736555981853,0.2379603399433427,0.0,0.4145474432595023,0.0,0.0
0.17575193,,1.0,0.0584042479945562,0,0,0,1,0,0,0,-0.3629032258064515,0.0,-0.2991013697579052,-0.3649224539785295,1.6770538243626063,0.0,0.1793820071096527,0.0,0.6666666666666666
0.17485979,,1.0,0.2083389009796703,0,0,0,1,0,0,0,-0.3709677419354837,0.0,-0.217465556912042,-0.2584450804204106,0.7110481586402266,0.0,0.3729833196609242,0.0,-1.142857142857143
0.07850848,,1.0,0.6148435265223477,0,0,0,1,0,0,0,-1.2419354838709675,0.0,-0.0470010672504194,-0.0789832160665858,0.0056657223796034,0.0,0.2821985233798195,0.0,0.0
,0.01,1.0,2.063583871562629,0,0,0,1,0,0,0,0.0,-192.750555,0.0,2.58045165402352,0.0,0.0,0.0,0.0,0.0
,0.51,1.0,2.6835802523187464,0,0,0,1,0,0,0,0.0,-33.95806743,0.0,5.629803666720821,0.0,0.0,0.0,0.0,0.0
0.12579199,,1.0,0.0067911621681872,0,0,0,1,0,0,0,-0.8145161290322579,0.0,-0.3444466698407918,-0.4589024832223152,2.538243626062323,0.0,-0.5545529122231337,0.0,0.0
0.24890756,,1.0,0.9099651816986216,0,0,0,1,0,0,0,0.2983870967741935,0.0,0.0689546538077319,0.0434907582138795,0.1671388101983003,0.0,0.7372162975116215,0.0,-0.1904761904761904
0.19841233,0.00928174,1.0,0.521116613317108,0,0,0,1,0,0,0,-0.158064516129032,-193.100555,-0.1473017621080238,0.0,0.0249291784702548,0.1421349999999999,-0.6584632212195789,0.0,-1.380952380952381
,,0.5,0.9513828533402762,0,0,0,0,0,1,0,0.0,0.0,0.1589177885756978,-0.0204956446755064,-1.1439093484419265,0.0,-2.045392398140552,-1.31512,0.6666666666666666
0.08207704,,1.0,0.0026256166045683,0,0,0,1,0,0,0,-1.2096774193548383,0.0,-0.3481980833349813,-0.4898958971218616,-0.2209631728045325,0.0,-2.744325950232431,0.0,-2.1904761904761902
0.15255598,,1.0,0.0842595862841197,0,0,0,1,0,0,0,-0.5725806451612901,0.0,-0.2730859107839209,-0.3589237287076496,0.0,0.0,-1.8608148755810772,0.0,0.0
0.28459323,,1.0,2.1764475442794367,0,0,0,1,0,0,0,0.6209677419354838,0.0,0.8502846692467164,0.5353862304260344,-0.886685552407932,0.0,0.071096527208094,0.0,-0.5714285714285715
0.1623698,,1.0,1.5347400805569014,0,0,0,1,0,0,0,-0.4838709677419353,0.0,0.380510023798183,0.2824399815039303,-0.3796033994334277,0.0,0.6486190866830736,0.0,-0.6666666666666667
0.12668391,,1.0,0.2759984823522687,0,0,0,1,0,0,0,-0.8064516129032256,0.0,-0.1771928447265617,-0.2389492232900508,0.0,0.0,-1.211364506426032,0.0,0.0
0.55134362,,1.0,0.9290150297800924,0,0,0,1,0,0,0,3.032258064516129,0.0,0.1202339040161474,0.0,0.0424929178470254,0.0,0.3314191960623462,0.0,0.4285714285714286
0.12418614,,0.5,0.5267032711020201,0,0,0,0,0,1,0,-0.829032258064516,0.0,-0.1443258862479027,0.0,0.0,0.0,-2.1372709871479354,0.0,0.4190476190476191
0.14541911,,1.0,0.1365016911270182,0,0,0,1,0,0,0,-0.6370967741935483,0.0,-0.2521840254443458,-0.3029356261794368,1.8838526912181304,0.0,0.1542247744052502,0.0,-0.761904761904762
0.119547,,1.0,0.3131427966761834,0,0,0,1,0,0,0,-0.8709677419354837,0.0,-0.1703936010935459,-0.2064561280727845,0.3881019830028329,0.0,0.2821985233798195,0.0,-1.0476190476190477
0.10705701,,1.0,0.0366970988233019,0,0,0,1,0,0,0,-0.9838709677419352,0.0,-0.3140835992532946,-0.3939162927877826,2.543909348441926,0.0,0.1257861635220125,0.0,0.0
,10.7,1.0,3.885175445200073,0,0,0,1,0,0,0,0.0,3203.949445,0.0,20.976542484722,0.0,0.0,0.0,0.0,0.0
,0.043,1.0,3.816836303086165,0,0,0,1,0,0,0,0.0,-182.3839335,0.0,19.526850544259343,0.0,0.0,0.0,0.0,0.0
,6.293e-05,1.0,1.757819985798491,0,0,0,1,0,0,0,0.0,-196.030555,0.4641320473869156,0.4309084319582088,0.0,0.0,0.0,0.0,0.0
0.21984377,,1.0,0.7464403086761416,0,0,0,1,0,0,0,0.0356649354838711,0.0,-0.0130553546509811,0.0,-0.966345609065156,0.0,-1.8528848783155591,0.0,0.0
0.23552543,,1.0,2.28157993609384,0,0,0,1,0,0,0,0.1774193548387098,0.0,0.9797186942788882,0.552882512466101,-1.093484419263456,0.0,-0.2996992070002734,0.0,-1.7142857142857142
1.15477048,,1.0,0.1190052534926648,0,0,0,1,0,0,0,8.486935483870965,0.0,-0.323175109271231,0.0,4.390934844192635,0.0,1.1146185397867103,0.0,0.0
0.08742989,,1.0,0.045214231039598,0,0,0,1,0,0,0,-1.161290322580645,0.0,-0.3079690318866513,-0.3814189484734494,2.4674220963172804,0.0,0.6967459666393219,0.0,-1.619047619047619
0.23935916,,1.0,0.1135911101046323,0,0,0,1,0,0,0,0.2120743467741936,0.0,-0.3250936407179798,0.0,-0.0833711048158638,0.0,-2.327590921520372,0.0,0.0
0.24087828,,1.0,2.9520383673738078,0,0,0,1,0,0,0,0.2258064516129033,0.0,1.671662378917051,0.9408000799830034,-1.1671388101983002,0.0,-0.1564123598578069,0.0,0.0
0.15701695,,1.0,1.6605096641182784,0,0,0,1,0,0,0,-0.5322580645161289,0.0,0.4607705386332821,0.3279303148081032,-0.5439093484419264,0.0,0.4331419196062346,0.0,-0.380952380952381
0.13203698,,1.0,0.2132030109683145,0,0,0,1,0,0,0,-0.7580645161290321,0.0,-0.2880780922818171,0.0,0.9575070821529744,0.0,-0.4440798468690183,0.0,-0.0476190476190476
,3.3,1.0,9.054598426757432,0,0,0,1,0,0,0,0.0,852.7831881,72.9829456389502,18.57705237637002,0.0,0.0,0.0721903199343724,0.0,-0.5714285714285715
1.525,1.31,0.3,0.140060311594288,1,0,0,0,0,0,0,11.833649193548384,220.306745,-0.262184058111633,-0.2748915855380732,3.6147308781869687,-0.8700000000000001,2.053048947224501,0.90251,0.0095238095238095
0.53350078,,1.0,0.3004175597672541,0,0,0,1,0,0,0,2.870967741935484,0.0,-0.2524994934065189,0.0,2.546742209631728,0.0,0.2023516543614985,0.0,1.3809523809523812
0.22035902,,1.0,2.027713918939328,0,0,0,1,0,0,0,0.0403225806451615,0.0,0.759040884093006,0.4434057762725421,-0.886685552407932,0.0,-0.2756357670221493,0.0,-0.2857142857142857
0.22361225,0.10068326,1.0,0.5401572001937051,0,0,0,1,0,0,0,0.0697301612903227,-164.050555,-0.0698706731372189,-0.1189747178724521,-0.275269121813031,9.67,-0.4582991523106371,-0.37653,0.0857142857142857
,5.228,1.0,11.097227103045244,0,0,0,1,0,0,0,0.0,1465.5563568,256.399773571465,41.54717122611444,0.0,0.0,0.0,0.0,0.0
0.12579199,,1.0,0.3384996528803866,0,0,0,1,0,0,0,-0.8145161290322579,0.0,-0.1394720846462871,-0.223952410112851,-0.6572237960339944,0.0,-1.427399507793273,0.0,0.0
0.05442065,,1.0,0.1123284820275725,0,0,0,1,0,0,0,-1.4596774193548383,0.0,-0.2637397153428107,-0.32293137708237,1.093484419263456,0.0,0.1618813234891988,0.0,-1.142857142857143
0.999,0.538,1.0,0.1003285851502423,0,0,0,1,0,0,0,7.078863709677418,-25.05801500000001,-0.2625874368045194,-0.3469262781658897,0.0396600566572237,-0.6130000000000001,-1.568498769483183,0.0,-0.5238095238095238
0.20965332,,1.0,2.0333776033737223,0,0,0,1,0,0,0,-0.0564516129032256,0.0,0.7559171604066363,0.4524038641788619,-0.8186968838526912,0.0,-0.2526661197703035,0.0,0.2857142857142857
,,1.0,1.1664642206421507,0,0,0,1,0,0,0,0.0,0.0,0.2366612594108254,0.0844820475648924,-0.4277620396600566,0.0,-0.1925075198249931,0.0,-1.809523809523809
0.19983976,,1.0,0.2889413840865295,0,0,0,1,0,0,0,-0.1451612903225803,0.0,-0.1745593884005739,-0.2279515602934376,-0.1076487252124645,0.0,-0.7065901011758272,0.0,0.0
0.12489985,,1.0,0.0263020435904784,0,0,0,1,0,0,0,-0.8225806451612901,0.0,-0.321485486251414,-0.4139120436907157,1.526912181303116,0.0,-0.534864643150123,0.0,0.0
0.22035864,,0.5,0.1584886803276387,0,0,0,0,0,1,0,0.0403225806451615,0.0,-0.226683310434087,-0.3127335441218741,-0.6147308781869688,0.0,-1.9327317473338803,0.0,0.0
0.14185054,,1.0,0.7671013505245025,0,0,0,1,0,0,0,-0.6693548387096772,0.0,0.0050921141705916,-0.0059987252708799,0.5070821529745042,0.0,1.03363412633306,0.0,-0.9523809523809524
,,1.0,7.233741399385692,0,0,0,1,0,0,0,0.0,0.0,26.911515841052083,7.789344764237598,0.0,0.0,0.1531309816789718,0.0,-1.238095238095238
,,1.0,6.119719407978745,0,0,0,1,0,0,0,0.0,0.0,13.254787932850016,4.934951322843896,0.0,0.0,-0.998632759092152,1.49669,-0.8095238095238096
0.20876118,,1.0,1.0128126732932785,0,0,0,1,0,0,0,-0.0645161290322581,0.0,0.1383633579067106,0.0534886336653461,-0.6515580736543909,0.0,-0.5425211922340717,0.0,0.6666666666666666
0.27031896,0.04341966,0.9,0.6693948005203829,0,0,0,0,1,0,0,0.4919354838709676,-182.250555,-0.0128374237746909,-0.0734343951910219,-0.0169971671388102,1.4,-0.3051681706316653,0.0,-0.9380952380952382
0.19359477,,1.0,0.4858648849750619,0,0,0,1,0,0,0,-0.2016129032258064,0.0,-0.1092133644409383,-0.1154754614644388,0.4702549575070821,0.0,0.5468963631391851,0.0,1.0952380952380951
0.35049284,,1.0,0.4989790760431107,0,0,0,1,0,0,0,1.2166673306451612,0.0,-0.1589317728975587,0.0,-1.2256657223796037,0.0,-2.587913590374624,0.0,0.0
0.27388753,,1.0,0.2131050157828418,0,0,0,1,0,0,0,0.5241935483870966,0.0,-0.217944935700614,-0.2509466738318107,0.7450424929178471,0.0,0.2887612797374898,0.0,0.4285714285714286
0.19627119,,1.0,0.4481828239727124,0,0,0,1,0,0,0,-0.1774193548387094,0.0,-0.1022596057005673,-0.1639651574040516,-0.2124645892351274,0.0,-0.522832923161061,0.0,0.0
0.19627119,,1.0,0.9874218303901536,0,0,0,1,0,0,0,-0.1774193548387094,0.0,0.1165287202022693,0.0559881025282127,-0.3824362606232294,0.0,0.1071916871752802,0.0,0.0
0.19537905,0.02004226,0.5,0.3698793085381172,0,0,0,0,0,1,0,-0.1854838709677418,-189.680555,-0.1059388892131226,-0.2339502855643175,-1.178470254957507,2.01,-2.4446267432321576,-1.85919,0.2380952380952381
0.23317774,,1.0,0.8932737395835835,0,0,0,1,0,0,0,0.156197435483871,0.0,0.0921905922853282,0.0,-0.1538243626062321,0.0,0.3270440251572327,0.0,0.0
0.048,0.013,0.9,0.7681776231783568,0,0,0,0,1,0,0,-1.5161290322580645,-192.050555,0.044347429121496,-0.0544884212104928,-0.660056657223796,0.0,-0.7131528575334974,-0.6511300000000001,-1.6666666666666663
0.22303545,,1.0,1.4352799363477189,0,0,0,1,0,0,0,0.0645161290322581,0.0,0.3528534197683716,0.2129547471162377,-0.7252124645892352,0.0,-0.1914137270987148,0.0,-0.380952380952381
0.13382127,,1.0,0.0735141630088063,0,0,0,1,0,0,0,-0.7419354838709675,0.0,-0.2924806183297768,-0.3419273404401564,2.592067988668555,0.0,0.6475252939567951,0.0,0.5238095238095238
0.23106472,,1.0,0.1984610438952608,0,0,0,1,0,0,0,0.1370967741935483,0.0,-0.2248085887661517,-0.258944974192984,1.0368271954674222,0.0,0.5972108285479901,0.0,-0.5714285714285715
,13.0,0.5,6.837692180578036,0,0,0,0,0,1,0,0.0,3935.739445,0.0,419.39187922566447,0.0,0.0,0.0,0.0,0.0
0.07262022,,1.0,0.3942419616565192,0,0,0,1,0,0,0,-1.2951612903225804,0.0,-0.210596073691951,0.0,0.0,0.0,-1.4361498496035,0.0,0.0
0.12400771,,1.0,0.1483522037732623,0,0,0,1,0,0,0,-0.8306451612903225,0.0,-0.2489571003537967,-0.289438494319957,1.1671388101983002,0.0,0.4823625922887612,0.0,-0.0952380952380952
,,1.0,9.216620609933331,0,0,0,1,0,0,0,0.0,0.0,105.23553325323678,15.077795968356725,0.0,0.0,37.65162701668034,0.0,0.0
1.204,1.02,1.0,4.02870649191295,0,0,0,1,0,0,0,8.927419354838708,128.149445,3.393857237850208,1.885599310146593,-0.943342776203966,-0.6010000000000001,0.0251572327044025,0.0,-0.7142857142857144
0.14185054,,1.0,0.1858845785504653,0,0,0,1,0,0,0,-0.6693548387096772,0.0,-0.2210234551424958,-0.2834397690490771,0.5807365439093485,0.0,-0.0885972108285479,0.0,-2.095238095238096
1.255,2.51,0.7,0.3451426541023547,0,0,1,0,0,0,0,9.392979838709676,601.7027449999999,-0.1712443542831991,-0.1671144881712636,1.6813031161473089,0.3499999999999998,0.7415914684167351,0.52338,1.4285714285714288
,0.00331,1.0,0.8424257170346838,0,0,0,1,0,0,0,0.0,-194.997555,0.0539826031635061,0.0,0.0,0.0,-2.077112387202625,-1.01123,1.1904761904761905
0.25158398,,1.0,2.555446737477084,0,0,0,1,0,0,0,0.3225806451612902,0.0,1.1777643300128022,0.7428421460439657,-0.8895184135977338,0.0,0.3412633305988515,0.0,-0.6666666666666667
,,1.0,7.845333026099441,0,0,0,1,0,0,0,0.0,0.0,39.28963329874625,10.018870989914642,0.0,0.0,-0.5766475252939566,0.0,0.9123809523809524
0.12311557,,1.0,0.195677369397062,0,0,0,1,0,0,0,-0.8387096774193548,0.0,-0.2081815012381103,-0.2904382818651037,-0.5240793201133145,0.0,-1.6636587366694011,0.0,-1.0000000000000002
0.09421001,0.00434194,1.0,0.0361737030301861,0,0,0,1,0,0,0,-1.0999999999999996,-194.670555,-0.2837408461588072,-0.4428558931227114,-1.3288951841359773,5.12,-3.3010664479081213,-3.2538,0.2857142857142857
,0.427,1.0,2.3441322426057822,0,0,0,1,0,0,0,0.0,-60.050555,0.0,3.730207330942175,0.0,0.0,0.0,0.0,0.0
,13.38,1.0,7.881710963050691,0,0,0,1,0,0,0,0.0,4056.949445,39.58432699268389,10.328805128910105,0.0,0.0,0.0,0.0,0.0
,,0.9,5.952163530730483,0,0,0,0,1,0,0,0.0,0.0,11.277360502784656,4.874964070135095,0.0,0.0,-0.7273721629751162,1.0623,0.0
0.20697654,,1.0,0.3489653072174378,0,0,0,1,0,0,0,-0.0806451612903226,0.0,-0.1316734417048963,-0.2234525163402776,0.0,0.0,-1.5859994531036368,0.0,0.0
,,1.0,0.3097601654552384,0,0,0,1,0,0,0,0.0,0.0,-0.1272887269765419,-0.2667883074846595,0.0,0.0,-2.1077385835384197,0.0,0.0
0.35418029,,1.0,1.114939981310644,0,0,0,1,0,0,0,1.25,0.0,0.1716571409085458,0.1084769486484121,-0.2436260623229461,0.0,0.3204812687995624,0.0,-0.1904761904761904
,4.51,1.0,8.64610781815894,0,0,0,1,0,0,0,0.0,1237.35556057,62.99610378884116,14.172988239999,0.0,0.0,-0.0853158326497128,0.0,1.0
0.22660362,,1.0,0.2789839779682765,0,0,0,1,0,0,0,0.0967741935483871,0.0,-0.1497512626407822,-0.2719422122798905,-1.1189801699716715,0.0,-2.316652994257588,0.0,0.0476190476190476
0.23552502,,1.0,0.6378276142384153,0,0,0,1,0,0,0,0.1774193548387098,0.0,-0.0336223009830881,-0.0754839596585725,-0.0481586402266288,0.0,-0.0809406617445994,0.0,0.4285714285714286
1.14,2.34,1.0,0.2063039240132816,0,0,0,1,0,0,0,8.353417741935482,547.66791738,-0.2289001211535497,-0.2392991489308522,2.7223796033994336,0.6299999999999999,1.0095706863549356,0.73952,-0.3999999999999999
,,1.0,7.840441467785084,0,0,0,1,0,0,0,0.0,0.0,38.96547023541484,10.053863553994775,-1.845892351274788,0.0,-0.3106371342630571,-0.12617,0.8571428571428571
,10.9,0.1,20.718494473072305,0,1,0,0,0,0,0,0.0,3268.2790813,58610.93830941253,2778.890485771773,0.0,0.0,0.0,0.0,0.0
0.24087828,,1.0,0.797798252622165,0,0,0,1,0,0,0,0.2258064516129033,0.0,0.0288079032027263,-0.0089980879063199,0.0141643059490084,0.0,0.3675143560295324,0.0,0.0
0.37469955,,1.0,1.5844958216490068,0,0,0,1,0,0,0,1.435483870967742,0.0,0.4429404971375713,0.2684429558718772,-0.6373937677053825,0.0,-0.2898550724637681,0.0,0.8571428571428571
0.15344839,,1.0,0.6432300233090865,0,0,0,1,0,0,0,-0.5645161290322579,0.0,-0.0283287191411984,-0.0774835347488658,-0.0141643059490084,0.0,0.1071916871752802,0.0,-0.761904761904762
,,1.0,1.4165237734037042,0,0,0,1,0,0,0,0.0,0.0,0.3132226810958252,0.2369496481997575,0.0,0.0,-0.7940935192780968,1.69619,-3.095238095238096
0.14006626,,1.0,0.2041433918412077,0,0,0,1,0,0,0,-0.6854838709677417,0.0,-0.2272234322399595,-0.2459477361060774,1.4107648725212465,0.0,0.8312824719715614,0.0,1.0952380952380951
0.61200821,0.1123242,1.0,0.8066851966343059,0,0,0,1,0,0,0,3.580645161290322,-160.350555,0.0237938537190962,0.0059987252708799,0.6855524079320113,-0.7210000000000001,-0.0853158326497128,0.3829,2.238095238095238
,,1.0,7.903203896420946,0,0,0,1,0,0,0,0.0,0.0,38.045371035453975,11.008660659609832,0.0,0.0,0.0470330872299699,0.44847,1.4761904761904765
,,0.9,4.981817350684357,0,0,0,0,1,0,0,0.0,0.0,5.75218117889154,3.3552870015121785,0.0,0.0,-0.7536231884057971,1.86679,-0.9047619047619048
1.095,0.175,1.0,0.399413022192744,0,0,0,1,0,0,0,7.946640217741935,-140.43058377,-0.1466808162999022,-0.1474686629091318,1.3711048158640229,-1.165,0.4353295050587913,0.43983,0.9619047619047618
0.25158398,,1.0,0.9388022954298252,0,0,0,1,0,0,0,0.3225806451612902,0.0,0.1116271556290527,0.0179961758126397,-0.5609065155807366,0.0,-0.6147115121684441,0.0,0.5714285714285715
0.15344839,,1.0,0.1479304114506437,0,0,0,1,0,0,0,-0.5645161290322579,0.0,-0.2457278809091215,-0.2964370071359836,0.71671388101983,0.0,-0.1410992616899097,0.0,0.4285714285714286
0.961,1.96332356,1.0,0.0530453767544259,0,0,0,1,0,0,0,6.741935483870966,427.949445,-0.2974596332845782,-0.3829186297911693,0.3626062322946176,0.0,-1.7292863002461034,-0.96581,0.761904761904762
0.81720187,,1.0,4.478871169834481,0,0,0,1,0,0,0,5.435483870967741,0.0,4.90492537699755,2.1885349363260302,-1.3172804532577904,0.0,0.079846869018321,0.0,-1.238095238095238
0.99027738,,1.0,0.2261620316064767,0,0,0,1,0,0,0,6.999999999999998,0.0,-0.2088721698715429,-0.2494469925140907,0.9943342776203966,0.0,-0.0185944763467322,0.0,0.761904761904762
1.194,1.79,1.0,0.0357999172501471,0,0,0,1,0,0,0,8.84156935483871,372.865145,-0.314506096363294,-0.3959658572553332,1.8951841359773367,-0.02,-0.4440798468690183,0.0,1.0476190476190477
0.22035902,,1.0,1.2431221535167165,0,0,0,1,0,0,0,0.0403225806451615,0.0,0.2268777876435272,0.1654648387217715,-0.121813031161473,0.0,0.7306535411539513,0.0,-0.6666666666666667
0.14274244,,1.0,0.941748235860504,0,0,0,1,0,0,0,-0.6612903225806449,0.0,0.2410433546396781,-0.0949798167889323,-1.4929178470254958,0.0,-2.306808859721083,0.0,-2.095238095238096
0.14987982,,1.0,0.2383254300662318,0,0,0,1,0,0,0,-0.596774193548387,0.0,-0.2051180731912701,-0.2399490108351975,0.6203966005665722,0.0,0.2679792179382007,0.0,-0.1904761904761904
0.12757627,,1.0,0.0989393319126848,0,0,0,1,0,0,0,-0.7983870967741934,0.0,-0.2684479886849865,-0.3389279778047164,0.4504249291784702,0.0,-0.6879956248290949,0.0,0.0
0.21946688,,1.0,0.6287493956312094,0,0,0,1,0,0,0,0.032258064516129,0.0,-0.0020905735021529,-0.121974080507892,-1.0821529745042493,0.0,-2.004922067268253,0.0,1.0476190476190477
,,0.9,4.378434089203261,0,0,0,0,1,0,0,0.0,0.0,4.87550018317082,1.94058762512966,0.0,0.0,0.0,0.0,0.0
0.28459323,,1.0,4.116830943542986,0,0,0,1,0,0,0,0.6209677419354838,0.0,3.749649185964555,1.8835997350563003,-1.2776203966005666,0.0,0.2154771670768389,0.0,-0.380952380952381
0.29806137,,1.0,0.3303398060965317,0,0,0,1,0,0,0,0.7427130080645161,0.0,-0.239560258515876,0.0,0.1187252124645891,0.0,-1.0795734208367511,0.0,0.0
,,0.5,6.45833828334479,0,0,0,0,0,1,0,0.0,0.0,15.68139403996389,5.979729307522152,0.0,0.0,-1.790538692917692,2.61602,-0.6666666666666667
0.15969338,,1.0,0.8599371529083705,0,0,0,1,0,0,0,-0.5080645161290321,0.0,0.0467862368572886,0.0254945824012397,0.093484419263456,0.0,0.6923707957342083,0.0,-0.380952380952381
0.13203698,,1.0,0.0176053206425515,0,0,0,1,0,0,0,-0.7580645161290321,0.0,-0.3325917985218431,-0.4234100253696089,4.192634560906516,0.0,0.505332239540607,0.0,-0.0952380952380952
,,0.5,9.822873848541882,0,0,0,0,0,1,0,0.0,0.0,133.88630905272996,21.97633002986865,0.0,0.0,-1.8342904019688269,0.0,0.0
,,1.0,6.818198337517951,0,0,0,1,0,0,0,0.0,0.0,287.7491610319509,0.0,0.0,0.0,29.754443532950507,1.40195,0.0
,3.21,1.0,3.623735071532714,0,0,0,1,0,0,0,0.0,824.1786314699999,0.0,15.92761538173138,0.0,0.0,0.0,0.0,0.0
,10.13,0.9,8.413662112429318,0,0,0,0,1,0,0,0.0,3023.5512079100004,52.15792460069003,13.528125273379406,0.0,0.0,0.4736122504785343,0.0,1.523809523809524
0.13506866,,1.0,0.6119286142521977,0,0,0,1,0,0,0,-0.7306575483870965,0.0,-0.0968052838381943,0.0,0.0,0.0,0.2373530216024063,0.0,1.2857142857142858
0.17575193,,1.0,0.5681247047785154,0,0,0,1,0,0,0,-0.3629032258064515,0.0,-0.0334685363623401,-0.1389704687753852,-0.8725212464589235,0.0,-1.465682253213016,0.0,0.0
0.1409584,,1.0,1.6401756119923712,0,0,0,1,0,0,0,-0.6774193548387094,0.0,0.5104220547719815,0.2599447617381306,-0.8583569405099151,0.0,-0.0842220399234345,0.0,-3.809523809523809
0.09545917,,1.0,0.2232948998604407,0,0,0,1,0,0,0,-1.0887096774193543,0.0,-0.1923710106890763,-0.2789407250959171,-0.6288951841359773,0.0,-1.6789718348372984,0.0,0.0
1.38,0.55,0.7,0.1878177365882989,0,0,1,0,0,0,0,10.522919354838708,-21.244055000000003,-0.2372913014309665,-0.2499468862866641,2.943342776203966,-1.05,0.593929450369155,0.0,1.1428571428571428
,,0.9,0.9159930875824874,0,0,0,0,1,0,0,0.0,0.0,0.1328308479134621,-0.0239949010835197,0.0,0.0,-1.701941482089144,0.0,0.0
0.21946688,,1.0,0.1884387387038758,0,0,0,1,0,0,0,0.032258064516129,0.0,-0.2221722596023166,-0.2779409375507705,0.3569405099150141,0.0,-0.5862729012852065,0.0,0.9523809523809524
1.14124149,,1.0,0.2666868730193232,0,0,0,1,0,0,0,8.36464022580645,0.0,-0.2666288346544779,0.0,0.7522662889518412,0.0,-0.4670494941208641,0.0,0.0
,,1.0,2.631716226678649,0,0,0,1,0,0,0,0.0,0.0,1.3323258647222314,0.7263456515490457,-1.169971671388102,0.0,-0.7761115668580808,-0.5585800000000001,-1.4433333333333334
0.13560555,,1.0,0.1246803800141395,0,0,0,1,0,0,0,-0.725806451612903,0.0,-0.2575083276958474,-0.3129335016309034,1.2152974504249292,0.0,0.2690730106644791,0.0,-1.0476190476190477
,1.34,1.0,3.708767456858666,0,0,0,1,0,0,0,0.0,229.83951038,0.0,17.427296699451365,0.0,0.0,0.0,0.0,0.0
0.20340833,,1.0,0.8294718316159816,0,0,0,1,0,0,0,-0.1129032258064516,0.0,0.0433807909110761,0.0014996813177199,-0.1331444759206798,0.0,0.3981405523653267,0.0,-0.9523809523809524
0.11240986,,1.0,0.950168336009763,0,0,0,1,0,0,0,-0.9354838709677415,0.0,0.1373095371864389,0.0,-0.1558073654390935,0.0,0.4670494941208641,0.0,-0.761904761904762
0.20786903,0.02422691,0.5,0.3945078331770616,0,0,0,0,0,1,0,-0.0725806451612901,-188.350555,-0.2104716572887449,0.0,-1.0226628895184136,1.97,-2.2554006015859995,-1.41864,-0.8571428571428573
0.19537871,,1.0,0.7507212232642497,0,0,0,1,0,0,0,-0.1854838709677418,0.0,0.0337610493229427,-0.0574877838459327,-0.7365439093484419,0.0,-1.036915504511895,0.0,-0.5714285714285715
0.24533899,,1.0,3.325152665034384,0,0,0,1,0,0,0,0.2661290322580645,0.0,2.1430661536462225,1.2317382556206806,-0.963172804532578,0.0,0.7251845775225595,0.0,-1.7142857142857142
0.19689535,0.01214486,0.9,0.5766219498289358,0,0,0,0,1,0,0,-0.1717741935483871,-192.190555,-0.0368511288125877,-0.1274729120061987,-0.5977337110481586,0.6499999999999999,-1.3792726278370249,-0.8525600000000001,-1.0000000000000002
0.19091834,,1.0,0.7290102971083038,0,0,0,1,0,0,0,-0.225806451612903,0.0,-0.0074234952495085,-0.0249946886286664,0.8413597733711048,0.0,0.9603500136724092,0.0,-1.619047619047619
0.119547,,1.0,0.196408035677678,0,0,0,1,0,0,0,-0.8709677419354837,0.0,-0.2118455487592516,-0.2839396628216504,-0.2804532577903683,0.0,-1.168170631665299,0.0,0.0
,,0.7,6.412460097817674,0,0,1,0,0,0,0,0.0,0.0,14.902092938217674,6.004723996150818,0.0,0.0,0.6683073557560842,0.0,1.3809523809523812
0.20340798,,1.0,0.0245646043976723,0,0,0,1,0,0,0,-0.1129032258064516,0.0,-0.3219142655760932,-0.4199107689615957,0.8583569405099151,0.0,-1.808039376538146,0.0,0.0
,0.127,1.0,3.4873338414780743,0,0,0,1,0,0,0,0.0,-155.68634731,0.0,13.773073221940336,0.0,0.0,0.0,0.0,0.0
0.2016237,,0.9,0.6388341408010025,0,0,0,0,1,0,0,-0.1290322580645162,0.0,-0.0050723759144091,-0.1099766299661322,-1.0056657223796035,0.0,-1.801476620180476,0.0,-1.4761904761904765
0.26853468,0.03083425,1.0,1.4104874636100078,0,0,0,1,0,0,0,0.475806451612903,-186.250555,0.6142097225862264,0.0,-0.8498583569405099,0.6399999999999999,-0.345638501503965,0.0,0.2857142857142857
0.25961326,,1.0,0.5247903087567471,0,0,0,1,0,0,0,0.3951612903225807,0.0,-0.0755518325235635,-0.1259732306884786,-0.2747875354107649,0.0,-0.4243915777960076,0.0,-0.1904761904761904
0.91890603,0.18469085,1.0,0.7119069142315664,0,0,0,1,0,0,0,6.354838709677419,-137.350555,-0.0162662503911429,-0.028993838809253,0.3852691218130311,-1.04,0.4626743232157506,0.0,0.5238095238095238
0.23374115,,1.0,1.392106867719558,0,0,0,1,0,0,0,0.1612903225806452,0.0,0.2835614277971273,0.2464476298786508,-0.1614730878186968,0.0,0.7284659557013946,0.0,1.0952380952380951
1.005,0.334,1.0,1.5607852018134964,0,0,0,1,0,0,0,7.137096774193547,-90.050555,0.3685526991386249,0.3229313770823699,-0.0141643059490084,-0.967,0.661744599398414,0.5058699999999999,0.2038095238095238
0.24444643,1.0,1.0,0.2495730941382501,0,0,0,1,0,0,0,0.2580645161290324,121.77944499999998,-0.2013593320728933,-0.2319007210967669,0.0,0.0,0.3259502324309543,-0.0535299999999999,-0.4095238095238095
0.12489985,,1.0,1.0544926450972305,0,0,0,1,0,0,0,-0.8225806451612901,0.0,0.1154578393366181,0.1209742929627454,0.6827195467422096,0.0,1.2666119770303528,0.0,-0.9523809523809524
0.15612481,,1.0,0.9973190607404274,0,0,0,1,0,0,0,-0.5403225806451611,0.0,0.1241307042185724,0.0559881025282127,-0.3172804532577903,0.0,0.2679792179382007,0.0,-1.238095238095238
0.21411403,,1.0,4.454148350055723,0,0,0,1,0,0,0,-0.0161290322580645,0.0,4.657995412023801,2.2515215516702702,-1.2294617563739376,0.0,0.6004922067268252,0.0,-1.3333333333333333
1.1,3.2,0.9,0.1113624678534607,0,0,0,0,1,0,0,7.96774193548387,820.949445,-0.2615348020626471,-0.3289301023532499,0.3937677053824363,1.77,-0.9592562209461308,0.0,0.0
0.16504623,,1.0,0.2144448912716328,0,0,0,1,0,0,0,-0.4596774193548385,0.0,-0.1949836137689187,-0.2859392379119437,-0.7932011331444759,0.0,-2.066174459939841,0.0,0.0
,,1.0,6.88481413168057,0,0,0,1,0,0,0,0.0,0.0,19.61719204121998,7.479410625242135,0.0,0.0,-1.526934645884605,2.4907600000000003,0.7142857142857143
,,1.0,0.7738512079749079,0,0,0,1,0,0,0,0.0,0.0,0.0194392632350109,-0.0189959633577864,0.3796033994334277,0.0,0.2067268252666119,0.0,-0.0952380952380952
0.11330201,,1.0,0.2996614919432138,0,0,0,1,0,0,0,-0.9274193548387094,0.0,-0.1684702067345763,-0.2249521976579976,-0.036827195467422,0.0,-0.7164342357123326,0.0,0.4761904761904762
0.11865486,,1.0,0.4321377243182898,0,0,0,1,0,0,0,-0.8790322580645159,0.0,-0.1319758992679195,-0.1359711061399452,0.8470254957507082,0.0,0.8947224500957068,0.0,0.1904761904761905
0.28905394,,1.0,2.8607567335578765,0,0,0,1,0,0,0,0.6612903225806452,0.0,1.585117232586349,0.8653161203244308,-1.2521246458923512,0.0,-0.8312824719715614,0.0,2.095238095238096
0.18199692,,1.0,1.341336408033536,0,0,0,1,0,0,0,-0.3064516129032256,0.0,0.3017566265410583,0.1764625017183848,-0.5014164305949008,0.0,0.2253213016133442,0.0,-1.523809523809524
1.245,1.44,1.0,0.0867935656738005,0,0,0,1,0,0,0,9.302584677419352,261.624645,-0.2821432821746019,-0.3354287213967031,1.872521246458924,1.09,0.298605414273995,0.0,-0.6190476190476191
0.13471341,0.01563737,1.0,0.0020918338571952,0,0,0,1,0,0,0,-0.7338709677419353,-191.080555,-0.3538615374259629,-0.481547671119887,3.660056657223796,6.6,-1.1014492753623188,0.0,0.0
0.67356588,,1.0,2.303977335274832,0,0,0,1,0,0,0,4.137096774193547,0.0,0.9446684255324558,0.609370508766887,-0.2181303116147308,0.0,-0.1575061525840853,0.0,-0.4761904761904761
0.6726749,,1.0,3.3128931630606253,0,0,0,1,0,0,0,4.129032258064515,0.0,2.0903735760571776,1.2467350687978804,-0.9773371104815864,0.0,0.6267432321575062,0.0,-0.4761904761904761
0.07761633,,1.0,0.3393130889136113,0,0,0,1,0,0,0,-1.2499999999999996,0.0,-0.1613954251526036,-0.1909594211230113,0.8385269121813032,0.0,0.5009570686354936,0.0,-0.5714285714285715
0.14185054,,1.0,1.6392478040859824,0,0,0,1,0,0,0,-0.6693548387096772,0.0,0.458778717053455,0.3079345639051701,-0.4390934844192634,0.0,0.2242275088870659,0.0,0.0
0.744,0.251,1.0,0.1121334277605015,0,0,0,1,0,0,0,4.773775516129032,-116.27562484,-0.249364522244164,-0.3480260444655511,-0.7240793201133146,-0.5700000000000001,-2.527754990429313,-1.70596,1.7952380952380953
2.085,0.34,1.0,0.2722362736130763,0,0,0,1,0,0,0,16.895778225806446,-87.988355,-0.2055396439807582,-0.1937088368721647,3.093484419263456,-1.278,0.9067541700847688,0.96539,-0.2857142857142857
0.21857474,,1.0,0.2777338520017484,0,0,0,1,0,0,0,0.0241935483870969,0.0,-0.1886242374090478,-0.2184535786145444,0.5552407932011332,0.0,0.277823352474706,0.0,0.0
0.16415409,,1.0,0.996478905383024,0,0,0,1,0,0,0,-0.4677419354838708,0.0,0.1079202819105586,0.0749840658859992,0.2209631728045325,0.0,0.5884604867377632,0.0,-0.0952380952380952
1.551,1.03,1.0,0.0375534044432121,0,0,0,1,0,0,0,12.068676612903223,131.31434499999995,-0.3136311265556228,-0.3921166752065186,3.1274787535410766,-0.986,0.4079846869018321,0.0,-1.3333333333333333
1.026,0.415,1.0,0.8177626887364546,0,0,0,1,0,0,0,7.322930645161289,-64.151105,0.0146694820799113,0.0294937325818263,1.1821529745042492,-0.8530000000000001,-0.0612523926715887,0.6867899999999999,1.4761904761904765
1.58,1.59,1.0,0.1511023972098496,0,0,0,1,0,0,0,12.330822580645158,309.29914499999995,-0.2561558693959321,-0.2690928177762225,3.654390934844193,-0.8400000000000001,0.965818977303801,0.92996,0.1428571428571428
0.947,0.196,1.0,0.268419716385813,0,0,0,1,0,0,0,6.60880887096774,-133.755875,-0.1826885874248049,-0.2394491170626242,0.0849858356940509,-1.044,-0.7733114574788078,0.0,0.5714285714285715
0.28599259,,1.0,1.4049355092582625,0,0,0,1,0,0,0,0.63362175,0.0,0.6070525950727941,0.0,0.0,0.0,-0.0087503418102269,0.0,-0.1904761904761904
0.22125116,,1.0,3.3316054514682194,0,0,0,1,0,0,0,0.0483870967741935,0.0,2.145568378155201,1.241736131072147,-0.9858356940509916,0.0,0.6486190866830736,0.0,-1.238095238095238
,7.7,1.0,8.58793120592158,0,0,0,1,0,0,0,0.0,2251.149445,62.38215859313773,13.478135896122073,0.0,0.0,0.0,0.0,0.0
0.1494,,1.0,0.1860110062308344,0,0,0,1,0,0,0,-0.6011115161290321,0.0,-0.2258123599209636,-0.2750415536698452,0.8810198300283286,0.0,-0.0842220399234345,-0.17448,-0.2095238095238095
,,1.0,0.311363930499399,0,0,0,1,0,0,0,0.0,0.0,-0.1636932213009722,-0.2189534723871177,0.0,0.0,-1.1747333880229696,0.0,0.7142857142857143
,0.69,1.0,3.9534058255619136,0,0,0,1,0,0,0,0.0,23.949445,0.0,22.526213179699315,0.0,0.0,0.0,0.0,0.0
,0.17367775,1.0,0.0727419681663784,0,0,0,1,0,0,0,0.0,-140.850555,-0.292451444931083,-0.3439269155304497,0.0,0.0,0.9001914137270988,0.0,0.0
0.483,0.083,1.0,0.1941441458411141,0,0,0,1,0,0,0,2.32258064516129,-169.650555,-0.2183796938036996,-0.2764412562330505,0.2492917847025495,-0.3500000000000001,-0.6650259775772491,0.35687,0.0476190476190476
,72.16,1.0,5.016621235719927,0,0,0,1,0,0,0,0.0,22738.44729412,0.0,67.06674831598285,0.0,0.0,0.0,0.0,0.0
0.08742989,,1.0,0.0099918215088545,0,0,0,1,0,0,0,-1.161290322580645,0.0,-0.3412649368140578,-0.4434057762725421,3.56657223796034,0.0,0.4156412359857807,0.0,-0.2857142857142857
0.24524978,0.06135386,1.0,0.378411977544434,0,0,0,1,0,0,0,0.2653225806451614,-176.550555,-0.0974151360659264,-0.2354499668820375,-1.0906515580736544,0.0,-2.368061252392672,-1.72811,1.8571428571428568
0.13203698,,1.0,3.145566440587146,0,0,0,1,0,0,0,-0.7580645161290321,0.0,1.858461412923637,1.1192621567916816,-1.0311614730878187,0.0,0.4659557013945857,0.0,-0.5714285714285715
0.12668413,,1.0,0.0979090533223869,0,0,0,1,0,0,0,-0.8064516129032256,0.0,-0.2707636227736241,-0.3364285089418498,0.6912181303116147,0.0,-0.3139185124418923,0.0,-0.9523809523809524
0.20430047,,1.0,2.2644133713481005,0,0,0,1,0,0,0,-0.1048387096774192,0.0,0.8751462997245546,0.6213679593086469,-0.5580736543909348,0.0,0.712059064807219,0.0,0.0
0.25069184,,1.0,1.0918840745986578,0,0,0,1,0,0,0,0.3145161290322581,0.0,0.1794598869684685,0.0784833222940124,-0.6147308781869688,0.0,-0.3412633305988515,0.0,-0.380952380952381
1.688,0.602,1.0,0.2321806760701029,0,0,0,1,0,0,0,13.30709032258064,-4.716894999999994,-0.2214302974358546,-0.2168039291650524,3.090651558073654,-1.175,1.048947224500957,0.9245,1.0
1.12,3.0,0.9,0.1132543511157141,0,0,0,0,1,0,0,8.172627725806452,757.434666,-0.260787196904871,-0.3269305272629567,0.5382436260623229,1.37,-0.989882417281925,-0.7106800000000001,-0.0952380952380952
1.212,0.543,1.0,0.1164462353751281,0,0,0,1,0,0,0,9.004280645161288,-23.468864999999997,-0.2633668178010004,-0.3160828323981154,1.226628895184136,-0.953,-0.0590648072190319,0.0,0.3333333333333333
0.69765367,0.08495107,1.0,2.4391885831409628,0,0,0,1,0,0,0,4.354838709677419,-169.050555,1.0240926327353412,0.7158478823250058,-0.5807365439093485,-1.02,0.1815695925622094,0.18523,2.095238095238096
0.437,0.055,1.0,0.4863553201791415,0,0,0,1,0,0,0,1.998387096774193,-178.450555,-0.1654493337668904,0.0,0.7507082152974505,0.0,-0.0404703308722997,0.0,0.0
0.16058552,,1.0,0.4249163573063947,0,0,0,1,0,0,0,-0.4999999999999998,0.0,-0.1212470468560951,-0.1604659009960383,0.4249291784702549,0.0,0.2712605961170358,0.0,-0.9523809523809524
,,1.0,4.815390592011812,0,0,0,1,0,0,0,0.0,0.0,5.802606544298648,2.7304197857955184,0.0,0.0,0.0262510254306808,0.0,1.1428571428571428
,0.03051961,1.0,4.948516246515015,0,0,0,1,0,0,0,0.0,-186.350555,6.43262891819356,2.8523938663034105,-1.538243626062323,0.0,-0.1990702761826633,0.0,0.0
,,1.0,7.80994708647679,0,0,0,1,0,0,0,0.0,0.0,36.30995261559896,10.478773260682106,0.0,0.0,0.4025157232704403,0.0,1.523809523809524
0.09367489,,1.0,0.0659380945807094,0,0,0,1,0,0,0,-1.104838709677419,0.0,-0.2945792758365982,-0.3559243660722097,1.679886685552408,0.0,0.307355756084222,0.0,0.5714285714285715
,,1.0,2.683482292385987,0,0,0,1,0,0,0,0.0,0.0,1.3136128151571909,0.8123273804316581,0.0,0.0,0.3511074651353568,0.10605,-0.7142857142857144
0.10973344,,1.0,0.1629080583866574,0,0,0,1,0,0,0,-0.9596774193548384,0.0,-0.2389868599092169,-0.2854393441393704,0.9830028328611898,0.0,-0.0185944763467322,0.0,0.8571428571428571
,,1.0,0.1141134934252467,0,0,0,1,0,0,0,0.0,0.0,-0.2640398621798359,-0.319032205656298,0.0,0.0,-0.341941482089144,0.0,1.3876190476190475
0.28994608,,1.0,2.30857597075111,0,0,0,1,0,0,0,0.6693548387096774,0.0,0.9607490581889108,0.6013722084057137,-0.8923512747875354,0.0,0.257041290675417,0.0,-1.238095238095238
0.12846842,,1.0,0.0941544158027102,0,0,0,1,0,0,0,-0.7903225806451611,0.0,-0.2756682461364089,-0.3339290400789831,1.1869688385269122,0.0,0.2242275088870659,0.0,0.0
,5.7,0.9,8.398184404834035,0,0,0,0,1,0,0,0.0,1615.5713649,51.535793469043895,13.478135896122073,0.0,0.0,-0.992070002734482,0.0,-0.6190476190476191
0.13917412,,1.0,1.673880544599471,0,0,0,1,0,0,0,-0.693548387096774,0.0,0.5522680550574731,0.255945611557544,-1.1869688385269122,0.0,-1.168170631665299,0.0,0.0
,0.02013665,1.0,3.0424812292073904,0,0,0,1,0,0,0,0.0,-189.650555,0.0,8.479198170388793,0.0,0.0,0.0,0.0,0.0
0.19627119,,1.0,2.5440943157561486,0,0,0,1,0,0,0,-0.1774193548387094,0.0,1.257801431337216,0.665858505067673,-1.2124645892351276,0.0,-0.6551818430407438,0.0,0.0
0.12311557,,1.0,0.2559110735014465,0,0,0,1,0,0,0,-0.8387096774193548,0.0,-0.1983970383176883,-0.2289513478385842,0.7762039660056658,0.0,0.4867377631938747,0.0,0.0
,28.0,1.0,7.989637553412117,0,0,0,1,0,0,0,0.0,8703.144841,0.0,1329.1985453091218,5.286118980169972,0.0,0.0,0.0,0.0
1.0,6.14,1.0,3.378924505812763,0,0,0,1,0,0,0,7.087887661290321,1755.41586398,2.151679113848948,1.3257182848644662,0.0,0.0,0.4090784796281104,0.12378,1.0476190476190477
0.26318183,,1.0,1.3992403153976352,0,0,0,1,0,0,0,0.4274193548387098,0.0,0.3467454617264085,0.1849606958521314,-0.7960339943342776,0.0,-0.6814328684714247,0.0,0.9523809523809524
1.205,2.162,0.9,0.0109068929245298,0,0,0,0,1,0,0,8.941004032258062,491.097905,-0.3379294140193807,-0.4474049264531287,1.4759206798866855,0.0999999999999998,-1.0686354935739677,0.0,0.0
,0.18547744,1.0,3.243133349104286,0,0,0,1,0,0,0,0.0,-137.100555,0.0,10.57875201519677,0.0,0.0,0.0,0.0,0.0
,,1.0,8.305553219485443,0,0,0,1,0,0,0,0.0,0.0,50.19329997443907,12.578327105490082,0.0,0.0,0.7787804211101996,0.40095,0.0
0.81720187,,1.0,0.2000060506218959,0,0,0,1,0,0,0,5.435483870967741,0.0,-0.2246854999580368,-0.2569453991026906,0.8696883852691218,0.0,0.0787530762920426,0.0,2.380952380952381
,,0.9,1.0060972853822308,0,0,0,0,1,0,0,0.0,0.0,0.1379061281979438,0.0479898021670394,-0.6441926345609065,0.0,-0.5490839485917418,0.0,-0.6190476190476191
0.12400771,0.17934206,0.5,0.0671932588884681,0,0,0,0,0,1,0,-0.8306451612903225,-139.050555,-0.2848355775674211,-0.3734206481122761,0.0566572237960339,0.0,-1.7413180202351657,0.0,-1.142857142857143
0.14978167,,1.0,0.2223640133133985,0,0,0,1,0,0,0,-0.5976590967741934,0.0,-0.284485088534098,0.0,0.0,0.0,0.1520371889526934,0.0,0.7142857142857143
0.12133128,,1.0,2.681988768606111,0,0,0,1,0,0,0,-0.854838709677419,0.0,1.3912985784182967,0.7513403401777121,-1.3059490084985836,0.0,-0.9351927809680064,0.0,0.4285714285714286
0.17771464,0.01799713,1.0,0.263808203792855,0,0,0,1,0,0,0,-0.3451612903225805,-190.330555,-0.2030949142114672,-0.2099553844807978,0.6934844192634559,2.65,0.0087503418102269,-0.05932,-0.0952380952380952
0.13203698,,1.0,0.0640218862473709,0,0,0,1,0,0,0,-0.7580645161290321,0.0,-0.2945316552020512,-0.3609233037979429,1.9915014164305949,0.0,0.555646704949412,0.0,-1.3333333333333333
,0.04383,1.0,2.464253301916665,0,0,0,1,0,0,0,0.0,-182.120555,0.0,4.330079858030168,0.0,0.0,0.0,0.0,0.0
0.13471341,,1.0,0.007311684476103,0,0,0,1,0,0,0,-0.7338709677419353,0.0,-0.3444133292768032,-0.4544034392691553,2.8045325779036827,0.0,-0.3948591741864916,0.0,0.380952380952381
1.19546999,2.00737249,1.0,0.1594554827326573,0,0,0,1,0,0,0,8.854838709677418,441.949445,-0.2451137818178224,-0.2789407250959171,1.5495750708215297,0.1299999999999999,0.3970467596390484,0.14281,-0.4285714285714285
0.2712111,,1.0,3.1513083904486576,0,0,0,1,0,0,0,0.5,0.0,1.9256057928388792,1.0807703363035357,-1.045325779036827,0.0,-0.2045392398140552,0.0,1.0476190476190477
0.16415409,,1.0,2.375572770208809,0,0,0,1,0,0,0,-0.4677419354838708,0.0,1.109246995098125,0.5658797505530074,-1.271954674220963,0.0,-0.9242548537052228,0.0,0.0
,,0.9,6.612175434403215,0,0,0,0,1,0,0,0.0,0.0,15.858210256326474,6.979516852668807,0.0,0.0,-1.3442712605961171,2.42097,-0.7142857142857144
0.15880124,,1.0,0.249682523711039,0,0,0,1,0,0,0,-0.5161290322580644,0.0,-0.2020922330958854,-0.2304510291563042,0.8640226628895185,0.0,0.3325129887886245,0.0,0.761904761904762
0.47015872,,1.0,1.0550070311411417,0,0,0,1,0,0,0,2.298387096774193,0.0,0.1631066822913676,0.0634865091168127,-0.6798866855524079,0.0,-0.4933005195515449,0.0,-0.4761904761904761
,,0.7,7.598017301473398,0,0,1,0,0,0,0,0.0,0.0,32.02707093037187,9.553969781421449,0.0,0.0,0.7011211375444353,0.17587,0.0
0.2,0.036,0.9,0.5098176158967181,0,0,0,0,1,0,0,-0.1437127903225806,-184.60873235,-0.0727180036080444,-0.1439694065011185,-0.2322946175637393,4.27,-0.510801203171999,0.0,-3.0
,,0.5,1.9584111139487703,0,0,0,0,0,1,0,0.0,0.0,0.9148169366488856,0.2609445492832772,0.0,0.0,-2.4358764014219307,-1.83613,-2.523809523809524
0.31760247,,1.0,4.830341710573975,0,0,0,1,0,0,0,0.9193548387096774,0.0,6.14348938506742,2.6069460239699063,-1.56657223796034,0.0,-0.434235712332513,0.0,0.0
,,0.5,9.066673791413471,0,0,0,0,0,1,0,0.0,0.0,96.72215987281596,14.0830073609358,0.0,0.0,-2.2411812961443807,0.0,-0.8571428571428573
1.262,0.75,1.0,0.1720381146487134,0,0,0,1,0,0,0,9.456256451612902,42.321945,-0.242633803408362,-0.2636939650324306,2.478753541076488,-0.8352400000000001,0.8181569592562209,0.0,0.6190476190476191
0.13730062,,1.0,0.2208481144937427,0,0,0,1,0,0,0,-0.7104838709677418,0.0,-0.2850819087518093,0.0,0.0,0.0,-0.8017500683620454,0.0,-0.9714285714285716
0.11428336,0.04030477,1.0,0.3856860749736402,0,0,0,1,0,0,0,-0.918548387096774,-183.240555,-0.1318679395428952,-0.1856605471337341,-0.0594900849858356,32.58,-0.5950232430954334,0.0,-0.3333333333333333
,5.918,1.0,10.53612838716077,0,0,0,1,0,0,0,0.0,1684.85795763,191.48549866309375,31.604284089630955,0.0,0.0,0.0,0.0,0.0
1.464,1.222,1.0,0.056620160636513,0,0,0,1,0,0,0,11.28223870967742,192.337705,-0.303414073266184,-0.358973718084907,3.473087818696884,-0.8460000000000001,0.7908121410992617,0.49225,1.0952380952380951
0.13114484,,1.0,0.4463039120410605,0,0,0,1,0,0,0,-0.7661290322580644,0.0,-0.1114117754684639,-0.1529674944074384,0.0538243626062322,0.0,-0.2548537052228602,0.0,0.761904761904762
0.18507303,,1.0,0.4891554576736563,0,0,0,1,0,0,0,-0.2786451612903226,0.0,-0.1640107341099437,0.0,-0.7280453257790368,0.0,-2.129614438063987,0.0,0.0
,,1.0,3.7207535351927694,0,0,0,1,0,0,0,0.0,0.0,2.9604495849889263,1.4656885411849985,-1.1728045325779035,0.0,-0.2504785343177468,-0.16022,-0.6190476190476191
,,1.0,4.530255888841729,0,0,0,1,0,0,0,0.0,0.0,4.72206299986062,2.4354824599772544,0.0,0.0,0.4090784796281104,0.12378,1.0476190476190477
1.277,1.8482,1.0,0.031488064874292,0,0,0,1,0,0,0,9.591849193548386,391.362851,-0.3195781032557109,-0.3984153367409425,2.747790368271955,-0.155,0.0470330872299699,0.0,0.0
1.703,0.58,1.0,0.1954595309505162,0,0,0,1,0,0,0,13.44265655645161,-11.710078940000017,-0.2318286299139319,-0.2495969606458627,2.705382436260624,-1.1860000000000002,0.9625375991249658,0.69526,-0.4428571428571429
,1.59,1.0,2.510336204265918,0,0,0,1,0,0,0,0.0,308.949445,0.0,4.580026744316832,0.0,0.0,0.0,0.0,0.0
1.03,0.42,1.0,2.6436742978527445,0,0,0,1,0,0,0,7.359088709677418,-62.56195500000001,3.75825090196567,0.0,0.0,0.0,0.8192507519824993,0.0,1.666666666666667
0.26942682,,1.0,0.1862752007334663,0,0,0,1,0,0,0,0.4838709677419355,0.0,-0.22565506388745,-0.2749415749153305,0.6685552407932012,0.0,-0.3806398687448728,0.0,1.6190476190476193
0.27183513,0.04011579,1.0,0.7080620121488888,0,0,0,1,0,0,0,0.5056451612903227,-183.300555,-0.0076368367846101,-0.0444905457590262,-0.1104815864022662,1.17,-0.0896910035548263,0.0,0.4285714285714286
,,0.9,5.975335165178098,0,0,0,0,1,0,0,0.0,0.0,12.492153396683165,4.480047989802166,0.0,0.0,-1.2720809406617446,1.71687,-0.8571428571428573
0.35685671,,1.0,1.323586327174208,0,0,0,1,0,0,0,1.2741935483870963,0.0,0.2691043049400043,0.194958571303598,0.0113314447592068,0.0,0.0918785890073831,0.0,0.8571428571428571
0.26764253,,1.0,1.4573563238936904,0,0,0,1,0,0,0,0.4677419354838709,0.0,0.3561412158060283,0.2309509229288775,-0.4815864022662889,0.0,0.1914137270987148,0.0,0.0
,1.864,0.9,7.704332853713256,0,0,0,0,1,0,0,0.0,396.384565,30.63218744573369,11.18862241773623,0.0,0.0,-0.5873666940114848,1.39609,0.1904761904761905
0.23374115,,1.0,2.5412853499367,0,0,0,1,0,0,0,0.1612903225806452,0.0,1.1719100858871352,0.7283452266393391,-0.9263456090651558,0.0,-0.079846869018321,0.0,1.0476190476190477
0.14541911,,1.0,0.5300737112104231,0,0,0,1,0,0,0,-0.6370967741935483,0.0,-0.0661563469426427,-0.1334716372770786,-0.2407932011331444,0.0,-0.475799835931091,0.0,-0.761904761904762
0.17129122,,1.0,0.3141049959708933,0,0,0,1,0,0,0,-0.4032258064516128,0.0,-0.1742351350954847,-0.1989577214841846,0.6713881019830028,0.0,0.5742411812961444,0.0,0.0
0.61022498,,1.0,5.202994767680611,0,0,0,1,0,0,0,3.5645161290322576,0.0,7.521618374076717,3.2348126023220063,-1.4957507082152974,0.0,0.3653267705769756,0.0,-0.8571428571428573
0.0981356,,1.0,0.1398935780621058,0,0,0,1,0,0,0,-1.0645161290322578,0.0,-0.2476291712764211,-0.3059349888148768,0.8158640226628895,0.0,-0.2242275088870659,0.0,0.0
0.50673653,,1.0,0.7411659365658303,0,0,0,1,0,0,0,2.629032258064516,0.0,-0.0192058461831659,0.0039991501805866,1.6062322946175638,0.0,-0.8083128247197157,0.0,1.0476190476190477
0.10527273,,1.0,0.0712147133410062,0,0,0,1,0,0,0,-0.9999999999999998,0.0,-0.2863142665031538,-0.3614231975705163,0.6883852691218131,0.0,-0.8520645337708505,0.0,0.8571428571428571
0.10527273,,1.0,0.3916224691200501,0,0,0,1,0,0,0,-0.9999999999999998,0.0,-0.1342260310033558,-0.1759626079458115,0.1161473087818696,0.0,0.0546896363139185,0.0,-1.0476190476190477
0.1507717,,0.5,1.1506000593470669,0,0,0,0,0,1,0,-0.5887096774193548,0.0,0.267908629153469,0.0414911831235862,-1.320113314447592,0.0,-1.97976483456385,0.0,-0.380952380952381
0.25443884,0.02680692,0.9,1.3336242866159254,0,0,0,0,1,0,0,0.3483870967741934,-187.530555,0.3088486735716839,0.1619655823137582,-0.5920679886685553,0.0,-0.3401695378725731,0.0,-0.8571428571428573
0.16147766,,1.0,2.878594169404568,0,0,0,1,0,0,0,-0.4919354838709676,0.0,1.5781417935583526,0.8968094279965507,-1.161473087818697,0.0,-0.3850150396499863,0.0,0.761904761904762
,0.057,1.0,2.157588418439526,0,0,0,1,0,0,0,0.0,-178.050555,0.0,2.930377294824849,0.0,0.0,0.0,0.0,0.0
5.7141681,,1.0,0.928945868765922,0,0,0,1,0,0,0,49.701612903225794,0.0,0.0828097236694516,0.0434907582138795,-0.1586402266288951,0.0,0.2690730106644791,0.0,0.380952380952381
0.17664407,,1.0,2.437994901939713,0,0,0,1,0,0,0,-0.3548387096774192,0.0,1.1099430681519546,0.6423634977567266,-1.0708215297450423,0.0,-0.3084495488105004,0.0,-0.380952380952381
0.25693683,1.41585834,0.9,1.472968264505042,0,0,0,0,1,0,0,0.3709677419354837,253.949445,0.308239083293902,0.3009360510891435,-0.4220963172804532,398.67,-0.5895542794640416,0.68963,0.2857142857142857
,,1.0,0.9467334152223408,0,0,0,1,0,0,0,0.0,0.0,0.0783780020225397,0.0659859779796793,0.0,0.0,0.2111019961717254,0.0,-0.7142857142857144
,,1.0,5.333801183984105,0,0,0,1,0,0,0,0.0,0.0,0.0,92.46135196270792,0.0,0.0,-1.512715340442986,0.0,0.0
,,1.0,5.055601648879485,0,0,0,1,0,0,0,0.0,0.0,5.787216984726348,3.6302285764275086,0.0,0.0,-0.9056603773584906,1.73587,0.0
0.08475347,,1.0,0.476910223718559,0,0,0,1,0,0,0,-1.1854838709677418,0.0,-0.1129237191468326,-0.1189747178724521,0.6997167138810199,0.0,0.9012852064533772,0.0,0.0
0.10794916,,1.0,0.1211022275463351,0,0,0,1,0,0,0,-0.975806451612903,0.0,-0.2478644725997451,-0.3359286151692766,-0.4702549575070821,0.0,-1.816789718348373,0.0,-1.0476190476190477
0.31671033,,1.0,2.643906616054225,0,0,0,1,0,0,0,0.9112903225806448,0.0,1.2054971316813052,0.8448204756489245,-0.603399433427762,0.0,0.2307902652447361,0.0,1.3333333333333337
0.994,0.972,1.0,0.1509744359739722,0,0,0,1,0,0,0,7.033650661290322,112.87865659999996,-0.241460382234718,-0.2994863591486809,0.4283286118980171,-0.1,-0.8870659010117583,-0.53332,1.5523809523809524
0.23017258,,1.0,0.641558271309995,0,0,0,1,0,0,0,0.1290322580645162,0.0,-0.0336110901800957,-0.0719847032505593,0.2492917847025495,0.0,0.1400054689636314,0.0,0.0
0.30289315,0.03020498,1.0,0.5315369749886636,0,0,0,1,0,0,0,0.7863898870967743,-186.450555,-0.0722653802891512,-0.1239736555981853,0.0217847025495752,0.01,-0.2100082034454471,-0.1509599999999999,-0.5619047619047619
0.21411403,,1.0,3.480793266194329,0,0,0,1,0,0,0,-0.0161290322580645,0.0,2.520742916632841,1.2682305010185333,-1.3626062322946175,0.0,-0.6978397593656002,0.0,0.8571428571428571
0.879,2.06715317,1.0,0.1833785802810745,0,0,0,1,0,0,0,5.999999999999998,460.949445,-0.2225222030593811,-0.2844395565942237,-0.0793201133144475,0.0,-1.473338802296965,-0.7970400000000001,2.0476190476190474
0.11062558,,1.0,1.2904849060525618,0,0,0,1,0,0,0,-0.9516129032258064,0.0,0.3036132433089816,0.1279728057787719,-0.9546742209631728,0.0,-1.0434782608695652,0.0,-0.1904761904761904
,,1.0,9.0667286286177,0,0,0,1,0,0,0,0.0,0.0,96.10002874116982,14.177987177724733,0.0,0.0,-2.032266885425212,0.0,-1.6290476190476189
0.18824192,,1.0,2.4293953203870915,0,0,0,1,0,0,0,-0.25,0.0,1.002647540146918,0.7218466075958858,-0.5609065155807366,0.0,0.9505058791359038,0.0,-0.380952380952381
0.18645763,,1.0,2.047375969439564,0,0,0,1,0,0,0,-0.2661290322580645,0.0,0.8691953535004089,0.3774197982928626,-1.4645892351274787,0.0,-1.831009023789992,0.0,-0.8571428571428573
0.23195646,,1.0,1.242669538495434,0,0,0,1,0,0,0,0.1451612903225807,0.0,0.2775027602224121,0.1109764175112788,-1.0084985835694051,0.0,-1.2272354388843314,0.0,0.6333333333333334
0.08613367,,1.0,0.1209992971665998,0,0,0,1,0,0,0,-1.1730075483870963,0.0,-0.3224658875247224,0.0,-0.7387252124645892,0.0,-2.7727645611156686,0.0,0.0
0.12579199,,1.0,1.036356424640914,0,0,0,1,0,0,0,-0.8145161290322579,0.0,0.1096460180053806,0.1109764175112788,0.1529745042492918,0.0,0.6475252939567951,0.0,0.0
0.17129122,,1.0,1.08012362598473,0,0,0,1,0,0,0,-0.4032258064516128,0.0,0.1497454994144412,0.1019783296049589,-0.0736543909348441,0.0,0.8258135083401695,0.0,-1.619047619047619
0.23195686,,1.0,1.6358262377102295,0,0,0,1,0,0,0,0.1451612903225807,0.0,0.4331522090930019,0.3309296774435433,-0.3824362606232294,0.0,0.7142466502597757,0.0,0.0
0.07850848,,1.0,1.3369438128993916,0,0,0,1,0,0,0,-1.2419354838709675,0.0,0.313371999116169,0.1604659009960382,-0.5297450424929179,0.0,-0.0875034181022696,0.0,-1.238095238095238
0.24801541,,1.0,0.2463286743491492,0,0,0,1,0,0,0,0.2903225806451611,0.0,-0.1994271342309735,-0.2394491170626242,0.3002832861189802,0.0,-0.2603226688542521,0.0,0.9523809523809524
,,1.0,0.7578594366047333,0,0,0,1,0,0,0,0.0,0.0,-0.0061008569062515,0.0009997875451466,0.2237960339943343,0.0,0.7525293956795187,0.31243,1.0476190476190477
0.3944152,0.08306327,0.9,0.4567694085518147,0,0,0,0,1,0,0,1.613709677419355,-169.650555,-0.106511675522906,-0.1494682379994251,0.0764872521246459,0.3699999999999999,0.0,0.0,0.0
0.17753621,,1.0,0.2090884978263218,0,0,0,1,0,0,0,-0.346774193548387,0.0,-0.2220276124115342,-0.2489470987415174,1.0368271954674222,0.0,0.5808039376538146,0.0,0.4285714285714286
1.211,0.83,1.0,0.0827565448117657,0,0,0,1,0,0,0,8.995222282258062,67.74702281,-0.2826693595338962,-0.3431770748715897,1.660056657223796,-0.7530000000000001,0.0546896363139185,-0.07771,0.4285714285714286
0.29440679,,1.0,0.9104514644875896,0,0,0,1,0,0,0,0.7096774193548385,0.0,0.0831890402947905,0.025994476173813,-0.4419263456090651,0.0,-0.7820617992890347,0.0,0.0
0.22303545,,1.0,0.7860745956519906,0,0,0,1,0,0,0,0.0645161290322581,0.0,0.0361539948614601,-0.028993838809253,-0.1699716713881019,0.0,-0.1060978944490019,0.0,0.0
1.023,0.639,0.9,0.1039419174830696,0,0,0,0,1,0,0,7.295796177419354,7.041797070000001,-0.2706017739190016,-0.3249309521726633,0.8215297450424929,0.0,-0.2800109379272628,-0.26471,0.6666666666666666
0.14211819,,1.0,0.3848396729504189,0,0,0,1,0,0,0,-0.6669354838709676,0.0,-0.2149747373764566,0.0,0.0,0.0,0.2318840579710145,0.0,-1.295238095238095
,,0.9,8.80979713158079,0,0,0,0,1,0,0,0.0,0.0,68.17943842776661,15.477710986415389,0.0,0.0,-0.8280010937927262,0.64687,-0.0952380952380952
0.36863736,0.0849515,1.0,0.1295155249361615,0,0,0,1,0,0,0,1.3806847338709676,-169.050555,-0.2544624808455813,-0.3104340327680367,0.4645892351274787,0.7599999999999998,-0.5600218758545256,-0.3991,0.9619047619047618
1.3,3.27,1.0,0.0958397076524313,0,0,0,1,0,0,0,9.799758064516128,843.253545,-0.2750742746244057,-0.3317295074796605,2.212464589235128,0.53,0.1761006289308176,0.20006,-0.380952380952381
,,0.5,2.657256431054407,0,0,0,0,0,1,0,0.0,0.0,1.674930204545382,0.5458839996500743,0.0,0.0,-2.4358764014219307,-1.83613,-2.523809523809524
1.142,5.029,1.0,1.3267054132767209,0,0,0,1,0,0,0,8.371496741935482,1402.3085038,0.2294730253408107,0.2459477361060774,0.0,0.0,1.0445720535958436,0.7656499999999999,0.1761904761904762
1.384,12.9,1.0,0.0663314100413044,0,0,0,1,0,0,0,10.559077419354836,3903.956445,-0.3012124330506477,-0.3373283177324819,5.436260623229462,5.31,2.5736942849330053,1.10605,0.2904761904761905
0.09278275,,1.0,0.0129269719017921,0,0,0,1,0,0,0,-1.1129032258064513,0.0,-0.3364138370952032,-0.4389067323193821,2.141643059490085,0.0,-0.3543888433141919,0.0,0.0
,,0.9,7.534937855364628,0,0,0,0,1,0,0,0.0,0.0,29.97076382156253,9.578964470050114,0.0,0.0,-0.750341810226962,1.04682,0.0476190476190476
0.15612481,,1.0,0.751391628029573,0,0,0,1,0,0,0,-0.5403225806451611,0.0,0.0070029329673286,-0.0234950073109464,0.0566572237960339,0.0,0.4057971014492754,0.0,-0.1904761904761904
,,0.9,0.1533696663441845,0,0,0,0,1,0,0,0.0,0.0,-0.2362304368765347,-0.3049352012697301,0.0,0.0,-1.3705222860267978,-0.99513,-0.5714285714285715
0.279,,1.0,1.319844147194842,0,0,0,1,0,0,0,0.5645161290322581,0.0,0.2784651970830686,0.1809615456715448,-0.4957507082152974,0.0,0.1673502871205906,0.0,-1.3333333333333333
0.36042528,,1.0,0.6254667798100965,0,0,0,1,0,0,0,1.3064516129032258,0.0,0.0013409535563353,-0.1284726995513453,-1.141643059490085,0.0,-2.118676510801204,0.0,1.0952380952380951
0.941,2.78,1.0,0.8769275061664421,0,0,0,1,0,0,0,6.554571774193548,687.516845,0.0705064060200275,0.0109976629966131,-0.4645892351274787,2.83,-0.5490839485917418,0.0,1.3333333333333337
,,1.0,6.530784328913045,0,0,0,1,0,0,0,0.0,0.0,19.44037582485739,5.142407238461828,0.0,0.0,-1.9357724911129344,0.0,0.3066666666666667
1.193,0.43,0.7,0.4841962625331703,0,0,1,0,0,0,0,8.832258064516127,-59.389555,-0.1061428172493274,-0.1220240698851494,1.4220963172804533,-1.019,0.5742411812961444,0.5198699999999999,-1.2428571428571429
,,1.0,0.6265376096118233,0,0,0,1,0,0,0,0.0,0.0,-0.0389068137902654,-0.0789832160665858,0.0,0.0,0.0973475526387749,-0.0980699999999999,-1.1904761904761905
,0.0736,1.0,2.579917802312367,0,0,0,1,0,0,0,0.0,-172.650555,0.0,4.979941762375495,0.0,0.0,0.0,0.0,0.0
0.16058524,,1.0,0.9107171095789204,0,0,0,1,0,0,0,-0.4999999999999998,0.0,0.1057518045587135,0.0,0.0,0.0,-0.1400054689636314,0.0,0.0
0.25872112,,1.0,1.730276655103254,0,0,0,1,0,0,0,0.3870967741935483,0.0,0.4861410821999296,0.3759201169751427,-0.3172804532577903,0.0,0.8061252392671588,0.0,0.0
,,0.9,6.426423730443849,0,0,0,0,1,0,0,0.0,0.0,15.419444089797096,5.879750553007487,0.0,0.0,-1.4864643150123051,2.30687,-0.761904761904762
0.06869492,,1.0,0.178450173623739,0,0,0,1,0,0,0,-1.3306451612903225,0.0,-0.2378559355308633,-0.2634440181461439,1.3342776203966005,0.0,0.6836204539239814,0.0,1.0952380952380951
0.15987181,,1.0,0.1339296310313308,0,0,0,1,0,0,0,-0.5064516129032256,0.0,-0.2343354352726637,-0.3366284664508792,-0.6881019830028328,0.0,-2.1974295870932457,-1.61027,0.9
1.11498454,,1.0,1.0283118636262942,0,0,0,1,0,0,0,8.12729047580645,0.0,0.2036160216503489,0.0,1.1625779036827195,0.0,1.5515449822258682,0.0,0.0
,0.97,1.0,2.777498957777716,0,0,0,1,0,0,0,0.0,112.24299978999996,0.0,6.2796655710661495,0.0,0.0,0.0,0.0,0.0
0.16504623,,1.0,0.954891040077617,0,0,0,1,0,0,0,-0.4596774193548385,0.0,0.1411714325580042,0.0,0.0,0.0,0.1629751162154771,0.0,-1.0380952380952382
0.27924038,,1.0,0.7756005005922951,0,0,0,1,0,0,0,0.5725806451612901,0.0,0.014267960546684,-0.0104977692240399,0.3286118980169972,0.0,0.0732841126606508,0.0,1.523809523809524
1.363,0.71,1.0,0.1816193550580133,0,0,0,1,0,0,0,10.369226362903223,29.60761396999999,-0.230765211347486,-0.2724421060524639,1.6005665722379605,-0.99,0.1575061525840853,0.19122,0.0
1.425,1.37,1.0,0.0788299797085802,0,0,0,1,0,0,0,10.929675403225804,239.37436259,-0.2875795190124153,-0.3409775422722672,3.322946175637394,-0.7430000000000001,0.9548810500410172,0.5414199999999999,-1.6476190476190475
,,1.0,8.960075849494105,0,0,0,1,0,0,0,0.0,0.0,74.52190159618011,16.497494282464974,0.0,0.0,0.2758107738583537,0.0,0.2171428571428571
1.067,0.752,1.0,0.112372917322334,0,0,0,1,0,0,0,7.693548387096774,42.94744499999999,-0.2638247357832614,-0.3226814301960833,0.9320113314447592,-0.561,-0.3795460760185944,-0.33213,0.1904761904761905
,4.1,1.0,4.10876566019345,0,0,0,1,0,0,0,0.0,1103.949445,0.0,26.475373983028607,0.0,0.0,0.0,0.0,0.0
0.24801541,,1.0,0.5707647549185292,0,0,0,1,0,0,0,0.2903225806451611,0.0,-0.0686451334191774,-0.0909806666083457,0.4220963172804532,0.0,0.3325129887886245,0.0,0.4285714285714286
,,0.7,2.916283681025762,0,0,1,0,0,0,0,0.0,0.0,1.5632740382867856,0.96579476861167,0.0,0.0,0.375170905113481,0.0,0.3333333333333333
0.12545429,,1.0,0.0378001386544196,0,0,0,1,0,0,0,-0.8175688225806449,0.0,-0.3508881093843284,0.0,0.4347308781869689,0.0,-2.454470877768663,0.0,0.0
0.13382127,,1.0,0.309833693086198,0,0,0,1,0,0,0,-0.7419354838709675,0.0,-0.179230904074405,-0.1954584650761713,1.093484419263456,0.0,0.9286300246103364,0.0,-0.4761904761904761
0.0673567,0.00409026,1.0,1.3764856304209476,0,0,0,1,0,0,0,-1.3427419354838708,-194.750555,0.3344618450052991,0.1759626079458115,-0.5552407932011332,13.67,-0.2406343997812414,0.0,-1.619047619047619
0.05888136,,1.0,0.2331779023999554,0,0,0,1,0,0,0,-1.419354838709677,0.0,-0.2067002950943316,-0.2439481610157841,0.6317280453257791,0.0,0.2318840579710145,0.0,0.0
0.6,,1.0,0.7658695990709582,0,0,0,1,0,0,0,3.472096774193548,0.0,0.0,0.0,1.1019830028328612,0.0,1.7802351654361497,0.7603399999999999,0.0
,0.22,0.5,2.706049857615197,0,0,0,0,0,1,0,0.0,-126.12830546,0.0,5.7797717984928205,0.0,0.0,0.0,0.0,0.0
0.20162404,,1.0,0.8741902366241959,0,0,0,1,0,0,0,-0.1290322580645162,0.0,0.0566002758917091,0.025994476173813,0.3626062322946176,0.0,0.2307902652447361,0.0,0.5714285714285715
0.18021264,,1.0,1.5893008418848902,0,0,0,1,0,0,0,-0.3225806451612902,0.0,0.4195032938420635,0.2969369009085569,-0.3342776203966006,0.0,0.2329778506972928,0.0,0.5714285714285715
,,1.0,8.582718725296434,0,0,0,1,0,0,0,0.0,0.0,62.50494763227842,13.378157141607408,-1.948725212464589,0.0,-0.7733114574788078,-0.4945599999999999,0.4761904761904762
0.27136114,,1.0,0.1106808331050802,0,0,0,1,0,0,0,0.5040212096774195,0.0,-0.2528928963904281,-0.3449657497781721,2.5821246458923515,0.0,0.3426852611430136,0.0,0.0
0.28280894,,1.0,0.6895121787812342,0,0,0,1,0,0,0,0.6048387096774193,0.0,-0.007782169891337,-0.0614869340265193,-0.3824362606232294,0.0,-0.3554826360404703,0.0,0.0
0.15255624,,1.0,0.2194049229604396,0,0,0,1,0,0,0,-0.5725806451612901,0.0,-0.2175114083038818,-0.2429483734706375,1.1501416430594902,0.0,0.7251845775225595,0.0,0.0
,,0.5,9.412546252075511,0,0,0,0,0,1,0,0.0,0.0,110.9656884131354,17.477286076708697,0.0,0.0,-2.3024336888159693,-1.6721,0.0
0.13292913,,1.0,0.2323130671785999,0,0,0,1,0,0,0,-0.7499999999999998,0.0,-0.2093067049569897,-0.2404489046077708,0.8130311614730878,0.0,0.4615805304894722,0.0,-0.1904761904761904
0.09724345,,1.0,0.0188137645811925,0,0,0,1,0,0,0,-1.07258064516129,0.0,-0.3313126245515049,-0.4209105565067422,2.946175637393768,0.0,0.3018867924528302,0.0,0.9523809523809524
0.22571148,,1.0,0.4313695736852323,0,0,0,1,0,0,0,0.0887096774193547,0.0,-0.1100202331554401,-0.1699638826749315,-0.4107648725212464,0.0,-0.915504511894996,0.0,-0.1428571428571428
1.741,3.382,0.3,0.1725209209917566,1,0,0,0,0,0,0,13.786184677419357,878.8505049999999,-0.2492850891961503,-0.2479473111963707,4.110481586402266,-0.524,3.437790538692917,1.1306699999999998,-1.2857142857142856
,,1.0,4.407118899100135,0,0,0,1,0,0,0,0.0,0.0,4.688009506338937,2.107052251396578,0.0,0.0,0.1330489472245013,0.0,-1.4557142857142855
,,1.0,3.7866688308954366,0,0,0,1,0,0,0,0.0,0.0,2.69227832350567,1.7906194933576616,0.0,0.0,-0.7984686901832103,1.75033,-0.0476190476190476
0.09545917,,1.0,1.223745887538635,0,0,0,1,0,0,0,-1.0887096774193543,0.0,0.2022955346460407,0.1759626079458115,0.036827195467422,0.0,0.8947224500957068,0.0,0.1904761904761905
0.25604469,,1.0,2.8771616878614727,0,0,0,1,0,0,0,0.3629032258064517,0.0,1.4913818744635088,0.9607958308859366,-0.9036827195467422,0.0,0.0918785890073831,0.0,0.0
,,0.9,8.913512604864689,0,0,0,0,1,0,0,0.0,0.0,68.75900269251063,17.077371058650037,0.0,0.0,-0.8969100355482637,0.8468699999999999,1.0952380952380951
1.339,1.769,1.0,0.0432084776839473,0,0,0,1,0,0,0,10.152299193548386,366.190715,-0.3123277389142034,-0.3763700213704587,3.490084985835694,-0.3600000000000001,0.3970467596390484,0.0,0.761904761904762
0.19894762,0.023283,1.0,0.5048389750915688,0,0,0,1,0,0,0,-0.1532258064516128,-188.650555,-0.1558782719751836,0.0,0.4022662889518413,2.67,0.1400054689636314,0.0,0.3333333333333333
,,1.0,0.6644184337270734,0,0,0,1,0,0,0,0.0,0.0,-0.0120274745287752,-0.0789832160665858,-0.2577903682719547,0.0,-0.2701668033907574,0.0,0.0
0.777,1.338,1.0,1.1397872189152234,0,0,0,1,0,0,0,5.072091129032257,229.205985,0.1691964099265489,0.1349713185947985,0.0084985835694051,2.17,0.2942302433688816,0.12029,1.523809523809524
0.14006626,0.02139519,1.0,0.1508008658772602,0,0,0,1,0,0,0,-0.6854838709677417,-189.250555,-0.2466749413077033,-0.2899383880925303,1.7563739376770535,8.27,0.4670494941208641,0.0,-0.5714285714285715
,,1.0,0.0332065720999784,0,0,0,1,0,0,0,0.0,0.0,-0.3523895227784981,0.0,0.0,0.0,23.979217938200712,0.0,0.0
0.25336827,,1.0,2.96522360321715,0,0,0,1,0,0,0,0.3387096774193547,0.0,1.592977338809172,1.020783083594736,-0.8243626062322946,0.0,0.4298605414273995,0.0,0.5714285714285715
0.11865486,,1.0,0.085309126825016,0,0,0,1,0,0,0,-0.8790322580645159,0.0,-0.2809009552302851,-0.3414274466675831,1.3229461756373937,0.0,0.2592288761279737,0.0,-0.761904761904762
,,0.5,1.8122572796650325,0,0,0,0,0,1,0,0.0,0.0,0.9643909647179516,0.1129759926015722,0.0,0.0,-2.6447908121410992,-2.54177,-1.1904761904761905
,,1.0,9.649981438551483,0,0,0,1,0,0,0,0.0,0.0,112.57013185790704,21.97633002986865,0.0,0.0,0.2253213016133442,0.27972,0.4285714285714286
0.153,0.033,1.0,0.175309376757857,0,0,0,1,0,0,0,-0.5725806451612901,-185.550555,-0.2404737641192866,-0.2629941137508279,1.9121813031161472,8.77,0.661744599398414,0.5058699999999999,0.2038095238095238
0.07404777,,1.0,0.3228922573628324,0,0,0,1,0,0,0,-1.2822580645161288,0.0,-0.1306534010678858,-0.2504467800592374,-1.084985835694051,0.0,-2.2116488925348645,0.0,-0.2380952380952381
1.095,1.03,1.0,0.2187859387027264,0,0,0,1,0,0,0,7.946657258064514,131.31434499999995,-0.2249243626873956,-0.229051326593099,2.5779036827195467,-0.3700000000000001,1.7478807765928357,0.7161799999999999,0.0
0.08653775,,1.0,0.1665432905534794,0,0,0,1,0,0,0,-1.1693548387096773,0.0,-0.2293997156675759,-0.2969369009085569,-0.1331444759206798,0.0,-1.184577522559475,0.0,-0.0952380952380952
0.97243454,0.47824548,0.9,1.6171264239349632,0,0,0,0,1,0,0,6.838709677419354,-44.050555,0.4634507155665318,0.2809403001862104,-1.019830028328612,0.0,-0.9406617445993984,-0.57001,0.5000000000000001
1.22,0.64,1.0,0.3575751386418743,0,0,0,1,0,0,0,9.076577782258065,7.359625480000005,-0.1464994814468992,-0.1939587837584513,1.708215297450425,-0.9000000000000001,0.7361225047853431,0.0,0.0
,,1.0,5.917451982479741,0,0,0,1,0,0,0,0.0,0.0,11.529487657257633,4.580026744316832,0.0,0.0,0.4418922614164616,0.0,-0.761904761904762
0.14185054,,1.0,0.3734915965679952,0,0,0,1,0,0,0,-0.6693548387096772,0.0,-0.1481663017235543,-0.1739630328555181,0.4532577903682719,0.0,0.4517363959529669,0.0,0.0
,,0.9,0.8940819320653215,0,0,0,0,1,0,0,0.0,0.0,0.0963543173527359,-0.0039991501805866,0.0,0.0,-0.4068908941755537,-0.38207,-2.8095238095238093
1.44,1.17,1.0,0.2105905178391393,0,0,0,1,0,0,0,11.065290322580642,175.81054500000002,-0.2279109064592373,-0.2349500731094642,3.5410764872521248,0.0,1.338802296964725,0.69526,0.1904761904761905
0.25069184,,1.0,1.973533858682149,0,0,0,1,0,0,0,0.3145161290322581,0.0,0.6275955749271471,0.5048927102990615,-0.4192634560906516,0.0,0.7897183483729833,0.0,1.0952380952380951
0.10973344,,1.0,0.3491556166140071,0,0,0,1,0,0,0,-0.9596774193548384,0.0,-0.1250817603362065,-0.2314508167014509,-0.9688385269121812,0.0,-1.9863275909215203,0.0,-0.9047619047619048
0.11865486,,1.0,0.1048416511389102,0,0,0,1,0,0,0,-0.8790322580645159,0.0,-0.2657468230119796,-0.3329292525338366,0.8668555240793201,0.0,-0.3029805851791086,0.0,-0.6666666666666667
,20.87,1.0,3.6434833685377215,0,0,0,1,0,0,0,0.0,6437.0282990900005,11.379520983349703,0.0,0.0,0.0,-2.3297785069729287,-1.79907,-0.761904761904762
,,0.5,0.2930561064291628,0,0,0,0,0,1,0,0.0,0.0,-0.1674292824652261,-0.2339502855643175,0.0,0.0,-2.0344544708777685,-1.31992,-1.3333333333333333
0.868,0.64,0.9,1.638928520117439,0,0,0,0,1,0,0,5.894673588709676,7.359625480000005,0.4273902925016456,0.3404276591224364,0.0,-0.1300000000000001,-0.5764287667487011,0.00642,0.5714285714285715
0.09724345,,1.0,0.0715107246700995,0,0,0,1,0,0,0,-1.07258064516129,0.0,-0.2878923293941127,-0.3574240473899296,1.3569405099150142,0.0,0.189226141646158,0.0,-1.7142857142857142
0.19894762,,1.0,1.192925634610729,0,0,0,1,0,0,0,-0.1532258064516128,0.0,0.1725931542228541,0.182961120761838,0.4192634560906516,0.0,0.6081487558107739,0.0,1.809523809523809
1.17,2.2,0.7,0.4381769924101567,0,0,1,0,0,0,0,8.620967741935482,503.149445,-0.1379766123807848,-0.1189747178724521,2.2917847025495752,0.3499999999999998,1.0205086136177195,0.0,0.5714285714285715
0.69051774,,1.0,1.3196839664562794,0,0,0,1,0,0,0,4.290322580645161,0.0,0.2679585759035734,0.1924591024407313,-0.4249291784702549,0.0,0.2209461307082308,0.0,0.6666666666666666
,0.01029,1.0,3.79289455065648,0,0,0,1,0,0,0,0.0,-192.781555,0.0,19.04195358486321,0.0,0.0,0.0,0.0,0.0
0.17842836,,1.0,0.4349213173849651,0,0,0,1,0,0,0,-0.3387096774193547,0.0,-0.1219572923845409,-0.1489683442268518,0.2379603399433427,0.0,0.3040743779053869,0.0,0.0
,0.01393834,1.0,2.644971175023385,0,0,0,1,0,0,0,0.0,-191.620555,0.0,5.3798567804341575,0.0,0.0,0.0,0.0,0.0
0.42911946,,1.0,0.4217811768349835,0,0,0,1,0,0,0,1.927419354838709,0.0,-0.0890401050029374,-0.2054563405276378,-0.9150141643059492,0.0,-1.955701394585726,0.0,-1.6666666666666663
,,0.7,3.425965438561005,0,0,1,0,0,0,0,0.0,0.0,2.1739448596131257,1.4007023507504657,-0.3626062322946176,0.0,0.4626743232157506,0.0,0.0333333333333333
0.21411403,,1.0,0.9146899522630648,0,0,0,1,0,0,0,-0.0161290322580645,0.0,0.0859484253265343,0.0264943699463863,-0.3739376770538243,0.0,-0.0175006836204539,0.0,-0.1904761904761904
0.19359477,,1.0,1.389581158319212,0,0,0,1,0,0,0,-0.2016129032258064,0.0,0.3371897393963461,0.1854605896247047,-0.6713881019830028,0.0,-0.2198523379819524,0.0,-0.6666666666666667
0.16058524,,1.0,0.3048491709675147,0,0,0,1,0,0,0,-0.4999999999999998,0.0,-0.1553795847575536,-0.2379494357449042,-0.291784702549575,0.0,-1.4427126059611703,0.0,-1.3333333333333333
0.161,0.006,1.0,0.6614784274367599,0,0,0,1,0,0,0,-0.4999999999999998,-194.150555,-0.0256521463118256,-0.063986402889386,0.0,0.3899999999999999,0.0940661744599398,0.0,0.0
0.0918906,,1.0,0.2223045087844523,0,0,0,1,0,0,0,-1.1209677419354835,0.0,-0.2080668601521696,-0.255945611557544,0.405099150141643,0.0,0.0065627563576702,0.0,-1.142857142857143
0.22481973,,1.0,1.2808841218703115,0,0,0,1,0,0,0,0.0806451612903226,0.0,0.2698805785552014,0.1534673881800117,-0.7847025495750708,0.0,-0.6059611703582172,0.0,1.0952380952380951
,,1.0,1.5369463196965762,0,0,0,1,0,0,0,0.0,0.0,0.3526883880253922,0.3159328642663434,0.0,0.0,0.0,0.0,0.0
0.25069184,,1.0,2.977674748250632,0,0,0,1,0,0,0,0.3145161290322581,0.0,1.6009616551496153,1.0347801092267894,-0.6883852691218131,0.0,0.5753349740224227,0.0,0.1904761904761905
0.13382127,,1.0,0.1632559305692533,0,0,0,1,0,0,0,-0.7419354838709675,0.0,-0.2381649457718899,-0.286439131684517,0.6487252124645893,0.0,-0.0175006836204539,0.0,-0.1904761904761904
0.20519261,0.04971236,0.9,2.6966220093704143,0,0,0,0,1,0,0,-0.0967741935483871,-180.250555,1.3989492327353406,0.7658372595823387,-1.3654390934844192,5.67,-1.258955427946404,-0.7087800000000001,-0.2857142857142857
,,1.0,0.8217577507726602,0,0,0,1,0,0,0,0.0,0.0,0.0448942496424691,-0.0074984065885999,0.0,0.0,-0.2007875307629201,0.0,1.031904761904762
0.12936056,,1.0,0.1620380701407432,0,0,0,1,0,0,0,-0.7822580645161289,0.0,-0.233022608919665,-0.2974367946811302,0.4135977337110481,0.0,-0.4364232977850697,0.0,-1.142857142857143
,,1.0,9.59445299638096,0,0,0,1,0,0,0,0.0,0.0,108.47716388655088,21.56141819863279,0.0,0.0,0.2329778506972928,0.154,0.5238095238095238
0.18199692,,0.5,0.5822164958299336,0,0,0,0,0,1,0,-0.3064516129032256,0.0,-0.0190562465666257,-0.1429696189559718,-0.9150141643059492,0.0,-1.943669674596664,-1.3116,-2.2857142857142856
,,1.0,6.073109021421974,0,0,0,1,0,0,0,0.0,0.0,11.860198814468337,5.279878025919492,0.0,0.0,-0.555646704949412,0.0,-0.6190476190476191
0.21498325,0.02139519,1.0,0.279079318648664,0,0,0,1,0,0,0,-0.008271701612903,-189.250555,-0.174815223260129,-0.2389492232900508,-0.2706232294617563,1.2999999999999998,-1.0500410172272354,-0.6742800000000001,0.1761904761904762
0.22303545,,1.0,2.4071712286970945,0,0,0,1,0,0,0,0.0645161290322581,0.0,1.0038769727686565,0.6908531936963395,-0.6203966005665722,0.0,0.6748701121137545,0.0,0.0
1.395,2.26,1.0,0.0315899881220339,0,0,0,1,0,0,0,10.658512096774192,522.245245,-0.318885541313526,-0.3999150180586625,3.8385269121813033,-0.3,0.5993984140005469,0.21687,-0.9952380952380954
,,1.0,3.2453734416043587,0,0,0,1,0,0,0,0.0,0.0,1.9784974530449255,1.2057437794468673,0.0,0.0,0.0995351380913316,0.0,1.4523809523809523
0.14898768,,1.0,0.5352888776521532,0,0,0,1,0,0,0,-0.6048387096774193,0.0,-0.0860911012784542,-0.1004786482872389,0.3937677053824363,0.0,0.6409625375991249,0.0,-0.2857142857142857
,,1.0,5.301477368478686,0,0,0,1,0,0,0,0.0,0.0,7.911303643141344,3.430271067398178,0.0,0.0,0.1936013125512715,0.0,1.4761904761904765
,14.1,1.0,8.832334387598465,0,0,0,1,0,0,0,0.0,4285.3299837,68.0320915807978,15.877626004474047,0.0,0.0,0.4604867377631939,0.0,0.5238095238095238
0.08029276,,1.0,0.154122004889279,0,0,0,1,0,0,0,-1.225806451612903,0.0,-0.2446847628089387,-0.2884387067748103,1.660056657223796,0.0,0.2428219852337982,0.0,0.0
0.31925602,,1.0,0.90054159926635,0,0,0,1,0,0,0,0.9343070403225804,0.0,0.0978121998003893,0.0,0.0,0.0,0.4265791632485644,0.0,0.2857142857142857
0.14452697,,1.0,1.180080371519313,0,0,0,1,0,0,0,-0.6451612903225804,0.0,0.1958181541557938,0.1414699376382518,-0.1189801699716713,0.0,0.8422203992343451,0.0,-1.523809523809524
0.14541911,,1.0,0.6923710791531454,0,0,0,1,0,0,0,-0.6370967741935483,0.0,-0.0321402199264757,-0.0249946886286664,0.6883852691218131,0.0,0.5370522286026798,0.0,1.1428571428571428
,0.06849608,1.0,3.845683118143019,0,0,0,1,0,0,0,0.0,-174.280555,0.0,20.12672307134734,0.0,0.0,0.0,0.0,0.0
0.12133128,,1.0,3.8080743924287206,0,0,0,1,0,0,0,-0.854838709677419,0.0,2.9752441579931657,1.6416511491308097,-1.084985835694051,0.0,0.6923707957342083,0.0,-0.761904761904762
1.80569496,,1.0,0.3594871540754589,0,0,0,1,0,0,0,14.370967741935482,0.0,-0.181440865293827,-0.1289725933239186,4.317280453257791,0.0,1.9480448455017771,0.0,-0.2857142857142857
0.18467335,,1.0,0.0975590353672269,0,0,0,1,0,0,0,-0.282258064516129,0.0,-0.2776596171950654,-0.3224314833097966,1.7563739376770535,0.0,0.623461853978671,0.0,1.0952380952380951
0.04103852,0.00346099,1.0,0.2561088459540241,0,0,0,1,0,0,0,-1.5806451612903225,-194.950555,-0.1899253804668315,-0.2428983840933801,0.1303116147308781,60.67,-0.7306535411539513,0.0,0.6190476190476191
,21.0,1.0,10.51324821639226,0,0,0,1,0,0,0,0.0,6478.3459920000005,0.0,16590.95542197283,4.804532577903683,0.0,0.0,0.0,0.0
,,1.0,1.1206617363770717,0,0,0,1,0,0,0,0.0,0.0,0.4925536169800127,-0.123473761825612,-1.847025495750708,0.0,-2.7815149029258954,-3.11459,-0.4285714285714285
1.24,10.2,1.0,0.0188757205323694,0,0,0,1,0,0,0,9.257367798387095,3045.7991964000003,-0.3322137371606653,-0.417711236362273,4.583569405099151,5.27,0.9351927809680064,0.455,0.6047619047619048
,,0.5,1.4923308982237196,0,0,0,0,0,1,0,0.0,0.0,0.4375441274449859,0.1859604833972779,-1.1898016997167138,0.0,-1.719442165709598,-1.0744,-0.0476190476190476
0.12311557,,1.0,0.0279759474691762,0,0,0,1,0,0,0,-0.8387096774193548,0.0,-0.3208144490640717,-0.4089131059649825,1.7478753541076488,0.0,-0.1454744325950232,0.0,0.0
0.16058552,,1.0,0.6757082651261976,0,0,0,1,0,0,0,-0.4999999999999998,0.0,-0.023860007869261,-0.0529887398927727,0.1388101983002833,0.0,0.345638501503965,0.0,0.0
0.10616487,,1.0,0.2201146758241322,0,0,0,1,0,0,0,-0.9919354838709676,0.0,-0.2161888122000542,-0.2444480547883575,1.0679886685552409,0.0,0.6923707957342083,0.0,-0.380952380952381
0.2007319,,1.0,0.733425624503347,0,0,0,1,0,0,0,-0.1370967741935483,0.0,0.0221261166176155,-0.0589874651636527,-0.6373937677053825,0.0,-0.6956521739130435,0.0,0.0
,0.01352925,1.0,3.217077568974813,0,0,0,1,0,0,0,0.0,-191.750555,1.8157905158731984,1.2807278453328663,0.0,0.0,0.0,0.0,0.0
0.51744223,,1.0,4.162188937233967,0,0,0,1,0,0,0,2.7258064516129026,0.0,3.825132532983397,1.951585288126273,-1.2889518413597734,0.0,0.4189226141646158,0.0,-0.8571428571428573
,,1.0,6.236203235858781,0,0,0,1,0,0,0,0.0,0.0,13.667653798056657,5.42984615769149,0.0,0.0,-1.3639595296691276,0.0,-2.333333333333333
,0.45307467,1.0,3.221252487207494,0,0,0,1,0,0,0,0.0,-52.050555,0.0,10.328805128910105,0.0,0.0,0.0,0.0,0.0
,,1.0,1.698071306575716,0,0,0,1,0,0,0,0.0,0.0,1.0449405743942408,0.0,0.0,0.0,26.236806125239266,0.0,0.0
1.0549755,,1.0,0.4740335245490388,0,0,0,1,0,0,0,7.584838709677419,0.0,-0.1717321378341534,0.0,1.0056657223796035,0.0,0.1421930544161881,0.0,0.0
0.13738983,,1.0,0.3107604501936513,0,0,0,1,0,0,0,-0.7096774193548385,0.0,-0.1774438137348175,-0.1974580401664646,1.4872521246458923,0.0,0.3532950505879136,0.0,0.0
0.1900262,,1.0,3.571519215200787,0,0,0,1,0,0,0,-0.2338709677419354,0.0,2.641925321772296,1.3642101053526123,-1.28328611898017,0.0,0.012031719989062,0.0,-1.3333333333333333
,,0.9,5.8178013978846685,0,0,0,0,1,0,0,0.0,0.0,9.80061765871935,4.879963007860829,0.0,0.0,-0.7558107738583538,1.8365,-0.6666666666666667
0.12133128,,1.0,0.3424114235323034,0,0,0,1,0,0,0,-0.854838709677419,0.0,-0.1364206228006079,-0.223952410112851,-0.5410764872521246,0.0,-1.2206726825266612,0.0,-2.761904761904762
0.20251618,,1.0,1.7652074200745629,0,0,0,1,0,0,0,-0.1209677419354837,0.0,0.5813960610993031,0.3204319082195033,-0.906515580736544,0.0,-0.4659557013945857,0.0,-0.6666666666666667
,0.71,1.0,3.277176392491009,0,0,0,1,0,0,0,0.0,33.949445,0.0,10.978667033255432,-2.0651558073654392,0.0,0.0,0.0,0.0
0.19627119,,1.0,3.402202509685031,0,0,0,1,0,0,0,-0.1774193548387094,0.0,2.2995826044618743,1.2657310321556667,-1.246458923512748,0.0,0.0054689636313918,0.0,0.0
,,1.0,0.4030181433971118,0,0,0,1,0,0,0,0.0,0.0,-0.1240428396565376,-0.1789619705812514,0.0,0.0,0.0,0.0,0.0
,10.5,1.0,10.16963312039488,0,0,0,1,0,0,0,0.0,3141.049445,328.3022876921478,12.478348350975416,-1.2492917847025495,0.0,-5.465135356849877,0.0,0.0
,,0.9,6.759466849207449,0,0,0,0,1,0,0,0.0,0.0,18.53664849678195,6.93952535086294,0.0,0.0,-0.7240907847962811,0.83687,1.1428571428571428
0.17575193,,1.0,1.7114250894231573,0,0,0,1,0,0,0,-0.3629032258064515,0.0,0.571845273251427,0.2754414686879038,-1.113314447592068,0.0,-1.045665846322122,0.0,-1.0476190476190477
0.23552543,,1.0,2.806580047022945,0,0,0,1,0,0,0,0.1774193548387098,0.0,1.426384492004198,0.9038079408125772,-0.773371104815864,0.0,0.1903199343724364,0.0,0.8571428571428571
,,0.5,9.49053754532876,0,0,0,0,0,1,0,0.0,0.0,113.51210387870682,18.50206831048402,0.0,0.0,0.0,0.0,0.0
0.11597843,,1.0,0.2283022487404235,0,0,0,1,0,0,0,-0.9032258064516128,0.0,-0.212003981000674,-0.2409487983803442,1.1218130311614731,0.0,0.6037735849056604,0.0,0.0
0.27834824,,1.0,1.210001443017633,0,0,0,1,0,0,0,0.5645161290322581,0.0,0.2203211129387403,0.1414699376382518,-0.3172804532577903,0.0,0.4232977850697292,0.0,-0.9523809523809524
1.26,0.52,1.0,0.1998088620085479,0,0,0,1,0,0,0,9.43548387096774,-30.79055500000001,-0.225361478569239,-0.255945611557544,2.235127478753541,-1.05,0.0142193054416188,0.0,0.1428571428571428
0.10348845,,1.0,0.7842112310301947,0,0,0,1,0,0,0,-1.0161290322580645,0.0,0.0118371482437328,0.0009997875451466,0.3994334277620396,0.0,0.8312824719715614,0.0,0.0
,,0.5,0.3505329202695472,0,0,0,0,0,1,0,0.0,0.0,-0.1369448570145654,-0.2149543222065311,-0.6260623229461756,0.0,-1.870385561936013,-1.0931300000000002,-0.0952380952380952
,,1.0,7.516237418660835,0,0,0,1,0,0,0,0.0,0.0,28.549685341907672,9.87890073359411,0.0,0.0,-0.5239267158873393,1.19087,-0.0476190476190476
,,1.0,4.429434176795144,0,0,0,1,0,0,0,0.0,0.0,4.535751097804488,2.250521764125124,-1.3427762039660056,0.0,0.1640689089417555,0.0181,-0.3333333333333333
,14.0,0.5,8.91321455016516,0,0,0,0,0,1,0,0.0,4253.569445,0.0,3348.7693865053675,0.0,0.0,-3.146841673502871,-1.92313,0.0
0.24177042,,1.0,0.0902585234478866,0,0,0,1,0,0,0,0.2338709677419354,0.0,-0.28034302737655,-0.3319294649886898,1.688385269121813,0.0,0.4965818977303801,0.0,0.4285714285714286
0.25247612,,1.0,1.8594237343937283,0,0,0,1,0,0,0,0.3306451612903226,0.0,0.6083458645699508,0.3944161865603559,-0.4730878186968839,0.0,0.4145474432595023,0.0,-1.238095238095238
,0.27,1.0,3.951275986906953,0,0,0,1,0,0,0,0.0,-110.050555,0.0,22.47622380244198,-2.130311614730878,0.0,0.0,0.0,0.0
1.23,0.29,1.0,0.6608721264541343,0,0,0,1,0,0,0,9.169354838709674,-103.880555,-0.0260747370689322,-0.063986402889386,0.8186968838526912,-1.1700000000000002,0.2439157779600765,0.31687,-0.8095238095238096
0.74601788,,1.0,0.3779461072823264,0,0,0,1,0,0,0,4.792016129032257,0.0,-0.2181590271656791,0.0,1.3654390934844192,0.0,1.1123872026251025,0.0,0.0
0.07583205,,1.0,0.0340438613337149,0,0,0,1,0,0,0,-1.2661290322580645,0.0,-0.3114987992137255,-0.4089131059649825,0.1643059490084986,0.0,-1.775225594749795,0.0,-0.380952380952381
1.00722634,0.62926722,1.0,2.097973312760627,0,0,0,1,0,0,0,7.153225806451611,3.949444999999997,0.7684524019931891,0.5153904795231012,-0.8895184135977338,-0.5700000000000001,-0.6026797921793821,0.0,1.6190476190476193
0.18734977,,1.0,1.3316872529826187,0,0,0,1,0,0,0,-0.2580645161290321,0.0,0.2847299233293958,0.1854605896247047,-0.291784702549575,0.0,0.1859447634673229,0.0,0.0
0.1025963,,1.0,2.1536286290840425,0,0,0,1,0,0,0,-1.0241935483870963,0.0,0.8751846262766381,0.4878963220315682,-1.1841359773371103,0.0,-0.9351927809680064,0.0,0.4285714285714286
0.19627119,,1.0,1.1949775934504283,0,0,0,1,0,0,0,-0.1774193548387094,0.0,0.240357045770241,0.1059774797855455,-0.6968838526912181,0.0,-0.4768936286573694,0.0,0.0
0.17129122,,1.0,0.1277396643995107,0,0,0,1,0,0,0,-0.4032258064516128,0.0,-0.2568125648235027,-0.3089343514503168,0.5977337110481586,0.0,-0.4407984686901832,0.0,0.0
0.07303448,,1.0,0.0575046401078276,0,0,0,1,0,0,0,-1.2914165645161286,0.0,-0.3443688445105973,0.0,0.0,0.0,-0.197976483456385,0.0,0.3333333333333333
0.1900262,,1.0,0.7859841806404427,0,0,0,1,0,0,0,-0.2338709677419354,0.0,0.0208119386028739,-0.0094979816788932,-0.0396600566572237,0.0,0.4156412359857807,0.0,-0.2857142857142857
0.21563067,,1.0,0.3153999376157899,0,0,0,1,0,0,0,-0.0024193548387097,0.0,-0.2460690805423369,0.0,0.0,0.0,-0.2078206179928903,0.0,0.6190476190476191
0.23079708,0.03020498,0.9,0.4975329158887591,0,0,0,0,1,0,0,0.1346774193548389,-186.450555,-0.0815931953571331,-0.1439694065011185,-0.4135977337110481,1.73,-1.1211375444353295,0.0,-1.257142857142857
,20.0,1.0,8.780980689237255,0,0,0,1,0,0,0,0.0,6160.5175850000005,0.0,2933.857555269505,4.801699716713881,0.0,0.0,0.0,0.0
,,1.0,2.3223877202902257,0,0,0,1,0,0,0,0.0,0.0,0.946709343081693,0.6308659409875401,0.0,0.0,0.2329778506972928,0.0,-0.0952380952380952
,,1.0,2.443634206608757,0,0,0,1,0,0,0,0.0,0.0,1.3935632143224737,0.4609020583126085,-1.6855524079320112,0.0,-2.4446267432321576,-1.7828,0.4285714285714286
0.12905366,,1.0,0.2282809504847628,0,0,0,1,0,0,0,-0.7850322580645159,0.0,-0.2821468711692056,0.0,1.56657223796034,0.0,-0.178616352201258,0.0,0.0
0.21054546,,1.0,2.913698744783373,0,0,0,1,0,0,0,-0.0483870967741935,0.0,1.6153017810084331,0.9228039041703636,-1.1926345609065157,0.0,-0.2439157779600765,0.0,-0.2857142857142857
0.17485979,,1.0,2.018073707264951,0,0,0,1,0,0,0,-0.3709677419354837,0.0,0.830335130783155,0.3759201169751427,-1.3739376770538243,0.0,-1.4820891441071915,0.0,0.0
0.08832204,,1.0,0.0761623359597553,0,0,0,1,0,0,0,-1.1532258064516123,0.0,-0.3380763810389218,0.0,0.0,0.0,0.0470330872299699,0.0,1.4285714285714288
,,1.0,3.3913237305356887,0,0,0,1,0,0,0,0.0,0.0,2.472305852853105,1.138258120149468,0.0,0.0,-1.587027618266338,0.0,0.6380952380952382
0.27299538,,1.0,4.679787480286695,0,0,0,1,0,0,0,0.5161290322580645,0.0,5.371663513030998,2.5279628079033207,-1.3172804532577904,0.0,-0.0875034181022696,0.0,1.6190476190476193
1.0,2.11,0.9,0.0303624260940408,0,0,0,0,1,0,0,7.087887661290321,474.56738377,-0.3160903487059068,-0.4114125748278491,0.7025495750708215,1.27,-1.7981952420016407,-0.93174,1.3809523809523812
,,1.0,5.993307847186065,0,0,0,1,0,0,0,0.0,0.0,12.469232776043569,4.580026744316832,0.0,0.0,0.3532950505879136,0.0,-2.333333333333333
0.09010632,,1.0,0.4554488574668593,0,0,0,1,0,0,0,-1.137096774193548,0.0,-0.0733280722719228,-0.1929589962133047,-1.0623229461756374,0.0,-2.02679792179382,0.0,-0.8571428571428573
,,1.0,2.119450345650262,0,0,0,1,0,0,0,0.0,0.0,0.7798799685692156,0.5303872927003012,0.0,0.0,0.2176647525293956,0.0,0.9523809523809524
0.901,0.428,0.9,0.3925818105859473,0,0,0,0,1,0,0,6.192977104838708,-60.0199968,-0.1294623745655285,-0.1819613332166914,-0.3654390934844193,-0.6000000000000001,-0.974569319114028,-0.54825,0.8095238095238095
0.1552324,,1.0,0.8912416192752062,0,0,0,1,0,0,0,-0.5483870967741934,0.0,0.0893186691286936,0.0014996813177199,-0.4872521246458923,0.0,-0.4648619086683073,0.0,-0.3333333333333333
,,1.0,7.456165357383355,0,0,0,1,0,0,0,0.0,0.0,31.575534703771854,8.344726745566566,0.0,0.0,-0.7080885972108284,-0.4293099999999999,2.005714285714286
,,1.0,2.2185929792565977,0,0,0,1,0,0,0,0.0,0.0,0.8843554318188646,0.5563817688741143,0.0,0.0,0.0093738036642053,0.0,0.2261904761904762
0.28726965,,1.0,1.4754403591438616,0,0,0,1,0,0,0,0.6451612903225807,0.0,0.3149422286230746,0.2954372195908368,0.4419263456090651,0.0,0.0995351380913316,0.0,0.761904761904762
0.14274268,,1.0,0.0202823296715756,0,0,0,1,0,0,0,-0.6612903225806449,0.0,-0.3277298753584851,-0.4239099191421823,1.9971671388101984,0.0,-0.366420563303254,0.0,0.0
0.22125116,,1.0,2.6791526051140573,0,0,0,1,0,0,0,0.0483870967741935,0.0,1.2293003108186271,0.8763137833210443,-0.6260623229461756,0.0,0.5447087776866284,0.0,1.6190476190476193
0.12498906,0.00956491,1.0,0.0388577227677419,0,0,0,1,0,0,0,-0.8217741935483869,-193.010555,-0.301465139441948,-0.4135621180499144,-0.3611898016997167,4.77,-2.407437790538693,-1.76523,0.0476190476190476
0.23124275,0.05254381,0.9,0.8819016993300145,0,0,0,0,1,0,0,0.1387096774193549,-179.350555,0.0909106699508322,-0.0084981941337466,-0.4844192634560906,3.87,-0.6201804757998359,0.0,-1.523809523809524
0.14185054,,1.0,0.7537364389214535,0,0,0,1,0,0,0,-0.6693548387096772,0.0,0.0317532812124618,-0.0524888461201995,-0.4504249291784702,0.0,-0.1848509707410445,0.0,-2.6666666666666665
0.24801541,,1.0,0.1998607604315994,0,0,0,1,0,0,0,0.2903225806451611,0.0,-0.2226530643154424,-0.2609445492832773,0.5297450424929179,0.0,-0.0787530762920426,0.0,1.0952380952380951
0.1025963,,1.0,1.054974109408359,0,0,0,1,0,0,0,-1.0241935483870963,0.0,0.1503016365128295,0.0779834285214392,0.0,0.0,0.4670494941208641,0.0,-1.7142857142857142
0.06691063,,1.0,0.1914949984286763,0,0,0,1,0,0,0,-1.3467741935483868,0.0,-0.2341065555213931,-0.2509466738318107,2.1756373937677056,0.0,1.2414547443259505,0.0,-0.1904761904761904
,2.64,0.9,3.3613879459630924,0,0,0,0,1,0,0,0.0,643.0164394799999,0.0,12.02844395565942,0.0,0.0,0.0,0.0,0.0
0.2605054,,1.0,1.2662028331288044,0,0,0,1,0,0,0,0.4032258064516128,0.0,0.2534415325519935,0.1574665383605983,-0.5070821529745042,0.0,0.1203171998906207,0.0,-0.4761904761904761
,23.7,1.0,7.112229640417225,0,0,0,1,0,0,0,0.0,7336.520445,24.522204858093204,7.544396815676667,0.0,0.0,0.0,0.0,0.0
0.2497997,,1.0,3.495045926473449,0,0,0,1,0,0,0,0.3064516129032256,0.0,2.4062067973115,1.3697089368509192,-1.2606232294617563,0.0,-0.1739130434782608,0.0,1.809523809523809
0.20519261,,1.0,0.4353231293183418,0,0,0,1,0,0,0,-0.0967741935483871,0.0,-0.1125427943780058,-0.1624654760863316,-0.1104815864022662,0.0,-0.1837571780147662,0.0,-1.3333333333333333
0.20430047,0.02611472,1.0,0.6955325304494833,0,0,0,1,0,0,0,-0.1048387096774192,-187.750555,-0.0172327474760271,-0.0432908007048502,0.2974504249291784,2.47,0.168444079846869,0.0643,1.3333333333333337
,,0.5,7.234900583254093,0,0,0,0,0,1,0,0.0,0.0,39.55158324891305,5.164902458227626,-2.139093484419264,0.0,0.0,0.0,0.0
0.12400771,,1.0,0.0096614935349728,0,0,0,1,0,0,0,-0.8306451612903225,0.0,-0.3406540256536522,-0.447904820225702,2.2691218130311617,0.0,-0.6125239267158873,0.0,0.1904761904761905
,,1.0,9.268061960536809,0,0,0,1,0,0,0,0.0,0.0,92.6291919014598,18.127147981054023,0.0,0.0,-0.682526661197703,-0.43657,1.1428571428571428
,0.0211,1.0,2.3959469369331905,0,0,0,1,0,0,0,0.0,-189.350555,0.0,3.980154217228839,0.0,0.0,0.0,0.0,0.0
,11.4,1.0,8.752554599811669,0,0,0,1,0,0,0,0.0,3427.1932848,61.52263531915294,16.212554832098178,0.0,0.0,-0.0109379272627837,0.0,0.380952380952381
,,1.0,8.726477140623865,0,0,0,1,0,0,0,0.0,0.0,62.99610378884116,15.402726920529386,0.0,0.0,-0.2531036368608145,0.0,0.7504761904761904
0.1284682,,0.5,0.1700557566579482,0,0,0,0,0,1,0,-0.7903225806451611,0.0,-0.1850422077270535,-0.3484259594836097,-1.198300283286119,0.0,-2.586819797648346,-2.36035,0.0
0.23463288,0.02932385,1.0,0.806864660812112,0,0,0,1,0,0,0,0.1693548387096773,-186.730555,0.0388464801679933,-0.0134971318594799,-0.0311614730878186,1.4899999999999998,-0.138911676237353,0.0,0.1428571428571428
0.21411403,,1.0,1.3648300577177022,0,0,0,1,0,0,0,-0.0161290322580645,0.0,0.3030440385098917,0.1974580401664646,-0.3711048158640226,0.0,0.2439157779600765,0.0,-0.2857142857142857
0.32652389,,1.0,2.0080971660682345,0,0,0,1,0,0,0,1.0,0.0,0.6777118865440493,0.4953947286201681,-0.1671388101983003,0.0,0.3532950505879136,0.0,0.0
0.50406011,,1.0,0.4258108740216482,0,0,0,1,0,0,0,2.604838709677419,0.0,-0.1955895242392882,0.0,1.611898016997167,0.0,1.0117582718074924,0.0,0.9047619047619048
0.45410017,0.04436356,1.0,1.0577563689196228,0,0,0,1,0,0,0,2.1532258064516125,-181.950555,0.163071037779336,0.0659859779796793,-0.4985835694050991,-0.7400430000000001,-0.3128247197156139,0.0,-0.1142857142857142
1.0929629,1.12324761,1.0,0.3588765030480548,0,0,0,1,0,0,0,7.928225806451612,160.949445,-0.2268542003602645,0.0,0.9490084985835694,-0.3600000000000001,-0.1104730653541154,0.0,1.8571428571428568
0.13382127,,1.0,1.698639131978033,0,0,0,1,0,0,0,-0.7419354838709675,0.0,0.4641656686630194,0.3649224539785295,-0.1189801699716713,0.0,0.9351927809680064,0.0,-0.5714285714285715
,,0.9,2.756810256881881,0,0,0,0,1,0,0,0.0,0.0,1.4642569571237372,0.8023295049801915,0.0,0.0,-0.6650259775772491,0.0,-0.1904761904761904
1.53,0.899,1.0,0.0977143819473818,0,0,0,1,0,0,0,11.878822959677418,89.67718289000001,-0.2776255820052965,-0.32218153642351,2.770538243626062,-1.11,0.7219031993437244,0.44847,0.0333333333333333
,,1.0,6.371102948534108,0,0,0,1,0,0,0,0.0,0.0,15.350682227878307,5.561318219878275,-1.2492917847025495,0.0,0.2428219852337982,0.0,-0.0476190476190476
0.22928044,,1.0,2.793947955393752,0,0,0,1,0,0,0,0.1209677419354837,0.0,1.3919949330683226,0.9123061349463238,-0.7988668555240793,0.0,0.8115942028985508,0.0,-0.9523809523809524
,,1.0,1.5047129281167766,0,0,0,1,0,0,0,0.0,0.0,0.3538144453736718,0.2809403001862104,0.0,0.0,0.0,0.0,0.0
0.10973344,,1.0,0.036188274804416,0,0,0,1,0,0,0,-0.9596774193548384,0.0,-0.307942643114159,-0.4094129997375557,-0.1728045325779036,0.0,-2.0869565217391304,0.0,0.0
,,1.0,7.495697487342301,0,0,0,1,0,0,0,0.0,0.0,30.80900366209628,8.929102565704786,0.0,0.0,-0.10062893081761,0.0,1.3333333333333337
,9.42,0.9,10.621888164008205,0,0,0,0,1,0,0,0.0,2797.89303894,207.8871699748494,31.724258595048557,0.0,0.0,-0.4561115668580804,0.0,0.2857142857142857
,,1.0,2.921373423779264,0,0,0,1,0,0,0,0.0,0.0,1.6163189031955616,0.933801567166977,-0.9053824362606232,0.0,0.0634399781241454,0.0,-0.5714285714285715
,24.662,0.9,9.846399963070429,0,0,0,0,1,0,0,0.0,7642.272905,103.92021706596177,29.12980991539298,0.0,0.0,-0.7558107738583538,2.06549,0.380952380952381
0.22660401,,1.0,0.3507593638198186,0,0,0,1,0,0,0,0.0967741935483871,0.0,-0.1545989211231415,-0.188959846032718,0.3002832861189802,0.0,0.2296964725184577,0.0,-0.761904761904762
0.52904008,0.06390241,0.9,0.273113919340437,0,0,0,0,1,0,0,2.830645161290322,-175.740555,-0.1857443645684756,-0.2289513478385842,0.2719546742209632,-0.8300000000000001,-0.6748701121137545,0.0,1.8571428571428568
0.24890713,,1.0,1.6183358084838737,0,0,0,1,0,0,0,0.2983870967741935,0.0,0.51056267605398,0.2389492232900509,-0.4815864022662889,0.0,-0.1498496035001367,0.0,0.0
0.08564561,,1.0,0.0111437723517419,0,0,0,1,0,0,0,-1.1774193548387095,0.0,-0.337200300792668,-0.447904820225702,1.2237960339943343,0.0,-1.4427126059611703,0.0,-0.761904761904762
0.08475347,,1.0,0.0463655945755747,0,0,0,1,0,0,0,-1.1854838709677418,0.0,-0.2996147260417696,-0.3964157616506492,-0.0481586402266288,0.0,-1.7861635220125789,0.0,-1.619047619047619
0.14541911,,1.0,1.2245277747116547,0,0,0,1,0,0,0,-0.6370967741935483,0.0,0.2192599176724964,0.1564667508154516,-0.2237960339943343,0.0,0.4747060432048127,0.0,-0.0952380952380952
0.13649769,,1.0,0.7655456438189888,0,0,0,1,0,0,0,-0.7177419354838708,0.0,0.0738596237303009,-0.0879813039729057,-1.2124645892351276,0.0,-1.9863275909215203,0.0,-0.9047619047619048
0.20786903,,1.0,1.0789707600895948,0,0,0,1,0,0,0,-0.0725806451612901,0.0,0.1864574388289458,0.059487358936226,-0.71671388101983,0.0,-0.7011211375444353,0.0,-0.2857142857142857
0.21857474,0.02454154,0.7,1.0019422534527154,0,0,1,0,0,0,0,0.0241935483870969,-188.250555,0.1064772422019566,0.0819825787020258,0.3739376770538243,1.5699999999999998,0.6847142466502598,0.30722,-0.4761904761904761
0.22728928,,1.0,0.184843539102911,0,0,0,1,0,0,0,0.1052008064516129,0.0,-0.2326807170837063,-0.2639583088593674,1.6126628895184136,0.0,0.4756904566584628,0.0,0.0
,,1.0,7.084729229449496,0,0,0,1,0,0,0,0.0,0.0,21.575267918716765,8.379219415874127,0.0,0.0,-0.6847142466502598,1.07995,0.9523809523809524
0.15344839,,1.0,0.3897606063761269,0,0,0,1,0,0,0,-0.5645161290322579,0.0,-0.1453756830895025,-0.1604659009960383,0.5325779036827195,0.0,0.5129887886245557,0.0,0.4285714285714286
0.22749615,,1.0,4.08856163307484,0,0,0,1,0,0,0,0.1048387096774192,0.0,3.932536387115952,1.7161353212442354,-1.5920679886685551,0.0,-0.963631391851244,0.0,-1.3333333333333333
0.47105086,,1.0,1.2696811375399126,0,0,0,1,0,0,0,2.306451612903225,0.0,0.2429952255777303,0.1724633515377982,-0.3626062322946176,0.0,0.3992343450916051,0.0,-0.1904761904761904
0.28637751,,1.0,3.856409251741976,0,0,0,1,0,0,0,0.6370967741935483,0.0,3.2205975356072822,1.5956609220540634,-1.368271954674221,0.0,-0.0754716981132075,0.0,-1.238095238095238
0.89,0.16,1.0,1.154346600622826,0,0,0,1,0,0,0,6.093542596774193,-145.19800988,0.196942115904472,0.1159753552370121,0.0878186968838526,-1.04,-0.0568772217664752,-0.14318,0.5238095238095238
0.15255624,,1.0,0.9093608355126748,0,0,0,1,0,0,0,-0.5725806451612901,0.0,0.0666082633241079,0.0459902270767461,0.254957507082153,0.0,0.8017500683620454,0.0,0.0
1.76,0.61,1.0,0.4970793268612848,0,0,0,1,0,0,0,13.957908088709676,-2.1752267299999914,-0.1599178676441933,0.0,0.0,0.0,-0.8498769483182936,0.0,0.5714285714285715
0.22303545,,1.0,1.211006513709037,0,0,0,1,0,0,0,0.0645161290322581,0.0,0.2069187868928909,0.1579664321331716,-0.1331444759206798,0.0,0.7656549083948592,0.0,-0.761904761904762
0.46,0.24,0.9,0.5269356606575603,0,0,0,0,1,0,0,2.2065573548387096,-119.77173732,-0.0929398848860456,-0.0984790731969456,0.0,2.17,-0.5764287667487011,0.00642,0.5714285714285715
,4.4,1.0,3.4671255505418843,0,0,0,1,0,0,0,0.0,1203.949445,0.0,13.478135896122073,0.0,0.0,0.0,0.0,0.0
1.21,2.69,0.7,0.144333677701706,0,0,1,0,0,0,0,8.986201612903225,658.912145,-0.2546372996935739,-0.2844395565942237,2.0651558073654392,0.6499999999999999,0.3532950505879136,0.0,1.4761904761904765
0.22571148,,1.0,1.455094078607143,0,0,0,1,0,0,0,0.0887096774193547,0.0,0.6731781272056115,0.0,0.0,0.0,-0.83893902105551,0.0,0.0
0.28726965,0.02822278,1.0,0.613537061180766,0,0,0,1,0,0,0,0.6451612903225807,-187.080555,-0.0958689208207025,0.0,0.8243626062322946,0.1399999999999999,0.2920426579163248,0.0,0.2380952380952381
0.24087828,,1.0,0.3765310881361905,0,0,0,1,0,0,0,0.2258064516129033,0.0,-0.1460676242103055,-0.1739630328555181,0.3427762039660056,0.0,0.3204812687995624,0.0,0.0
0.0773,0.0021,0.1,0.0026025516226468,0,1,0,0,0,0,0,-1.2524193548387097,-195.395555,-0.3518130036819248,-0.4808978092155417,0.0,0.0,24.230790265244732,1.38687,0.0
0.09456703,,1.0,0.1671907745052994,0,0,0,1,0,0,0,-1.0967741935483868,0.0,-0.2404334565707047,-0.2759413624604772,1.3711048158640229,0.0,0.2975116215477167,0.0,1.1428571428571428
,,1.0,0.181111241324255,0,0,0,1,0,0,0,0.0,0.0,-0.2330159835505504,-0.2689428496444505,0.0,0.0,0.0732841126606508,0.0,1.5714285714285716
0.14301008,,0.5,0.1917048410980313,0,0,0,0,0,1,0,-0.6588709677419353,0.0,-0.2036491020747888,-0.3018858492570329,0.0,0.0,-2.102269619907028,-1.45199,0.0
0.1686148,,1.0,1.124561788719198,0,0,0,1,0,0,0,-0.4274193548387096,0.0,0.1666864415221688,0.123473761825612,-0.1614730878186968,0.0,0.3850150396499863,0.0,0.761904761904762
0.16772265,,1.0,2.082698512369112,0,0,0,1,0,0,0,-0.4354838709677419,0.0,0.7652615077908479,0.5003936663459014,-0.7138810198300283,0.0,0.6387749521465682,0.0,-2.2857142857142856
0.16861451,,1.0,2.2447446900406143,0,0,0,1,0,0,0,-0.4274193548387096,0.0,0.943922195611918,0.5378856992889011,-0.8498583569405099,0.0,0.1323489198796828,0.0,-2.4761904761904763
0.24801541,,1.0,2.925894201492893,0,0,0,1,0,0,0,0.2903225806451611,0.0,1.6319765901527274,0.929302523213817,-0.9745042492917848,0.0,0.0667213563029805,0.0,-0.4761904761904761
0.35328815,,1.0,0.1581962202670667,0,0,0,1,0,0,0,1.2419354838709675,0.0,-0.2415653539294044,-0.287938813002237,0.6940509915014165,0.0,-0.0010937927262783,0.0,0.1904761904761905
1.007,10.39,1.0,0.1571620542274188,0,0,0,1,0,0,0,7.150806451612903,3106.0594450000003,-0.245971045773487,-0.2809403001862104,1.951841359773371,11.27,0.3532950505879136,0.0,-0.380952380952381
0.25872112,,1.0,0.1489592145859572,0,0,0,1,0,0,0,0.3870967741935483,0.0,-0.2451147310589543,-0.2959371133634103,0.5439093484419264,0.0,-0.2646978397593656,0.0,0.4285714285714286
0.32117049,0.2,1.0,1.8372457689445176,0,0,0,1,0,0,0,0.9516129032258064,-132.484555,0.5973008533029598,0.380919054700876,0.0,0.0,-0.0864096253759912,0.0,0.9523809523809524
,,1.0,1.0229669204546663,0,0,0,1,0,0,0,0.0,0.0,0.1531617658582202,0.0459902270767461,0.0,0.0,-0.4659557013945857,0.0,-1.1809523809523812
0.23195686,,1.0,2.044788015531862,0,0,0,1,0,0,0,0.1451612903225807,0.0,0.7329008821939895,0.485896746941275,-0.5552407932011332,0.0,0.3532950505879136,0.0,0.0
0.1088413,,1.0,1.2035028357640098,0,0,0,1,0,0,0,-0.9677419354838708,0.0,0.2362593234072894,0.1179749303273055,-0.5155807365439093,0.0,0.1257861635220125,0.0,-2.0
0.15969338,,1.0,0.680879141257381,0,0,0,1,0,0,0,-0.5080645161290321,0.0,-0.0552827131561739,0.0,0.2776203966005666,0.0,0.4561115668580804,0.0,0.4761904761904762
,,0.9,7.51529337161268,0,0,0,0,1,0,0,0.0,0.0,28.647916573220225,9.83391029406251,0.0,0.0,-0.6770576975663112,0.93487,0.8095238095238095
0.14720339,,1.0,0.4286359684496298,0,0,0,1,0,0,0,-0.6209677419354838,0.0,-0.1275133890061773,-0.1469687691365585,0.5240793201133145,0.0,0.6650259775772491,0.0,-0.761904761904762
0.60041142,,1.0,0.2022775777679415,0,0,0,1,0,0,0,3.475806451612903,0.0,-0.225830186433666,-0.251446567604384,1.2861189801699715,0.0,0.5359584358764015,0.0,1.0476190476190477
0.23195686,,1.0,2.618656216319198,0,0,0,1,0,0,0,0.1451612903225807,0.0,1.244725217262327,0.7758351350338053,-0.9971671388101984,0.0,0.1739130434782608,0.0,0.0
0.14006626,,1.0,0.6038565587842237,0,0,0,1,0,0,0,-0.6854838709677417,0.0,-0.0704780646726066,-0.0549883149830661,0.8498583569405099,0.0,1.2064533770850423,0.0,0.4285714285714286
,,0.9,4.517666527847977,0,0,0,0,1,0,0,0.0,0.0,28.22355765395001,0.0,0.0,0.0,-0.7634673229423025,1.00687,0.4761904761904762
0.21679045,,1.0,0.2932100097257095,0,0,0,1,0,0,0,0.0080645161290324,0.0,-0.1795438612463057,-0.2149543222065311,0.9376770538243626,0.0,-0.6409625375991249,0.0,2.095238095238096
,,1.0,6.598143839325219,0,0,0,1,0,0,0,0.0,0.0,17.81301175944618,6.079708062036818,0.0,0.0,-0.9133169264424392,1.7933599999999998,-2.857142857142857
0.09278259,,1.0,0.3850250263610607,0,0,0,1,0,0,0,-1.1129032258064513,0.0,-0.0932485601585734,-0.2339502855643175,0.0,0.0,-2.316554552912223,0.0,0.0
0.16504623,,1.0,3.543564307547756,0,0,0,1,0,0,0,-0.4596774193548385,0.0,2.633042392676554,1.3162203031855728,-1.405099150141643,0.0,-0.4998632759092152,0.0,-1.0476190476190477
,7.12,1.0,3.063422285648112,0,0,0,1,0,0,0,0.0,2066.88770284,0.0,8.679155679418123,0.0,0.0,0.0,0.0,0.0
0.44492092,,1.0,0.1399255353757028,0,0,0,1,0,0,0,2.07025,0.0,-0.3156635078108587,0.0,2.5722379603399435,0.0,-0.3707957342083675,0.0,0.0
0.22125116,0.02957571,1.0,1.3098266762635369,0,0,0,1,0,0,0,0.0483870967741935,-186.650555,0.2789105119983522,0.1709636702200782,-0.3172804532577903,2.07,-0.0514082581350834,0.0,-0.3333333333333333
0.20162404,,1.0,1.3136457337428613,0,0,0,1,0,0,0,-0.1290322580645162,0.0,0.4948930264974649,0.0,-1.0226628895184136,0.0,-0.8487831555920153,0.0,-0.761904761904762
0.25961326,,1.0,0.7983370457203037,0,0,0,1,0,0,0,0.3951612903225807,0.0,0.0108634720930269,0.0159966007223464,0.3031161473087819,0.0,0.7897183483729833,0.0,1.0952380952380951
0.10616487,,1.0,2.8498631848127283,0,0,0,1,0,0,0,-0.9919354838709676,0.0,1.491726597323554,0.9183048602172036,-0.7393767705382436,0.0,0.5742411812961444,0.0,-1.0476190476190477
0.1088413,,1.0,0.3939343801137355,0,0,0,1,0,0,0,-0.9677419354838708,0.0,-0.1068202178558341,-0.2104552782533711,-0.943342776203966,0.0,-1.8485097074104455,0.0,-1.619047619047619
,10.53,1.0,10.190088565853998,0,0,0,1,0,0,0,0.0,3150.68257071,156.22409105320332,27.325193396403265,0.0,0.0,0.0,0.0,0.0
,,1.0,8.458867225664505,0,0,0,1,0,0,0,0.0,0.0,56.21814882827535,13.12321131759501,0.0,0.0,0.1159420289855072,0.0,-2.523809523809524
,,0.5,2.3355560216744453,0,0,0,0,0,1,0,0.0,0.0,1.2130633267856668,0.4506042465975979,0.0,0.0,-2.30899644517364,-1.63071,0.1904761904761905
0.953,2.74,0.9,0.2129488196623994,0,0,0,0,1,0,0,6.663045967741934,674.803645,-0.20839784864889,-0.2676931152130172,0.1331444759206798,2.56,-0.8465955701394585,-0.61902,0.0
0.15255624,,1.0,0.0082950431323217,0,0,0,1,0,0,0,-0.5725806451612901,0.0,-0.3425336107825936,-0.4524038641788619,2.5410764872521248,0.0,-0.7164342357123326,0.0,1.0476190476190477
0.26228968,,1.0,1.7626604356666309,0,0,0,1,0,0,0,0.4193548387096774,0.0,0.508907897616534,0.3874176737443292,-0.263456090651558,0.0,0.4090784796281104,0.0,0.6666666666666666
0.3058761,0.02202446,1.0,2.7173149154559395,0,0,0,1,0,0,0,0.8133542419354839,-189.050555,1.3580896246334486,0.8258245122911382,-0.9651274787535412,-0.33,0.0787530762920426,-0.0447299999999999,0.0095238095238095
0.18734977,,1.0,0.0156505063729727,0,0,0,1,0,0,0,-0.2580645161290321,0.0,-0.3326588035181899,-0.4339077945936488,1.86685552407932,0.0,-0.7284659557013946,0.0,0.2857142857142857
1.55,0.63,0.7,0.1510819761687946,0,0,1,0,0,0,0,12.059612975806449,4.181341409999988,-0.2517853523548767,-0.2789407250959171,4.529745042492918,-1.11,0.593929450369155,0.64282,1.3333333333333337
,,1.0,0.5692952475942784,0,0,0,1,0,0,0,0.0,0.0,-0.0675680675877652,-0.0939800292437856,0.0,0.0,0.0,0.0,0.0
,,1.0,2.6345925200275078,0,0,0,1,0,0,0,0.0,0.0,3.71813981584638,0.0,0.0,0.0,0.4604867377631939,0.0,0.5238095238095238
0.20306542,,1.0,0.5720028978989256,0,0,0,1,0,0,0,-0.1160029354838709,0.0,-0.1195719795593884,0.0,-0.6647592067988668,0.0,-1.485479901558655,0.0,0.0
0.29529893,,1.0,2.2886885993411004,0,0,0,1,0,0,0,0.717741935483871,0.0,0.9096566617915108,0.6208680655360735,-0.6572237960339944,0.0,0.6267432321575062,0.0,-0.4761904761904761
0.21500617,,1.0,0.4576902015207163,0,0,0,1,0,0,0,-0.008064516129032,0.0,-0.100901078740669,-0.1564667508154517,0.4107648725212464,0.0,0.4976756904566584,0.0,-3.619047619047619
1.281,0.97,1.0,0.1616407851538674,0,0,0,1,0,0,0,9.627987322580644,112.24299978999996,-0.2462823863867577,-0.2729419998250372,2.441926345609065,-0.7600000000000001,0.889253486464315,0.52656,-0.3904761904761904
0.3211442,,1.0,1.794431603162741,0,0,0,1,0,0,0,0.9513752903225808,0.0,1.2192755353413598,0.0,0.0,0.0,0.5118949958982772,0.0,0.1428571428571428
,,0.5,1.1252389647107688,0,0,0,0,0,1,0,0.0,0.0,0.2351877909411371,0.0504892710299061,-1.0140509915014164,0.0,-1.9042931364506424,-1.17313,0.3333333333333333
0.1793205,,1.0,0.0821365245694628,0,0,0,1,0,0,0,-0.3306451612903226,0.0,-0.2822624304368726,-0.3454265968481697,1.5495750708215297,0.0,-0.168444079846869,0.0,1.238095238095238
0.21054546,,1.0,0.3353826746927056,0,0,0,1,0,0,0,-0.0483870967741935,0.0,-0.1711642630859356,-0.1789619705812514,0.9376770538243626,0.0,0.6508066721356303,0.0,0.0
0.11597843,,1.0,0.3251031354171979,0,0,0,1,0,0,0,-0.9032258064516128,0.0,-0.1652530612179792,-0.2009572965744779,0.0849858356940509,0.0,-0.3062619633579436,0.0,1.0952380952380951
1.47292608,,1.0,0.4563718951520872,0,0,0,1,0,0,0,11.36290322580645,0.0,-0.1078257787836805,-0.1479685566817051,0.2011331444759206,0.0,-0.0907847962811047,0.0,0.4285714285714286
,0.167,1.0,3.9143569468466968,0,0,0,1,0,0,0,0.0,-142.950555,0.0,21.62640438906732,0.0,0.0,0.0,0.0,0.0
,1.9,1.0,5.949913119949747,0,0,0,1,0,0,0,0.0,407.8264449999999,13.25835700092104,4.080132971743504,0.0,0.0,0.0,0.0,0.0
0.18288907,,1.0,1.0427423860691285,0,0,0,1,0,0,0,-0.2983870967741935,0.0,0.2028092086751947,0.0124973443143332,-1.0963172804532575,0.0,-1.347552638774952,0.0,-4.0
2.2,17.0,1.0,8.492781920505584,0,0,0,1,0,0,0,17.93548387096774,5206.949445,0.0,2199.0137095867126,5.067988668555241,0.0,0.0,0.0,0.0
0.22392759,,1.0,1.1012149987840532,0,0,0,1,0,0,0,0.0725806451612901,0.0,0.1889620100820402,0.0764837472037191,-0.6657223796033994,0.0,-0.6814328684714247,0.0,0.9523809523809524
0.25872112,,1.0,0.7472631688197764,0,0,0,1,0,0,0,0.3870967741935483,0.0,0.0140094228875431,-0.0364922453978529,-0.4362606232294617,0.0,-0.4375170905113481,0.0,1.0952380952380951
0.24533899,,1.0,2.6608650092719457,0,0,0,1,0,0,0,0.2661290322580645,0.0,1.2617745866757402,0.8218253621105515,-0.7705382436260623,0.0,0.7514356029532404,0.0,-1.0476190476190477
0.47575721,0.1082345,1.0,1.086567777215319,0,0,0,1,0,0,0,2.348994653225806,-161.650555,0.1393926941651403,0.1209742929627454,0.3015864022662891,-0.08,0.0535958435876401,0.46762,2.0428571428571427
0.16058552,,1.0,1.156711728247568,0,0,0,1,0,0,0,-0.4999999999999998,0.0,0.1739326320186577,0.1454690878188384,0.0028328611898017,0.0,0.6333059885151764,0.0,0.6666666666666666
1.408,0.592,1.0,0.17713800775487,0,0,0,1,0,0,0,10.776025806451612,-7.895195000000001,-0.2401826892639105,-0.2606946023969906,2.45042492917847,-1.0670000000000002,0.9056603773584906,0.0,0.0
0.17129122,,1.0,1.8187170990526669,0,0,0,1,0,0,0,-0.4032258064516128,0.0,0.6891494677941081,0.2844395565942237,-1.320113314447592,0.0,-1.347552638774952,0.0,-4.0
0.23429761,,1.0,1.0640532664922653,0,0,0,1,0,0,0,0.1663241693548388,0.0,0.2357139501597909,0.0,0.0,0.0,0.4867377631938747,0.0,1.523809523809524
0.841,9.27,0.9,6.322937887182259,0,0,0,0,1,0,0,5.64516129032258,2750.21877789,15.446264490319797,5.239886524113626,-1.7563739376770535,0.0,-0.4451736395952967,-0.3498799999999999,0.8571428571428571
0.18378121,,1.0,0.8671923742179889,0,0,0,1,0,0,0,-0.2903225806451611,0.0,0.0673741394909081,0.0059987252708799,-0.1756373937677053,0.0,0.0678151490292589,0.0,0.0
0.24087828,,1.0,0.1249138106968313,0,0,0,1,0,0,0,0.2258064516129033,0.0,-0.2593122877104569,-0.3089343514503168,1.0793201133144477,0.0,0.3084495488105004,0.0,0.0
0.05352851,,1.0,0.0141906310113887,0,0,0,1,0,0,0,-1.4677419354838706,0.0,-0.3330425291868589,-0.4409063074096754,1.1303116147308785,0.0,-1.3158326497128794,0.0,-1.523809523809524
1.5,0.42,0.7,0.1952170926395003,0,0,1,0,0,0,0,11.60766129032258,-62.56195500000001,-0.2270340944885415,-0.2594448679655573,1.498583569405099,-1.1700000000000002,0.4626743232157506,0.0,0.0476190476190476
0.16772265,,1.0,0.1401945743494921,0,0,0,1,0,0,0,-0.4354838709677419,0.0,-0.2532886042064615,-0.2944374320456903,1.368271954674221,0.0,0.6792452830188679,0.0,-0.6666666666666667
0.23552543,,1.0,2.04742525311108,0,0,0,1,0,0,0,0.1774193548387098,0.0,0.8178915792102215,0.4164115125535823,-1.1728045325779035,0.0,-0.957068635493574,0.0,-0.9523809523809524
0.23374115,,1.0,1.2036544050349611,0,0,0,1,0,0,0,0.1612903225806452,0.0,0.2194715860022913,0.1364709999125185,-0.4674220963172804,0.0,0.1706316652994257,0.0,-0.4761904761904761
0.21411403,,1.0,1.6596300097284689,0,0,0,1,0,0,0,-0.0161290322580645,0.0,0.5017367564356426,0.2869390254570904,-0.8413597733711048,0.0,-0.1465682253213016,0.0,-1.7142857142857142
1.67,1.24,0.7,0.1141751621229665,0,0,1,0,0,0,0,13.144379032258064,198.058645,-0.2744429752445038,-0.2954372195908369,3.906515580736544,-0.976,0.998632759092152,0.0,0.6666666666666666
1.15,0.66,0.5,1.7237436202990863,0,0,0,0,0,1,0,8.443830645161288,13.717244999999991,0.5871830364777674,0.2744416811427572,-1.271954674220963,-0.79,-1.8988241728192508,0.0,1.5714285714285716
,10.13,1.0,10.933553298669128,0,0,0,1,0,0,0,0.0,3023.5512079100004,243.5778506850752,37.07312196158316,0.0,0.0,-0.2089144107191687,0.0,1.6190476190476193
0.17664407,,1.0,2.5264277675974065,0,0,0,1,0,0,0,-0.3548387096774192,0.0,1.1769649144292575,0.7043503255558193,-0.9036827195467422,0.0,-0.2264150943396226,0.0,0.9523809523809524
0.16683051,,1.0,0.0459659588078615,0,0,0,1,0,0,0,-0.4435483870967739,0.0,-0.306414475270933,-0.3829186297911693,1.359773371104816,0.0,-0.3347005742411812,0.0,0.761904761904762
,,0.5,0.2285397814399823,0,0,0,0,0,1,0,0.0,0.0,-0.1423737697317722,-0.3284302085806766,-1.3342776203966005,0.0,-2.605414273995078,-2.4229,-2.571428571428572
0.13738983,,1.0,1.076138617663446,0,0,0,1,0,0,0,-0.7096774193548385,0.0,0.170724288675261,0.0739842783408525,-0.7195467422096318,0.0,-0.7700300792999727,0.0,1.6190476190476193
0.20340833,,1.0,2.405771829420935,0,0,0,1,0,0,0,-0.1129032258064516,0.0,1.0874893569266604,0.6193683842183536,-1.0708215297450423,0.0,-0.1225047853431774,0.0,-1.809523809523809
0.25515255,0.01573176,0.9,0.8348245799710725,0,0,0,0,1,0,0,0.3548387096774192,-191.050555,0.0602624602938297,-0.0144969194046265,-0.263456090651558,-0.1700000000000001,-0.4287667487011211,-0.30196,-0.4761904761904761
0.12689725,0.01258541,1.0,0.4075212581155105,0,0,0,1,0,0,0,-0.8045251290322579,-192.050555,-0.1310268182529096,-0.1639651574040516,0.3164872521246459,6.18,0.1323489198796828,-0.03511,-0.2095238095238095
0.20786903,,1.0,4.662055801970532,0,0,0,1,0,0,0,-0.0725806451612901,0.0,5.469945038733977,2.423485009435495,-1.4929178470254958,0.0,0.0164068908941755,0.0,-1.3333333333333333
0.68694917,,1.0,3.1882525420682035,0,0,0,1,0,0,0,4.258064516129032,0.0,1.9789958128251184,1.105765024932202,-1.2407932011331444,0.0,-0.977850697292863,0.0,0.0
,1.189321,1.0,5.291469976590592,0,0,0,1,0,0,0,0.0,181.949445,61.981047731944834,0.0,0.0,0.0,0.0579710144927536,0.0,1.761904761904762
,,0.9,7.267542873593649,0,0,0,0,1,0,0,0.0,0.0,27.714719875751012,7.829336266043464,0.0,0.0,-0.1881323489198796,0.0,-0.3333333333333333
1.341,0.941,1.0,0.0486504646861992,0,0,0,1,0,0,0,10.17037822580645,103.027475,-0.3066929957492787,-0.3740705100166215,2.943342776203966,-0.81,0.189226141646158,0.0,1.3809523809523812
0.2007319,,1.0,1.585994013636043,0,0,0,1,0,0,0,-0.1370967741935483,0.0,0.4318434154594861,0.2809403001862104,-0.6543909348441926,0.0,0.1837571780147662,0.0,-0.8571428571428573
0.32473961,,1.0,5.309903209550486,0,0,0,1,0,0,0,0.9838709677419356,0.0,8.32936335372866,3.2723046352650056,-1.5354107648725213,0.0,0.1607875307629204,0.0,-1.809523809523809
0.23195686,,1.0,1.145197405266707,0,0,0,1,0,0,0,0.1451612903225807,0.0,0.1610213167471488,0.1504680255445717,0.3597733711048159,0.0,1.240360951599672,0.0,-0.761904761904762
0.10081202,,1.0,0.052439649071871,0,0,0,1,0,0,0,-1.040322580645161,0.0,-0.3000800823548155,-0.3789194796105827,1.0141643059490084,0.0,-0.5009570686354936,0.0,0.0
0.0981356,,1.0,0.3247757892290982,0,0,0,1,0,0,0,-1.0645161290322578,0.0,-0.1703342520756489,-0.1929589962133047,0.8356940509915014,0.0,0.859721082854799,0.0,-1.4285714285714286
0.28548537,,1.0,0.9433721728431216,0,0,0,1,0,0,0,0.6290322580645162,0.0,0.0996873030311707,0.0359923516252796,-0.3824362606232294,0.0,0.0382827454197429,0.0,0.0
1.318,1.484,1.0,0.0601235130532317,0,0,0,1,0,0,0,9.962469354838708,275.609165,-0.2988094908471571,-0.3609732931752002,2.7393767705382435,-0.53,0.4145474432595023,0.24435,0.0
0.28548537,,1.0,2.3485813848620394,0,0,0,1,0,0,0,0.6290322580645162,0.0,0.969603971737482,0.6443630728470199,-0.3569405099150141,0.0,0.9209734755263878,0.0,-2.1904761904761902
1.124,1.02,1.0,0.5532506308356239,0,0,0,1,0,0,0,8.208785733870966,128.13442014,-0.0654483685910155,-0.1124760988289988,-0.0283286118980169,-0.44,-0.2800109379272628,-0.31703,0.4333333333333333
0.24623071,,1.0,2.639417647550097,0,0,0,1,0,0,0,0.2741935483870966,0.0,1.472450424127517,0.6408638164390067,-1.546742209631728,0.0,-2.0814875581077388,-1.35813,1.0952380952380951
0.25729369,0.03297377,0.7,1.1135143657674356,0,0,1,0,0,0,0,0.3741935483870967,-185.570555,0.1481221762544488,0.1359711061399452,0.28328611898017,1.121,0.7389663658736674,0.0,0.7761904761904761
0.19448691,,1.0,2.3516584221199257,0,0,0,1,0,0,0,-0.1935483870967739,0.0,1.00230814141961,0.6203681717635001,-0.7025495750708215,0.0,0.3904840032813781,0.0,-1.3333333333333333
0.14006626,,1.0,0.1622955694047664,0,0,0,1,0,0,0,-0.6854838709677417,0.0,-0.2402807397497575,-0.2839396628216504,1.0906515580736544,0.0,0.1848509707410445,0.0,0.0
0.12579199,,1.0,1.245073221968636,0,0,0,1,0,0,0,-0.8145161290322579,0.0,0.2242073827531686,0.1704637764475048,-0.0963172804532577,0.0,0.9133169264424392,0.0,-1.3333333333333333
1.05986444,,1.0,0.2555039026555505,0,0,0,1,0,0,0,7.629032258064515,0.0,-0.2006537223709468,-0.225452091430571,0.8980169971671388,0.0,0.5906480721903199,0.0,0.0
1.126,0.806,1.0,0.285953732772857,0,0,0,1,0,0,0,8.226882258064514,60.12042499999998,-0.1856976392461146,-0.2133546621342964,0.8980169971671388,-0.6300000000000001,0.1017227235438884,0.02251,0.9523809523809524
,,1.0,5.3981688655711535,0,0,0,1,0,0,0,0.0,0.0,8.532573614326308,3.5292500343676965,0.0,0.0,0.3511074651353568,0.10605,-0.7142857142857144
1.108,5.28,1.0,5.106111372381091,0,0,0,1,0,0,0,8.064170967741935,1482.091845,6.769589546340367,3.2453103715460463,-1.1985835694050992,3.49,0.6212742685261143,0.35525,0.6619047619047619
,,0.5,0.1070667631892595,0,0,0,0,0,1,0,0.0,0.0,-0.227992110943789,-0.3819188422460227,-1.1643059490084986,0.0,-2.605414273995078,-2.4229,-2.571428571428572
,,0.5,0.2981066512276631,0,0,0,0,0,1,0,0.0,0.0,-0.1456009931178271,-0.257445292875264,-0.9093484419263456,0.0,-2.162428219852338,-1.55841,-1.238095238095238
,,1.0,6.198072129782092,0,0,0,1,0,0,0,0.0,0.0,13.029150794525094,5.479835534948824,0.0,0.0,0.0301449275362323,0.68956,-0.9695238095238096
,,0.9,2.0970186551405208,0,0,0,0,1,0,0,0.0,0.0,0.8180264300622551,0.4708999337640751,0.0,0.0,0.0,0.0,1.523809523809524
,,1.0,6.1084383665483335,0,0,0,1,0,0,0,0.0,0.0,12.086130973924632,5.3798567804341575,0.0,0.0,-0.661744599398414,0.0,0.0
0.64579556,,1.0,0.697948769459486,0,0,0,1,0,0,0,3.886056451612903,0.0,-0.0445534724035484,0.0,1.141643059490085,0.0,0.0072190319934376,0.0,0.0
1.404,0.826,1.0,0.0710198560243897,0,0,0,1,0,0,0,10.739867741935482,66.477025,-0.2930426495967376,-0.3467763100341177,3.1586402266288958,-0.9603000000000002,0.4451736395952967,0.0,1.7142857142857146
0.28905394,,1.0,3.567525401585228,0,0,0,1,0,0,0,0.6612903225806452,0.0,2.456689994718856,1.4796855668170512,-1.0396600566572238,0.0,0.6453377085042384,0.0,0.4285714285714286
,,0.5,1.9792114815879,0,0,0,0,0,1,0,0.0,0.0,0.8858059796679132,0.2985865503580489,0.0,0.0,-2.366967459666393,-1.64513,0.0
0.06423421,,1.0,0.9521976206098308,0,0,0,1,0,0,0,-1.3709677419354835,0.0,0.1468259202004228,-0.0079983003611732,-1.1671388101983002,0.0,-1.8649165983046208,0.0,0.6666666666666666
0.13471341,,1.0,1.060208613980247,0,0,0,1,0,0,0,-0.7338709677419353,0.0,0.1405175923848904,0.094479923016359,-0.0708215297450425,0.0,0.5567404976756904,0.0,-0.2857142857142857
0.53082436,,1.0,0.0491971872938043,0,0,0,1,0,0,0,2.846774193548387,0.0,-0.3032149051880111,-0.380919054700876,3.019830028328612,0.0,-0.2909488651900465,0.0,-2.095238095238096
,,1.0,2.289540379473237,0,0,0,1,0,0,0,0.0,0.0,0.847168362018311,0.6808553182448729,0.0,0.0,0.6814328684714247,0.0,1.4285714285714288
0.21304346,0.01982202,0.9,0.8840554353343748,0,0,0,0,1,0,0,-0.0258064516129032,-189.750555,0.0846875249847197,0.0004998937725733,-0.3172804532577903,0.0,-0.3401695378725731,0.0,-0.8571428571428573
0.13203698,,1.0,0.042110680527638,0,0,0,1,0,0,0,-0.7580645161290321,0.0,-0.3108809418610038,-0.383918417336316,2.0,0.0,0.2209461307082308,0.0,0.6666666666666666
0.57364716,0.10253961,1.0,0.151913412507217,0,0,0,1,0,0,0,3.2338709677419346,-163.460555,-0.214233753003671,-0.3384280840321432,-1.048158640226629,-0.66,-2.621821164889253,0.0,0.2857142857142857
0.12623806,,1.0,0.1331129973969451,0,0,0,1,0,0,0,-0.8104838709677417,0.0,-0.2331790146507855,-0.3394278715772898,-0.7275920679886686,0.0,-2.2083675143560297,-1.66563,-0.3333333333333333
,2.25,0.9,7.753748860596026,0,0,0,0,1,0,0,0.0,519.06336075,37.22677744118274,9.623954909581713,0.0,0.0,-0.4976756904566584,0.0,0.2857142857142857
0.06691063,0.00173049,0.9,0.1577863375499338,0,0,0,0,1,0,0,-1.3467741935483868,-195.500555,-0.2328303265233697,-0.3040353924790982,0.2776203966005666,6.17,-0.9767569045665846,-0.59838,-0.8571428571428573
0.6494781,,1.0,0.506399693972564,0,0,0,1,0,0,0,3.919354838709677,0.0,-0.0826746884701405,-0.1339715310496519,0.2322946175637393,0.0,0.0732841126606508,0.0,-1.3333333333333333
,2.55,1.0,10.571704029664328,0,0,0,1,0,0,0,0.0,614.41188285,190.3037795699033,32.97399302648187,0.0,0.0,0.6245556467049495,0.0,0.8571428571428571
0.2007319,,1.0,0.2210436905489763,0,0,0,1,0,0,0,-0.1370967741935483,0.0,-0.2183961311630726,-0.2389492232900508,1.5552407932011332,0.0,1.073010664479081,0.0,0.0
0.16772265,,1.0,0.2282632294034833,0,0,0,1,0,0,0,-0.4354838709677419,0.0,-0.2152231533550105,-0.2349500731094642,1.2889518413597734,0.0,0.7197156138911677,0.0,0.6666666666666666
0.13560555,0.00843222,0.5,0.3460723487999584,0,0,0,0,0,1,0,-0.725806451612903,-193.370555,-0.1208275677369591,-0.2394491170626242,-1.0,2.87,-2.345091605140826,-1.6157700000000002,-1.761904761904762
0.11062558,,1.0,0.3614979156900059,0,0,0,1,0,0,0,-0.9516129032258064,0.0,-0.143668391872984,-0.1939587837584513,-0.1076487252124645,0.0,-0.3817336614711512,0.0,0.0
0.25961326,,1.0,0.2954714444509439,0,0,0,1,0,0,0,0.3951612903225807,0.0,-0.1754407393090312,-0.2189534723871177,0.1189801699716713,0.0,-0.2767295597484276,0.0,-0.0952380952380952
,,1.0,1.880728373454896,0,0,0,1,0,0,0,0.0,0.0,0.5036210023745599,0.5308871864728745,1.526912181303116,0.0,-0.4889253486464315,1.4068699999999998,-0.2857142857142857
0.19091834,,1.0,2.3811375028513955,0,0,0,1,0,0,0,-0.225806451612903,0.0,0.9791387010711008,0.6783558493820062,-0.5694050991501416,0.0,0.8170631665299426,0.0,-0.380952380952381
0.13917412,,1.0,3.809693175421763,0,0,0,1,0,0,0,-0.693548387096774,0.0,3.314305952177748,1.445692790282065,-1.5609065155807365,0.0,-1.1025430680885973,0.0,-1.238095238095238
0.11776272,,1.0,0.142398305245022,0,0,0,1,0,0,0,-0.8870967741935482,0.0,-0.2451353350597221,-0.3064348825874501,0.405099150141643,0.0,-0.4889253486464315,0.0,-0.4761904761904761
0.15077196,,1.0,1.2672676123494488,0,0,0,1,0,0,0,-0.5887096774193548,0.0,0.2770649599963239,0.1334716372770786,-0.660056657223796,0.0,-0.0317199890620727,0.0,-2.4761904761904763
,,1.0,9.27933457679558,0,0,0,1,0,0,0,0.0,0.0,85.196362065477,19.976754939575336,0.0,0.0,0.1028165162701668,0.0,0.0
1.399,0.679,1.0,0.1978088240073017,0,0,0,1,0,0,0,10.69467016129032,19.75601499999999,-0.2266210026915028,-0.2564455053301173,1.603399433427762,-1.022,0.4057971014492754,0.24435,0.5238095238095238
0.16058552,,1.0,0.1346740645262498,0,0,0,1,0,0,0,-0.4999999999999998,0.0,-0.2557571684742807,-0.2989364759988502,0.7903682719546742,0.0,-0.0032813781788351,0.0,0.0
0.278,0.075,1.0,1.2322070821994189,0,0,0,1,0,0,0,0.5080645161290321,-172.050555,0.2349117611811488,0.1459689815914118,-0.2521246458923513,3.27,0.0896910035548263,-0.02313,-0.4761904761904761
0.37324357,,1.0,0.3049860461083524,0,0,0,1,0,0,0,1.422322580645161,0.0,-0.2505489060232225,0.0,0.4475920679886686,0.0,-0.7733114574788078,0.0,0.0
0.33366103,,1.0,3.8013267265371335,0,0,0,1,0,0,0,1.064516129032258,0.0,3.1064113715962414,1.5456715447967304,-1.4192634560906516,0.0,-0.3325129887886245,0.0,0.0
,16.527,1.0,13.059546883508526,0,0,0,1,0,0,0,0.0,5056.69952749,861.0808568329767,88.70215079295649,0.0,0.0,0.0,0.0,0.0
1.274,0.671,1.0,0.1272043532777902,0,0,0,1,0,0,0,9.564516129032256,17.204444999999993,-0.2629579761419033,-0.2970368796630716,2.478753541076488,-0.927,0.3095433415367787,0.45787,0.0
,,1.0,5.027479300621147,0,0,0,1,0,0,0,0.0,0.0,47.44282549768773,0.0,0.0,0.0,26.236806125239266,0.0,0.0
0.27,2.0,1.0,2.751836016762223,0,0,0,1,0,0,0,0.4919354838709676,439.949445,1.2588227087054285,0.9617956184310834,0.0,0.0,0.0645337708504238,-0.0491299999999999,-1.0952380952380951
,,0.5,1.6840902893583642,0,0,0,0,0,1,0,0.0,0.0,0.6388755847688072,0.1979079445617805,0.0,0.0,-2.30899644517364,-1.63071,0.1904761904761905
0.2497997,,1.0,0.960168789915908,0,0,0,1,0,0,0,0.3064516129032256,0.0,0.0955817637542686,0.056487996300786,-0.1246458923512747,0.0,0.3347005742411812,0.0,0.380952380952381
0.48175656,,1.0,3.4076645573277147,0,0,0,1,0,0,0,2.403225806451613,0.0,2.2849982135489,1.2857267830586,-1.1898016997167138,0.0,0.1761006289308176,0.0,0.0
,,0.7,7.367920671091969,0,0,1,0,0,0,0,0.0,0.0,27.213740596057026,8.879113188447453,0.0,0.0,0.3532950505879136,0.7578699999999999,-0.4761904761904761
0.23998614,,1.0,0.539767291930147,0,0,0,1,0,0,0,0.2177419354838709,0.0,-0.1373017638216676,0.0,0.3909348441926346,0.0,-0.0535958435876401,0.0,0.9523809523809524
0.16415409,,1.0,2.274239801471501,0,0,0,1,0,0,0,-0.4677419354838708,0.0,0.9337020578618164,0.581876351275354,-0.9291784702549576,0.0,0.0700027344818157,0.0,-0.6666666666666667
,,1.0,7.569605788080227,0,0,0,1,0,0,0,0.0,0.0,32.642653313263835,9.089068572928252,0.0,0.0,-0.1487558107738583,0.0,0.5714285714285715
,,1.0,6.007866791807434,0,0,0,1,0,0,0,0.0,0.0,12.285867810926812,4.729994876088831,0.0,0.0,0.5118949958982772,0.08687,1.0952380952380951
1.3,0.71,1.0,0.283803563751448,0,0,0,1,0,0,0,9.799758064516128,29.608745,-0.2595184423212382,0.0,0.0,0.0,0.4517363959529669,0.0,-0.6190476190476191
0.13203698,,1.0,0.3370220302569902,0,0,0,1,0,0,0,-0.7580645161290321,0.0,-0.1557306500807671,-0.2024569778921979,0.0283286118980169,0.0,-0.2198523379819524,0.0,-0.9523809523809524
0.23204608,0.01585761,0.9,2.2906098958841854,0,0,0,0,1,0,0,0.1459677419354839,-191.010555,0.9813699056128876,0.5623804941449941,-0.9121813031161472,0.0,-0.3401695378725731,0.0,-0.8571428571428573
0.18734945,,1.0,1.4299702793230418,0,0,0,1,0,0,0,-0.2580645161290321,0.0,0.4532611244549936,0.1184748240998787,-1.396600566572238,0.0,-2.0421110199617174,0.0,0.0
,12.0,1.0,11.327538797531169,0,0,0,1,0,0,0,0.0,3617.890329,0.0,37456.52148918355,2.280453257790368,0.0,0.0,0.0,0.0
,,1.0,4.484403378308032,0,0,0,1,0,0,0,0.0,0.0,4.96993314020595,2.170538760513391,0.0,0.0,0.0,0.0,0.0
0.11240986,,1.0,0.1416259368288976,0,0,0,1,0,0,0,-0.9354838709677415,0.0,-0.2490400346903318,-0.3004361573165702,1.0736543909348442,0.0,-0.1137544435329505,0.0,0.9523809523809524
0.15344839,,1.0,1.45480944154647,0,0,0,1,0,0,0,-0.5645161290322579,0.0,0.3279592973461525,0.2589449741929839,-0.0198300283286118,0.0,0.9909762100082036,0.0,-0.9523809523809524
0.14006626,,1.0,1.0265875328040686,0,0,0,1,0,0,0,-0.6854838709677417,0.0,0.1299107608439778,0.0759838534311458,-0.2804532577903683,0.0,0.336888159693738,0.0,0.0
0.36488599,,1.0,0.3092611334531062,0,0,0,1,0,0,0,1.3467741935483868,0.0,-0.1722538272698325,-0.2079558093905045,0.5722379603399433,0.0,-0.0175006836204539,0.0,0.8571428571428571
,0.02142666,0.5,0.6563457282338435,0,0,0,0,0,1,0,0.0,-189.240555,0.0600447798852411,-0.159966007223465,0.0,0.0,-2.271807492480175,-1.88094,-0.2857142857142857
0.21411403,,1.0,3.502977017062688,0,0,0,1,0,0,0,-0.0161290322580645,0.0,2.328495674020844,1.4401939587837584,-0.8215297450424929,0.0,0.2111019961717254,0.0,1.4761904761904765
0.17655486,0.01195614,1.0,0.3438765607605844,0,0,0,1,0,0,0,-0.3556451612903223,-192.250555,-0.1674337028706352,-0.1754627141732382,1.4107648725212465,1.5699999999999998,0.8498769483182936,0.39048,0.2142857142857142
0.16415409,,1.0,2.050394092206492,0,0,0,1,0,0,0,-0.4677419354838708,0.0,0.731266980512697,0.4938950473024482,-0.7620396600566572,0.0,0.2854799015586546,0.0,-0.2857142857142857
,,1.0,6.642800963225768,0,0,0,1,0,0,0,0.0,0.0,17.950535483283744,6.329654948323481,0.0,0.0,-0.8433141919606235,1.37687,-0.8571428571428573
0.21411403,,1.0,2.5171365906111496,0,0,0,1,0,0,0,-0.0161290322580645,0.0,1.1868200740394177,0.6843545746528862,-1.113314447592068,0.0,-0.3412633305988515,0.0,-0.380952380952381
,0.80546608,1.0,3.123736219427242,0,0,0,1,0,0,0,0.0,59.949445,0.0,9.279028206506116,0.0,0.0,0.0,0.0,0.0
0.22660401,,1.0,0.0982272739790459,0,0,0,1,0,0,0,0.0967741935483871,0.0,-0.2729178473304494,-0.3314295712161165,1.0396600566572238,0.0,-0.1268799562482909,0.0,0.6666666666666666
0.1025963,,1.0,0.9834158517291276,0,0,0,1,0,0,0,-1.0241935483870963,0.0,0.1093652109331762,0.060987040253946,-0.0793201133144475,0.0,0.3850150396499863,0.0,-0.1904761904761904
1.72,0.68,1.0,0.1310753792612999,0,0,0,1,0,0,0,13.596354838709674,20.07384500000001,-0.2614929555581079,-0.2931377082369996,2.5240793201133145,-1.152,0.5447087776866284,0.0,1.4285714285714288
0.14809554,,1.0,0.5086836554512852,0,0,0,1,0,0,0,-0.6129032258064515,0.0,-0.0868012960540971,-0.1259732306884786,-0.1558073654390935,0.0,-0.2559474979491386,0.0,0.380952380952381
,,0.9,4.318843461304096,0,0,0,0,1,0,0,0.0,0.0,4.1385694858640845,2.175537698239124,0.0,0.0,-0.8542521192234072,2.03687,1.4285714285714288
1.286,0.7,1.0,0.2076480990458507,0,0,0,1,0,0,0,9.673204838709676,26.43044499999999,-0.2259219073901233,-0.2433982778659535,2.002832861189802,-0.9200000000000002,0.9548810500410172,0.45175,0.1904761904761905
0.25604469,,1.0,0.7653913322020631,0,0,0,1,0,0,0,0.3629032258064517,0.0,0.0279244864914745,-0.0374920329429996,-0.5014164305949008,0.0,-0.5523653267705769,0.0,0.4285714285714286
,,0.5,8.404633311302772,0,0,0,0,0,1,0,0.0,0.0,62.67881691170163,11.078645787770096,0.0,0.0,-2.3079026524473614,-1.56313,0.5238095238095238
,18.9,1.0,9.695569995219774,0,0,0,1,0,0,0,0.0,5810.9063373,118.36577450534736,21.87635127535399,0.0,0.0,0.0,-0.13681,0.2380952380952381
0.15701695,,1.0,1.3877859760714828,0,0,0,1,0,0,0,-0.5322580645161289,0.0,0.3051655754129793,0.2174537910693976,-0.4277620396600566,0.0,0.2690730106644791,0.0,0.380952380952381
0.11687057,,1.0,0.0442339187062168,0,0,0,1,0,0,0,-0.8951612903225804,0.0,-0.3093847718918093,-0.380919054700876,2.2606232294617565,0.0,0.5928356576428767,0.0,-0.6666666666666667
0.1302527,,1.0,1.3336728714081552,0,0,0,1,0,0,0,-0.7741935483870966,0.0,0.2832684194236815,0.188959846032718,-0.2606232294617563,0.0,0.3500136724090785,0.0,-0.380952380952381
0.08742989,,1.0,0.0984136468386145,0,0,0,1,0,0,0,-1.161290322580645,0.0,-0.2743930503344765,-0.3279303148081033,1.9745042492917848,0.0,0.7765928356576429,0.0,-1.238095238095238
0.18556549,,1.0,0.7814661316318587,0,0,0,1,0,0,0,-0.2741935483870966,0.0,0.0187571029979096,-0.0109976629966132,0.065155807365439,0.0,0.2340716434235712,0.0,0.8571428571428571
0.12311557,,1.0,0.6614191666249902,0,0,0,1,0,0,0,-0.8387096774193548,0.0,-0.0672930856275777,0.0,-0.830028328611898,0.0,-1.3038009297238171,0.0,-3.047619047619048
1.02,0.62,1.0,0.1147411515923885,0,0,0,1,0,0,0,7.266129032258063,0.9994450000000086,-0.2635132772925131,-0.3189322269017833,0.0,0.0,-0.2854799015586546,-0.24239,1.523809523809524
0.22481973,0.0169903,0.5,0.3347789123279427,0,0,0,0,0,1,0,0.0806451612903226,-190.650555,-0.1192213233862801,-0.2519464613769573,-1.065155807365439,0.52,-2.357123325129888,-1.74115,-0.8095238095238096
0.20251618,,1.0,0.4325675412512478,0,0,0,1,0,0,0,-0.1209677419354837,0.0,-0.1923156737621036,0.0,0.1558073654390935,0.0,-0.4440798468690183,0.0,-0.0476190476190476
0.358641,,1.0,0.2990687144561599,0,0,0,1,0,0,0,1.2903225806451608,0.0,-0.1662379246289256,-0.2289513478385842,-0.121813031161473,0.0,-0.7601859447634673,0.0,-0.4761904761904761
0.18734977,,1.0,0.2181977963755477,0,0,0,1,0,0,0,-0.2580645161290321,0.0,-0.2157339957052032,-0.2479473111963707,0.9121813031161472,0.0,0.5447087776866284,0.0,-0.4761904761904761
,,1.0,5.685957889743649,0,0,0,1,0,0,0,0.0,0.0,10.442395036627996,3.9301648399715057,0.0,0.0,-0.4331419196062346,0.0,1.0
0.09724345,0.00550612,1.0,0.0638468338520653,0,0,0,1,0,0,0,-1.07258064516129,-194.300555,-0.277375079267952,-0.3929165052426359,-0.6883852691218131,5.97,-2.398687448728466,-1.9357,0.0
1.374,0.98,1.0,0.2693930704642269,0,0,0,1,0,0,0,10.468682258064517,115.42284500000002,-0.200806892725489,-0.2069560218453578,2.036827195467422,-0.8610000000000001,1.0314465408805031,0.0,0.0
0.23195686,,1.0,0.275557053780092,0,0,0,1,0,0,0,0.1451612903225807,0.0,-0.1878562668214211,-0.222452728795131,0.5042492917847026,0.0,0.0164068908941755,0.0,0.8571428571428571
1.54,0.44,1.0,0.2418503260459866,0,0,0,1,0,0,0,11.969217967741937,-56.20605592000001,-0.2055921714945154,-0.2344501793368909,1.1161473087818696,-1.1800000000000002,0.2045392398140552,0.08225,1.2333333333333334
0.17396765,,1.0,0.6340295176342562,0,0,0,1,0,0,0,-0.379032258064516,0.0,-0.0314100819188143,-0.0819825787020258,-0.1246458923512747,0.0,0.1082854799015586,0.0,-1.3333333333333333
,13.616,0.1,6.414773947107014,0,1,0,0,0,0,0,0.0,4131.309445,0.0,274.42268517939937,3.084985835694051,0.0,5.822258681979765,1.85687,-1.619047619047619
0.40949308,,1.0,0.808313300361406,0,0,0,1,0,0,0,1.7499999999999996,0.0,0.0238269674671716,0.0074984065885999,0.4589235127478753,0.0,0.3565764287667487,0.0,0.8571428571428571
0.21857474,,1.0,0.9967780045535316,0,0,0,1,0,0,0,0.0241935483870969,0.0,0.1145761636102226,0.0669857655248259,0.1161473087818696,0.0,0.5315832649712879,0.0,-0.5714285714285715
0.11597843,,1.0,0.1468594196910542,0,0,0,1,0,0,0,-0.9032258064516128,0.0,-0.2466410837854881,-0.2964370071359836,0.9745042492917848,0.0,0.5370522286026798,0.0,-2.2857142857142856
0.3693467,,1.0,1.0972216491717373,0,0,0,1,0,0,0,1.387096774193548,0.0,0.1687006683361084,0.0954797105615056,-0.603399433427762,0.0,-0.4222039923434509,0.0,1.7142857142857146
1.105,2.17,1.0,0.046303132939614,0,0,0,1,0,0,0,8.037052419354836,493.640545,-0.3058211238272056,-0.383318544809228,1.96600566572238,0.6399999999999999,-0.2909488651900465,-0.17725,0.0
,,0.9,6.750866624988809,0,0,0,0,1,0,0,0.0,0.0,20.641154396421975,6.134696377019882,0.0,0.0,-0.9767569045665846,0.0,0.0
0.15077196,,1.0,0.2024103496098303,0,0,0,1,0,0,0,-0.5887096774193548,0.0,-0.2209500927518334,-0.2604446555107039,0.6147308781869688,0.0,0.0273448181569592,0.0,0.5714285714285715
0.12516749,,1.0,0.2379508647397339,0,0,0,1,0,0,0,-0.8201612903225804,0.0,-0.2782956696240694,0.0,1.1104815864022664,0.0,-0.1476620180475799,0.0,-0.380952380952381
0.31849462,,1.0,2.178116939518428,0,0,0,1,0,0,0,0.9274193548387094,0.0,0.807076002046083,0.5763775197770473,-0.4277620396600566,0.0,1.3169264424391578,0.0,-2.6666666666666665
1.433,1.366,1.0,0.0745994988948873,0,0,0,1,0,0,0,11.001991403225803,238.10304896,-0.2916415834384006,-0.3413274679130685,2.685552407932011,-0.7530000000000001,0.6595570139458573,0.33007,1.7000000000000002
0.55458981,0.14410292,1.0,1.699340278152511,0,0,0,1,0,0,0,3.061602016129032,-150.25055500000002,0.4830612056608436,0.345926490620743,-0.5551558073654391,-0.29,0.1728192507519825,0.03717,0.8047619047619047
,0.64,1.0,0.7658695990709582,0,0,0,1,0,0,0,0.0,3.949444999999997,0.0,0.0,0.0,0.0,0.0,0.0,0.0
,,1.0,9.825727071933407,0,0,0,1,0,0,0,0.0,0.0,112.66836308921958,26.275416473999275,0.0,0.0,0.0306261963357943,0.0,-0.8571428571428573
0.21232974,,1.0,2.0068953279445787,0,0,0,1,0,0,0,-0.032258064516129,0.0,0.64065151702283,0.5313870802454478,-0.1133144475920679,0.0,1.3628657369428494,0.0,-0.380952380952381
1.43,0.941,1.0,0.0645520033235611,0,0,0,1,0,0,0,10.974895161290322,103.027475,-0.2940768214512473,-0.3606233675343989,1.7960339943342776,-0.93,-0.2154771670768389,-0.1133899999999999,1.2857142857142858
0.22035902,,1.0,1.1529171869541237,0,0,0,1,0,0,0,0.0403225806451615,0.0,0.2487649842957198,0.060987040253946,-1.0906515580736544,0.0,-1.337708504238447,0.0,0.0
,,0.9,4.552862777560677,0,0,0,0,1,0,0,0.0,0.0,29.258914831984267,0.0,0.0,0.0,-0.7306535411539513,1.19687,0.7142857142857143
1.086,2.005,1.0,1.0301337948662712,0,0,0,1,0,0,0,7.86290322580645,440.949445,0.1368401883632275,0.0709849157054125,-0.3002832861189802,0.611,-0.1575061525840853,-0.20895,0.3333333333333333
0.33,0.018,0.9,0.2518090614852861,0,0,0,0,1,0,0,1.032258064516129,-190.350555,-0.195608548354419,-0.2389492232900508,0.7337110481586402,-0.43,-0.6858080393765381,0.0,1.523809523809524
0.32117104,,1.0,1.4262059053059932,0,0,0,1,0,0,0,0.9516129032258064,0.0,0.3511965830591924,0.2059562343002111,-0.5212464589235127,0.0,-0.0459392945036915,0.0,0.0
,,1.0,11.99796671038644,0,0,0,1,0,0,0,0.0,0.0,458.1148598716799,57.46878788257495,0.0,0.0,0.3226688542521192,0.22467,0.2857142857142857
1.631,0.574,1.0,0.2631089272919105,0,0,0,1,0,0,0,12.79181251612903,-13.617049379999996,-0.2060413174278201,-0.2051064148868365,2.7223796033994336,-1.166,0.6945583811867652,0.83576,0.2714285714285714
,,1.0,3.1467351470905185,0,0,0,1,0,0,0,0.0,0.0,2.06654538004474,0.9807915817888696,0.0,0.0,-1.1233251298878864,-0.7772300000000001,-1.5714285714285714
0.11865486,,1.0,0.1958206639229993,0,0,0,1,0,0,0,-0.8790322580645159,0.0,-0.2276148142800032,-0.257445292875264,1.144475920679887,0.0,0.6420563303254033,0.0,0.0
0.35685671,,1.0,0.1783895740047382,0,0,0,1,0,0,0,1.2741935483870963,0.0,-0.1854138885113452,-0.3389279778047164,-1.1898016997167138,0.0,-2.5561936013125512,0.0,0.0
0.59149,,1.0,3.599252319882116,0,0,0,1,0,0,0,3.39516129032258,0.0,2.373622679291534,1.6086581601409695,-0.4419263456090651,0.0,0.5239267158873393,0.0,1.3333333333333337
1.27,1.5461,0.7,0.0789930465732546,0,0,1,0,0,0,0,9.532258064516128,295.325745,-0.2904559724238255,-0.3335291250609245,3.963172804532578,-0.3700000000000001,0.7361225047853431,0.7508699999999999,-0.1904761904761904
0.23195686,,1.0,2.8938935269588626,0,0,0,1,0,0,0,0.1451612903225807,0.0,1.5905364793503949,0.9108064536286036,-1.1841359773371103,0.0,-0.1728192507519825,0.0,0.0
0.18556549,,1.0,0.8596883066269588,0,0,0,1,0,0,0,-0.2741935483870966,0.0,0.0997279511146879,-0.0369921391704263,-0.4419263456090651,0.0,-0.5829915231063714,0.0,-0.6666666666666667
0.62806673,0.05984331,1.0,4.882849703263038,0,0,0,1,0,0,0,3.725806451612903,-177.030555,5.772023887616674,2.976367521901596,0.0,-1.03,0.0,0.0,0.0
1.229,1.17,1.0,0.0498708412471739,0,0,0,1,0,0,0,9.15795241935484,175.81054500000002,-0.3077078910343931,-0.3676218803504255,3.3427762039660056,-0.55,0.6923707957342083,0.0,1.8571428571428568
0.22571187,,1.0,1.818641102946068,0,0,0,1,0,0,0,0.0887096774193547,0.0,0.5820214996765075,0.3754202232025694,-0.5325779036827195,0.0,0.1618813234891988,0.0,-0.2857142857142857
0.998,0.319,0.5,0.1137523657872874,0,0,0,0,0,1,0,7.069824193548386,-94.662785,-0.2541585370440284,-0.3377782221277978,-0.278186968838527,-0.931,-2.02679792179382,0.0,1.0476190476190477
,6.2,1.0,7.549143793728151,0,0,0,1,0,0,0,0.0,1774.4855684,31.20192858734647,9.324018646037718,0.0,0.0,0.2067268252666119,0.0,0.761904761904762
0.21946688,0.02989034,0.9,0.0865438702187006,0,0,0,0,1,0,0,0.032258064516129,-186.550555,-0.2769936539455142,-0.3469262781658897,0.8413597733711048,2.13,-0.7951873120043752,-0.48317,-0.0952380952380952
0.1,,1.0,0.6010838490742593,0,0,0,1,0,0,0,-1.07804539516129,0.0,-0.1030794435571018,0.0,0.0,0.0,-1.0019141372709872,0.0,-1.4761904761904765
0.12311557,,1.0,0.0073393974917617,0,0,0,1,0,0,0,-0.8387096774193548,0.0,-0.3443424688356025,-0.4544034392691553,3.0254957507082154,0.0,-0.4090784796281104,0.0,1.1428571428571428
,,0.9,4.542747824205071,0,0,0,0,1,0,0,0.0,0.0,4.795408985907321,2.4304835222515213,0.0,0.0,-1.0905113480995352,0.0,-0.6190476190476191
,17.306,1.0,8.51385512289954,0,0,0,1,0,0,0,0.0,5304.287856540001,57.04033113686387,13.68809128060287,0.0,0.0,0.0,0.0,0.0
0.31135695,,1.0,1.140029325315678,0,0,0,1,0,0,0,0.8629032258064517,0.0,0.1566712403155798,0.1509679193171451,0.2577903682719547,0.0,0.1804757998359311,0.0,1.9047619047619049
,,1.0,4.987921954784913,0,0,0,1,0,0,0,0.0,0.0,45.57643210274932,0.0,0.0,0.0,-0.1214109926168991,0.0,1.3809523809523812
4.10385219,1.73363988,1.0,0.1227172710948272,0,0,0,1,0,0,0,35.14516129032258,354.949445,-0.3218537204292363,0.0,2.4844192634560907,-1.298,-0.2592288761279737,0.0,0.9523809523809524
0.21411403,,1.0,1.7021706757031607,0,0,0,1,0,0,0,-0.0161290322580645,0.0,0.4835490802394056,0.3484259594836096,-0.4929178470254957,0.0,0.5961170358217118,0.0,-0.761904761904762
0.19537871,,1.0,0.3360405434551249,0,0,0,1,0,0,0,-0.1854838709677418,0.0,-0.1503946772058795,-0.2114550657985178,-0.348441926345609,0.0,-0.9953513809133168,0.0,-0.2857142857142857
0.1302527,,1.0,2.2997498185925807,0,0,0,1,0,0,0,-0.7741935483870966,0.0,1.0776983554080448,0.5003936663459014,-1.3172804532577904,0.0,-1.0795734208367511,0.0,-2.952380952380953
0.1069678,0.01887811,1.0,3.135993928213905,0,0,0,1,0,0,0,-0.9846774193548384,-190.050555,1.8949132055859448,1.0767711861229488,-1.056657223796034,17.67,-0.1706316652994257,0.0,0.3333333333333333
0.34704315,,1.0,3.63810779810206,0,0,0,1,0,0,0,1.185483870967742,0.0,2.7838125096485102,1.4067010760213452,-1.226628895184136,0.0,0.1607875307629204,0.0,-1.809523809523809
0.13738983,,1.0,0.2153503020428707,0,0,0,1,0,0,0,-0.7096774193548385,0.0,-0.2181380053547408,-0.2474474174237974,1.2492917847025495,0.0,0.7372162975116215,0.0,-0.1904761904761904
0.1579091,,1.0,0.052220564958721,0,0,0,1,0,0,0,-0.5241935483870966,0.0,-0.3001253509735036,-0.379419373383156,1.3172804532577904,0.0,-0.3707957342083675,0.0,-0.2857142857142857
0.11330201,,1.0,0.753259303003244,0,0,0,1,0,0,0,-0.9274193548387094,0.0,0.0079380291293739,-0.0229951135383731,-0.0141643059490084,0.0,0.4068908941755537,0.0,-0.380952380952381
0.13382127,,1.0,0.0268273695305919,0,0,0,1,0,0,0,-0.7419354838709675,0.0,-0.3234707385849032,-0.4064136371021158,2.711048158640226,0.0,0.5961170358217118,0.0,-0.761904761904762
0.12400771,,1.0,1.845653965209019,0,0,0,1,0,0,0,-0.8306451612903225,0.0,0.6585949576342802,0.3354287213967031,-1.1076487252124645,0.0,-0.948318293683347,0.0,-0.6666666666666667
0.08653775,,1.0,1.9589388626020643,0,0,0,1,0,0,0,-1.1693548387096773,0.0,0.7906221889418719,0.3454265968481697,-1.481586402266289,0.0,-1.9994531036368608,0.0,0.8571428571428571
,,1.0,1.274962354322987,0,0,0,1,0,0,0,0.0,0.0,0.2370443612129442,0.184460802079558,0.0,0.0,0.1924200164068909,0.0,1.5066666666666668
,,1.0,6.2345244447423145,0,0,0,1,0,0,0,0.0,0.0,13.667653798056657,5.419848282240024,-1.3342776203966005,0.0,0.0831282471971561,0.37287,2.0476190476190474
0.06735659,,1.0,0.8153648132841945,0,0,0,1,0,0,0,-1.3427419354838708,0.0,0.2918344676647064,-0.2039566592099179,-1.821529745042493,0.0,-3.3010664479081213,-3.2538,0.2857142857142857
1.15,1.15,1.0,0.1928796118562425,0,0,0,1,0,0,0,8.443830645161288,169.453945,-0.2259183841632936,-0.2649436994638639,1.226628895184136,-0.31,-0.0732841126606508,0.0,1.2857142857142858
,11.6,0.5,9.981433133622224,0,0,0,0,0,1,0,0.0,3490.7589662,0.0,9747.409675443969,0.0,0.0,0.0,-2.56313,0.0
0.08564561,,1.0,0.1820656386096894,0,0,0,1,0,0,0,-1.1774193548387095,0.0,-0.2170874082560433,-0.2949373258182636,-0.2237960339943343,0.0,-1.1922340716434237,0.0,-2.0
0.12936056,,1.0,0.260106995960441,0,0,0,1,0,0,0,-0.7822580645161289,0.0,-0.1981735154428987,-0.223952410112851,1.1898016997167138,0.0,0.8487831555920153,0.0,-0.5714285714285715
,,0.9,0.399302696050228,0,0,0,0,1,0,0,0.0,0.0,-0.1245863858031337,-0.1819963257807716,0.0,0.0,-0.7022149302707137,0.0,-0.380952380952381
0.13828198,,1.0,0.6447702109441101,0,0,0,1,0,0,0,-0.7016129032258063,0.0,0.010869653456976,-0.1224739742804654,-1.1104815864022664,0.0,-1.91960623461854,0.0,-0.9047619047619048
,,0.9,9.294589604421082,0,0,0,0,1,0,0,0.0,0.0,84.44325595874747,20.47664871214867,0.0,0.0,-0.6934645884604868,1.49687,-0.8095238095238096
,,0.7,4.348596678676028,0,0,1,0,0,0,0,0.0,0.0,23.7278416342124,0.0,0.0,0.0,0.4561115668580804,0.1572,-0.5190476190476191
0.29440679,,1.0,1.6003164999584607,0,0,0,1,0,0,0,0.7096774193548385,0.0,0.4179512639628209,0.3099341389954634,-0.4447592067988669,0.0,0.4976756904566584,0.0,0.0
,,1.0,1.438430049444017,0,0,0,1,0,0,0,0.0,0.0,0.4762007364659751,0.1079770548758389,0.0,0.0,0.0,0.0,0.0
0.825,0.267,1.0,0.2172799769928532,0,0,0,1,0,0,0,5.505645161290322,-111.193555,-0.2110969285454186,-0.257445292875264,0.7677053824362606,-0.7400000000000001,-0.2701668033907574,-0.1811299999999999,0.380952380952381
,,1.0,7.6119907565275025,0,0,0,1,0,0,0,0.0,0.0,31.922290950305158,9.72893260182211,0.0,0.0,0.5447087776866284,2.15687,0.3333333333333333
,,0.9,5.977821908066823,0,0,0,0,1,0,0,0.0,0.0,11.352671113457609,4.979941762375495,0.0,0.0,-1.1362318840579713,1.82387,1.809523809523809
,,0.5,0.9546337522755084,0,0,0,0,0,1,0,0.0,0.0,0.1549328749587854,-0.0139970256320531,0.0,0.0,-2.2258681979764834,-1.55816,0.0
0.12311557,,1.0,0.0320874303554043,0,0,0,1,0,0,0,-0.8387096774193548,0.0,-0.3131478433048122,-0.4119124686004224,0.1444759206798866,0.0,-1.8342904019688269,0.0,-0.380952380952381
,,0.7,0.0799948234501822,0,0,1,0,0,0,0,0.0,0.0,-0.2910893051902157,-0.3294299961258232,0.0,0.0,0.8783155592015313,0.0,0.8095238095238095
,,1.0,7.55814944555323,0,0,0,1,0,0,0,0.0,0.0,31.666562311454825,9.269030331054651,0.0,0.0,0.0336669401148479,0.0,1.4857142857142858
0.852,0.174,1.0,0.1679565431170865,0,0,0,1,0,0,0,5.750054838709676,-140.748135,-0.2423805993121564,-0.2707924566029718,2.0254957507082154,-0.98,0.1454744325950232,0.56216,1.119047619047619
0.25604469,,1.0,3.3452133722564548,0,0,0,1,0,0,0,0.3629032258064517,0.0,2.139293701085142,1.2712298636539734,-1.045325779036827,0.0,0.5622094613070823,0.0,-0.5714285714285715
1.032,1.46,1.0,0.0404578787697442,0,0,0,1,0,0,0,7.377151677419354,267.97891922,-0.3063329566756473,-0.3997150605496332,0.238243626062323,0.3099999999999998,-1.968936286573694,-1.18923,2.542857142857143
0.28013252,,1.0,0.3047837820743183,0,0,0,1,0,0,0,0.5806451612903226,0.0,-0.1656185101802126,-0.2234525163402776,-0.3569405099150141,0.0,-1.1386382280557834,0.0,1.0476190476190477
0.11865486,,1.0,1.0740699816146284,0,0,0,1,0,0,0,-0.8790322580645159,0.0,0.1717562830708101,0.0709849157054125,-0.6770538243626062,0.0,-0.3828274541974296,0.0,0.0
0.80944319,0.23314467,1.0,1.311905748051729,0,0,0,1,0,0,0,5.365349233870966,-121.950555,0.249661311537703,0.2059562343002111,-0.0359773371104817,-0.78,0.6026797921793821,0.33479,0.3
0.08386133,,1.0,0.0455486725884892,0,0,0,1,0,0,0,-1.193548387096774,0.0,-0.3483398092926632,0.0,0.8753541076487252,0.0,-2.360404703308723,0.0,0.0
0.727,0.257,1.0,0.5885393976388464,0,0,0,1,0,0,0,4.612903225806451,-114.350555,-0.0641864574498308,-0.0799830036117325,0.6430594900849859,-0.5010000000000001,0.0371889526934645,0.08643,2.185714285714286
1.49,4.01,0.7,0.1463028335949287,0,0,1,0,0,0,0,11.516129032258062,1078.389445,-0.2532815122389981,-0.2839396628216504,1.951841359773371,0.28,0.7361225047853431,0.0,-2.2857142857142856
,1.86,1.0,8.090279702502203,0,0,0,1,0,0,0,0.0,395.113245,39.1914020674337,12.978242123548746,0.0,0.0,-0.7722176647525294,0.0,1.0952380952380951
1.199,0.617,1.0,0.1593518687025599,0,0,0,1,0,0,0,8.88676693548387,0.0505550000000027,-0.2473655808646914,-0.2744416811427572,1.9575070821529743,-0.8860000000000001,0.6300246103363413,0.0,1.3333333333333337
0.28354361,,1.0,0.3254614178623271,0,0,0,1,0,0,0,0.6114841451612902,0.0,-0.2416963172804588,0.0,0.0,0.0,0.0787530762920426,0.0,0.4285714285714286
0.24355471,,1.0,4.460836675984768,0,0,0,1,0,0,0,0.25,0.0,4.855945226465943,2.1645400352425117,-1.4787535410764872,0.0,-0.4834563850150396,0.0,0.6666666666666666
,7.58,1.0,10.23351883352294,0,0,0,1,0,0,0,0.0,2213.08877006,164.8356956649367,27.045252883762203,0.0,0.0,0.0,0.0,0.0
1.67,0.984,1.0,0.0711488828945939,0,0,0,1,0,0,0,13.144379032258064,116.69416499999996,-0.2928497424498111,-0.3469262781658897,3.4674220963172804,-1.0670000000000002,0.375170905113481,0.0,-0.4761904761904761
1.01882591,,1.0,0.123871292909562,0,0,0,1,0,0,0,7.258064516129031,0.0,-0.2646822426647611,-0.2994363697714235,1.7620396600566572,0.0,0.7897183483729833,0.0,1.0952380952380951
0.28102466,,1.0,5.973642381325181,0,0,0,1,0,0,0,0.5887096774193548,0.0,12.28817781656236,4.552032693052726,-1.69971671388102,0.0,-0.2996992070002734,0.0,0.9523809523809524
0.07748261,,1.0,0.1955403333586458,0,0,0,1,0,0,0,-1.2512075564516123,0.0,-0.2949132833064943,0.0,0.0,0.0,-0.9373803664205632,0.0,-0.1904761904761904
1.24,0.95,1.0,0.2742407922333349,0,0,0,1,0,0,0,9.25806451612903,105.879445,-0.1965614567856383,-0.2086556606721072,1.9235127478753544,-0.665,0.3653267705769756,0.53187,1.1428571428571428
0.16772265,,1.0,0.1514113713453093,0,0,0,1,0,0,0,-0.4354838709677419,0.0,-0.2413861030519738,-0.2989364759988502,0.7478753541076487,0.0,-0.1421930544161881,0.0,0.0
0.18512515,0.01321468,1.0,0.4238449727770398,0,0,0,1,0,0,0,-0.2781740161290323,-191.850555,-0.1196184722544767,-0.1639651574040516,-0.1616147308781868,1.25,-0.5359584358764015,-0.38542,0.5952380952380952
0.1302527,,1.0,0.2408072745985475,0,0,0,1,0,0,0,-0.7741935483870966,0.0,-0.2000544951933747,-0.2454478423335041,0.405099150141643,0.0,0.0546896363139185,0.0,-1.0476190476190477
0.15567847,0.02778215,1.0,0.0200787305487174,0,0,0,1,0,0,0,-0.5443548387096772,-187.220555,-0.3300335680002319,-0.418311108889361,3.7308781869688383,7.82,0.4386108832376265,0.16549,-0.0952380952380952
,,1.0,6.698317374724039,0,0,0,1,0,0,0,0.0,0.0,18.58248973806114,6.479623080095478,0.0,0.0,-0.7744052502050861,1.69123,0.761904761904762
0.17396765,,1.0,0.435972556789669,0,0,0,1,0,0,0,-0.379032258064516,0.0,-0.1238244414395981,-0.1449691940462651,0.5127478753541076,0.0,0.0426579163248564,0.0,2.0000000000000004
0.11981464,0.00943906,0.5,0.0248211644881978,0,0,0,0,0,1,0,-0.868548387096774,-193.050555,-0.3150013900193196,-0.4332579326893034,-0.2974504249291784,5.46,-2.500410172272354,-1.88963,-0.6190476190476191
0.17396765,,1.0,0.4822034969282411,0,0,0,1,0,0,0,-0.379032258064516,0.0,-0.0995428507311512,-0.1339715310496519,0.121813031161473,0.0,0.2821985233798195,0.0,-1.0476190476190477
0.14987982,,1.0,0.5164774474942274,0,0,0,1,0,0,0,-0.596774193548387,0.0,-0.0903991242650233,-0.1129759926015722,0.3597733711048159,0.0,0.5250205086136177,0.0,-0.380952380952381
0.26764253,,1.0,1.653095537152229,0,0,0,1,0,0,0,0.4677419354838709,0.0,0.5012149920822778,0.2809403001862104,-0.9688385269121812,0.0,-0.5545529122231337,0.0,0.0
0.22125078,0.02045118,0.9,0.8027616534978019,0,0,0,0,1,0,0,0.0483870967741935,-189.550555,-0.0206777167581582,0.0699851281602659,-0.5413597733711049,0.0,-0.6584632212195789,0.0,0.0
,2.09,1.0,3.207890408811928,0,0,0,1,0,0,0,0.0,468.21081563,0.0,10.178836997138108,0.0,0.0,0.0,0.0,0.0
,,1.0,4.739267418495029,0,0,0,1,0,0,0,0.0,0.0,5.436204051502845,2.6804304085381854,0.0,0.0,-0.9887886245556468,0.0,-1.6666666666666663
0.19894762,,1.0,0.7150378839052217,0,0,0,1,0,0,0,-0.1532258064516128,0.0,0.0392315564178616,-0.0939800292437856,-1.0878186968838528,0.0,-1.831009023789992,0.0,-0.8571428571428573
0.20608475,,1.0,1.527200817814682,0,0,0,1,0,0,0,-0.0887096774193547,0.0,0.3594195947429763,0.2979366884537035,-0.2407932011331444,0.0,0.6978397593656002,0.0,0.761904761904762
0.16317273,,1.0,0.4220172320743606,0,0,0,1,0,0,0,-0.4766129032258063,0.0,-0.113850596301754,-0.1740130222327755,-0.254957507082153,0.0,-0.7076838939021055,0.0,-0.380952380952381
,0.01749372,1.0,3.5627441519145573,0,0,0,1,0,0,0,0.0,-190.490555,0.0,14.927827836584724,0.0,0.0,0.0,0.0,0.0
,7.49,1.0,4.0513880968944855,0,0,0,1,0,0,0,0.0,2184.399445,3.4577746628780943,1.9005961233237936,0.0,0.0,-0.0350013672409078,0.0,0.0380952380952381
0.20769061,0.03058254,1.0,0.6798504399737765,0,0,0,1,0,0,0,-0.0741935483870968,-186.330555,-0.0495818309032064,-0.0104977692240399,0.3399433427762039,1.82,0.6475252939567951,0.0,-0.2857142857142857
,,1.0,0.8173581350322328,0,0,0,1,0,0,0,0.0,0.0,0.0327987106935174,0.0039991501805866,0.0,0.0,-0.0010937927262783,0.0917,1.7285714285714289
0.27031896,,1.0,0.5143508337317807,0,0,0,1,0,0,0,0.4919354838709676,0.0,-0.0785199561058843,-0.1319719559593586,-0.0821529745042493,0.0,-0.4003281378178835,0.0,0.4761904761904762
0.805,0.162,1.0,0.5057772179827593,0,0,0,1,0,0,0,5.322580645161289,-144.63055500000002,-0.1001824735707197,-0.1089768424209855,1.0988668555240797,-0.9200000000000002,0.5961170358217118,0.25783,0.0
,0.124,1.0,3.326161917068986,0,0,0,1,0,0,0,0.0,-156.63983253,0.0,11.578539560343426,0.0,0.0,0.0,0.0,0.0
,2.106,1.0,9.193543897670953,0,0,0,1,0,0,0,0.0,473.29607014,84.96715585908106,18.34210230326056,0.0,0.0,0.1695378725731474,0.0,1.0
1.118,2.3,0.7,5.158425664714484,0,0,1,0,0,0,0,8.15322580645161,535.949445,7.008159481142461,3.3202944374320458,-1.396600566572238,0.73,0.5676784249384742,0.0,0.4761904761904762
1.10166148,0.28128386,1.0,0.6716128778790345,0,0,0,1,0,0,0,8.006856693548386,-106.650555,-0.0495544866027834,-0.0189959633577864,1.1007082152974503,-1.07,0.505332239540607,0.7219099999999999,1.6761904761904765
0.18913406,,1.0,2.976881896323769,0,0,0,1,0,0,0,-0.2419354838709675,0.0,1.6043857732157132,1.0307809590462025,-0.8923512747875354,0.0,0.6879956248290949,0.0,0.0
0.1302527,,1.0,3.269995582543287,0,0,0,1,0,0,0,-0.7741935483870966,0.0,2.051831982055683,1.1967456915405477,-1.0254957507082152,0.0,0.555646704949412,0.0,-1.142857142857143
0.10170416,,1.0,0.8290837445539266,0,0,0,1,0,0,0,-1.0322580645161288,0.0,0.0346954873357383,0.0124973443143332,0.28328611898017,0.0,0.4692370795734208,0.0,0.380952380952381
0.12668413,,1.0,0.2590874976897007,0,0,0,1,0,0,0,-0.8064516129032256,0.0,-0.176093116033261,-0.2599447617381306,-0.4645892351274787,0.0,-1.2906754170084769,0.0,-2.6666666666666665
0.46391373,,1.0,4.087682080263636,0,0,0,1,0,0,0,2.2419354838709675,0.0,3.7109194929074696,1.8356099328892608,-1.405099150141643,0.0,-0.0809406617445994,0.0,0.0
0.16950694,,1.0,1.2127398928496622,0,0,0,1,0,0,0,-0.4193548387096774,0.0,0.2413593317670668,0.1209742929627454,-0.5864022662889519,0.0,-0.2242275088870659,0.0,0.0
,0.018,1.0,3.862133976387798,0,0,0,1,0,0,0,0.0,-190.250555,0.0,20.47664871214867,0.0,0.0,0.0,0.0,0.0
0.11508629,,1.0,0.1580861713259961,0,0,0,1,0,0,0,-0.9112903225806448,0.0,-0.2462086016345445,-0.2789407250959171,1.4419263456090652,0.0,0.5064260322668854,0.0,0.0
0.05049522,,0.5,0.0363704809411012,0,0,0,0,0,1,0,-1.4951612903225804,0.0,-0.3059124012696535,-0.412762288013797,-0.1501416430594901,0.0,-2.2882143833743505,-1.58931,0.8095238095238095
,1.08,1.0,2.8113960707028225,0,0,0,1,0,0,0,0.0,147.20412456,0.0,6.529612457352813,0.0,0.0,0.0,0.0,0.0
,,0.5,0.992887050877622,0,0,0,0,0,1,0,0.0,0.0,0.2476238648253056,-0.0634815101790869,0.0,0.0,-2.4008750341810225,-2.02865,0.5238095238095238
0.29797535,,1.0,0.4748176963788751,0,0,0,1,0,0,0,0.7419354838709675,0.0,-0.0915661479660095,-0.152467600634865,-0.1869688385269121,0.0,-0.5151763740771124,0.0,-0.2857142857142857
0.71549771,,1.0,0.1795779942404639,0,0,0,1,0,0,0,4.516129032258063,0.0,-0.2323893917714341,-0.2724421060524639,0.8895184135977338,0.0,0.3817336614711512,0.0,-0.4761904761904761
1.64,0.88,1.0,0.1496834204659856,0,0,0,1,0,0,0,12.873193548387096,83.63984500000001,-0.2524333510441018,-0.2799405126410638,2.86685552407932,-1.0870000000000002,0.5173639595296692,0.64596,0.0
0.13649769,,1.0,0.9578385815474092,0,0,0,1,0,0,0,-0.7177419354838708,0.0,0.1172183918541916,0.0284939450366796,-0.121813031161473,0.0,0.1793820071096527,0.0,-1.7142857142857142
,23.6,0.3,13.437321551630854,1,0,0,0,0,0,0,0.0,7304.699850200001,1014.6930164885766,109.9576340027744,0.0,0.0,0.0,0.0,-1.142857142857143
0.41573807,,1.0,0.843778242766009,0,0,0,1,0,0,0,1.8064516129032255,0.0,0.0451429565819303,0.0124973443143332,-0.0198300283286118,0.0,0.5753349740224227,0.0,-0.8571428571428573
,,0.7,6.862046362888488,0,0,1,0,0,0,0,0.0,0.0,19.41418082984071,7.37943187072747,0.0,0.0,0.5665846322121958,0.0,-1.9047619047619049
0.20786903,,1.0,2.2270946536857434,0,0,0,1,0,0,0,-0.0725806451612901,0.0,0.8750092180412578,0.5748778384593273,-0.6940509915014165,0.0,0.555646704949412,0.0,-1.238095238095238
0.1623698,,1.0,0.0393010871616656,0,0,0,1,0,0,0,-0.4838709677419353,0.0,-0.312560143267541,-0.3889173550620493,1.773371104815864,0.0,0.0032813781788351,0.0,0.761904761904762
0.17485979,,1.0,2.298294285361228,0,0,0,1,0,0,0,-0.3709677419354837,0.0,0.9000592167282607,0.6418636039841532,-0.3087818696883853,0.0,0.9855072463768116,0.0,-1.238095238095238
0.12757627,,1.0,0.6193963513154093,0,0,0,1,0,0,0,-0.7983870967741934,0.0,-0.0526781120579217,-0.0664858717522526,0.3937677053824363,0.0,0.7076838939021055,0.0,-0.1904761904761904
0.18288907,,1.0,0.7401090645751931,0,0,0,1,0,0,0,-0.2983870967741935,0.0,0.0028364225474631,-0.0284939450366796,-0.0424929178470254,0.0,0.3653267705769756,0.0,-0.380952380952381
,0.01519688,1.0,2.8377100355327274,0,0,0,1,0,0,0,0.0,-191.220555,0.0,6.729569966382144,0.0,0.0,0.0,0.0,0.0
,,1.0,0.2522672453176593,0,0,0,1,0,0,0,0.0,0.0,-0.2010492488193833,-0.2289513478385842,0.0,0.0,0.0562537599124969,0.0,1.5242857142857142
0.17039908,,1.0,1.6878203418099198,0,0,0,1,0,0,0,-0.4112903225806451,0.0,0.4697580676184998,0.3474261719384631,-0.4475920679886686,0.0,0.5468963631391851,0.0,0.0
,1.89,1.0,2.385796555503014,0,0,0,1,0,0,0,0.0,404.949445,0.0,3.9301648399715057,0.0,0.0,0.0,0.0,0.0
0.3061293,0.0169903,1.0,1.2419745155674249,0,0,0,1,0,0,0,0.8156430564516127,-190.650555,0.2477900065811989,0.1409700438656785,-0.6323796033994334,-0.6000000000000001,-0.3981405523653267,-0.27416,0.8952380952380953
0.422,0.081,0.9,0.2303608507181699,0,0,0,0,1,0,0,1.862903225806452,-170.307555,-0.2029950065004735,-0.2539460364672507,0.1898016997167138,0.0,-0.8717528028438611,-0.55813,1.5714285714285716
1.322,1.443,1.0,0.3463673693456175,0,0,0,1,0,0,0,9.998606846774193,262.5758363,-0.1747993752881439,-0.1589662196783184,2.4220963172804533,-0.55,1.392398140552365,0.0,0.0
0.2497997,,1.0,0.8534219536463488,0,0,0,1,0,0,0,0.3064516129032256,0.0,0.0653834181008717,-0.0039991501805866,-0.093484419263456,0.0,0.0,0.0,0.0
0.10973325,,1.0,0.4603062599432214,0,0,0,1,0,0,0,-0.9596774193548384,0.0,-0.178641018654187,0.0,0.0,0.0,-0.5961170358217118,0.0,0.0
,4.47,1.0,10.545079299089776,0,0,0,1,0,0,0,0.0,1224.64242429,208.3455823876413,29.274779109439244,0.0,0.0,0.0,0.0,0.0
0.08921418,,1.0,0.7552446802132046,0,0,0,1,0,0,0,-1.1451612903225803,0.0,0.0245699885008197,-0.0424909706687329,0.0424929178470254,0.0,0.2132895816242822,0.0,-1.7142857142857142
0.19894762,,1.0,1.315572808645999,0,0,0,1,0,0,0,-0.1532258064516128,0.0,0.4971564050418811,0.0,-0.9036827195467422,0.0,-0.5151763740771124,0.0,0.2380952380952381
,,1.0,0.0778531060908086,0,0,0,1,0,0,0,0.0,0.0,-0.2850680581481942,-0.348925853256183,0.0,0.0,0.0,0.0,0.0
,,0.9,7.226507801821615,0,0,0,0,1,0,0,0.0,0.0,22.95476184378265,9.129060074734118,0.0,0.0,-1.3092698933552092,0.0,0.0
0.13738983,,1.0,2.287863579641376,0,0,0,1,0,0,0,-0.7096774193548385,0.0,0.8854894262506341,0.6418636039841532,-0.5609065155807366,0.0,0.8673776319387476,0.0,-0.380952380952381
,,0.5,0.8175461669147704,0,0,0,0,0,1,0,0.0,0.0,0.1097759779244071,-0.0809827911568791,0.0,0.0,-2.299152310637134,-1.6721,-0.1428571428571428
0.31938676,,1.0,1.2088082708658046,0,0,0,1,0,0,0,0.935483870967742,0.0,0.2384538673986757,0.1204743991901721,-0.6487252124645893,0.0,-0.3642329778506973,0.0,-0.0952380952380952
0.19627119,,1.0,1.0655538814462249,0,0,0,1,0,0,0,-0.1774193548387094,0.0,0.178639672886318,0.0559881025282127,-0.6685552407932012,0.0,-0.5315832649712879,0.0,0.0
0.12489985,,1.0,0.0384730559386147,0,0,0,1,0,0,0,-0.8225806451612901,0.0,-0.3051891047725593,-0.4079133184198358,-0.2294617563739376,0.0,-2.055236532677058,0.0,-0.8571428571428573
0.27210324,,1.0,0.3105527465300881,0,0,0,1,0,0,0,0.5080645161290321,0.0,-0.174658381578804,-0.2024569778921979,0.3087818696883853,0.0,-0.1443806398687449,0.0,2.380952380952381
,12.803,1.0,12.966788554344433,0,0,0,1,0,0,0,0.0,3873.10653982,835.6866866905737,83.26830548508441,0.0,0.0,0.0,0.0,0.0
1.466,2.18,1.0,0.1115880849210393,0,0,0,1,0,0,0,11.300317741935482,496.818845,-0.2716580969161724,-0.3074346701325968,2.915014164305949,-0.4700000000000001,1.0817610062893082,0.0,-0.2714285714285714
0.1900262,0.00906149,0.5,1.088066433331098,0,0,0,0,0,1,0,-0.2338709677419354,-193.170555,0.2525947253109021,0.0044990439531599,-1.2946175637393769,0.27,-2.1427399507793274,-1.51073,-0.8333333333333335
0.27656395,,1.0,2.297707332883018,0,0,0,1,0,0,0,0.5483870967741936,0.0,0.948957898533304,0.5978729519977004,-0.7110481586402266,0.0,0.4911129340989882,0.0,-1.619047619047619
0.912,0.237,1.0,0.2296627156302885,0,0,0,1,0,0,0,6.29274193548387,-120.727555,-0.2070692843428853,-0.2479473111963707,0.6062322946175638,-0.94,-0.298605414273995,-0.24113,1.0
0.1025963,,1.0,0.3432691340199781,0,0,0,1,0,0,0,-1.0241935483870963,0.0,-0.1318311489998317,-0.2289513478385842,-0.8356940509915014,0.0,-1.7861635220125789,0.0,-1.619047619047619
1.619,1.99,1.0,0.1289606768535821,0,0,0,1,0,0,0,12.683338508064514,436.42797493,-0.2738453691769419,-0.2662934126498119,7.201133144475921,-0.7080130000000001,2.6502597757724917,0.0,1.4761904761904765
0.563,0.12,0.9,0.1202642551504638,0,0,0,0,1,0,0,3.137634677419354,-157.910955,-0.258741269562837,-0.3183323543746953,0.773371104815864,-0.5000000000000001,-0.6475252939567951,-0.40728,1.2857142857142858
0.74,0.243,1.0,0.1528062629025415,0,0,0,1,0,0,0,4.737617516129031,-118.8182521,-0.2341427678099416,-0.3092342877138608,-0.28328611898017,-0.5870000000000001,-1.8725731473885696,-1.09807,2.70952380952381
0.14631125,,1.0,0.0205512822480348,0,0,0,1,0,0,0,-0.629032258064516,0.0,-0.3268761376093308,-0.4249097066873289,1.6572237960339944,0.0,-0.6289308176100629,0.0,-0.761904761904762
0.23017258,,1.0,0.6787704966838968,0,0,0,1,0,0,0,0.1290322580645162,0.0,-0.0146396813438305,-0.062486721571666,0.2804532577903683,0.0,0.4025157232704403,0.0,-1.523809523809524
0.40459522,,1.0,5.028982976127871,0,0,0,1,0,0,0,1.7057258064516123,0.0,47.51523877164438,0.0,-2.1926345609065154,0.0,-2.5179108558928083,0.0,0.0
0.31849462,0.02517081,1.0,0.1602035658108189,0,0,0,1,0,0,0,0.9274193548387094,-188.050555,-0.308230982491693,0.0,2.575070821529745,-0.43,0.510801203171999,0.0,1.523809523809524
0.31135748,0.06418558,1.0,1.1968589619037862,0,0,0,1,0,0,0,0.8629032258064517,-175.650555,0.2090350680976658,0.1419698314108252,-0.1671388101983003,1.3199999999999998,0.2264150943396226,-0.00699,-0.0857142857142857
,,1.0,2.989713881811878,0,0,0,1,0,0,0,0.0,0.0,1.7909723952820835,0.915805391354337,0.0,0.0,0.0,0.0,0.0
0.18378121,,1.0,1.2139109559952352,0,0,0,1,0,0,0,-0.2903225806451611,0.0,0.2947879821673316,0.0699851281602659,-1.274787535410765,0.0,-1.8419469510527755,0.0,-0.6190476190476191
1.217,0.82,1.0,0.1167906893769762,0,0,0,1,0,0,0,9.049459282258065,64.56873873999999,-0.2651771670041007,-0.3116837671994701,1.7563739376770535,-0.7670000000000001,0.2121957888980038,0.10569,1.0047619047619047
,2.43,1.0,11.92272118243884,0,0,0,1,0,0,0,0.0,576.27247401,428.5800029903739,56.96889411000162,0.0,0.0,0.4200164068908942,0.0,0.0476190476190476
,,1.0,6.222997250874244,0,0,0,1,0,0,0,0.0,0.0,14.115915650279582,5.169901395953358,0.0,0.0,-0.0240634399781241,0.0,1.1142857142857143
,,0.5,0.0666761472859646,0,0,0,0,0,1,0,0.0,0.0,-0.2851901923124595,-0.3739205418848494,0.0509915014164305,0.0,-1.820071096527208,-1.17913,0.4761904761904762
1.54,0.634,0.7,0.1656389994617353,0,0,1,0,0,0,0,11.969217967741937,5.452655039999996,-0.2431971140061356,-0.2728420210705225,2.7308781869688383,-1.115,0.455017774131802,0.63218,0.3523809523809523
,,1.0,5.8673175543651,0,0,0,1,0,0,0,0.0,0.0,11.172580522717936,4.480047989802166,0.0,0.0,-0.020782061799289,0.0,-0.2857142857142857
0.13292913,,1.0,0.8771475105919011,0,0,0,1,0,0,0,-0.7499999999999998,0.0,0.0646179964172351,0.0184960695852131,-0.2181303116147308,0.0,0.2767295597484276,0.0,-0.5714285714285715
1.44,0.514,0.7,0.1993677350227517,0,0,1,0,0,0,0,11.065290322580642,-32.685935,-0.2305577961025696,-0.2462976617468787,2.6005665722379603,-1.097,0.9111293409898824,0.0,0.8571428571428571
0.13480239,0.01371803,1.0,0.3658417518783712,0,0,0,1,0,0,0,-0.7330645161290321,-191.690555,-0.1415427335148681,-0.1924591024407313,-0.0821529745042493,5.62,-0.9603500136724092,-0.55054,0.6190476190476191
0.206,0.026,1.0,0.287509815441394,0,0,0,1,0,0,0,-0.0887096774193547,-187.750555,-0.1862646954007382,-0.2104552782533711,1.3286118980169972,1.99,0.2362592288761279,0.22087,0.6666666666666666
0.90641605,1.01,1.0,7.609926594355614,0,0,0,1,0,0,0,6.241935483870967,124.95613607,34.713107356569374,8.894110001624654,-1.91671388101983,0.3499999999999998,-0.7579983593109105,-0.5122300000000001,0.1904761904761905
0.14809554,0.01919275,1.0,0.2035472708582563,0,0,0,1,0,0,0,-0.6129032258064515,-189.950555,-0.2918296739806183,0.0,0.4419263456090651,5.67,-1.1834837298331966,0.0,0.4761904761904762
1.53,0.84,0.7,0.0688117400436419,0,0,1,0,0,0,0,11.878846774193546,70.92664499999998,-0.2958218239649041,-0.3454265968481697,3.368271954674221,-1.02,0.4736122504785343,0.0,1.3333333333333337
0.36220956,,1.0,3.115453808380417,0,0,0,1,0,0,0,1.3225806451612898,0.0,1.8338454063653216,1.086269167801842,-0.8923512747875354,0.0,0.4506426032266885,0.0,-0.6666666666666667
0.20876118,,1.0,0.0393039302291059,0,0,0,1,0,0,0,-0.0645161290322581,0.0,-0.3133213281726836,-0.3869177799717559,3.1614730878186967,0.0,0.7929997265518184,0.0,-0.761904761904762
0.23552543,,1.0,0.6787952900081933,0,0,0,1,0,0,0,0.1774193548387098,0.0,-0.0130889576125268,-0.0644862966619593,-0.0878186968838526,0.0,0.2307902652447361,0.0,-1.523809523809524
0.14952296,0.01447322,1.0,0.2198649248876489,0,0,0,1,0,0,0,-0.5999999999999999,-191.450555,-0.2854685141345117,0.0,1.2634560906515582,3.67,-0.1553185671315285,0.0,0.3333333333333333
0.27477967,,1.0,2.340342582796443,0,0,0,1,0,0,0,0.532258064516129,0.0,1.0261697059264498,0.5868752890010872,-0.9320113314447592,0.0,-0.1903199343724364,0.0,-0.5714285714285715
0.09189045,,1.0,0.248341764067275,0,0,0,1,0,0,0,-1.1209677419354835,0.0,-0.2741156032942828,0.0,0.0,0.0,0.0,0.0,0.0
1.026,12.74,1.0,3.1690904456365034,0,0,0,1,0,0,0,7.322914677419353,3853.08335018,1.897849612137324,1.1307597135608682,-0.8322946175637392,0.0,0.1968826907301066,0.14081,0.761904761904762
,0.03822818,0.7,3.212364302647247,0,0,1,0,0,0,0,0.0,-183.900555,0.0,10.22882637439544,0.0,0.0,0.0,0.0,0.0
0.13114462,,1.0,0.2882254248091493,0,0,0,1,0,0,0,-0.7661290322580644,0.0,-0.1795117239166695,-0.220953047477411,0.0,0.0,-0.1487558107738583,0.0,0.0
1.02,2.43,1.0,0.1601691694727342,0,0,0,1,0,0,0,7.266129032258063,576.2394449999999,-0.2396587068493426,-0.2884387067748103,2.308781869688385,1.4899999999999998,0.1782882143833743,0.0,0.0
0.27086979,0.03146352,1.0,0.5846226346334058,0,0,0,1,0,0,0,0.4969147499999999,-186.050555,-0.045859849548774,-0.1089768424209855,-0.4895750708215299,0.5999999999999999,-0.8455017774131802,-0.54988,0.4142857142857143
,8.25,1.0,7.817705955110093,0,0,0,1,0,0,0,0.0,2426.03380275,83.46094364562198,4.330079858030168,-1.3767705382436262,0.0,-5.646158053048947,0.0,0.0
,,1.0,5.657417334138649,0,0,0,1,0,0,0,0.0,0.0,9.371674287883785,4.280090480772835,0.0,0.0,-0.5917418649165983,0.0,-0.3333333333333333
,2.14,1.0,4.626113047832456,0,0,0,1,0,0,0,0.0,484.10223597999993,0.0,45.07142232275641,0.0,0.0,0.0,0.0,0.0
,,1.0,6.847718609287973,0,0,0,1,0,0,0,0.0,0.0,20.03631196148685,7.029506229926141,0.0,0.0,-0.5458025704129068,1.27484,-0.9047619047619048
0.14916611,0.01516542,0.5,0.5156833717795913,0,0,0,0,0,1,0,-0.6032258064516128,-191.230555,-0.000828786721707,-0.2139545346613844,-1.3739376770538243,4.27,-2.616352201257861,-2.12803,-0.2380952380952381
0.27924038,,1.0,4.627995107523389,0,0,0,1,0,0,0,0.5725806451612901,0.0,5.291967152927386,2.4134871339840283,-1.2322946175637397,0.0,0.286573694284933,0.0,-1.142857142857143
0.09902774,,1.0,0.3209854202822644,0,0,0,1,0,0,0,-1.0564516129032255,0.0,-0.1585349346437191,-0.2159541097516777,-0.2039660056657223,0.0,-0.7853431774678699,0.0,-0.0952380952380952
0.29529893,,1.0,0.4266190334276932,0,0,0,1,0,0,0,0.717741935483871,0.0,-0.0311941755662632,-0.2564455053301173,-0.9546742209631728,0.0,-2.1996171725458025,0.0,0.5714285714285715
0.11687057,,1.0,0.1643699448114306,0,0,0,1,0,0,0,-0.8951612903225804,0.0,-0.2330475485195455,-0.2939375382731169,0.3172804532577903,0.0,-0.4495488105004102,0.0,0.0
0.11062558,,1.0,0.0359098055045601,0,0,0,1,0,0,0,-0.9516129032258064,0.0,-0.3155329386289919,-0.3929165052426359,2.5155807365439093,0.0,0.5129887886245557,0.0,-0.5714285714285715
0.13560555,,1.0,0.2380049689869531,0,0,0,1,0,0,0,-0.725806451612903,0.0,-0.1717632037884934,-0.2889386005473837,-1.0509915014164306,0.0,-2.2532130161334427,0.0,-0.2380952380952381
0.19894762,,1.0,2.363817149428242,0,0,0,1,0,0,0,-0.1532258064516128,0.0,0.9477240389574078,0.6838546808803129,-0.5552407932011332,0.0,0.3062619633579436,0.0,1.3333333333333337
0.07850848,,1.0,0.1683579404235355,0,0,0,1,0,0,0,-1.2419354838709675,0.0,-0.2347520237740997,-0.2849394503667971,0.5892351274787535,0.0,-0.0371889526934645,0.0,-0.5714285714285715
0.15523267,,1.0,2.008886687484136,0,0,0,1,0,0,0,-0.5483870967741934,0.0,0.746467679409925,0.4334079008210755,-0.7875354107648725,0.0,0.0328137817883511,0.0,-1.523809523809524
0.241,0.0347,1.0,0.1242771690950484,0,0,0,1,0,0,0,0.2258064516129033,-185.050555,-0.2615894841147444,-0.3053851056650462,1.9178470254957507,1.7399999999999998,0.0371889526934645,0.08643,2.185714285714286
0.43358091,,1.0,2.4312510161748286,0,0,0,1,0,0,0,1.967741935483871,0.0,0.9731286130969564,0.7518402339502854,0.093484419263456,0.0,0.7153404429860541,0.0,-0.761904761904762
0.21867978,,1.0,0.1258115460420885,0,0,0,1,0,0,0,0.0251431290322582,0.0,-0.3207484783761208,0.0,0.1294334277620398,0.0,-2.065080667213563,0.0,0.0
,,1.0,6.673131076471659,0,0,0,1,0,0,0,0.0,0.0,17.5477874349023,6.699576340027743,0.0,0.0,0.4987694831829368,0.0,0.0
0.18199692,,1.0,1.3659151503566564,0,0,0,1,0,0,0,-0.3064516129032256,0.0,0.2850211422572445,0.2184535786145443,-0.2237960339943343,0.0,0.7656549083948592,0.0,-0.761904761904762
0.10616487,,1.0,0.0602118053542195,0,0,0,1,0,0,0,-0.9919354838709676,0.0,-0.289678495443301,-0.3804191609283027,0.0113314447592068,0.0,-1.580530489472245,0.0,-1.7142857142857142
0.1025963,,1.0,0.090949318290896,0,0,0,1,0,0,0,-1.0241935483870963,0.0,-0.2773907831674645,-0.3369284027144231,1.6062322946175638,0.0,0.5589280831282472,0.0,-1.809523809523809
0.14006626,,1.0,0.4169941724962397,0,0,0,1,0,0,0,-0.6854838709677417,0.0,-0.1334820640029501,-0.1499681317719984,0.6657223796033994,0.0,0.8356576428766749,0.0,-1.0476190476190477
0.11151772,,1.0,1.865916080814932,0,0,0,1,0,0,0,-0.943548387096774,0.0,0.7826450958713044,0.2614444430558505,-1.5495750708215297,0.0,-2.014766201804758,0.0,-2.2857142857142856
0.83236828,,1.0,5.079969553066891,0,0,0,1,0,0,0,5.572580645161289,0.0,6.654317698017115,3.207818338603047,-1.1926345609065157,0.0,1.028165162701668,0.0,-0.6666666666666667
0.232849,,1.0,0.7776189983508448,0,0,0,1,0,0,0,0.1532258064516128,0.0,0.0179284698443609,-0.0134971318594799,0.4249291784702549,0.0,-0.0076565490839485,0.0,0.8571428571428571
,3.4,0.5,9.406929658901149,0,0,0,0,0,1,0,0.0,884.5660287999999,112.53738811413618,17.127360435907367,0.0,0.0,-2.22805578342904,0.0,0.0
0.1496667,0.02831717,1.0,0.2345751234391505,0,0,0,1,0,0,0,-0.598700637096774,-187.050555,-0.2044962482136282,-0.2459477361060774,0.3939943342776205,9.67,-0.0918785890073831,-0.20895,0.1761904761904762
0.15969338,,1.0,0.3649835561585383,0,0,0,1,0,0,0,-0.5080645161290321,0.0,-0.1593214501745304,-0.1649649449491983,1.3172804532577904,0.0,1.1364506426032266,0.0,-0.6666666666666667
0.17307551,,1.0,2.586080263773057,0,0,0,1,0,0,0,-0.3870967741935483,0.0,1.186151872460286,0.778334603896672,-0.8158640226628895,0.0,0.5009570686354936,0.0,-0.1904761904761904
,,1.0,7.4139341231711455,0,0,0,1,0,0,0,0.0,0.0,28.20915040669084,8.97909194296212,0.0,0.0,-0.5895542794640416,1.30103,-0.8095238095238096
0.11687057,,1.0,0.4432899819520204,0,0,0,1,0,0,0,-0.8951612903225804,0.0,-0.1344390755527013,-0.1194746116450254,1.6628895184135977,0.0,0.6059611703582172,0.0,0.7142857142857143
,,1.0,8.448499810791706,0,0,0,1,0,0,0,0.0,0.0,52.60651389035067,13.9030456028094,0.0,0.0,0.5972108285479901,0.0,1.523809523809524
0.14185054,,1.0,1.76118711803356,0,0,0,1,0,0,0,-0.6693548387096772,0.0,0.49598672647815,0.3994151242860891,-0.2492917847025495,0.0,0.9822258681979764,0.0,-0.1904761904761904
,,0.7,10.346001144419846,0,0,1,0,0,0,0,0.0,0.0,165.38579056028698,30.22457727732857,0.0,0.0,0.4976756904566584,0.35687,1.238095238095238
0.28013252,,1.0,0.967160037673886,0,0,0,1,0,0,0,0.5806451612903226,0.0,0.0706515223631707,0.0964794981066523,0.9660056657223796,0.0,0.189226141646158,0.0,1.9047619047619049
0.10643233,0.00657584,0.5,0.0047358000596545,0,0,0,0,0,1,0,-0.9895161290322578,-193.960555,-0.3460714569735683,-0.4730994663633978,0.7875354107648725,0.0,-2.3177467869838666,-1.68087,0.5714285714285715
0.15202096,0.01425297,0.9,0.1493385538128785,0,0,0,0,1,0,0,-0.5774193548387095,-191.520555,-0.2380663785897662,-0.3079345639051701,0.1699716713881019,3.69,-1.1211375444353295,0.0,-1.257142857142857
1.73,0.615,1.0,0.2398042867784774,0,0,0,1,0,0,0,13.687096774193549,-0.5935550000000092,-0.2170935850358682,-0.2149543222065311,2.71671388101983,-1.1800000000000002,0.5501777413180202,0.80487,0.0
0.54598983,0.08495107,1.0,1.357080573653903,0,0,0,1,0,0,0,2.983870967741935,-169.050555,0.2752049025158052,0.2209530474774109,0.2134560906515581,-0.68,0.4900191413727098,0.0,0.5714285714285715
,,1.0,10.03567479219167,0,0,0,1,0,0,0,0.0,0.0,141.18816391362932,25.87550145594061,0.0,0.0,0.0,0.0,0.9047619047619048
0.57364716,,1.0,5.094367847413268,0,0,0,1,0,0,0,3.2338709677419346,0.0,6.818374869304476,3.1758251371583537,-1.4107648725212465,0.0,0.5315832649712879,0.0,0.4285714285714286
,8.2,1.0,8.115700184060474,0,0,0,1,0,0,0,0.0,2410.1423824000003,39.91176443039239,13.07822087806341,1.2436260623229465,0.0,0.0,0.0,0.0
0.12150971,0.04313648,1.0,0.2081417404695675,0,0,0,1,0,0,0,-0.8532258064516126,-182.340555,-0.2307460235136363,-0.2326005723783696,1.2181303116147308,17.630000000000003,0.6475252939567951,0.0,-0.2857142857142857
,0.046,1.0,3.3221702035222385,0,0,0,1,0,0,0,0.0,-181.43044828,0.0,11.528550183086091,0.0,0.0,0.0,0.0,0.0
0.11419415,,1.0,0.3061508738328367,0,0,0,1,0,0,0,-0.9193548387096772,0.0,-0.1738728255706602,-0.2089555969356512,0.320113314447592,0.0,0.1279737489745693,0.0,0.0
0.09991988,,1.0,0.1109653265592088,0,0,0,1,0,0,0,-1.0483870967741933,0.0,-0.2645101474741191,-0.3239311646275166,0.9971671388101984,0.0,0.2811047306535411,0.0,-2.0
1.139,3.147,1.0,0.0789102434748698,0,0,0,1,0,0,0,8.344395967741935,804.160455,-0.2860722760259023,-0.344276841171251,1.7065155807365442,1.3199999999999998,0.0109379272627837,-0.06733,1.3714285714285717
1.11,30.0,0.7,5.420856285663135,0,0,1,0,0,0,0,8.082249999999998,9338.849445,0.0,100.9595460964545,1.1019830028328612,0.0,0.0,0.0,0.1904761904761905
,,0.5,0.4334180909672934,0,0,0,0,0,1,0,0.0,0.0,0.0032311100684405,-0.2764412562330505,-1.6345609065155808,0.0,-2.7640142193054418,-2.7828,0.0
0.14452697,,1.0,1.42338758086747,0,0,0,1,0,0,0,-0.6451612903225804,0.0,0.305661757079336,0.2524463551495307,-0.0849858356940509,0.0,0.9242548537052228,0.0,-0.1904761904761904
0.47105005,0.18689236,1.0,0.2400075694384328,0,0,0,1,0,0,0,2.306451612903225,-136.650555,-0.2080311973036416,-0.2324506042465976,1.7988668555240792,0.8900000000000001,-0.1126606508066721,0.0,1.666666666666667
1.177,0.487,1.0,0.3308838997414885,0,0,0,1,0,0,0,8.687879258064516,-41.26812079000001,-0.2393213742522666,0.0,0.9830028328611898,-0.933467,-0.2023516543614985,0.0,-0.6190476190476191
1.5,20.0,1.0,4.601936559147585,0,0,0,1,0,0,0,11.596774193548386,6159.949445,0.0,43.97165602309509,2.376770538243626,0.0,2.692567678424939,0.97969,0.0
0.15434053,,1.0,0.284221960374061,0,0,0,1,0,0,0,-0.5564516129032256,0.0,-0.1796710788767914,-0.225452091430571,0.3994334277620396,0.0,-0.316106097894449,0.0,0.9523809523809524
0.31314176,,1.0,0.8044101867791242,0,0,0,1,0,0,0,0.8790322580645159,0.0,7.350053651730744e-05,0.0379919267155729,1.7308781869688386,0.0,0.8487831555920153,0.0,-0.380952380952381
,0.28,1.0,3.143058689542279,0,0,0,1,0,0,0,0.0,-107.05860104,0.0,9.478985715535448,0.0,0.0,0.0,0.0,0.0
0.2988675,,1.0,3.592631010066224,0,0,0,1,0,0,0,0.75,0.0,2.557487736332528,1.4611894972318382,-0.9716713881019832,0.0,0.7656549083948592,0.0,-0.761904761904762
1.36301421,1.39,1.0,0.0284708585939584,0,0,0,1,0,0,0,10.369354838709675,245.719445,-0.3233576458196304,-0.3997650499268905,3.968838526912181,-0.65,0.5173639595296692,0.37687,0.0
0.11062558,,1.0,0.1575368006575803,0,0,0,1,0,0,0,-0.9516129032258064,0.0,-0.2415868599875694,-0.2889386005473837,1.2039660056657224,0.0,0.2471971561389117,0.0,-0.2857142857142857
,,0.5,6.981340257255541,0,0,0,0,0,1,0,0.0,0.0,21.644029780635552,7.479410625242135,0.0,0.0,-1.796007656549084,0.0,-1.0952380952380951
0.24177042,,1.0,1.6363773553835064,0,0,0,1,0,0,0,0.2338709677419354,0.0,0.4047907223050996,0.3629228788882362,-0.0254957507082152,0.0,0.6683073557560842,0.0,2.1904761904761907
0.14809554,,1.0,0.0834185004902694,0,0,0,1,0,0,0,-0.6129032258064515,0.0,-0.2696438471161246,-0.3664221352962495,-0.5382436260623229,0.0,-2.0191413727098717,0.0,-1.238095238095238
,,0.9,11.251878053071676,0,0,0,0,1,0,0,0.0,0.0,248.3584372756192,50.17033880300436,0.0,0.0,-0.6431501230516817,1.68201,0.761904761904762
,,1.0,2.963402761438436,0,0,0,1,0,0,0,0.0,0.0,1.6752576419830902,0.9557968931602032,0.0,0.0,-0.3893902105550998,0.0,0.0
0.10054087,,1.0,0.7854692288840477,0,0,0,1,0,0,0,-1.0427736290322578,0.0,0.0134293423708549,0.0,-1.3083569405099151,0.0,-2.333059885151764,0.0,0.0
0.09010632,,1.0,0.2292984199438101,0,0,0,1,0,0,0,-1.137096774193548,0.0,-0.206188556547872,-0.2499468862866641,0.43342776203966,0.0,-0.0043751709051134,0.0,-0.4761904761904761
1.54,5.32,1.0,1.048501759099804,0,0,0,1,0,0,0,11.969241935483868,1494.805045,0.2216066683373019,0.0,0.0,0.0,1.3595843587640142,0.0,0.5238095238095238
1.286,1.18,1.0,0.06336249397926,0,0,0,1,0,0,0,9.673204838709676,178.988845,-0.2947846495090905,-0.3620230700976043,2.201133144475921,-0.644,-0.189226141646158,0.04682,1.238095238095238
0.22303506,,1.0,1.927567884675658,0,0,0,1,0,0,0,0.0645161290322581,0.0,0.6501135650684003,0.4299086444130621,-0.5552407932011332,0.0,0.298605414273995,0.0,-0.5714285714285715
,,0.5,0.6488500714841886,0,0,0,0,0,1,0,0.0,0.0,0.0569897885914209,-0.162965369858905,-1.3144475920679888,3.87,-2.3647798742138364,-1.88677,-2.095238095238096
0.44963946,,1.0,0.2853476623742806,0,0,0,1,0,0,0,2.1129032258064515,0.0,-0.1696095725483052,-0.2394491170626242,-0.1189801699716713,0.0,-0.6715887339349194,0.0,-1.9047619047619049
1.42,0.57,1.0,0.1360444672056958,0,0,0,1,0,0,0,10.884477895161288,-14.888363010000006,-0.2545895265714122,-0.2989364759988502,2.6600566572237963,-1.09,0.1126606508066721,0.0,-0.0476190476190476
1.14818647,0.71422187,1.0,0.7123887975781065,0,0,0,1,0,0,0,8.427419354838708,30.949445,-0.0159380598473278,-0.028993838809253,0.235127478753541,-0.7400000000000001,0.2493847415914684,0.0359,-0.5238095238095238
1.55054241,,1.0,1.228752030406031,0,0,0,1,0,0,0,12.064516129032254,0.0,0.121591584713988,0.2974367946811302,3.1189801699716715,0.0,0.8203445447087777,0.0,2.7619047619047623
,,1.0,13.093965960493682,0,0,0,1,0,0,0,0.0,0.0,883.7180414051794,89.46198932726796,-1.813031161473088,0.0,0.2373530216024063,0.0,0.5714285714285715
0.20965332,,1.0,0.3482341817051257,0,0,0,1,0,0,0,-0.0564516129032256,0.0,-0.1538400541476204,-0.1929589962133047,0.4447592067988669,0.0,0.0065627563576702,0.0,0.1904761904761905
1.44,13.9,0.5,7.456236231403079,0,0,0,0,0,1,0,11.065290322580642,4221.786445000001,0.0,779.3153954784608,0.0,0.0,-2.7487011211375445,-2.20313,0.0
0.11062558,0.00673319,0.5,0.0780995732253907,0,0,0,0,0,1,0,-0.9516129032258064,-193.910555,-0.2723556270665996,-0.3722708924353575,-0.2889518413597733,4.87,-1.9403882964178287,-1.4131,-1.9523809523809523
0.24537378,,1.0,0.8964839332764755,0,0,0,1,0,0,0,0.2664473790322579,0.0,0.0946686039359251,0.0,0.0,0.0,-0.4878315559201531,0.0,0.380952380952381
0.18556549,,1.0,0.9767353173573982,0,0,0,1,0,0,0,-0.2741935483870966,0.0,0.0979814312559447,0.0689853406151192,0.3399433427762039,0.0,0.2668854252119223,0.0,0.761904761904762
,,1.0,5.9699165475353855,0,0,0,1,0,0,0,0.0,0.0,12.0501128557767,4.630016121574165,0.0,0.0,0.0,0.0,0.0
,,1.0,0.5731782575916734,0,0,0,1,0,0,0,0.0,0.0,-0.0462872536362148,-0.1189747178724521,0.0,0.0,-0.969100355482636,0.0,0.4761904761904762
1.08,3.5,1.0,2.9698147986259267,0,0,0,1,0,0,0,7.811047709677418,916.3488695,1.6548812102344908,0.9807915817888696,-0.6203966005665722,0.0,0.0021875854525567,0.02251,0.6666666666666666
0.05709707,0.00022024,1.0,0.5747008737378663,0,0,0,1,0,0,0,-1.4354838709677415,-195.980555,-0.0253410807460025,-0.1424697251833985,-1.0169971671388105,0.3699999999999999,-1.8988241728192508,-1.22494,-0.761904761904762
0.15880124,,1.0,1.4135848871990728,0,0,0,1,0,0,0,-0.5161290322580644,0.0,0.3655348949146052,0.1799617581263981,-0.886685552407932,0.0,-0.5064260322668854,0.0,-1.809523809523809
1.89,0.527,1.0,0.0979807333832976,0,0,0,1,0,0,0,15.133072580645155,-28.554145000000005,-0.277728050277053,-0.3213817063873926,3.169971671388102,-1.234,0.2821985233798195,0.5819599999999999,0.5714285714285715
,,0.9,1.808678859019536,0,0,0,0,1,0,0,0.0,0.0,0.6197303177859915,0.3309296774435433,0.0,0.0,0.0,0.0,0.0
,,1.0,8.690314219518447,0,0,0,1,0,0,0,0.0,0.0,58.08454222321376,16.127572890760714,0.0,0.0,-0.720809406617446,0.0,0.0
1.622,0.441,1.0,0.2595932207960025,0,0,0,1,0,0,0,12.710482258064513,-55.88752500000001,-0.2030712011922283,-0.2156041841108764,2.320113314447592,-1.19,0.3893902105550998,0.0,0.6190476190476191
0.13649769,,1.0,1.038111035113852,0,0,0,1,0,0,0,-0.7177419354838708,0.0,0.1567210045848002,0.0554882087556394,-0.5070821529745042,0.0,0.0864096253759912,0.0,-2.571428571428572
,,1.0,2.277281405935696,0,0,0,1,0,0,0,0.0,0.0,0.9416602577922278,0.5788769886399139,-0.5580736543909348,0.0,0.0546896363139185,0.2588499999999999,-1.380952380952381
0.12133128,,1.0,0.5782423742139958,0,0,0,1,0,0,0,-0.854838709677419,0.0,-0.0239512211339711,-0.1409700438656785,-0.7847025495750708,0.0,-1.1528575334974025,0.0,-4.571428571428571
0.30332821,,1.0,2.7123211210588942,0,0,0,1,0,0,0,0.7903225806451611,0.0,1.317669765010399,0.8508192009198046,-0.7507082152974505,0.0,0.5698660103910309,0.0,0.0
0.1793205,,1.0,3.84368450653988,0,0,0,1,0,0,0,-0.3306451612903226,0.0,3.115913016651154,1.6311533799067697,-1.2294617563739376,0.0,0.1115668580803937,0.0,0.0
,,0.9,7.4893678008066225,0,0,0,0,1,0,0,0.0,0.0,26.9936044066856,10.178836997138108,0.0,0.0,-1.238173366147115,0.0,1.0
0.20786903,0.01950738,1.0,0.4621988371897129,0,0,0,1,0,0,0,-0.0725806451612901,-189.850555,-0.1776941186999496,0.0,-0.9121813031161472,1.37,-2.2652447361225048,0.0,0.0
0.10616487,,1.0,0.0066837014221552,0,0,0,1,0,0,0,-0.9919354838709676,0.0,-0.3447418743371322,-0.4589024832223152,2.473087818696884,0.0,-0.5808039376538146,0.0,0.0
1.086,3.61,0.7,1.0583153528429097,0,0,1,0,0,0,0,7.865284709677417,951.30999427,0.1141692387698857,0.1264731244610519,0.7082152974504249,2.17,0.9723817336614712,0.57341,0.0761904761904762
0.10259613,,1.0,0.0120429773640789,0,0,0,1,0,0,0,-1.0241935483870963,0.0,-0.3364151599424515,-0.4444055638176887,1.518413597733711,0.0,-1.071916871752803,0.0,-1.0952380952380951
1.91,4.07,0.3,0.2575572542151267,1,0,0,0,0,0,0,15.313862903225804,1097.517545,-0.2120357800874371,-0.2004574028019045,3.1841359773371103,-0.5860000000000001,2.103363412633306,1.00459,-0.4761904761904761
0.11419415,,1.0,0.3575306675028651,0,0,0,1,0,0,0,-0.9193548387096772,0.0,-0.1529944649737973,-0.1839609083069847,0.6062322946175638,0.0,0.3806398687448728,0.0,0.0
0.16357213,,1.0,0.2454091654230907,0,0,0,1,0,0,0,-0.473002508064516,0.0,-0.2752997361098995,0.0,-0.1120113314447591,0.0,-1.787257314738857,0.0,0.0
0.36577813,0.0339806,1.0,0.8043071498300052,0,0,0,1,0,0,0,1.3548387096774188,-185.250555,0.0265872225001873,0.0,-0.3739376770538243,-0.4600000000000001,-0.2789171452009844,0.0,0.380952380952381
,,1.0,0.8580633044898415,0,0,0,1,0,0,0,0.0,0.0,0.1447823143898221,-0.0809827911568791,-1.365155807365439,0.0,-2.439157779600765,-1.79704,0.6190476190476191
0.11330201,,1.0,0.5628225421393351,0,0,0,1,0,0,0,-0.9274193548387094,0.0,-0.0709287813233,-0.0954797105615057,0.5524079320113314,0.0,0.5195515449822259,0.0,-0.4761904761904761
0.30189296,,1.0,1.0517753077888008,0,0,0,1,0,0,0,0.7773487258064516,0.0,0.2245580090489205,0.0,-1.4387535410764871,0.0,-2.3352474706043207,0.0,0.0
0.51,0.16,1.0,0.1529923711438361,0,0,0,1,0,0,0,2.7016129032258056,-144.950555,-0.2488406681850717,-0.2819400877313571,1.9886685552407928,0.1199999999999998,0.0984413453650533,0.0,1.666666666666667
0.07226348,,1.0,0.054806773203791,0,0,0,1,0,0,0,-1.2983870967741933,0.0,-0.3015514962200696,-0.3689216041591162,2.558073654390935,0.0,0.8170631665299426,0.0,-1.238095238095238
0.38272882,0.02517081,1.0,0.8108949102597475,0,0,0,1,0,0,0,1.508064516129032,-188.050555,0.058888238111511,-0.0339927765349863,-0.6317280453257791,-0.910965,-0.9734755263877496,-0.62678,0.1619047619047619
,,1.0,0.3833355115177222,0,0,0,1,0,0,0,0.0,0.0,-0.1445132459497595,-0.1689640951297848,0.0,0.0,-0.0623461853978671,0.0,1.4761904761904765
0.297,0.079,1.0,4.028301019329465,0,0,0,1,0,0,0,0.7338709677419355,-171.050555,3.5131869004615024,1.8106152442605947,0.0,2.67,0.0940661744599398,0.0,0.0
0.11508629,,1.0,0.469521888227162,0,0,0,1,0,0,0,-0.9112903225806448,0.0,-0.1082220449787764,-0.1339715310496519,0.7365439093484419,0.0,0.4473612250478534,0.0,0.0
,1.73,1.0,4.081064045671624,0,0,0,1,0,0,0,0.0,353.79258911,0.0,25.725533324168616,0.0,0.0,0.0,0.0,0.0
0.31581819,,1.0,1.2801294081001846,0,0,0,1,0,0,0,0.9032258064516128,0.0,0.2487505770484606,0.1759626079458115,-0.0226628895184136,0.0,-0.0448455017774131,0.0,0.0
0.35150326,0.0320297,1.0,2.182036486670024,0,0,0,1,0,0,0,1.225806451612903,-185.870555,0.8074502008242708,0.5808765637302072,-0.1671388101983003,-0.42,-0.1607875307629204,0.0,1.0476190476190477
0.21099831,0.03051961,1.0,1.4528867722057168,0,0,0,1,0,0,0,-0.044293564516129,-186.350555,0.333389028984391,0.2509466738318107,-0.3311898016997166,2.67,0.2603226688542521,0.1481,1.0142857142857142
,,0.9,0.1487664968072322,0,0,0,0,1,0,0,0.0,0.0,-0.2488629732233284,-0.2889386005473837,0.0,0.0,-0.1936013125512715,0.0,2.4761904761904763
0.19627119,,1.0,1.6044372957398534,0,0,0,1,0,0,0,-0.1774193548387094,0.0,0.3884510709184203,0.3469262781658896,0.2124645892351274,0.0,0.6201804757998359,0.0,0.7142857142857143
0.20215933,,0.5,0.2552726374456202,0,0,0,0,0,1,0,-0.1241935483870966,0.0,-0.1816973753621225,-0.25639551595286,-0.5025495750708214,0.0,-1.8331966092425485,-1.10039,0.0
,,0.7,1.312360912197642,0,0,1,0,0,0,0,0.0,0.0,0.2450109140723919,0.2119549595710911,0.1869688385269121,0.0,0.6770576975663112,0.0,0.0
0.17129122,,1.0,0.1202926802385208,0,0,0,1,0,0,0,-0.4032258064516128,0.0,-0.2576114121066305,-0.3204319082195033,0.7847025495750708,0.0,-0.3500136724090785,0.0,0.0
,,1.0,0.0672351943437872,0,0,0,1,0,0,0,0.0,0.0,-0.2960630798690077,-0.348925853256183,0.0,0.0,0.4998632759092152,0.0,0.0
1.3,2.22,1.0,0.1073727553449009,0,0,0,1,0,0,0,9.799758064516128,509.5320449999999,-0.273822219350096,-0.3109339265406101,0.0,-0.09,0.6814328684714247,0.0,0.0
0.17218336,,1.0,0.3092585308679512,0,0,0,1,0,0,0,-0.3951612903225805,0.0,-0.1719484721146918,-0.2084557031630778,0.2294617563739376,0.0,-0.0743779053869291,0.0,0.1904761904761905
,,0.5,1.8111759435453965,0,0,0,0,0,1,0,0.0,0.0,0.8195326422757141,0.1894597398052913,-1.6334277620396602,0.0,-2.439157779600765,-1.96855,-0.761904761904762
,,1.0,1.9547679455448963,0,0,0,1,0,0,0,0.0,0.0,0.6497235870800896,0.4609020583126085,0.0,0.0,0.2253213016133442,0.32787,0.5714285714285715
1.085,1.925,0.7,0.6161942467609525,0,0,1,0,0,0,0,7.856451612903225,415.746445,-0.0588603600880645,-0.0604871464813727,0.9320113314447592,0.53,0.522832923161061,0.0,-0.3333333333333333
0.21946688,,1.0,1.359209831732272,0,0,0,1,0,0,0,0.032258064516129,0.0,0.2840323021513609,0.2129547471162377,-0.0566572237960339,0.0,0.8203445447087777,0.0,-0.5714285714285715
0.11419415,,1.0,0.174498324960785,0,0,0,1,0,0,0,-0.9193548387096772,0.0,-0.2273327174317317,-0.2889386005473837,0.0339943342776204,0.0,-0.7175280284386109,0.0,0.0
,0.0059,1.0,0.7658695990709582,0,0,0,1,0,0,0,0.0,-194.1753674,0.0,0.0,0.0,0.0,0.0,0.0,0.0
0.39432667,,1.0,0.6589608098236142,0,0,0,1,0,0,0,1.6129032258064513,0.0,-0.0303301709507622,-0.0599872527087993,0.263456090651558,0.0,0.4976756904566584,0.0,-0.5714285714285715
0.23247861,,1.0,0.8312562193814916,0,0,0,1,0,0,0,0.1498812016129031,0.0,0.0458467651487631,0.0,0.0,0.0,-0.0601585999453103,0.0,0.6190476190476191
,0.45,1.0,2.8696576925331394,0,0,0,1,0,0,0,0.0,-56.050555,0.0,6.979516852668807,0.0,0.0,0.0,0.0,0.0
0.22303545,,1.0,1.1987361972006318,0,0,0,1,0,0,0,0.0645161290322581,0.0,0.1945478933599474,0.1609657947686117,-0.0849858356940509,0.0,0.8072190319934373,0.0,0.0
0.04728351,,1.0,0.0534917682925452,0,0,0,1,0,0,0,-1.5241935483870963,0.0,-0.2973756884761103,-0.3819188422460227,1.1473087818696883,0.0,-0.2220399234345091,0.0,-3.1428571428571432
0.17994469,,1.0,1.8234735798090695,0,0,0,1,0,0,0,-0.3249999999999999,0.0,0.6042474385439455,0.3599235162527963,0.0,0.0,0.0907847962811047,-0.1230999999999999,-1.238095238095238
0.15612481,,1.0,1.296074516555835,0,0,0,1,0,0,0,-0.5403225806451611,0.0,0.2267293173587096,0.217953684841971,0.2322946175637393,0.0,0.969100355482636,0.0,0.5238095238095238
0.13917412,,1.0,1.1322027426198007,0,0,0,1,0,0,0,-0.693548387096774,0.0,0.1846378978020943,0.1094767361935588,-0.2322946175637393,0.0,0.012031719989062,0.0,0.761904761904762
0.13471341,,1.0,0.6730285243794177,0,0,0,1,0,0,0,-0.7338709677419353,0.0,0.0077070976551187,-0.0949798167889323,-0.7280453257790368,0.0,-1.1091058244462677,0.0,-1.4285714285714286
0.37202312,,1.0,3.57334296163211,0,0,0,1,0,0,0,1.411290322580645,0.0,2.410490215994125,1.5251759001212242,-0.7762039660056658,0.0,0.555646704949412,0.0,0.761904761904762
0.2283883,,1.0,1.6726447047168065,0,0,0,1,0,0,0,0.1129032258064516,0.0,0.4390951920386624,0.3639226664333829,-0.2747875354107649,0.0,0.8586272901285207,0.0,0.4285714285714286
0.19537905,,1.0,0.2220322590051036,0,0,0,1,0,0,0,-0.1854838709677418,0.0,-0.2091561663808531,-0.254445930239824,0.6203966005665722,0.0,-0.0590648072190319,0.0,0.1904761904761905
0.19359477,0.01478785,1.0,1.056445734479715,0,0,0,1,0,0,0,-0.2016129032258064,-191.350555,0.1656302364024757,0.0619868277990926,-0.6260623229461756,1.17,-0.7306535411539513,0.0,0.6190476190476191
1.119,0.614,1.0,0.1354392567737441,0,0,0,1,0,0,0,8.16358822580645,-0.9039131000000112,-0.2524409475926567,-0.3042353499881275,1.206798866855524,-0.79,-0.1936013125512715,-0.11943,1.2904761904761906
0.2150058,,1.0,0.3555951862101102,0,0,0,1,0,0,0,-0.008064516129032,0.0,-0.152776457127771,-0.1864603771698514,0.0,0.0,0.0820344544708777,0.0,0.0
0.25158398,0.03712695,0.9,0.399820674891003,0,0,0,0,1,0,0,0.3225806451612902,-184.250555,-0.1176833497413633,-0.1909594211230113,-0.4759206798866855,1.54,-1.4766201804758,-0.8301200000000001,-0.380952380952381
,,1.0,0.9196972590663184,0,0,0,1,0,0,0,0.0,0.0,0.0791704006217943,0.0394916080332928,0.0,0.0,0.2056330325403336,0.0,1.0
0.10348845,,1.0,1.4664532982354466,0,0,0,1,0,0,0,-1.0161290322580645,0.0,0.4257045725360859,0.1729632453103715,-1.2039660056657224,0.0,-1.491933278643697,0.0,-0.8571428571428573
,3.8,1.0,3.3690502517778063,0,0,0,1,0,0,0,0.0,1011.6973916,0.0,12.128422710174084,0.0,0.0,0.0,0.0,0.0
,,1.0,8.591532279717708,0,0,0,1,0,0,0,0.0,0.0,58.80490458617245,14.377944686754065,0.0,0.0,0.1870385561936013,0.05687,0.9523809523809524
0.16772265,,1.0,1.3513646985497954,0,0,0,1,0,0,0,-0.4354838709677419,0.0,0.3157090307829485,0.1714635639926515,-0.7393767705382436,0.0,-0.4068908941755537,0.0,-0.1904761904761904
0.23017258,,1.0,2.5919752921464267,0,0,0,1,0,0,0,0.1290322580645162,0.0,1.181180520818533,0.7908319482110051,-0.8725212464589235,0.0,0.3926715887339349,0.0,0.4285714285714286
0.24712285,,0.5,1.112214974548318,0,0,0,0,0,1,0,0.282258064516129,0.0,0.2808211094473813,0.0,-1.3739376770538243,0.0,-2.184304074377905,-1.45462,0.6666666666666666
0.41930664,,1.0,1.279122565481643,0,0,0,1,0,0,0,1.8387096774193548,0.0,0.2568166574640366,0.1659647324943449,-0.1274787535410765,0.0,-0.6147115121684441,0.0,1.809523809523809
0.23463288,,1.0,1.0355562292431957,0,0,0,1,0,0,0,0.1693548387096773,0.0,0.2100295283397303,0.0,0.0,0.0,-0.9056603773584906,0.0,0.0
,1.2,1.0,0.0003990280669107,0,0,0,1,0,0,0,0.0,186.749445,-0.3600703441358844,-0.4968944099378882,0.0,21.67,-1.1780147662018048,0.0,0.0
,,0.5,0.140388328762933,0,0,0,0,0,1,0,0.0,0.0,-0.2378938190600938,-0.3217566267168227,0.0538243626062322,0.0,-1.8572600492206728,-1.1949800000000002,0.380952380952381
,,1.0,7.4217159832436,0,0,0,1,0,0,0,0.0,0.0,27.551001156896767,9.279028206506116,0.0,0.0,-0.6508066721356303,0.0,0.0
0.21411403,,1.0,0.4885544948611378,0,0,0,1,0,0,0,-0.0161290322580645,0.0,-0.1019366541557554,-0.1239736555981853,0.6940509915014165,0.0,0.4889253486464315,0.0,0.0
0.18824192,0.02617765,0.9,0.1150283400751552,0,0,0,0,1,0,0,-0.25,-187.730555,-0.255158416375687,-0.3339290400789831,-0.3286118980169972,3.5700000000000003,-1.627563576702215,-1.05562,1.5714285714285716
0.06244992,,1.0,0.0119697185600001,0,0,0,1,0,0,0,-1.387096774193548,0.0,-0.3380854425098292,-0.4399065198645287,2.7790368271954677,0.0,0.0404703308722997,0.0,-0.5714285714285715
0.61111607,0.10382909,1.0,3.803249155411432,0,0,0,1,0,0,0,3.5725806451612896,-163.050555,2.7533126618945336,1.784120874314208,0.0,-0.77,0.5173639595296692,0.0,0.1428571428571428
0.21036703,0.06651388,1.0,1.549528973955239,0,0,0,1,0,0,0,-0.0499999999999998,-174.910555,0.4347445373525783,0.24214854343452,-0.8158640226628895,7.52,-0.5950232430954334,0.0,-0.3333333333333333
,,0.3,7.011873940858656,1,0,0,0,0,0,0,0.0,0.0,0.0,499.37488283739697,-0.8810198300283286,0.0,0.0,0.0,0.0
0.21768259,0.01636103,1.0,0.504387442281378,0,0,0,1,0,0,0,0.0161290322580645,-190.850555,-0.0918416597199713,-0.1229738680530387,0.6090651558073654,0.27,0.1039103089964451,0.0,0.0
0.22303545,,1.0,2.2723498748548403,0,0,0,1,0,0,0,0.0645161290322581,0.0,0.8977636674555896,0.610870190084607,-0.7620396600566572,0.0,0.4812687995624829,0.0,0.0
0.06958706,,1.0,0.3212240500688081,0,0,0,1,0,0,0,-1.32258064516129,0.0,-0.1320570942567855,-0.2504467800592374,-1.0226628895184136,0.0,-2.014766201804758,0.0,-2.2857142857142856
0.2819168,,1.0,4.418139599435111,0,0,0,1,0,0,0,0.5967741935483871,0.0,4.577269857114732,2.196033342914631,-1.13314447592068,0.0,0.6726825266611977,0.0,-2.095238095238096
0.20608475,,1.0,0.5266872106483811,0,0,0,1,0,0,0,-0.0887096774193547,0.0,-0.1443344651087707,0.0,0.1869688385269121,0.0,-0.1476620180475799,0.0,-0.380952380952381
0.22710987,0.07551244,1.0,1.2900505506180302,0,0,0,1,0,0,0,0.101346935483871,-172.050555,0.2527688892840193,0.1809615456715448,-0.4019546742209631,6.67,0.2493847415914684,0.0,0.4523809523809524
0.21857474,,1.0,1.7320786142728748,0,0,0,1,0,0,0,0.0241935483870969,0.0,0.4870527495584321,0.3769199045202894,-0.0453257790368272,0.0,1.3202078206179928,0.0,-2.095238095238096
,,0.7,5.1481163764170565,0,0,1,0,0,0,0,0.0,0.0,6.69323637486575,3.450266818301111,0.0,0.0,0.5173639595296692,0.0,0.0
,,1.0,3.450376549524918,0,0,0,1,0,0,0,0.0,0.0,2.396864267205068,1.2907257207843332,0.0,0.0,0.0306261963357943,0.0,0.0
0.24087828,,1.0,1.9593652339903316,0,0,0,1,0,0,0,0.2258064516129033,0.0,0.653086336821612,0.4629016334029018,-0.7082152974504249,0.0,0.2887612797374898,0.0,0.4285714285714286
0.24266256,,1.0,3.092859415606762,0,0,0,1,0,0,0,0.2419354838709679,0.0,1.8040834683465905,1.0702725670794957,-1.0623229461756374,0.0,0.0689089417555373,0.0,0.761904761904762
0.1533883,,1.0,0.1756452557554967,0,0,0,1,0,0,0,-0.5650592903225804,0.0,-0.3024691746884784,0.0,1.9498583569405097,0.0,0.2811047306535411,0.0,0.0
0.21721069,0.03272206,1.0,1.2861613858106582,0,0,0,1,0,0,0,0.0118632419354839,-185.650555,0.2538772650106625,0.1759626079458115,-0.0475070821529744,2.58,0.4473612250478534,0.29122,-0.661904761904762
0.812,28.0,1.0,0.2873193987686305,0,0,0,1,0,0,0,5.388461556451612,8703.144841,-0.1869701266165373,-0.2094554907082245,1.5807365439093484,64.47,0.2657916324856439,0.37905,0.0380952380952381
0.11062558,,1.0,0.2223779506111693,0,0,0,1,0,0,0,-0.9516129032258064,0.0,-0.2125863091648297,-0.2479473111963707,1.4447592067988668,0.0,0.9351927809680064,0.0,-2.095238095238096
0.64591065,,1.0,3.160286359294695,0,0,0,1,0,0,0,3.887096774193548,0.0,2.137862334521194,0.9587962557956432,-1.614730878186969,0.0,-1.8594476346732292,0.0,1.0952380952380951
,0.19,1.0,2.988125727495121,0,0,0,1,0,0,0,0.0,-135.66315767,0.0,7.979304397815464,0.0,0.0,0.0,0.0,0.0
0.23168922,,0.9,0.404523289803174,0,0,0,0,1,0,0,0.1427419354838709,0.0,-0.2057606806230833,0.0,0.0,0.0,-0.623461853978671,0.0,-0.0619047619047619
0.22303545,,1.0,0.2278449976495982,0,0,0,1,0,0,0,0.0645161290322581,0.0,-0.206426992953687,-0.251446567604384,0.2124645892351274,0.0,-0.4451736395952967,0.0,0.9523809523809524
0.19805548,,1.0,1.2733970598040327,0,0,0,1,0,0,0,-0.1612903225806449,0.0,0.3601240217081541,0.0634865091168127,-1.4447592067988668,0.0,-2.124145474432595,0.0,-0.8571428571428573
1.86,7.8,0.5,21.19825700832508,0,0,0,0,0,1,0,14.861858145161284,2283.0110196,263259.3368772208,999.2686554107252,2.801699716713881,0.0,-3.562482909488652,-2.82313,0.0
0.1900262,,1.0,2.7649995190442462,0,0,0,1,0,0,0,-0.2338709677419354,0.0,1.512951979391275,0.7793343914418185,-1.291784702549575,0.0,-0.8433141919606235,0.0,-0.380952380952381
0.2926225,,1.0,0.4075156837285758,0,0,0,1,0,0,0,0.693548387096774,0.0,-0.1339348374846523,-0.1594661134508916,0.2181303116147308,0.0,0.1487558107738583,0.0,0.4285714285714286
,,1.0,0.456928521358014,0,0,0,1,0,0,0,0.0,0.0,-0.0756813124193063,-0.188959846032718,0.0,0.0,-2.224774405250205,-1.44606,0.0
0.10616487,,1.0,0.1394774618448442,0,0,0,1,0,0,0,-0.9919354838709676,0.0,-0.251657433025962,-0.2989364759988502,1.2039660056657224,0.0,0.6562756357670222,0.0,-1.809523809523809
,0.029,1.0,2.4159437417807106,0,0,0,1,0,0,0,0.0,-186.850555,0.0,4.080132971743504,0.0,0.0,0.0,0.0,0.0
0.74404624,,1.0,1.1238285993904618,0,0,0,1,0,0,0,4.774193548387096,0.0,0.2026502056775746,0.0819825787020258,-0.6345609065155807,0.0,-0.5381460213289582,0.0,0.0
0.32959428,0.17304935,1.0,1.3823306243843418,0,0,0,1,0,0,0,1.0277547338709674,-141.050555,0.3250800747963315,0.1909594211230112,-0.7587535410764873,4.67,-0.4211101996171725,-0.35092,0.1904761904761905
0.2283883,0.02454154,1.0,0.6876787157238203,0,0,0,1,0,0,0,0.1129032258064516,-188.250555,-0.0110120910344411,-0.0589874651636527,0.1246458923512747,1.17,-0.0514082581350834,0.0,-0.3333333333333333
,,1.0,6.588926477533519,0,0,0,1,0,0,0,0.0,0.0,17.646018666214847,6.079708062036818,0.0,0.0,0.1028165162701668,0.0,-2.1904761904761902
,,1.0,1.318906891446281,0,0,0,1,0,0,0,0.0,0.0,0.3059830393480904,0.1513178449579464,-0.7648725212464589,0.0,-0.7761115668580808,-0.5585800000000001,-1.4433333333333334
1.191,1.04,1.0,0.1849633806855359,0,0,0,1,0,0,0,8.814432266129032,134.49098827999998,-0.235594242306939,-0.2579451866478373,2.1926345609065154,-0.5700000000000001,0.5283018867924528,0.48475,1.0857142857142856
0.23744044,0.03335133,1.0,0.5973002392249213,0,0,0,1,0,0,0,0.1947300645161289,-185.450555,-0.0482358338280181,-0.0939800292437856,-0.1473087818696883,1.7199999999999998,-0.1312551271534044,-0.21649,-0.2809523809523809
1.092,0.571,1.0,0.2247433689872099,0,0,0,1,0,0,0,7.919354838709676,-14.57755499999999,-0.2118592356441478,-0.2460477148605921,1.1473087818696883,-0.7470000000000001,0.0251572327044025,0.0,0.6666666666666666
0.306,0.07708562,0.5,0.0953165335077764,0,0,0,0,0,1,0,0.8225806451612901,-171.550555,-0.2489427343636547,-0.3754202232025694,-0.8980169971671388,0.0,-2.5922887612797374,-2.06144,0.8095238095238095
,,0.9,6.425286586632899,0,0,0,0,1,0,0,0.0,0.0,16.927948365320123,5.314870589999625,0.0,0.0,-0.6015859994531036,0.0,-1.6666666666666663
,0.88,1.0,3.088996600983318,0,0,0,1,0,0,0,0.0,83.949445,0.0,8.929102565704786,0.0,0.0,0.0,0.0,0.0
0.08738157,,1.0,0.3808840234323744,0,0,0,1,0,0,0,-1.1617271854838709,0.0,-0.2168046226231478,0.0,-0.1984702549575069,0.0,-1.0315887339349197,0.0,0.0
0.23641757,0.02580009,1.0,1.4541916937232044,0,0,0,1,0,0,0,0.1854838709677418,-187.850555,0.3318686059861354,0.2539460364672506,0.1359773371104816,1.0699999999999998,0.4079846869018321,0.0,0.0
,,1.0,9.06009870864564,0,0,0,1,0,0,0,0.0,0.0,77.89450720457761,17.477286076708697,0.0,0.0,0.0,0.0,0.0
0.28726965,,1.0,6.1990003804223415,0,0,0,1,0,0,0,0.6451612903225807,0.0,13.568697292819582,5.252883762200533,-1.594900849858357,0.0,0.4375170905113481,0.0,1.0952380952380951
0.55402005,0.06040996,1.0,0.2327290617861381,0,0,0,1,0,0,0,3.056451612903225,-176.850555,-0.2250958066377177,-0.2079558093905045,0.0,-0.893,-0.7404976756904567,0.0,0.5238095238095238
0.13917388,,1.0,0.2079230765282596,0,0,0,1,0,0,0,-0.693548387096774,0.0,-0.216379869652895,-0.2609445492832773,0.5410764872521246,0.0,0.0470330872299699,0.0,-0.8095238095238096
0.24087828,,1.0,0.0632058900165252,0,0,0,1,0,0,0,0.2258064516129033,0.0,-0.2941241852766119,-0.3639226664333829,1.2152974504249292,0.0,-0.0557834290401968,0.0,0.0
0.12400771,,1.0,1.299445181884585,0,0,0,1,0,0,0,-0.8306451612903225,0.0,0.3192730700698028,0.1209742929627454,-1.0878186968838528,0.0,-1.1780147662018048,0.0,0.0
0.36667027,,1.0,0.3049010875579513,0,0,0,1,0,0,0,1.3629032258064515,0.0,-0.1783435066407355,-0.2029568716647712,0.7762039660056658,0.0,0.700027344818157,0.0,-0.9523809523809524
1.08,1.27,0.9,0.1420722185716531,0,0,0,0,1,0,0,7.814516129032256,207.579445,-0.2475979992323513,-0.3024357324068635,0.7337110481586402,-0.31,-0.4670494941208641,-0.36313,0.5238095238095238
0.17129122,,1.0,0.8367840512088695,0,0,0,1,0,0,0,-0.4032258064516128,0.0,0.0467039158110743,0.0039991501805866,-0.2436260623229461,0.0,0.1290675417008477,0.0,0.0
0.14515147,0.00516002,0.5,0.3133980728606935,0,0,0,0,0,1,0,-0.6395161290322579,-194.410555,-0.1190756464702435,-0.2719422122798905,-1.1189801699716715,0.8700000000000001,-2.3647798742138364,-1.88677,-2.095238095238096
1.31,3.47,1.0,0.0545374684919809,0,0,0,1,0,0,0,9.887096774193546,906.769445,-0.3008250254462229,-0.3714210730219828,2.093484419263456,0.8700000000000001,-0.1498496035001367,0.0,-0.380952380952381
0.12195578,0.0796027,0.5,0.2903874041796963,0,0,0,0,0,1,0,-0.8491935483870966,-170.750555,-0.0861114063288413,-0.3197320569379007,-1.526912181303116,0.0,-2.9827727645611155,-2.81447,-0.0380952380952381
0.09635131,,1.0,1.79787730616887,0,0,0,1,0,0,0,-1.0806451612903225,0.0,0.5367104283971469,0.3974155491957958,-0.3456090651558073,0.0,0.7908121410992617,0.0,-0.380952380952381
0.40949308,,1.0,4.26568843147546,0,0,0,1,0,0,0,1.7499999999999996,0.0,3.780915793966414,2.2545209143057097,-0.8130311614730878,0.0,1.010664479081214,0.0,0.5714285714285715
,,0.5,1.097149886545856,0,0,0,0,0,1,0,0.0,0.0,0.2203876187567132,0.0409912893510129,0.0,0.0,0.0,0.0,0.0
0.10973344,,1.0,0.1637435506826644,0,0,0,1,0,0,0,-0.9596774193548384,0.0,-0.2262913105195983,-0.3059349888148768,-0.3314447592067989,0.0,-1.3289581624282198,0.0,-2.2857142857142856
0.24346549,,1.0,0.6810018161102406,0,0,0,1,0,0,0,0.2491935483870968,0.0,-0.0552062565144689,0.0,0.0,0.0,0.3653267705769756,0.0,-0.1380952380952381
0.23106472,,1.0,3.015069108962441,0,0,0,1,0,0,0,0.1370967741935483,0.0,1.7010609104955416,1.0187835085044423,-0.980169971671388,0.0,0.2417281925075198,0.0,0.0
0.31224962,,1.0,3.866692835574537,0,0,0,1,0,0,0,0.8709677419354838,0.0,3.0965043229753277,1.6946398890235823,-1.1869688385269122,0.0,0.5283018867924528,0.0,-0.5714285714285715
0.27745609,0.01824884,0.7,2.2771946280113258,0,0,1,0,0,0,0,0.5564516129032256,-190.250555,2.3969264803182324,0.0,-0.7082152974504249,-0.2299999999999999,0.6694011484823625,0.45984,0.5714285714285715
0.19448691,,1.0,1.2212169109476685,0,0,0,1,0,0,0,-0.1935483870967739,0.0,0.2256852483802078,0.1459689815914118,-0.1189801699716713,0.0,0.8969100355482637,0.0,-2.6666666666666665
0.12043914,,1.0,0.1073327814623631,0,0,0,1,0,0,0,-0.8629032258064513,0.0,-0.2702899225033281,-0.3189322269017833,1.5609065155807365,0.0,0.5173639595296692,0.0,0.0
0.64858707,0.13180068,0.9,3.595406335878249,0,0,0,0,1,0,0,3.911290322580644,-154.160555,2.7639871223638304,1.3357161603159329,-1.4305949008498584,-0.7310000000000001,-1.0905113480995352,-0.68983,0.6666666666666666
1.32,1.02,1.0,0.1045978248831458,0,0,0,1,0,0,0,9.980527838709676,128.13442014,-0.2727790036735567,-0.3189322269017833,2.405099150141643,-0.746473,0.4079846869018321,0.0,0.0
1.067,0.76,1.0,0.0914277426748225,0,0,0,1,0,0,0,7.693550806451612,45.50024500000001,-0.279734338042878,-0.3307797093117712,2.305949008498584,-0.56,0.1367240907847962,0.23932,1.9809523809523808
,9.0,1.0,6.948992678476998,0,0,0,1,0,0,0,0.0,2664.4051080000004,0.0,468.881362710424,0.0,0.0,4.586272901285207,1.79772,0.0
,,0.5,0.0430554281495178,0,0,0,0,0,1,0,0.0,0.0,-0.2864134985797384,-0.4249097066873289,-0.9291784702549576,0.0,-2.605414273995078,-2.4229,-2.571428571428572
0.23374115,0.02674399,1.0,0.4290090573348591,0,0,0,1,0,0,0,0.1612903225806452,-187.550555,-0.1322250428124601,-0.1389704687753852,1.3569405099150142,1.27,0.7033087229969921,0.0,-0.8571428571428573
0.11062558,,1.0,0.1556171290975981,0,0,0,1,0,0,0,-0.9516129032258064,0.0,-0.241867845054765,-0.2914380694102503,1.4674220963172804,0.0,-0.168444079846869,0.0,0.4761904761904762
0.21322189,0.02529667,1.0,0.6562227363380219,0,0,0,1,0,0,0,-0.0241935483870966,-188.010555,0.0381452401513968,-0.1404701500931052,-1.2804532577903682,1.91,-2.4271260596117035,-1.7556500000000002,0.380952380952381
,,1.0,7.873087552951455,0,0,0,1,0,0,0,0.0,0.0,38.15833695146341,10.633740330179837,0.0,0.0,0.0864096253759912,0.0,1.1904761904761905
0.19627119,,1.0,0.8872068198863824,0,0,0,1,0,0,0,-0.1774193548387094,0.0,0.0781776430544059,0.0109976629966131,-0.461756373937677,0.0,-0.1564123598578069,0.0,0.0
0.17753621,,1.0,0.8771231982616968,0,0,0,1,0,0,0,-0.346774193548387,0.0,0.0560239922226534,0.0294937325818263,0.0,0.0,0.5633032540333607,0.0,-0.1904761904761904
0.28013252,,1.0,0.670565820574083,0,0,0,1,0,0,0,0.5806451612903226,0.0,-0.0211658843932269,-0.0614869340265193,0.0509915014164305,0.0,0.1761006289308176,0.0,-0.1904761904761904
0.30511249,,1.0,1.1187136293051474,0,0,0,1,0,0,0,0.8064516129032256,0.0,0.1637515241562557,0.1214741867353186,0.1813031161473088,0.0,0.6343997812414548,0.0,-0.2857142857142857
0.27663801,0.0393294,1.0,0.0248771897013099,0,0,0,1,0,0,0,0.5490565241935484,-183.550555,-0.3231955282698465,-0.4154117250084357,1.2059490084985838,0.9699999999999998,-1.0303527481542247,-0.5947300000000001,1.6571428571428573
0.20697689,,1.0,0.9884350725594682,0,0,0,1,0,0,0,-0.0806451612903226,0.0,0.0802946881707229,0.1039779046952522,0.7592067988668555,0.0,0.581897730380093,0.0,1.0476190476190477
0.19716333,,1.0,0.5558726034391043,0,0,0,1,0,0,0,-0.1693548387096773,0.0,-0.0867212421847015,-0.0784833222940125,-0.4475920679886686,0.0,-0.8050314465408805,0.0,-0.1904761904761904
0.18288907,,1.0,0.7538046671991495,0,0,0,1,0,0,0,-0.2983870967741935,0.0,0.0151833964481445,-0.031993201444693,-0.141643059490085,0.0,0.3500136724090785,0.0,-1.523809523809524
0.21679045,,1.0,2.007088759465004,0,0,0,1,0,0,0,0.0080645161290324,0.0,0.6603598912647702,0.5113913293425147,-0.4674220963172804,0.0,0.6978397593656002,0.0,0.761904761904762
0.09456703,,1.0,0.7389840696547529,0,0,0,1,0,0,0,-1.0967741935483868,0.0,0.002795598630042,-0.0294937325818263,0.3626062322946176,0.0,0.4495488105004102,0.0,-0.4761904761904761
,,1.0,7.783390669115358,0,0,0,1,0,0,0,0.0,0.0,36.17897764051556,10.22882637439544,0.0,0.0,0.0951599671862182,0.36687,0.380952380952381
,,1.0,0.5190013314014792,0,0,0,1,0,0,0,0.0,0.0,-0.0785300181273702,-0.1274729120061987,-0.3229461756373937,0.0,-0.6475252939567951,0.0,0.9047619047619048
0.13382127,,1.0,0.0588337905174933,0,0,0,1,0,0,0,-0.7419354838709675,0.0,-0.29819608386037,-0.3659222415236762,1.9036827195467425,0.0,0.7339349193327864,0.0,-2.2857142857142856
0.21500617,,1.0,0.5112647521350138,0,0,0,1,0,0,0,-0.008064516129032,0.0,-0.1525092681786009,0.0,0.0793201133144475,0.0,-0.2461033634126333,0.0,-0.2857142857142857
2.07,4.4,0.7,0.2676177920706681,0,0,1,0,0,0,0,16.760185483870963,1202.401445,-0.2397601895344116,-0.1114763112838521,2.169971671388102,-0.7100000000000001,1.250205086136177,0.0,-0.2380952380952381
0.13738983,,1.0,0.3592187179804295,0,0,0,1,0,0,0,-0.7096774193548385,0.0,-0.2266996171459223,0.0,0.9830028328611898,0.0,0.2318840579710145,0.0,0.0
0.10438059,,1.0,0.2222472293408594,0,0,0,1,0,0,0,-1.008064516129032,0.0,-0.1932640284226454,-0.2789407250959171,-0.4504249291784702,0.0,-1.3694284933005196,0.0,-2.952380952380953
0.19448691,,1.0,0.6766787595286539,0,0,0,1,0,0,0,-0.1935483870967739,0.0,-0.0209874909107269,-0.0559881025282127,0.0028328611898017,0.0,0.4276729559748428,0.0,-1.142857142857143
,,0.7,5.035566577389501,0,0,1,0,0,0,0,0.0,0.0,6.22827521331969,3.275303997900446,0.0,0.0,0.5665846322121958,0.0,-1.9047619047619049
0.19,,1.0,0.3437451533001768,0,0,0,1,0,0,0,-0.2016129032258064,0.0,-0.1607495587359728,-0.1869602709424247,1.084985835694051,0.0,0.3303254033360678,0.0,-0.0952380952380952
0.11687057,,1.0,0.3673541146016468,0,0,0,1,0,0,0,-0.8951612903225804,0.0,-0.1414665195043045,-0.1909594211230113,-0.0849858356940509,0.0,-0.5184577522559475,0.0,0.2857142857142857
0.1088413,,1.0,0.011434746142649,0,0,0,1,0,0,0,-0.9677419354838708,0.0,-0.3379360571683482,-0.4439056700451154,2.0679886685552407,0.0,-0.8269073010664479,0.0,0.8571428571428571
0.12222342,,1.0,0.4112783203243214,0,0,0,1,0,0,0,-0.8467741935483868,0.0,-0.1198546721971046,-0.1764625017183848,0.3172804532577903,0.0,0.1837571780147662,0.0,-2.380952380952381
0.39432599,,1.0,0.7613527527147615,0,0,0,1,0,0,0,1.6129032258064513,0.0,0.0205961651899225,-0.031993201444693,-0.3937677053824363,0.0,-0.4123598578069455,0.0,1.0476190476190477
1.066,4.16,1.0,7.60362975221612,0,0,0,1,0,0,0,7.684494701612901,1126.11561812,32.016629605358226,9.613957034130246,-1.5784702549575071,2.74,0.1848509707410445,0.47866,1.0285714285714287
0.22142959,,1.0,0.1807028467227513,0,0,0,1,0,0,0,0.0500000000000002,0.0,-0.3005625941630227,0.0,0.0,0.0,0.1804757998359311,0.0,-0.0761904761904761
1.47,0.875,1.0,1.943426174887157,0,0,0,1,0,0,0,11.336452927419352,82.04930112000002,0.6203623375282565,0.476898659034955,-0.1813031161473088,-0.99,0.1673502871205906,0.34074,1.6
0.18824192,,1.0,0.7305103814318947,0,0,0,1,0,0,0,-0.25,0.0,-0.0235717070638571,0.0,-1.0594900849858355,0.0,-1.9666393218485096,0.0,1.3333333333333337
,,1.0,9.155868557758106,0,0,0,1,0,0,0,0.0,0.0,80.25205675607876,18.70702475723909,0.0,0.0,0.4387202625102547,0.0,1.5461904761904766
0.23195686,,1.0,0.5222234104201263,0,0,0,1,0,0,0,0.1451612903225807,0.0,-0.0844457286778689,-0.1159753552370121,0.2776203966005666,0.0,0.2078206179928903,0.0,0.0
0.306,0.019,1.0,1.5276340169460412,0,0,0,1,0,0,0,0.8145161290322581,-189.950555,0.3798231284882951,0.2759413624604771,0.0,0.0,0.1126606508066721,0.0,0.0
1.21,1.13,1.0,0.0719749550206968,0,0,0,1,0,0,0,8.983870967741934,163.079445,-0.2915060348171873,-0.3481260232200657,2.15014164305949,-0.2000000000000001,0.0579710144927536,0.0,0.761904761904762
0.10429137,0.00553758,1.0,0.0982951139072179,0,0,0,1,0,0,0,-1.0088709677419352,-194.290555,-0.2393371632855129,-0.3822187785095667,-0.2892351274787536,4.74,-2.8318293683347004,-2.46125,-1.1523809523809525
,,0.9,5.472383230361943,0,0,0,0,1,0,0,0.0,0.0,8.486611221195167,3.865178649536973,0.0,0.0,-1.2709871479354662,0.0,-1.0952380952380951
,,1.0,8.023106683654524,0,0,0,1,0,0,0,0.0,0.0,41.41797664385145,11.428571428571429,0.0,0.0,0.7601859447634673,0.0,-1.1904761904761905
0.14952296,0.02454154,1.0,0.007479011219189,0,0,0,1,0,0,0,-0.5999999999999999,-188.250555,-0.3443334910904478,-0.4532036942149793,4.215297450424929,7.76,0.0010937927262783,0.0,0.0714285714285714
,,1.0,7.830882588115281,0,0,0,1,0,0,0,0.0,0.0,33.26478444490998,11.728507692115423,0.0,0.0,0.7995624829094886,0.27729,1.4761904761904765
1.024,0.37,0.5,0.1329056494418363,0,0,0,0,0,1,0,7.304851612903224,-78.453455,-0.2387608668463972,-0.3316795181024032,-0.6351274787535413,-0.91,-2.37571780147662,-1.53301,0.9047619047619048
0.12489985,,1.0,1.0585351783749246,0,0,0,1,0,0,0,-0.8225806451612901,0.0,0.1214604453653108,0.1169751427821588,0.5184135977337111,0.0,0.6168990976210008,0.0,0.6666666666666666
0.23067979,,1.0,0.4903006761856811,0,0,0,1,0,0,0,0.1336171854838711,0.0,-0.163421204585406,0.0,-0.2086118980169971,0.0,-0.8275635767022154,0.0,0.0
1.17,0.529,1.0,0.285757936989859,0,0,0,1,0,0,0,8.624620967741935,-27.918485000000004,-0.1877870502798763,-0.2099553844807978,0.0,-0.9200000000000002,0.079846869018321,0.0,1.0
0.17664407,0.01667566,0.5,0.0296418902119734,0,0,0,0,0,1,0,-0.3548387096774192,-190.750555,-0.3125217072858655,-0.4214104502793156,-0.0481586402266288,2.47,-2.2236806125239266,-1.57173,-0.4761904761904761
0.18734977,,1.0,0.156390915766704,0,0,0,1,0,0,0,-0.2580645161290321,0.0,-0.2398633879916542,-0.2939375382731169,0.8243626062322946,0.0,0.0,0.0,0.0
,,1.0,2.447858497580836,0,0,0,1,0,0,0,0.0,0.0,1.0854118416950105,0.674856592973993,0.0,0.0,-0.1487558107738583,0.0,0.5714285714285715
0.28013252,,1.0,5.240654465200427,0,0,0,1,0,0,0,0.5806451612903226,0.0,7.306993523248699,3.488758638789257,-1.348441926345609,0.0,0.7897183483729833,0.0,1.0952380952380951
0.08475347,,1.0,0.2422097411296073,0,0,0,1,0,0,0,-1.1854838709677418,0.0,-0.2019309667852084,-0.2404489046077708,0.9405099150141644,0.0,0.3598578069455838,0.0,-0.6666666666666667
0.13649769,,1.0,0.6078898298210138,0,0,0,1,0,0,0,-0.7177419354838708,0.0,-0.0073022248652039,-0.1339715310496519,-1.0679886685552409,0.0,-1.875854525567405,0.0,0.0
0.15969338,,1.0,0.2396778775046021,0,0,0,1,0,0,0,-0.5080645161290321,0.0,-0.2069082538853946,-0.2349500731094642,1.1558073654390937,0.0,0.7219031993437244,0.0,-0.2857142857142857
,,1.0,8.370829183286917,0,0,0,1,0,0,0,0.0,0.0,52.81279947610702,12.773285676793678,0.0,0.0,-0.0284386108832376,0.0,1.0
,11.0,0.7,8.882913342152463,0,0,1,0,0,0,0,0.0,3299.949445,0.0,3248.790631990702,2.801699716713881,0.0,1.0270713699753895,0.77687,0.0
0.33633745,,1.0,0.9874268406108848,0,0,0,1,0,0,0,1.0887096774193548,0.0,0.121164070607568,0.0504892710299061,-0.1388101983002833,0.0,0.2712605961170358,0.0,-0.9523809523809524
0.17664407,,1.0,0.2715806003101594,0,0,0,1,0,0,0,-0.3548387096774192,0.0,-0.1680547766085637,-0.2569453991026906,-0.7648725212464589,0.0,-1.8386655728739405,0.0,-0.8571428571428573
,,0.9,6.623613598606346,0,0,0,0,1,0,0,0.0,0.0,18.5693922405528,5.979729307522152,0.0,0.0,-1.4011484823625924,1.98687,-2.095238095238096
0.17753621,,1.0,0.9862814201496494,0,0,0,1,0,0,0,-0.346774193548387,0.0,0.1673090277918533,0.0,-0.8951841359773371,0.0,-1.2272354388843314,0.0,-0.380952380952381
1.543,0.736,0.7,0.0459825890925703,0,0,1,0,0,0,0,11.996360483870967,37.87232499999999,-0.3091664385074824,-0.3759201169751427,3.2407932011331444,-1.082,0.5983046212742685,0.32638,0.1714285714285714
0.11446179,,1.0,0.4140745711588388,0,0,0,1,0,0,0,-0.9169354838709676,0.0,-0.2012238712049133,0.0,0.0,0.0,-0.0153130981678971,0.0,0.1619047619047619
0.17842836,,1.0,1.7588638330669193,0,0,0,1,0,0,0,-0.3387096774193547,0.0,0.5215076718830604,0.3704212854768361,-0.3796033994334277,0.0,0.4068908941755537,0.0,0.0
0.54420649,,1.0,5.073384540684547,0,0,0,1,0,0,0,2.96774193548387,0.0,6.844850900599566,3.085344364322581,-1.1954674220963173,0.0,0.8345638501503965,0.0,-1.7142857142857142
0.14363483,,1.0,0.0609207097427841,0,0,0,1,0,0,0,-0.6532258064516127,0.0,-0.289583747851632,-0.3789194796105827,0.0311614730878186,0.0,-1.4897456931911404,0.0,0.0
,,1.0,8.118850657446878,0,0,0,1,0,0,0,0.0,0.0,42.56400767583119,12.278390841946086,0.0,0.0,0.4615805304894722,0.0,1.2571428571428571
0.5807843,,1.0,0.8909324081973207,0,0,0,1,0,0,0,3.298387096774193,0.0,0.0534719644793997,0.0459902270767461,0.6288951841359773,0.0,0.5753349740224227,0.0,0.0
,,0.5,0.0807466293394605,0,0,0,0,0,1,0,0.0,0.0,-0.2413063720358918,-0.4058137645750277,0.0,0.0,-2.970741044572053,-2.69438,0.0
0.565,0.059,0.9,0.1846798707842094,0,0,0,0,1,0,0,3.1556451612903222,-177.299555,-0.2243865008547182,-0.2794406188684905,0.5382436260623229,-0.93,-0.5447087776866284,-0.39313,-0.0952380952380952
0.645,0.463,1.0,1.5791254982984322,0,0,0,1,0,0,0,3.8788649596774185,-48.89600256,0.4104977950902643,0.2959371133634103,-0.3059490084985836,0.7999999999999998,0.2920426579163248,0.05909,0.8380952380952381
0.2150058,,1.0,0.6389059948809614,0,0,0,1,0,0,0,-0.008064516129032,0.0,-0.0324959161973708,-0.0759838534311459,-0.1331444759206798,0.0,0.0470330872299699,0.0,-0.8095238095238096
,,1.0,5.456941169881792,0,0,0,1,0,0,0,0.0,0.0,8.877244084381399,3.615231763250309,0.0,0.0,0.2625102543068088,0.28694,-0.8571428571428573
0.21198309,0.02076592,1.0,0.3296046371224684,0,0,0,1,0,0,0,-0.0353916209677417,-189.450555,-0.153470624495713,-0.2139545346613844,-0.2723512747875353,1.33,-0.9351927809680064,-0.60206,0.2571428571428572
0.14622179,0.01598339,1.0,0.1124360740266312,0,0,0,1,0,0,0,-0.6298387096774192,-190.970555,-0.2718235412303234,-0.3053491133134209,3.4390934844192635,5.07,0.7962811047306535,0.7418699999999999,-0.0476190476190476
0.23463329,,1.0,1.417876092813117,0,0,0,1,0,0,0,0.1693548387096773,0.0,0.3318962171480701,0.217953684841971,-0.5325779036827195,0.0,-0.1115668580803937,0.0,1.238095238095238
,2.6,1.0,8.178919332848396,0,0,0,1,0,0,0,0.0,633.949445,64.46957225852938,8.479198170388793,0.0,0.0,0.0,0.0,0.0
,,0.9,2.303481890750702,0,0,0,0,1,0,0,0.0,0.0,0.9963488586383004,0.5658797505530074,0.0,0.0,-0.7612797374897456,0.0,0.0
0.24266256,,1.0,1.1106729941016458,0,0,0,1,0,0,0,0.2419354838709679,0.0,0.153453772600544,0.1264731244610519,0.4079320113314447,0.0,0.7722176647525294,0.0,-0.1904761904761904
0.32671124,,1.0,0.1823323455690889,0,0,0,1,0,0,0,1.0016935483870968,0.0,-0.299946258674024,0.0,0.6282719546742209,0.0,-1.4372436423297783,0.0,0.9047619047619048
,,0.9,6.823592495440424,0,0,0,0,1,0,0,0.0,0.0,20.23146467436111,6.779559343639476,0.0,0.0,-1.6647525293956795,0.0,-1.1904761904761905
0.92,0.39,1.0,0.0949629982467819,0,0,0,1,0,0,0,6.354838709677419,-72.050555,-0.2665067669947208,-0.349975630178587,-0.1954674220963173,-0.7200000000000001,-2.038829641782882,-1.20154,2.333333333333333
0.17575163,,1.0,0.3950773200378723,0,0,0,1,0,0,0,-0.3629032258064515,0.0,-0.1212064128523878,-0.1909594211230113,-0.5949008498583569,0.0,-1.3541153951326224,0.0,0.1904761904761905
0.17485979,,1.0,1.7842459030535385,0,0,0,1,0,0,0,-0.3709677419354837,0.0,0.542867558701443,0.3764200107477161,-0.5212464589235127,0.0,0.4714246650259776,0.0,-0.5714285714285715
1.16067646,,1.0,0.1682639026605258,0,0,0,1,0,0,0,8.54032258064516,0.0,-0.2395784159807296,-0.2759413624604772,1.4447592067988668,0.0,0.7929997265518184,0.0,-0.5714285714285715
1.144,2.487,1.0,0.02832957143323,0,0,0,1,0,0,0,8.389516129032257,594.3594449999999,-0.3192581520201407,-0.4114625642051064,1.3626062322946175,0.8780000000000001,-1.019414820891441,0.0,0.1904761904761905
,12.597,1.0,12.2304434042976,0,0,0,1,0,0,0,0.0,3807.63388798,540.6136319235367,61.48793381406451,0.0,0.0,0.0,0.0,0.0
0.54063792,0.1089267,1.0,0.1685168531570349,0,0,0,1,0,0,0,2.935483870967741,-161.430555,-0.2406360421134149,-0.2734418935976105,1.7903682719546743,-0.4700000000000001,0.3587640142193054,0.0,0.8904761904761905
0.08296919,,1.0,0.0682802555501176,0,0,0,1,0,0,0,-1.201612903225806,0.0,-0.288400171009395,-0.3639226664333829,0.8810198300283286,0.0,-0.6125239267158873,0.0,0.0
0.6726749,,1.0,4.2742674085959305,0,0,0,1,0,0,0,4.129032258064515,0.0,4.006956777255135,2.134046515115537,-1.2521246458923512,0.0,0.5315832649712879,0.0,0.4285714285714286
,0.01469346,1.0,3.3221702035222385,0,0,0,1,0,0,0,0.0,-191.380555,0.0,11.528550183086091,0.0,0.0,0.0,0.0,0.0
,2.54,1.0,3.1759998511678664,0,0,0,1,0,0,0,0.0,610.949445,0.0,9.828911356336777,0.0,0.0,0.0,0.0,0.0
0.16593837,,1.0,0.0103646155830211,0,0,0,1,0,0,0,-0.4516129032258062,0.0,-0.3404482778511435,-0.4434057762725421,4.229461756373937,0.0,-0.7908121410992617,0.0,2.7619047619047623
0.11776272,,1.0,0.7142620337365161,0,0,0,1,0,0,0,-0.8870967741935482,0.0,-0.0051661507221944,-0.0419910768961595,-0.1076487252124645,0.0,0.239540607054963,0.0,-0.4761904761904761
0.11954679,,0.5,0.0935798474605736,0,0,0,0,0,1,0,-0.8709677419354837,0.0,-0.2624735651965573,-0.3592236649711936,0.0,0.0,-2.102269619907028,-1.45199,0.0
,16.5,0.7,7.938596449518624,0,0,1,0,0,0,0,0.0,5048.1181605,38.63475842332927,11.243610732719295,0.0,0.0,0.5687722176647525,0.0,-0.1428571428571428
0.17842836,,1.0,0.979977875492717,0,0,0,1,0,0,0,-0.3387096774193547,0.0,0.1619942597654316,0.0,0.0,0.0,-1.2075471698113207,0.0,-1.0666666666666669
,3.09,0.9,7.991145632944153,0,0,0,0,1,0,0,0.0,786.0392226299999,38.63475842332927,11.878475823887422,0.0,0.0,-0.8039376538146021,0.0,0.3333333333333333
,,1.0,9.353489614445614,0,0,0,1,0,0,0,0.0,0.0,94.5610727839399,19.376882412487344,0.0,0.0,0.1629751162154771,0.13408,0.8571428571428571
0.20430047,,1.0,1.472970827986302,0,0,0,1,0,0,0,-0.1048387096774192,0.0,0.3254536678152595,0.280440406413637,-0.5297450424929179,0.0,-0.0098441345365053,0.0,-0.4285714285714285
0.1409584,,1.0,1.387470158648973,0,0,0,1,0,0,0,-0.6774193548387094,0.0,0.2950553911544598,0.2284514540660109,-0.1019830028328611,0.0,0.5206453377085042,0.0,0.380952380952381
0.17485979,,1.0,0.1596136247749372,0,0,0,1,0,0,0,-0.3709677419354837,0.0,-0.2422184067464556,-0.2844395565942237,0.9518413597733713,0.0,0.3314191960623462,0.0,-0.1904761904761904
,,1.0,6.213595946369075,0,0,0,1,0,0,0,0.0,0.0,17.18433187904587,4.131122136545984,0.0,0.0,-2.427596390484003,0.0,0.8552380952380951
0.12311557,,1.0,0.2726885238317525,0,0,0,1,0,0,0,-0.8387096774193548,0.0,-0.1708143601656259,-0.2519464613769573,-0.5892351274787535,0.0,-1.5203718895269347,0.0,-1.4285714285714286
0.1900262,,1.0,2.7641485639912577,0,0,0,1,0,0,0,-0.2338709677419354,0.0,1.4647964921617214,0.8123273804316581,-1.2237960339943343,0.0,-0.4539239814055236,0.0,-0.761904761904762
0.13917412,,1.0,0.0783846343758841,0,0,0,1,0,0,0,-0.693548387096774,0.0,-0.2854276686062196,-0.3469262781658897,1.2606232294617563,0.0,0.0995351380913316,0.0,0.0
0.3631017,,1.0,0.2054366503829039,0,0,0,1,0,0,0,1.3306451612903227,0.0,-0.2226724212052412,-0.252946248922104,1.1274787535410764,0.0,0.7087776866283839,0.0,-0.4761904761904761
,,0.9,0.4846992748467107,0,0,0,0,1,0,0,0.0,0.0,-0.0870696519902952,-0.1489683442268518,-0.4560906515580736,0.0,-0.8170631665299426,-0.5751900000000001,0.1428571428571428
,,1.0,2.302615092544055,0,0,0,1,0,0,0,0.0,0.0,0.929518877601997,0.6208680655360735,0.0,0.0,0.1214109926168991,0.173,1.2857142857142858
,,1.0,7.683601635676828,0,0,0,1,0,0,0,0.0,0.0,33.98514680786866,9.828911356336777,0.0,0.0,0.3303254033360678,0.0,0.9523809523809524
0.08832204,,1.0,0.9849186607541868,0,0,0,1,0,0,0,-1.1532258064516123,0.0,0.1040574729885421,0.0689853406151192,0.0623229461756373,0.0,0.2723543888433142,0.0,0.8571428571428571
0.03479353,,1.0,0.189132668953402,0,0,0,1,0,0,0,-1.637096774193548,0.0,-0.2141913288340042,-0.2899383880925303,-0.0339943342776204,0.0,-0.5961170358217118,0.0,-4.476190476190476
0.22481973,,1.0,1.0917011486836898,0,0,0,1,0,0,0,0.0806451612903226,0.0,0.1788570697340855,0.0789832160665858,-0.4390934844192634,0.0,-0.2242275088870659,0.0,0.0
0.50406011,,0.5,0.1913627153993513,0,0,0,0,0,1,0,2.604838709677419,0.0,-0.2154846556982,-0.2849394503667971,-0.8104249291784704,0.0,-2.2969647251845777,-1.4669,0.0
0.2605054,,1.0,1.455002676726991,0,0,0,1,0,0,0,0.4032258064516128,0.0,0.3344087526619619,0.2519464613769573,-0.1671388101983003,0.0,0.8378452283292316,0.0,-0.6666666666666667
0.19270262,,1.0,3.6103931787338417,0,0,0,1,0,0,0,-0.2096774193548385,0.0,2.724326514848216,1.3887049002087055,-1.1841359773371103,0.0,0.2428219852337982,0.0,-1.9047619047619049
0.17842805,,1.0,0.3794403398589945,0,0,0,1,0,0,0,-0.3387096774193547,0.0,-0.1169469429439569,-0.2119549595710911,-0.8895184135977338,0.0,-1.8944490019141371,0.0,-0.3333333333333333
0.3095732,,1.0,0.9965082801076052,0,0,0,1,0,0,0,0.8467741935483871,0.0,0.1226604197505284,0.0569878900733593,-0.2322946175637393,0.0,0.2176647525293956,0.0,-0.5714285714285715
0.60741347,0.08621004,1.0,0.2007899292535201,0,0,0,1,0,0,0,3.539101532258064,-168.650555,-0.2202725736129743,-0.2639439119187173,0.3996883852691219,-0.8600000000000001,-0.4068908941755537,-0.27329,1.1571428571428573
0.19627119,,1.0,0.0897943500918256,0,0,0,1,0,0,0,-0.1774193548387094,0.0,-0.2798984758816525,-0.3339290400789831,1.4900849858356942,0.0,0.4407984686901832,0.0,0.0
,,0.9,4.851874001711314,0,0,0,0,1,0,0,0.0,0.0,5.576674712279787,2.980366672082182,0.0,0.0,-0.9975389663658736,0.0,-0.0476190476190476
0.16950694,,1.0,0.2470947715997496,0,0,0,1,0,0,0,-0.4193548387096774,0.0,-0.1882197241454396,-0.2564455053301173,0.0169971671388102,0.0,-0.5687722176647525,0.0,-2.0
0.25069184,,1.0,1.802121959811929,0,0,0,1,0,0,0,0.3145161290322581,0.0,0.6155023548901293,0.3279303148081032,-1.0141643059490084,0.0,-0.7590921520371889,0.0,-0.2857142857142857
0.51922652,0.19350064,1.0,0.0666009525629902,0,0,0,1,0,0,0,2.7419354838709675,-134.550555,-0.2868571501128384,-0.3709211792494095,0.1586402266288951,0.3899999999999999,-1.804757998359311,-1.06841,1.704761904761905
0.08564561,,1.0,0.0749640756864951,0,0,0,1,0,0,0,-1.1774193548387095,0.0,-0.2857994746680749,-0.3539247909819163,1.3229461756373937,0.0,-0.3029805851791086,0.0,0.9523809523809524
2.04,2.0,1.0,5.9348119811289575,0,0,0,1,0,0,0,16.488999999999997,439.609445,0.0,169.44499293900046,0.5212464589235127,0.0,-1.7555373256767843,0.0,0.0
0.29173036,,1.0,0.6218410955413642,0,0,0,1,0,0,0,0.6854838709677419,0.0,-0.048250137605047,-0.0704850219328392,0.3399433427762039,0.0,0.4593929450369155,0.0,0.1904761904761905
0.25782897,,1.0,2.6741658375133643,0,0,0,1,0,0,0,0.3790322580645162,0.0,1.3094858942156065,0.8023295049801915,-0.8356940509915014,0.0,0.2471971561389117,0.0,-0.2857142857142857
0.10695049,0.0062927,1.0,0.030347382777739,0,0,0,1,0,0,0,-0.9848339354838708,-194.050555,-0.3154947662017101,-0.4128122773910543,0.468555240793201,5.03,-1.5991249658189772,-0.98636,0.1523809523809524
0.4995994,,1.0,0.3960166651548581,0,0,0,1,0,0,0,2.5645161290322576,0.0,-0.1357548183909576,-0.1689640951297848,0.9886685552407932,0.0,0.1432868471424665,0.0,0.0
0.21411403,,1.0,0.9703613602965212,0,0,0,1,0,0,0,-0.0161290322580645,0.0,0.0995772840521007,0.060987040253946,-0.1246458923512747,0.0,0.5250205086136177,0.0,0.0
0.25069184,,1.0,1.5360017085461588,0,0,0,1,0,0,0,0.3145161290322581,0.0,0.4121734912135434,0.2509466738318107,-0.8045325779036827,0.0,-0.3007929997265518,0.0,-0.1904761904761904
0.18879515,,1.0,0.9039380316531406,0,0,0,1,0,0,0,-0.2449961290322578,0.0,0.1004533429166897,0.0,0.0,0.0,0.5315832649712879,0.0,2.0476190476190474
1.332,0.372,1.0,0.182697373437699,0,0,0,1,0,0,0,10.089001846774192,-77.81838760000001,-0.231612328016956,-0.2692427859079945,2.2974504249291785,-1.136,0.5479901558654635,0.48324,-0.9714285714285716
0.22669501,,1.0,1.1996850536511845,0,0,0,1,0,0,0,0.0975967741935484,0.0,0.3685114289239761,0.0,-0.603399433427762,0.0,0.6584632212195789,0.0,0.0
0.21411403,0.01321468,1.0,4.306477626649606,0,0,0,1,0,0,0,-0.0161290322580645,-191.850555,4.157989800294576,2.1305472587075247,-1.13314447592068,0.3699999999999999,0.2264150943396226,0.15072,0.3333333333333333
0.119547,,1.0,0.6215277190422969,0,0,0,1,0,0,0,-0.8709677419354837,0.0,-0.0375781194915979,-0.0854818351100391,-0.311614730878187,0.0,-0.3303254033360678,0.0,0.0
,21.105,1.0,10.706853729785871,0,0,0,1,0,0,0,0.0,6511.717974730001,210.8040930163732,34.098754014771856,0.0,0.0,0.0,0.0,0.0
,,1.0,1.8401453770937424,0,0,0,1,0,0,0,0.0,0.0,0.7096773819245148,0.289438494319957,-1.4745042492917848,0.0,-2.117582718074925,-1.32604,-0.2857142857142857
0.25069184,,1.0,0.3366122261879305,0,0,0,1,0,0,0,0.3145161290322581,0.0,-0.1720212349674058,-0.1759626079458115,0.9291784702549576,0.0,0.6792452830188679,0.0,1.809523809523809
0.13114484,,1.0,3.54879061401754,0,0,0,1,0,0,0,-0.7661290322580644,0.0,2.9477285619489666,1.1507554644638014,-1.728045325779037,0.0,-1.929450369155045,0.0,-1.3333333333333333
0.14390247,0.01799713,1.0,0.0118812451703319,0,0,0,1,0,0,0,-0.6508064516129031,-190.330555,-0.3394788938158586,-0.4358573803066848,4.679886685552408,6.14,0.4178288214383374,0.0,1.3095238095238098
,0.06,1.0,3.2344383721872965,0,0,0,1,0,0,0,0.0,-176.050555,0.0,10.478773260682106,0.0,0.0,0.0,0.0,0.0
0.38183668,,1.0,2.554250619210636,0,0,0,1,0,0,0,1.5,0.0,1.1899187389386796,0.731344589274779,-0.6713881019830028,0.0,-0.2887612797374898,0.0,0.6666666666666666
0.27477967,,1.0,0.7445420542881399,0,0,0,1,0,0,0,0.532258064516129,0.0,0.0391535509970763,-0.0689853406151193,-0.8781869688385269,0.0,-1.1933278643697018,0.0,0.0
0.22571187,,0.5,0.8592440286414031,0,0,0,0,0,1,0,0.0887096774193547,0.0,0.0664057432688852,0.0,0.0,0.0,-2.000546896363139,0.0,0.119047619047619
0.17129122,,1.0,0.2367424797149522,0,0,0,1,0,0,0,-0.4032258064516128,0.0,-0.2787789672821271,0.0,1.4560906515580736,0.0,0.1870385561936013,0.0,0.2380952380952381
0.22749615,,1.0,4.503236768891469,0,0,0,1,0,0,0,0.1048387096774192,0.0,4.61027585862694,2.420485646800054,-1.1841359773371103,0.0,0.6081487558107739,0.0,0.0
,,0.9,0.2667685427639708,0,0,0,0,1,0,0,0.0,0.0,-0.186292298376737,-0.2357499031455815,0.0422096317280452,0.0,-0.5490839485917418,0.0,-0.6190476190476191
,,1.0,3.4842852665351827,0,0,0,1,0,0,0,0.0,0.0,2.594014348449351,1.2302385743029605,-1.198300283286119,0.0,-0.1925075198249931,0.0,-1.809523809523809
0.1976094,0.04058794,1.0,3.4028495830920407,0,0,0,1,0,0,0,-0.1653225806451613,-183.150555,2.3133605169657723,1.2577327317944935,-1.1161473087818696,5.17,-0.0470330872299699,0.0,-0.3333333333333333
,14.8,0.5,14.690339507364168,0,0,0,0,0,1,0,0.0,4507.8098686,3408.260686137662,114.65663546496368,3.509915014164306,0.0,0.0,0.0,0.0
,0.79,1.0,1.605218171838485,0,0,0,1,0,0,0,0.0,55.02444499999999,0.6341703087889361,0.1342214779359385,0.0,0.0,-2.522286026797922,-1.86608,0.0
0.31224962,,1.0,2.22314592848502,0,0,0,1,0,0,0,0.8709677419354838,0.0,0.8517734421422432,0.5908744391816738,-0.8413597733711048,0.0,0.1564123598578069,0.0,0.0
0.21232974,,1.0,1.0949422629762502,0,0,0,1,0,0,0,-0.032258064516129,0.0,0.1638822227741417,0.0989789669695189,0.0028328611898017,0.0,-0.850970741044572,0.0,2.7619047619047623
0.14631125,,1.0,0.3510450960492395,0,0,0,1,0,0,0,-0.629032258064516,0.0,-0.1515131141026712,-0.1934588899858779,0.1983002832861189,0.0,0.1268799562482909,0.0,-1.3333333333333333
1.112,1.55,1.0,0.0743665409405031,0,0,0,1,0,0,0,8.1,296.569445,-0.2873557227273652,-0.351925215891623,1.8951841359773367,0.1699999999999999,0.0251572327044025,0.0,-0.2380952380952381
0.17932019,,1.0,1.7106731527119745,0,0,0,1,0,0,0,-0.3306451612903226,0.0,0.4537843694804517,0.3894172488346226,-0.0283286118980169,0.0,1.0861361771944216,0.0,-0.0476190476190476
,,0.9,1.8256035748092965,0,0,0,0,1,0,0,0.0,0.0,0.6078115950534024,0.3589237287076496,-0.7535410764872521,0.0,-0.4287667487011211,-0.30196,-0.4761904761904761
,0.95,1.0,0.7658695990709582,0,0,0,1,0,0,0,0.0,105.88643165,0.0,0.0,0.0,0.0,0.0,0.0,0.0
0.12133107,,0.5,0.4195298288813461,0,0,0,0,0,1,0,-0.854838709677419,0.0,-0.0997335565161839,-0.1948585925490833,-0.8583569405099151,0.0,-1.7435056056877225,0.0,-0.8571428571428573
0.23374115,,1.0,0.352605453838879,0,0,0,1,0,0,0,0.1612903225806452,0.0,-0.1561187004448821,-0.1844608020795581,0.6968838526912181,0.0,0.4375170905113481,0.0,-0.380952380952381
0.16683051,,1.0,0.9404257040172576,0,0,0,1,0,0,0,-0.4435483870967739,0.0,0.0675857370942164,0.0744841721134258,0.5580736543909348,0.0,0.6311184030626197,0.0,0.761904761904762
0.23070747,,0.9,0.8471952836978235,0,0,0,0,1,0,0,0.1338709677419354,0.0,0.0823727387625833,-0.028993838809253,-0.7790368271954674,0.0,-0.9767569045665846,0.0,-0.5571428571428572
0.07761633,,1.0,0.0136223959173264,0,0,0,1,0,0,0,-1.2499999999999996,0.0,-0.323297026606425,-0.4624017396303285,-0.8101983002832861,0.0,-2.744325950232431,0.0,-2.1904761904761902
,,1.0,4.6520537718869415,0,0,0,1,0,0,0,0.0,0.0,32.38070336309704,0.0,-1.770254957507082,0.0,0.3171998906207274,0.0,0.2857142857142857
3.44366727,,1.0,0.4006851085812477,0,0,0,1,0,0,0,29.177419354838705,0.0,-0.1334862188565972,-0.1674644138120649,6.260623229461756,0.0,-1.5356849876948315,0.0,0.380952380952381
,,0.5,0.244886412785193,0,0,0,0,0,1,0,0.0,0.0,-0.1916138116143754,-0.2539460364672507,0.0,0.0,-1.3453650533223953,-0.7690100000000001,0.0
0.24801541,,1.0,2.5011736481340705,0,0,0,1,0,0,0,0.2903225806451611,0.0,1.108168101838373,0.7268455453216192,-0.5184135977337111,0.0,0.8498769483182936,0.0,-1.619047619047619
,,1.0,7.253713099157145,0,0,0,1,0,0,0,0.0,0.0,25.18690285664145,8.529187547646124,0.0,0.0,0.079846869018321,0.6112,2.0000000000000004
0.19537871,0.02358,1.0,0.3476360628569961,0,0,0,1,0,0,0,-0.1854838709677418,-188.560555,-0.2319023688249038,0.0,0.0,2.59,-2.397593656002188,0.0,0.0
0.0981356,,1.0,0.2835813226323539,0,0,0,1,0,0,0,-1.0645161290322578,0.0,-0.1795204766468169,-0.2264518789757176,0.141643059490085,0.0,-0.197976483456385,0.0,-0.8571428571428573
1.195,3.4,1.0,0.4813414397027608,0,0,0,1,0,0,0,8.85060887096774,884.571445,-0.1070513579077372,-0.1235737405801267,1.1759206798866852,1.14,-0.0382827454197429,0.39609,1.2714285714285716
,,1.0,9.033661664320377,0,0,0,1,0,0,0,0.0,0.0,79.62992562443262,16.62746666333404,0.0,0.0,-0.0273448181569592,-0.11313,-0.4285714285714285
0.64591065,,1.0,1.954348715837824,0,0,0,1,0,0,0,3.887096774193548,0.0,0.662837660126401,0.4479048202257019,-0.8923512747875354,0.0,-0.2756357670221493,0.0,1.809523809523809
0.13917412,,1.0,0.191230176224431,0,0,0,1,0,0,0,-0.693548387096774,0.0,-0.2204711008960815,-0.2769411500056238,0.6572237960339944,0.0,-0.1334427126059611,0.0,-0.8571428571428573
0.11240986,,1.0,0.0309920791064442,0,0,0,1,0,0,0,-0.9354838709677415,0.0,-0.3200951682924572,-0.3989152305135159,2.3937677053824364,0.0,0.3817336614711512,0.0,0.4285714285714286
0.14809554,,1.0,2.765622088239589,0,0,0,1,0,0,0,-0.6129032258064515,0.0,1.4486244815395255,0.8263244060637114,-1.0821529745042493,0.0,-0.0525020508613617,0.0,-0.8571428571428573
0.16950694,,1.0,0.0785656211648828,0,0,0,1,0,0,0,-0.4193548387096774,0.0,-0.276986124652609,-0.3634227726608096,-0.206798866855524,0.0,-1.7894449001914137,0.0,-0.0476190476190476
,,1.0,6.000551166455871,0,0,0,1,0,0,0,0.0,0.0,11.4086632427432,5.07992051689016,0.0,0.0,0.561115668580804,0.0,0.8095238095238095
,8.626,1.0,0.4686827572783197,0,0,0,1,0,0,0,0.0,2545.53728378,-0.1744364436321879,0.0,0.0,0.0,0.0,0.0,0.0
1.0,2.2,1.0,0.504405055963068,0,0,0,1,0,0,0,7.080645161290321,503.149445,-0.0945417088313155,-0.1189747178724521,0.3937677053824363,1.27,0.0251572327044025,0.0,0.0
,,0.5,0.8810449074133706,0,0,0,0,0,1,0,0.0,0.0,0.145538367433491,-0.063986402889386,-1.2237960339943343,0.0,-2.093519278096801,-1.52597,-1.3333333333333333
0.06512635,,1.0,1.80439461912956,0,0,0,1,0,0,0,-1.3629032258064513,0.0,0.6784182394962356,0.278940725095917,-1.226628895184136,0.0,-0.927536231884058,0.0,-6.666666666666666
0.20965332,,1.0,1.4169089544741096,0,0,0,1,0,0,0,-0.0564516129032256,0.0,0.3263328163795107,0.2229526225677043,-0.4560906515580736,0.0,0.4189226141646158,0.0,-0.8571428571428573
0.11508629,,1.0,0.1347684843109647,0,0,0,1,0,0,0,-0.9112903225806448,0.0,-0.2494827140616792,-0.3109339265406101,0.8130311614730878,0.0,-0.0010937927262783,0.0,-1.619047619047619
,,1.0,8.859505484519133,0,0,0,1,0,0,0,0.0,0.0,71.67319588811623,15.477710986415389,-1.943342776203966,0.0,-0.2504785343177468,-0.16022,-0.6190476190476191
,,1.0,6.380969656805918,0,0,0,1,0,0,0,0.0,0.0,15.078909482017698,5.729782421235487,0.0,0.0,-1.5334974022422752,0.0,-1.6666666666666663
1.4,1.23,1.0,0.0868585442279648,0,0,0,1,0,0,0,10.703709677419354,194.880345,-0.2811879245113485,-0.3374282964869965,2.235127478753541,-0.6300000000000001,0.079846869018321,0.0,0.761904761904762
0.1900262,,1.0,0.5033335061246099,0,0,0,1,0,0,0,-0.2338709677419354,0.0,-0.053028487339479,-0.1734631390829449,-1.144475920679887,0.0,-2.182116488925349,0.0,0.9523809523809524
0.2,0.024,0.9,0.5648728027301576,0,0,0,0,1,0,0,-0.139516129032258,-188.500555,-0.0522924562437886,-0.1189747178724521,-0.1529745042492918,2.57,-0.4451736395952967,-0.42313,-1.0000000000000002
0.197,,1.0,1.0572620226926126,0,0,0,1,0,0,0,-0.1693548387096773,0.0,0.2295263976431573,0.0,0.0,0.0,0.0,0.0,0.0
1.219,2.271,1.0,0.248934509675044,0,0,0,1,0,0,0,9.067557258064516,525.741375,-0.2115131964856031,-0.2135546196433257,2.303116147308782,0.2299999999999999,1.1189499589827727,0.0,0.6190476190476191
1.388,0.467,0.7,0.1821171400806151,0,0,1,0,0,0,0,10.59516129032258,-47.630555000000015,-0.2308245692061938,-0.2715922866390892,1.7762039660056657,-1.113,0.5720535958435876,0.0,-1.0952380952380951
0.17485979,,1.0,1.7943936142780432,0,0,0,1,0,0,0,-0.3709677419354837,0.0,0.5979713633160273,0.3354287213967031,-1.0169971671388105,0.0,-0.6464315012305168,0.0,-0.4761904761904761
1.381,1.174,1.0,0.1394307475362023,0,0,0,1,0,0,0,10.531937379032255,177.07999482,-0.2588043995008273,-0.2839396628216504,2.498583569405099,-0.78,0.9056603773584906,0.0,0.0
,23.614,1.0,11.588564729513871,0,0,0,1,0,0,0,0.0,7309.1494479,354.5736872879796,49.22054063511504,0.0,0.0,0.0,0.0,0.0
0.12579199,,1.0,0.0779056633585592,0,0,0,1,0,0,0,-0.8145161290322579,0.0,-0.2850133433523531,-0.348925853256183,1.368271954674221,0.0,0.1345365053322395,0.0,0.0
0.2060844,,1.0,1.3199508305992451,0,0,0,1,0,0,0,-0.0887096774193547,0.0,0.2776433291144204,0.1819613332166914,0.0,0.0,0.5283018867924528,0.0,0.0
0.96,1.8,0.9,0.4640270550530769,0,0,0,0,1,0,0,6.726322580645161,376.043445,-0.1052528422936357,-0.1439694065011185,0.2521246458923513,1.3199999999999998,-0.5545529122231337,0.0,1.4285714285714288
0.82077044,0.03775622,1.0,4.047739874034335,0,0,0,1,0,0,0,5.467741935483869,-184.050555,17.38668002961378,0.0,-1.4645892351274787,-1.24,0.8126879956248291,0.0,-0.380952380952381
,,1.0,7.365523737865776,0,0,0,1,0,0,0,0.0,0.0,25.11486662034558,9.628953847307445,0.0,0.0,-0.8170631665299426,1.31913,1.523809523809524
0.19805548,,1.0,0.444785211370803,0,0,0,1,0,0,0,-0.1612903225806449,0.0,-0.1349113824457249,-0.1169751427821588,1.141643059490085,0.0,1.1211375444353295,0.0,1.809523809523809
1.685,1.45,1.0,0.0476374059188737,0,0,0,1,0,0,0,13.279971774193546,264.802945,-0.3103498694435971,-0.3673219440868815,3.915014164305949,-0.956,1.1123872026251025,0.57341,1.6761904761904765
,,1.0,5.560566239742826,0,0,0,1,0,0,0,0.0,0.0,8.657861001116709,4.180111726258169,0.0,0.0,-0.8159693738036642,1.8215,-0.8571428571428573
0.18021264,,1.0,0.5262377811566349,0,0,0,1,0,0,0,-0.3225806451612902,0.0,-0.144574476750611,0.0,-0.4107648725212464,0.0,-1.2272354388843314,0.0,-0.380952380952381
,2.4,1.0,3.0940339049565484,0,0,0,1,0,0,0,0.0,563.949445,0.0,8.97909194296212,0.0,0.0,0.0,0.0,0.0
0.04639137,,1.0,0.0466626409782922,0,0,0,1,0,0,0,-1.5322580645161288,0.0,-0.294136499576513,-0.4054138495569691,-0.6373937677053825,0.0,-2.3702488378452284,0.0,0.0
,,1.0,3.498918682679173,0,0,0,1,0,0,0,0.0,0.0,2.337237909798351,1.425697039379132,0.0,0.0,0.5283018867924528,0.0,0.2857142857142857
0.23641757,,1.0,5.114513955388232,0,0,0,1,0,0,0,0.1854838709677418,0.0,7.023385289252163,3.1468312983491,-1.413597733711048,0.0,0.6639321848509707,0.0,-1.142857142857143
1.323,0.938,1.0,0.0718260164908197,0,0,0,1,0,0,0,10.007666935483869,102.07398500000002,-0.2891950468693283,-0.3538248122274017,2.1246458923512748,-0.8270000000000001,0.3522012578616352,0.0607,-0.4047619047619047
,21.0,1.0,2.3959469369331905,0,0,0,1,0,0,0,0.0,6478.3459920000005,0.0,3.980154217228839,0.0,0.0,0.0,0.0,0.0
0.08742989,,1.0,0.1865209422924558,0,0,0,1,0,0,0,-1.161290322580645,0.0,-0.2298241374875778,-0.2669432745541572,1.0169971671388105,0.0,0.1903199343724364,0.0,1.0952380952380951
0.18288907,,1.0,0.2582709947770901,0,0,0,1,0,0,0,-0.2983870967741935,0.0,-0.2024873032602525,-0.2184535786145444,1.0141643059490084,0.0,0.6519004648619087,0.0,1.0952380952380951
0.36756241,,1.0,1.966600382828395,0,0,0,1,0,0,0,1.3709677419354838,0.0,0.6846128597499622,0.4414062011822487,-0.6487252124645893,0.0,0.0875034181022696,0.0,0.0
0.09278275,,1.0,0.0212459154106077,0,0,0,1,0,0,0,-1.1129032258064513,0.0,-0.3273493667626415,-0.420410662734169,1.6742209631728044,0.0,-0.5425211922340717,0.0,0.6666666666666666
0.05263637,,1.0,0.0074635814411548,0,0,0,1,0,0,0,-1.475806451612903,0.0,-0.3392248866465933,-0.4674006773560618,-0.0906515580736544,0.0,-2.447908121410993,0.0,0.0
0.14987982,,1.0,2.1722093435466694,0,0,0,1,0,0,0,-0.596774193548387,0.0,0.8768308605615844,0.5078920729345013,-0.9405099150141644,0.0,0.2176647525293956,0.0,-3.333333333333333
0.1217235,,1.0,0.259142044380056,0,0,0,1,0,0,0,-0.8512913709677418,0.0,-0.2697245690233806,0.0,0.0,0.0,-0.3762646978397593,0.0,-0.0952380952380952
,1.3,0.9,9.835048099313608,0,0,0,0,1,0,0,0.0,217.1263741,132.57655930189597,22.47622380244198,0.0,0.0,0.0,0.0,0.0
,3.02,1.0,3.44260759191761,0,0,0,1,0,0,0,0.0,763.7912341399999,0.0,13.128210255320743,0.0,0.0,0.0,0.0,0.0
0.15880124,,1.0,0.3475083941302577,0,0,0,1,0,0,0,-0.5161290322580644,0.0,-0.1617651026746513,-0.1809615456715448,0.7988668555240793,0.0,0.8356576428766749,0.0,-1.0476190476190477
1.20504718,,1.0,0.3157681117200088,0,0,0,1,0,0,0,8.941411758064515,0.0,-0.2459098447763185,0.0,1.1940509915014164,0.0,0.2976100628930819,0.0,0.0
0.29351465,,1.0,1.1891468366075697,0,0,0,1,0,0,0,0.7016129032258064,0.0,0.2074844822175234,0.1364709999125185,-0.2521246458923513,0.0,0.4823625922887612,0.0,-0.8571428571428573
0.21768222,0.03964383,0.7,0.624011419757659,0,0,1,0,0,0,0,0.0161290322580645,-183.450555,-0.050260052067932,-0.0654860842071059,0.9688385269121812,3.37,0.8203445447087777,0.0,-1.3857142857142857
0.12668413,,1.0,3.158988879515318,0,0,0,1,0,0,0,-0.8064516129032256,0.0,2.00699436599244,1.0382793656348026,-1.2322946175637397,0.0,-0.0831282471971561,0.0,-2.1904761904761902
0.32117104,,1.0,3.255969338674815,0,0,0,1,0,0,0,0.9516129032258064,0.0,1.944260594558126,1.250734218978467,-0.8640226628895185,0.0,0.9548810500410172,0.0,0.0
0.14845239,0.01485078,1.0,0.7495824784590142,0,0,0,1,0,0,0,-0.6096774193548387,-191.330555,0.0160656753143003,-0.0369921391704263,0.2662889518413597,4.293888,0.0951599671862182,0.04307,-1.0476190476190477
,,0.5,0.3983355396946593,0,0,0,0,0,1,0,0.0,0.0,-0.0399971804578347,-0.2709424247347439,-1.4447592067988668,0.0,-2.608695652173913,-2.41442,0.0
1.345,1.477,1.0,0.1056508505657676,0,0,0,1,0,0,0,10.206451612903225,273.36444500000005,-0.2745212851821061,-0.3128335228763887,2.8470254957507084,-0.5800000000000001,0.7973748974569319,0.5158699999999999,0.3047619047619048
0.06869492,,1.0,0.1291739546961694,0,0,0,1,0,0,0,-1.3306451612903225,0.0,-0.2046203758170142,-0.3764200107477161,-1.388101983002833,0.0,-2.721356302980585,0.0,0.0
1.595,0.74,0.7,0.2501385509858762,0,0,1,0,0,0,0,12.466415322580644,39.14364499999999,-0.2153280096280002,-0.2039566592099179,1.8611898016997168,-1.104,0.9855072463768116,0.0,-0.1904761904761904
,,1.0,1.938679297920023,0,0,0,1,0,0,0,0.0,0.0,0.6720875640755797,0.421910344051889,0.0,0.0,-0.1710910582444627,0.0,0.1523809523809524
,,1.0,1.4060283586101188,0,0,0,1,0,0,0,0.0,0.0,0.3572564677188634,0.1809615456715448,0.0,0.0,0.2821985233798195,0.07687,-2.380952380952381
,,1.0,2.731685344199644,0,0,0,1,0,0,0,0.0,0.0,1.5175965157264508,0.7308446955022058,0.0,0.0,-1.8331966092425485,0.0,-0.5714285714285715
0.24533899,,1.0,2.9958619185097204,0,0,0,1,0,0,0,0.2661290322580645,0.0,1.6972776001090264,0.9907894572403364,-0.9886685552407932,0.0,-0.0470330872299699,0.0,0.761904761904762
0.0918906,,1.0,0.2838398629091063,0,0,0,1,0,0,0,-1.1209677419354835,0.0,-0.183921096648708,-0.2189534723871177,0.6742209631728046,0.0,0.2734481815695925,0.0,-0.2857142857142857
0.16245902,,1.0,0.3994439693795096,0,0,0,1,0,0,0,-0.4830645161290322,0.0,-0.1086570456147721,-0.2029568716647712,-0.8226062322946176,0.0,-2.0421110199617174,-1.28382,1.3809523809523812
,,1.0,6.410119781763968,0,0,0,1,0,0,0,0.0,0.0,14.983952297644798,5.954734618893484,0.0,0.0,0.479015586546349,0.0,0.7614285714285713
,,0.5,5.2710335246208375,0,0,0,0,0,1,0,0.0,0.0,8.566178518558331,3.030356049339515,0.0,0.0,-1.550998085862729,-0.8184,2.952380952380953
0.18110478,,1.0,1.5659922039429244,0,0,0,1,0,0,0,-0.3145161290322581,0.0,0.4475112117201036,0.2459477361060774,-0.906515580736544,0.0,-0.7929997265518184,0.0,1.0476190476190477
0.20608475,,1.0,0.7829286574146171,0,0,0,1,0,0,0,-0.0887096774193547,0.0,0.0533977560231421,-0.0519889523476261,-0.7053824362606232,0.0,-0.957068635493574,0.0,-0.9523809523809524
0.30065178,,1.0,3.5926914724394545,0,0,0,1,0,0,0,0.7661290322580645,0.0,2.4099536573624496,1.5666670832448104,-0.56657223796034,0.0,1.2152037188952691,0.0,-0.8571428571428573
0.07493991,,1.0,0.0352895861905856,0,0,0,1,0,0,0,-1.2741935483870963,0.0,-0.3165525054967738,-0.3924166114700625,2.688385269121813,0.0,0.6672135630298058,0.0,-0.380952380952381
0.1596931,,0.5,2.3299279612340325,0,0,0,0,0,1,0,-0.5080645161290321,0.0,1.1492326910152697,0.4852468850369296,-1.5439093484419264,0.0,-1.8485097074104455,0.0,-1.619047619047619
0.14631125,,1.0,0.8628527418660267,0,0,0,1,0,0,0,-0.629032258064516,0.0,0.0621353379323471,0.0084981941337465,0.0198300283286118,0.0,0.4057971014492754,0.0,-1.142857142857143
0.30065178,,1.0,3.621176718617823,0,0,0,1,0,0,0,0.7661290322580645,0.0,2.597365853989263,1.4926828049039578,-1.1274787535410764,0.0,0.4670494941208641,0.0,0.0
,,0.5,2.4058923020599647,0,0,0,0,0,1,0,0.0,0.0,1.5138309851928031,0.3609233037979428,0.0,0.0,-2.788077659283566,-2.6721,0.0
0.11405048,,1.0,0.4126583336022186,0,0,0,1,0,0,0,-0.9206534999999998,0.0,-0.2018993160511801,0.0,-0.903229461756374,0.0,-2.220399234345092,0.0,0.0
,1.4166,0.9,2.302686933808094,0,0,0,0,1,0,0,0.0,254.18516636,0.9651571683221896,0.5903745454091004,0.0,0.0,-0.286573694284933,-0.1807399999999999,0.8571428571428571
0.04817566,,1.0,0.0280125706433003,0,0,0,1,0,0,0,-1.5161290322580645,0.0,-0.3176645874877745,-0.4164115125535823,0.5042492917847026,0.0,-1.518184304074378,0.0,-1.0476190476190477
0.11776272,,1.0,2.271095195289376,0,0,0,1,0,0,0,-0.8870967741935482,0.0,0.974099524038501,0.5448842121049275,-0.9546742209631728,0.0,0.1017227235438884,0.0,-2.857142857142857
0.14274268,,1.0,0.2583540203303797,0,0,0,1,0,0,0,-0.6612903225806449,0.0,-0.1966134865944901,-0.2289513478385842,0.5070821529745042,0.0,0.0010937927262783,0.0,0.0
1.81,1.66,0.3,0.1711269893685684,1,0,0,0,0,0,0,14.40991129032258,331.547245,-0.2535182003908457,-0.2399490108351975,4.69971671388102,-0.96,4.137817883511075,0.0,1.0952380952380951
1.021,0.2755,0.7,0.6667764458787424,0,0,1,0,0,0,0,7.277419354838709,-108.492055,-0.0348940679911479,-0.0460402164540035,0.5382436260623229,-0.9855,0.5042384468143287,0.0,-0.4285714285714285
,,0.5,1.2850033316372715,0,0,0,0,0,1,0,0.0,0.0,0.3504130252707559,0.0809827911568791,-1.30028328611898,0.0,-2.066174459939841,-1.40728,-0.1904761904761904
0.55134362,0.12003332,0.9,0.9791157282663732,0,0,0,0,1,0,0,3.032258064516129,-157.900555,0.1185827352490147,0.0459902270767461,-0.4560906515580736,-0.43,-0.6748701121137545,0.0,1.8571428571428568
0.21946688,,1.0,2.59010332943444,0,0,0,1,0,0,0,0.032258064516129,0.0,1.1863378896686485,0.7838334353949785,-0.4759206798866855,0.0,0.8422203992343451,0.0,-1.4285714285714286
1.115,0.275,1.0,0.2252931408901997,0,0,0,1,0,0,0,8.12744758064516,-108.647305,-0.2123297959858786,-0.2444480547883575,1.679886685552408,-1.0670000000000002,0.1367240907847962,0.0,0.5333333333333333
0.23730971,,1.0,1.6869252591471475,0,0,0,1,0,0,0,0.1935483870967743,0.0,0.4805263356393258,0.3354287213967031,-0.5042492917847026,0.0,0.1771944216570959,0.0,0.761904761904762
0.14541911,,1.0,2.4461579057004617,0,0,0,1,0,0,0,-0.6370967741935483,0.0,1.0421164592377488,0.7093492632815526,-0.5864022662889519,0.0,0.6245556467049495,0.0,-0.0952380952380952
0.11151772,,1.0,0.4497062396551748,0,0,0,1,0,0,0,-0.943548387096774,0.0,-0.115456046944084,-0.1434695127285452,0.2266288951841359,0.0,0.3018867924528302,0.0,-0.380952380952381
0.21545224,0.01975909,0.5,0.0690782075350606,0,0,0,0,0,1,0,-0.004032258064516,-189.770555,-0.2814434468646131,-0.3754202232025694,-0.3059490084985836,1.12,-2.298058517910856,-1.44165,0.3333333333333333
2.44892919,,1.0,1.1644918270974265,0,0,0,1,0,0,0,20.18548387096774,0.0,0.1768013448090405,0.1494682379994251,-0.1444759206798866,0.0,0.561115668580804,0.0,1.0952380952380951
2.30351008,,1.0,0.0869235285087316,0,0,0,1,0,0,0,18.87096774193548,0.0,-0.2804413485876705,-0.3389279778047164,1.1161473087818696,0.0,0.0153130981678971,0.0,0.4285714285714286
1.0,5.2,0.9,0.6088464689406154,0,0,0,0,1,0,0,7.08790322580645,1456.665445,-0.0478923519558619,-0.0834822600197458,0.2804532577903683,5.57,-0.3029805851791086,0.0,1.4285714285714288
1.14,1.14,1.0,0.2073685781188461,0,0,0,1,0,0,0,8.353435483870966,166.27564499999997,-0.2903492965809944,0.0,1.1019830028328612,0.0,-0.6059611703582172,-0.43432,0.1904761904761905
,2.4,1.0,9.23024103368252,0,0,0,1,0,0,0,0.0,563.949445,97.86819090479568,16.47749853156204,0.0,0.0,0.0,0.0,0.0
,6.91,0.5,10.323900384691411,0,0,0,0,0,0,1,0.0,2000.059445,184.96654933525488,26.37539522851394,0.0,0.0,56.24610336341264,0.0,0.0
0.27210324,,1.0,1.2641689324428802,0,0,0,1,0,0,0,0.5080645161290321,0.0,0.2507898610123209,0.158466325905745,-0.3541076487252124,0.0,-0.0175006836204539,0.0,0.8571428571428571
0.18288907,,1.0,4.049932243179422,0,0,0,1,0,0,0,-0.2983870967741935,0.0,3.38095096380549,1.94658635040054,-1.084985835694051,0.0,0.7437790538692918,0.0,0.9523809523809524
0.36667027,,1.0,0.3444416827137361,0,0,0,1,0,0,0,1.3629032258064515,0.0,-0.1590360680482151,-0.188959846032718,0.1813031161473088,0.0,-0.109379272627837,0.0,1.0952380952380951
,,1.0,0.1864279018735617,0,0,0,1,0,0,0,0.0,0.0,-0.2218395614892464,-0.2813202194533661,0.2804532577903683,0.0,-0.7761115668580808,-0.5585800000000001,-1.4433333333333334
,,1.0,0.2012760872210299,0,0,0,1,0,0,0,0.0,0.0,-0.2245086677627272,-0.2554457177849707,0.0,0.0,0.197976483456385,0.16318,0.9523809523809524
0.113,,1.0,0.0728599524152489,0,0,0,1,0,0,0,-0.9274193548387094,0.0,-0.3391987056004115,0.0,0.3427762039660056,0.0,-2.2652447361225048,-1.58466,0.0
0.26228968,,1.0,1.3873701062335797,0,0,0,1,0,0,0,0.4193548387096774,0.0,0.3191523995508841,0.2019570841196245,-0.5609065155807366,0.0,-0.0700027344818157,0.0,0.4761904761904762
0.26139754,,0.9,1.397047591839906,0,0,0,0,1,0,0,0.4112903225806453,0.0,0.3436775716896046,0.1859604833972779,-0.7903682719546742,0.0,-0.8969100355482637,-0.5417700000000001,0.1904761904761905
0.19270262,,1.0,1.8560249773970707,0,0,0,1,0,0,0,-0.2096774193548385,0.0,0.6162338946574616,0.3834185235637426,-0.6997167138810199,0.0,0.1771944216570959,0.0,-1.142857142857143
0.15701695,,1.0,2.043861880323571,0,0,0,1,0,0,0,-0.5322580645161289,0.0,0.7533977945477939,0.4664008898109151,-0.9660056657223796,0.0,-0.2767295597484276,0.0,-0.0952380952380952
,,1.0,4.197471084373605,0,0,0,1,0,0,0,0.0,0.0,4.015125571847984,1.9305897496781927,-1.3059490084985836,0.0,-0.0404703308722997,-0.15313,0.5714285714285715
0.15344839,,1.0,0.2497422121653896,0,0,0,1,0,0,0,-0.5645161290322579,0.0,-0.1881022065216086,-0.2534461426946773,-0.0424929178470254,0.0,-0.5283018867924528,0.0,-2.2857142857142856
0.14987982,,1.0,0.0474908809978278,0,0,0,1,0,0,0,-0.596774193548387,0.0,-0.3055477857011865,-0.3804191609283027,1.5240793201133145,0.0,-0.0021875854525567,0.0,-0.2857142857142857
0.11419415,,1.0,0.9919139526015648,0,0,0,1,0,0,0,-0.9193548387096772,0.0,0.1199697602351479,0.0559881025282127,-0.4277620396600566,0.0,0.0382827454197429,0.0,0.0
,3.93,1.0,3.4065051047122674,0,0,0,1,0,0,0,0.0,1053.949445,0.0,12.628316482747412,0.0,0.0,0.0,0.0,0.0
0.298,0.067,1.0,1.0304862789193596,0,0,0,1,0,0,0,0.7370967741935484,-174.920555,0.1457376032912135,0.060987040253946,-0.4220963172804532,1.81,-0.5217391304347826,0.0,1.3809523809523812
0.23820186,,1.0,4.166959710599024,0,0,0,1,0,0,0,0.2016129032258064,0.0,4.001806955837958,1.8631040903807936,-1.4447592067988668,0.0,-0.561115668580804,0.0,0.9523809523809524
0.20519261,,1.0,3.982452145449384,0,0,0,1,0,0,0,-0.0967741935483871,0.0,3.743454583719888,1.579664321331717,-1.6232294617563738,0.0,-1.3245829915231064,0.0,-0.761904761904762
1.5,1.52,1.0,0.1396050510422701,0,0,0,1,0,0,0,11.604838709677416,287.029445,-0.2623082878754996,-0.2754414686879038,2.518413597733711,-0.7620000000000001,0.6814328684714247,0.54587,0.0
,6.1,1.0,7.874797602549427,0,0,0,1,0,0,0,0.0,1742.7027277,37.18093619990355,10.9436744691753,0.0,0.0,-0.2373530216024063,0.0,-1.0476190476190477
1.218,0.832,1.0,0.1217061587578972,0,0,0,1,0,0,0,9.058517741935482,68.38400499999997,-0.2609255457710516,-0.3114338203131834,1.6373937677053825,-0.7580000000000001,0.0579710144927536,0.0,0.4285714285714286
1.165,1.374,1.0,0.1055940977060155,0,0,0,1,0,0,0,8.579405258064515,240.64567622,-0.2619399665993188,-0.3385780521639152,0.0490084985835692,-0.2530000000000001,-1.6472518457752257,-0.96496,1.3
0.26675039,,1.0,1.7055686767032467,0,0,0,1,0,0,0,0.4596774193548388,0.0,0.4841433209049826,0.3514253221190497,-0.4079320113314447,0.0,0.5020508613617719,0.0,0.1904761904761905
0.21232938,0.02504484,1.0,1.742283310568197,0,0,0,1,0,0,0,-0.032258064516129,-188.090555,0.7155263968743015,0.1959583588487445,-1.631728045325779,1.97,-2.318840579710145,0.0,0.0
0.16950694,0.09753691,1.0,0.1943167361127729,0,0,0,1,0,0,0,-0.4193548387096774,-165.050555,-0.2264079686201553,-0.2619443368284239,1.1473087818696883,23.67,0.2493847415914684,0.0,0.4523809523809524
,,1.0,2.3782742033468405,0,0,0,1,0,0,0,0.0,0.0,0.9610884307212236,0.6908531936963395,0.0,0.0,0.0,0.0,0.0
,,1.0,11.55250572886201,0,0,0,1,0,0,0,0.0,0.0,331.65852142865987,50.77021133009235,0.0,0.0,0.0,0.0,0.0
,3.0,1.0,5.027479300621147,0,0,0,1,0,0,0,0.0,757.949445,47.44282549768773,0.0,0.0,0.0,0.10062893081761,0.0,-0.761904761904762
0.3479347,6.8,1.0,3.58512986244326,0,0,0,1,0,0,0,1.193548387096774,1965.193445,2.506788289418186,1.480685354362198,0.0,0.0,0.8345638501503965,0.0,-0.2666666666666666
0.22303545,,1.0,1.9262871040502545,0,0,0,1,0,0,0,0.0645161290322581,0.0,0.5994086208069168,0.4783983403526751,-0.320113314447592,0.0,0.5447087776866284,0.0,1.6190476190476193
,,1.0,1.5080417505537296,0,0,0,1,0,0,0,0.0,0.0,0.5584667731907326,0.1059774797855455,0.0,0.0,-2.1077385835384197,0.0,0.0
0.05888136,,1.0,0.1297154276179142,0,0,0,1,0,0,0,-1.419354838709677,0.0,-0.2560793002467236,-0.3069347763600235,0.7790368271954674,0.0,-0.1870385561936013,0.0,1.0476190476190477
0.84,4.24,1.0,0.6063385484707245,0,0,0,1,0,0,0,5.64516129032258,1151.489445,-0.0603948956398853,-0.0679855530699726,0.5410764872521246,7.539999999999999,0.3314191960623462,0.0,0.761904761904762
0.16950694,,1.0,0.340293044667443,0,0,0,1,0,0,0,-0.4193548387096774,0.0,-0.1510119232983924,-0.2059562343002112,-0.0198300283286118,0.0,-0.5950232430954334,0.0,0.380952380952381
1.69,2.03,0.7,0.1224091519938824,0,0,1,0,0,0,0,13.32258064516129,449.1194449999999,-0.2697412028452162,-0.2904382818651037,3.906515580736544,-0.8,1.4470877768662838,0.0,-0.0476190476190476
0.12936056,,1.0,0.2543542700933218,0,0,0,1,0,0,0,-0.7822580645161289,0.0,-0.1945941435705863,-0.2374495419723308,0.1501416430594901,0.0,-0.4211101996171725,0.0,0.8571428571428571
0.13828198,,1.0,0.3697989991372508,0,0,0,1,0,0,0,-0.7016129032258063,0.0,-0.1341188427209347,-0.1989577214841846,-0.4447592067988669,0.0,-0.9209734755263878,0.0,0.0
0.22392759,,1.0,0.3815873581830479,0,0,0,1,0,0,0,0.0725806451612901,0.0,-0.1463311160633665,-0.1679643075846383,0.5070821529745042,0.0,0.3401695378725731,0.0,0.5714285714285715
,2.73,1.0,3.6699835070265023,0,0,0,1,0,0,0,0.0,671.949445,0.0,16.727445417848706,0.0,0.0,0.0,0.0,0.0
0.16772237,,0.5,0.2205480273851167,0,0,0,0,0,1,0,-0.4354838709677419,0.0,-0.1937582010311155,-0.2802904382818651,-0.6855524079320113,0.0,-1.8419469510527755,0.0,-0.6190476190476191
0.11330201,,1.0,0.0244061240044352,0,0,0,1,0,0,0,-0.9274193548387094,0.0,-0.3257602351765382,-0.4104127872827024,4.541076487252124,0.0,1.03363412633306,0.0,-2.4761904761904763
0.10705701,,1.0,0.0072967616028489,0,0,0,1,0,0,0,-0.9838709677419352,0.0,-0.3423682440056279,-0.4609020583126085,1.4475920679886685,0.0,-1.242548537052229,0.0,-4.571428571428571
,17.46,0.7,10.383017041371732,0,0,1,0,0,0,0,0.0,5353.23343122,168.93848675942414,30.71447317445043,0.0,0.0,0.7415914684167351,0.0,-0.4285714285714285
,,1.0,6.812014829745195,0,0,0,1,0,0,0,0.0,0.0,16.419280854588735,8.334228976342526,0.0,0.0,0.0,0.0,0.0
0.12846842,,1.0,3.853879240858989,0,0,0,1,0,0,0,-0.7903225806451611,0.0,3.0538313892640265,1.6931402077058624,-1.246458923512748,0.0,0.1936013125512715,0.0,1.0952380952380951
,18.7,1.0,9.023264008986224,0,0,0,1,0,0,0,0.0,5747.3406559000005,76.34245374983934,17.1773498131647,0.0,0.0,0.3204812687995624,0.0,0.380952380952381
1.123,1.54,1.0,0.1904134955228409,0,0,0,1,0,0,0,8.199746233870966,293.40519178,-0.2274165708851544,-0.2657435294999812,1.3223796033994333,0.0169999999999999,0.1104730653541154,0.08072,1.1285714285714286
0.1579091,,1.0,0.5692986281793924,0,0,0,1,0,0,0,-0.5241935483870966,0.0,-0.0750204018896,-0.0829823662471724,0.3597733711048159,0.0,0.6179928903472792,0.0,0.4285714285714286
0.18110478,0.0062927,1.0,2.239878290353252,0,0,0,1,0,0,0,-0.3145161290322581,-194.050555,0.939907229786973,0.5353862304260344,-0.8838526912181303,-0.03,-0.2406343997812414,0.0,-1.619047619047619
1.47,1.06,1.0,0.1882308582625157,0,0,0,1,0,0,0,11.33647580645161,140.84924500000002,-0.2327497769136934,-0.2586950273066973,2.093484419263456,-0.8880000000000001,0.3795460760185944,0.0,1.8571428571428568
,8.519,1.0,12.040154618699658,0,0,0,1,0,0,0,0.0,2511.52964423,468.0979424125667,58.67853081220241,0.0,0.0,0.0,0.0,0.0
,8.84,1.0,5.17840302185714,0,0,0,1,0,0,0,0.0,2613.55256288,0.0,79.01420948048539,0.0,0.0,0.0,0.0,0.0
0.15978259,0.0313062,0.9,0.0069844053085041,0,0,0,0,1,0,0,-0.507258064516129,-186.100555,-0.3432391918992516,-0.4609520476898658,1.4504249291784703,7.99,-1.8616352201257864,0.0,-0.2857142857142857
0.1025963,,1.0,1.0939336621975058,0,0,0,1,0,0,0,-1.0241935483870963,0.0,0.1682420574962292,0.0929802416986389,-0.1161473087818696,0.0,0.4134536505332239,0.0,-1.142857142857143
,,1.0,9.267193183568963,0,0,0,1,0,0,0,0.0,0.0,86.27690560991503,19.47686116700201,0.0,0.0,0.2111019961717254,0.0,1.4761904761904765
0.12668413,,1.0,1.371071077958909,0,0,0,1,0,0,0,-0.8064516129032256,0.0,0.2890765439862472,0.2189534723871177,-0.2407932011331444,0.0,0.5206453377085042,0.0,0.2857142857142857
0.05442065,0.02517081,1.0,0.0181947833880331,0,0,0,1,0,0,0,-1.4596774193548383,-188.050555,-0.3572483243497876,0.0,0.0,0.0,-2.179928903472792,0.0,0.0
0.31760247,,1.0,1.9558235754821185,0,0,0,1,0,0,0,0.9193548387096774,0.0,0.6572161709740797,0.4549033330417286,-0.4872521246458923,0.0,0.4090784796281104,0.0,0.0
0.12043914,,1.0,0.4744285490322633,0,0,0,1,0,0,0,-0.8629032258064513,0.0,-0.0925835176958406,-0.1514678130897184,-0.2747875354107649,0.0,-0.750341810226962,0.0,0.8571428571428571
0.53778558,0.13151751,1.0,0.1618605111269639,0,0,0,1,0,0,0,2.9097001209677416,-154.25055500000002,-0.237430092337688,-0.2899383880925303,0.3498583569405099,-0.28,-0.6453377085042384,-0.39107,1.5476190476190477
,,1.0,1.297463147413275,0,0,0,1,0,0,0,0.0,0.0,0.2918344676647064,0.1459689815914118,0.0,0.0,0.0,0.0,0.0
0.10277456,0.0047195,0.9,0.0487068531372595,0,0,0,0,1,0,0,-1.0225806451612902,-194.550555,-0.3003506111658502,-0.388567429421248,0.6487252124645893,4.07,-1.3792726278370249,-0.8525600000000001,-1.0000000000000002
0.26496611,,1.0,1.475754947340194,0,0,0,1,0,0,0,0.4435483870967743,0.0,0.361473844889802,0.2434482672432107,-0.254957507082153,0.0,-0.2898550724637681,0.0,1.7142857142857146
,5.19,0.9,11.988131786709724,0,0,0,0,1,0,0,0.0,1453.47887733,487.2567918277359,53.46963770198833,0.0,0.0,-0.903472791905934,0.0,-1.4285714285714286
,,1.0,4.8952723277085255,0,0,0,1,0,0,0,0.0,0.0,41.48346413139316,0.0,0.0,0.0,0.0,0.0,0.0
0.23017258,,1.0,2.6465775269826346,0,0,0,1,0,0,0,0.1290322580645162,0.0,1.2298661096134902,0.8278240873814312,-0.8101983002832861,0.0,0.5742411812961444,0.0,0.0
0.13471341,,1.0,1.2225350431377022,0,0,0,1,0,0,0,-0.7338709677419353,0.0,0.2281199523425935,0.1444693002736918,-0.4985835694050991,0.0,-0.0787530762920426,0.0,0.8571428571428571
1.693,0.435,0.7,0.2746396623354762,0,0,1,0,0,0,0,13.352261556451609,-57.795197950000016,-0.2104022274544532,-0.1799617581263981,2.4220963172804533,-1.246,1.392398140552365,0.79477,-0.380952380952381
0.10143652,0.00242269,0.9,0.7428387770504874,0,0,0,0,1,0,0,-1.0346774193548385,-195.280555,0.0351950255632689,-0.0659859779796793,-0.5127478753541076,1.67,-0.9767569045665846,-0.59838,-0.8571428571428573
0.17039908,,1.0,1.288432684093196,0,0,0,1,0,0,0,-0.4112903225806451,0.0,0.2598488070496398,0.1714635639926515,-0.4589235127478753,0.0,0.2931364506426032,0.0,-0.6666666666666667
1.533,1.28,0.7,0.1139894596573607,0,0,1,0,0,0,0,11.905965322580643,210.771845,-0.2734936391557299,-0.2981866353399902,3.5042492917847023,-0.8880000000000001,1.3256767842493848,0.78487,0.7571428571428572
0.15969338,,1.0,2.864458116598,0,0,0,1,0,0,0,-0.5080645161290321,0.0,1.4790230758146394,0.95079795543447,-0.9121813031161472,0.0,0.5742411812961444,0.0,0.0
0.86626967,0.36497682,1.0,0.5253008778931292,0,0,0,1,0,0,0,5.879032258064516,-80.050555,-0.09045168124815,-0.1039779046952522,0.5977337110481586,-0.65,0.4626743232157506,0.13067,-0.1428571428571428
,,1.0,5.881897976165861,0,0,0,1,0,0,0,0.0,0.0,11.460725467901412,4.430058612544834,0.0,0.0,-0.4692370795734208,1.1306699999999998,-1.3333333333333333
,,1.0,3.959034775095839,0,0,0,1,0,0,0,0.0,0.0,3.188116507990204,1.8506067460664608,0.0,0.0,0.0,0.0,0.0
0.26407397,,1.0,0.2323065759014161,0,0,0,1,0,0,0,0.4354838709677419,0.0,-0.2056378505232879,-0.2469475236512241,0.7847025495750708,0.0,-0.0470330872299699,0.0,0.761904761904762
,,0.9,5.562349470167483,0,0,0,0,1,0,0,0.0,0.0,9.401143984714988,3.83018608545684,0.0,0.0,-0.7678424938474159,-0.41683,0.9047619047619048
0.08296919,,1.0,0.1898364811388286,0,0,0,1,0,0,0,-1.201612903225806,0.0,-0.2224830945866961,-0.2754414686879038,1.1529745042492918,0.0,0.2165709598031173,0.0,-1.523809523809524
0.09599446,,0.5,0.2083405272688633,0,0,0,0,0,1,0,-1.0838709677419351,0.0,-0.2899718594465479,0.0,0.0,0.0,-2.1372709871479354,0.0,0.4190476190476191
,4.35,1.0,7.639904687290705,0,0,0,1,0,0,0,0.0,1186.50301545,33.769038098981056,9.448992089181049,0.0,0.0,-0.0765654908394859,0.0,0.761904761904762
0.20519226,,1.0,0.7042026925545988,0,0,0,1,0,0,0,-0.0967741935483871,0.0,0.0068132756369714,-0.0664858717522526,0.0,0.0,-0.5709598031173093,0.0,0.0
,,1.0,0.4585279295588278,0,0,0,1,0,0,0,0.0,0.0,-0.0778836566253336,-0.1849606958521314,-1.019830028328612,0.0,-2.117582718074925,-1.32604,-0.2857142857142857
0.15969338,,1.0,0.5681571697546373,0,0,0,1,0,0,0,-0.5080645161290321,0.0,-0.0693787612550499,-0.0924803479260657,0.3824362606232294,0.0,0.5961170358217118,0.0,-0.5714285714285715
1.13,9.7,1.0,0.0524785916451306,0,0,0,1,0,0,0,8.26290322580645,2886.7694450000004,-0.3042326439398346,-0.3689216041591162,0.0,0.0,0.0,0.0,0.0
0.18556549,,1.0,0.6221108046500671,0,0,0,1,0,0,0,-0.2741935483870966,0.0,-0.0455894366505921,-0.0739842783408526,0.0623229461756373,0.0,0.3489198796828001,0.0,-0.380952380952381
0.3800524,,1.0,0.5661455226849114,0,0,0,1,0,0,0,1.483870967741935,0.0,-0.0822611732964949,-0.0749840658859992,1.594900849858357,0.0,-0.6464315012305168,0.0,-0.0952380952380952
0.98,1.084,1.0,0.1760172846975599,0,0,0,1,0,0,0,6.907112903225805,148.477165,-0.2380043488415667,-0.2669432745541572,2.3541076487252126,0.1699999999999999,0.4243915777960076,0.0,0.2857142857142857
0.47818799,,1.0,2.620757608370049,0,0,0,1,0,0,0,2.370967741935484,0.0,1.266620428273245,0.7613382156291787,-1.0028328611898016,0.0,0.2242275088870659,0.0,-1.3333333333333333
0.1579091,,1.0,2.2221971186149863,0,0,0,1,0,0,0,-0.5241935483870966,0.0,0.8905745754994883,0.5553819813289675,-0.7847025495750708,0.0,0.0426579163248564,0.0,0.0
1.60952191,,1.0,0.428108493359999,0,0,0,1,0,0,0,12.59766129032258,0.0,-0.1944787254756059,0.0,2.688385269121813,0.0,0.5326770576975663,0.0,0.0
0.30243606,,1.0,3.553877206596219,0,0,0,1,0,0,0,0.782258064516129,0.0,2.5175060600373684,1.4102003324293588,-1.0339943342776203,0.0,0.2843861088323762,0.0,0.0
0.10616487,,1.0,0.0180658738520482,0,0,0,1,0,0,0,-0.9919354838709676,0.0,-0.3311195494291729,-0.4254096004599023,2.274787535410765,0.0,-0.0984413453650533,0.0,0.0
0.14952256,0.02831717,1.0,0.258984332002606,0,0,0,1,0,0,0,-0.6000036290322579,-187.050555,-0.1674950973902055,-0.2714423185073172,-0.8638243626062323,9.67,-1.9699207000273449,-1.39335,-0.1999999999999999
,,0.9,3.1036409399164984,0,0,0,0,1,0,0,0.0,0.0,1.944083778341763,0.9907894572403364,0.0,0.0,-0.5447087776866284,-0.28293,0.9047619047619048
0.2712111,,1.0,0.4718716954792619,0,0,0,1,0,0,0,0.5,0.0,-0.0944117587354121,-0.1514678130897184,-0.1954674220963173,0.0,-0.6147115121684441,0.0,0.5714285714285715
0.18021264,,1.0,2.0070019869234463,0,0,0,1,0,0,0,-0.3225806451612902,0.0,0.6712982826807321,0.5003936663459014,-0.5807365439093485,0.0,0.5808039376538146,0.0,0.4285714285714286
0.1302527,,1.0,0.2129394687315786,0,0,0,1,0,0,0,-0.7741935483870966,0.0,-0.2199389390943197,-0.2474474174237974,0.9745042492917848,0.0,0.5315832649712879,0.0,0.4285714285714286
0.974,0.194,1.0,0.379420090129745,0,0,0,1,0,0,0,6.852860645161289,-134.39184404,-0.1588624385512275,-0.1489683442268518,1.8611898016997168,-1.07,0.5392398140552366,0.6511499999999999,1.4666666666666668
1.053,1.01,1.0,1.3528999953984933,0,0,0,1,0,0,0,7.5669811935483855,124.95613607,0.3007732281179519,0.1884599522601446,-0.3257790368271954,-0.26,0.3204812687995624,-0.08104,-0.8476190476190477
1.3,3.35,0.7,0.2060292870428301,0,0,1,0,0,0,0,9.79973783064516,868.67460845,-0.2295036047231183,-0.2384493295174775,2.5977337110481584,0.5599999999999998,0.8028438610883237,0.69804,-0.380952380952381
0.87,0.35,1.0,0.4863618458397301,0,0,0,1,0,0,0,5.911290322580644,-84.050555,-0.0749743825223547,-0.162965369858905,-0.8016997167138811,-0.669,-1.954607601859448,-1.1324,2.095238095238096
0.1129,,1.0,0.5871667394547064,0,0,0,1,0,0,0,-0.9310532903225804,0.0,-0.0455832631451416,-0.1069772673306922,-0.2056657223796034,0.0,-0.6026797921793821,-0.4455,-0.0047619047619047
,,1.0,2.4004374931615504,0,0,0,1,0,0,0,0.0,0.0,1.0645868206567506,0.6308659409875401,0.0,0.0,-0.2898550724637681,0.0,1.4761904761904765
0.36756241,,1.0,0.8566910246199074,0,0,0,1,0,0,0,1.3709677419354838,0.0,0.0690858173867795,-0.0054988314983066,-0.4815864022662889,0.0,-0.6814328684714247,0.0,2.1904761904761907
0.11062558,,1.0,0.1984663493997732,0,0,0,1,0,0,0,-0.9516129032258064,0.0,-0.2231908659978625,-0.2619443368284239,0.8413597733711048,0.0,0.4451736395952967,0.0,-0.8571428571428573
,,1.0,4.598548309679204,0,0,0,1,0,0,0,0.0,0.0,5.003659196289924,2.4804728995088543,0.0,0.0,0.1815695925622094,0.28409,1.2857142857142858
0.11687057,,1.0,1.0809584377375372,0,0,0,1,0,0,0,-0.8951612903225804,0.0,0.1914686847932343,0.0559881025282127,-0.8583569405099151,0.0,-1.0139458572600493,0.0,-0.0952380952380952
0.12133128,,1.0,0.3098560500678556,0,0,0,1,0,0,0,-0.854838709677419,0.0,-0.1423822847423398,-0.2494469925140907,-0.9830028328611898,0.0,-2.0727372162975115,0.0,-0.4285714285714285
0.24266215,,0.5,0.1815368956946034,0,0,0,0,0,1,0,0.2419354838709679,0.0,-0.196766694571594,-0.32293137708237,-0.963172804532578,0.0,-2.377905386929177,-1.827,0.0
0.18858523,,1.0,0.530514773223004,0,0,0,1,0,0,0,-0.2468966370967742,0.0,-0.1422860308140311,0.0,0.398441926345609,0.0,0.4659557013945857,0.0,0.0
1.072,0.724,0.9,0.0665928742705356,0,0,0,0,1,0,0,7.738748387096773,34.05836500000001,-0.2877820066513317,-0.3691215616681455,0.6141643059490084,-0.6030000000000001,-1.1692644243915775,-0.75224,-0.1857142857142857
0.21866395,0.02287398,0.9,1.2941195203840856,0,0,0,0,1,0,0,0.0250000000000001,-188.780555,0.326683699647509,0.1094767361935588,-0.7563739376770539,1.38,-0.9734755263877496,-0.6095200000000001,-0.380952380952381
0.11776272,,1.0,0.2157303293248233,0,0,0,1,0,0,0,-0.8870967741935482,0.0,-0.2186514511600007,-0.2459477361060774,1.0623229461756374,0.0,0.3117309269893355,0.0,1.6190476190476193
0.08207704,,1.0,0.0834194495718852,0,0,0,1,0,0,0,-1.2096774193548383,0.0,-0.2839118277674673,-0.3389279778047164,1.5070821529745042,0.0,0.1400054689636314,0.0,1.7142857142857146
0.28637751,,1.0,1.556262685491083,0,0,0,1,0,0,0,0.6370967741935483,0.0,0.3807155860746395,0.3044353074971568,-0.2436260623229461,0.0,0.2198523379819524,0.0,2.0000000000000004
0.40592451,,1.0,3.573902306927617,0,0,0,1,0,0,0,1.7177419354838706,0.0,2.5317287792736467,1.4406938525563318,-1.1359773371104815,0.0,0.0371889526934645,0.0,1.809523809523809
0.22979917,,1.0,1.3753631290073425,0,0,0,1,0,0,0,0.1256604112903227,0.0,0.5695926389116543,0.0,0.0,0.0,0.1476620180475799,0.0,-0.3333333333333333
1.328,0.292,1.0,0.2000603459549619,0,0,0,1,0,0,0,10.052843846774191,-103.24466016,-0.2150410467319669,-0.2739417873701838,1.473087818696884,-1.177,-0.0295324036095159,0.12793,1.0476190476190477
0.27924038,,1.0,0.8983243518748828,0,0,0,1,0,0,0,0.5725806451612901,0.0,0.1102270426410968,-0.0154967069497732,-0.1813031161473088,0.0,-0.1968826907301066,0.0,-0.3333333333333333
,,0.9,4.972753417634357,0,0,0,0,1,0,0,0.0,0.0,5.923758396250791,3.2153167451916467,0.0,0.0,-0.859721082854799,1.77687,-1.619047619047619
0.06958706,,1.0,0.3618307310818505,0,0,0,1,0,0,0,-1.32258064516129,0.0,-0.1424093887036836,-0.1954584650761713,-0.0708215297450425,0.0,-0.4473612250478534,0.0,-0.4761904761904761
0.23463288,,0.9,2.5499075640054123,0,0,0,0,1,0,0,0.1693548387096773,0.0,1.3003417758068656,0.6428633915292999,-1.423229461756374,0.0,-1.5936560021875854,-0.89758,1.238095238095238
0.22035902,,1.0,3.826391924532,0,0,0,1,0,0,0,0.0403225806451615,0.0,2.920596169212492,1.7191346838796753,-0.9405099150141644,0.0,0.7240907847962811,0.0,-0.5714285714285715
,0.75,1.0,2.0204236957994794,0,0,0,1,0,0,0,0.0,43.949445,0.0,2.4304835222515213,0.0,0.0,0.0,0.0,0.0
0.19805548,,1.0,1.0810427358120298,0,0,0,1,0,0,0,-0.1612903225806449,0.0,0.1679894156101043,0.0814826849294524,-0.4164305949008499,0.0,0.2843861088323762,0.0,-2.0
,5.21,1.0,7.431918441026782,0,0,0,1,0,0,0,0.0,1459.83544547,28.424931678140737,9.079070697476784,0.0,0.0,0.4353295050587913,0.0,0.8571428571428571
,,1.0,5.044421568683344,0,0,0,1,0,0,0,0.0,0.0,6.666059067535943,3.0708474449179546,0.0,0.0,0.2832923161060979,0.33007,0.761904761904762
,5.5,1.0,10.627479337132309,0,0,0,1,0,0,0,0.0,1552.0056835,208.66593145969827,31.78424584775735,0.0,0.0,0.0,0.0,0.0
1.04112946,,1.0,5.531005916231578,0,0,0,1,0,0,0,7.459677419354837,0.0,9.04676872741863,3.85418098654036,-1.3059490084985836,0.0,-0.0317199890620727,0.0,0.6666666666666666
0.15434053,,1.0,0.0557321368359123,0,0,0,1,0,0,0,-0.5564516129032256,0.0,-0.3008983873129853,-0.3679218166139695,2.691218130311615,0.0,0.0689089417555373,0.0,0.761904761904762
1.37,0.89,1.0,0.248003016715584,0,0,0,1,0,0,0,10.43548387096774,86.80944500000001,-0.1987591513800501,-0.2384493295174775,1.30028328611898,-0.8800000000000001,0.2439157779600765,0.0,-2.0476190476190474
,1.28,1.0,3.857461281518258,0,0,0,1,0,0,0,0.0,210.949445,0.0,20.376669957634,0.0,0.0,0.0,0.0,0.0
,,0.7,0.0651143537516441,0,0,1,0,0,0,0,0.0,0.0,-0.2972782002003439,-0.3514253221190497,0.0,0.0,0.5064260322668854,0.0,1.1904761904761905
0.26675039,,1.0,2.0222044358769766,0,0,0,1,0,0,0,0.4596774193548388,0.0,0.6783665014341408,0.5113913293425147,-0.4164305949008499,0.0,0.3171998906207274,0.0,1.238095238095238
0.11687057,,1.0,0.0068673011602043,0,0,0,1,0,0,0,-0.8951612903225804,0.0,-0.345412672233195,-0.4549033330417286,4.028328611898017,0.0,0.4112660650806672,0.0,-1.0476190476190477
0.20251618,,1.0,1.0501443809860778,0,0,0,1,0,0,0,-0.1209677419354837,0.0,0.1840815612943064,0.0369921391704262,-0.8810198300283286,0.0,-1.045665846322122,0.0,-1.0476190476190477
0.51387278,3.6,0.5,0.2003970537529462,0,0,0,0,0,1,0,2.6935483870967736,948.137445,-0.1854013411087322,-0.3144331829486234,0.1104815864022662,0.0,-2.3702488378452284,-0.80313,0.0
0.67445919,,1.0,5.54432559317181,0,0,0,1,0,0,0,4.14516129032258,0.0,9.349984560236903,3.7746978767012007,-1.3569405099150142,0.0,0.316106097894449,0.0,-0.8571428571428573
,0.51,1.0,3.828957096172444,0,0,0,1,0,0,0,0.0,-36.050555,0.0,19.776797430546004,0.0,0.0,0.0,0.0,0.0
0.24177042,,1.0,2.192471900466238,0,0,0,1,0,0,0,0.2338709677419354,0.0,0.8460207953047485,0.5583813439644075,-0.7960339943342776,0.0,0.3817336614711512,0.0,-0.8571428571428573
1.8,15.0,1.0,0.7658695990709582,0,0,0,1,0,0,0,14.319516129032255,4571.399445,0.0,0.0,3.9348441926345608,0.0,-1.252392671588734,-0.5188900000000001,0.0
0.20965296,,1.0,0.4980273035383721,0,0,0,1,0,0,0,-0.0564516129032256,0.0,-0.0584990328755531,-0.1719634577652248,-1.0594900849858355,0.0,-2.0344544708777685,0.0,-0.0952380952380952
1.35,2.38,0.7,0.1403694468069679,0,0,1,0,0,0,0,10.25173387096774,560.3848449999999,-0.2601322892857103,-0.2791906719822037,3.643059490084986,-0.1400000000000001,0.9089417555373256,0.8901899999999999,-0.380952380952381
,,1.0,6.031616172981377,0,0,0,1,0,0,0,0.0,0.0,12.553711634972364,4.744991689266031,0.0,0.0,-0.0481268799562482,0.02615,0.8095238095238095
,24.0,1.0,9.012574291610145,0,0,0,1,0,0,0,0.0,7503.949445,0.0,3698.695027306697,5.351274787535411,0.0,5.3847415914684165,0.0,0.0
0.11776272,,1.0,0.0112724315982341,0,0,0,1,0,0,0,-0.8870967741935482,0.0,-0.3387796373497723,-0.4424059887273954,3.008498583569405,0.0,0.0448455017774131,0.0,-0.761904761904762
,,1.0,0.950099905949824,0,0,0,1,0,0,0,0.0,0.0,0.1048022032456151,0.0359923516252796,0.0,0.0,0.1629751162154771,0.35115,-1.0476190476190477
0.24087828,,1.0,1.065929413851621,0,0,0,1,0,0,0,0.2258064516129033,0.0,0.1589772256742655,0.0779834285214392,-0.5524079320113314,0.0,-0.2198523379819524,0.0,0.0
0.13382127,,1.0,0.2015880672025398,0,0,0,1,0,0,0,-0.7419354838709675,0.0,-0.292586480130394,0.0,0.9206798866855525,0.0,-0.5151763740771124,0.0,0.2380952380952381
0.43804161,,1.0,0.4428060281454516,0,0,0,1,0,0,0,2.008064516129032,0.0,-0.1128268766104371,-0.1544671757251584,0.2492917847025495,0.0,-0.2417281925075198,0.0,1.0476190476190477
0.21857474,,1.0,1.2192230374030415,0,0,0,1,0,0,0,0.0241935483870969,0.0,0.2213856749167186,0.1489683442268517,0.0764872521246459,0.0,0.700027344818157,0.0,-1.4285714285714286
0.28459323,,1.0,1.060148542903937,0,0,0,1,0,0,0,0.6209677419354838,0.0,0.1636508816756519,0.0674856592973992,-0.5609065155807366,0.0,-0.3697019414820891,0.0,0.0
0.1516641,,1.0,0.1666057086391972,0,0,0,1,0,0,0,-0.5806451612903225,0.0,-0.2339956040005005,-0.2889386005473837,0.5864022662889519,0.0,-0.4287667487011211,0.0,0.8571428571428571
,,0.9,7.38205466822469,0,0,0,0,1,0,0,0.0,0.0,27.023826882186093,9.079070697476784,0.0,0.0,-0.6628383921246924,1.14381,-0.7142857142857144
0.3416903,,1.0,3.903636538201439,0,0,0,1,0,0,0,1.1370967741935485,0.0,3.1641672229938016,1.7356311783745952,-1.1926345609065157,0.0,0.3401695378725731,0.0,0.5714285714285715
0.28905394,,1.0,3.381887118712295,0,0,0,1,0,0,0,0.6612903225806452,0.0,2.264060445977714,1.252233900296187,-1.2209631728045325,0.0,-0.1542247744052502,0.0,0.6666666666666666
0.24533899,,1.0,0.5452959830732146,0,0,0,1,0,0,0,0.2661290322580645,0.0,-0.0773231046879727,-0.1034780109226789,0.3427762039660056,0.0,0.4933005195515449,0.0,-0.5714285714285715
,0.32,1.0,2.118377605910995,0,0,0,1,0,0,0,0.0,-94.34546476,0.0,2.780409163052852,0.0,0.0,0.0,0.0,0.0
0.13738983,,0.5,0.0454764513110059,0,0,0,0,0,1,0,-0.7096774193548385,0.0,-0.2868680472307653,-0.418910981416449,-0.7393767705382436,0.0,-2.5999453103636863,0.0,0.0
0.20162404,,1.0,3.203566043072316,0,0,0,1,0,0,0,-0.1290322580645162,0.0,1.9518737147216847,1.1512553582363747,-0.8668555240793201,0.0,0.6529942575881871,0.0,-1.142857142857143
,0.54,1.0,3.326161917068986,0,0,0,1,0,0,0,0.0,-26.050555000000003,0.0,11.578539560343426,0.0,0.0,0.0,0.0,0.0
,,0.9,3.990195201708575,0,0,0,0,1,0,0,0.0,0.0,3.5949578517804444,1.675643925665796,0.0,0.0,-0.8586272901285207,0.0,0.0
0.13560555,0.0110437,1.0,0.1843348551413779,0,0,0,1,0,0,0,-0.725806451612903,-192.540555,-0.2269152085036583,-0.2754914580651612,1.5586402266288952,4.15,0.1750068362045392,0.0,-1.761904761904762
,,1.0,7.074582414817443,0,0,0,1,0,0,0,0.0,0.0,21.725889140062677,8.229251284102126,0.0,0.0,-0.5742411812961444,0.68987,0.8095238095238095
,,0.9,6.312575653366458,0,0,0,0,1,0,0,0.0,0.0,12.067467039975249,6.729569966382144,0.0,0.0,-1.5750615258408531,3.19687,-4.666666666666667
0.24712327,,1.0,0.6432560195658851,0,0,0,1,0,0,0,0.282258064516129,0.0,-0.0025933143297744,-0.1089768424209855,-0.8781869688385269,0.0,-1.3672409078479628,0.0,0.0
0.28102466,,1.0,0.7176130271393849,0,0,0,1,0,0,0,0.5887096774193548,0.0,-0.0112931089763555,-0.030493520126973,0.6005665722379604,0.0,0.2745419742958709,0.0,-0.1428571428571428
0.15434053,,1.0,4.193155346036716,0,0,0,1,0,0,0,-0.5564516129032256,0.0,4.229352006624921,1.8061162003074347,-1.5694050991501416,0.0,-0.8815969373803664,0.0,-0.9523809523809524
0.22749615,,1.0,0.0713608456619896,0,0,0,1,0,0,0,0.1048387096774192,0.0,-0.2894230239410705,-0.3544246847544897,2.218130311614731,0.0,-0.4211101996171725,0.0,0.761904761904762
1.363,1.12,0.9,0.0187206805754077,0,0,0,0,1,0,0,10.36924758064516,159.919045,-0.3296841333154581,-0.4261594411187622,3.368271954674221,-0.79,-0.6311184030626197,0.0,1.0476190476190477
1.206,0.924,1.0,0.1780360477972137,0,0,0,1,0,0,0,8.950043548387095,97.62436499999998,-0.2339805225595571,-0.2717422547708612,1.1303116147308785,-0.6300000000000001,0.189226141646158,0.0,0.1904761904761905
,,0.5,5.19818980175523,0,0,0,0,0,1,0,0.0,0.0,8.078296736372677,2.970368796630716,0.0,0.0,-2.0344544708777685,-1.31992,-1.3333333333333333
,,0.5,0.0324875343642446,0,0,0,0,0,1,0,0.0,0.0,-0.2968695582780837,-0.4372070934926328,-0.9626062322946176,0.0,-2.653541153951326,-2.6317,-0.761904761904762
0.24266256,,1.0,0.5415873847488534,0,0,0,1,0,0,0,0.2419354838709679,0.0,-0.0673870307028306,-0.1209742929627454,-0.1529745042492918,0.0,-0.2493847415914684,0.0,-0.4761904761904761
0.18556549,,1.0,3.5932102436858298,0,0,0,1,0,0,0,-0.2741935483870966,0.0,2.574803332029044,1.4506917280077982,-0.8583569405099151,0.0,0.9319114027891716,0.0,-2.095238095238096
0.12311557,,1.0,0.8843604097305011,0,0,0,1,0,0,0,-0.8387096774193548,0.0,0.112860502110484,-0.0299936263543997,-1.084985835694051,0.0,-1.6997538966365873,0.0,-0.4285714285714285
0.36310108,,1.0,1.0908793162922856,0,0,0,1,0,0,0,1.3306451612903227,0.0,0.1728105661327439,0.0849819413374657,-0.2521246458923513,0.0,-0.0295324036095159,-0.1622299999999999,0.0
,,1.0,6.202876835450435,0,0,0,1,0,0,0,0.0,0.0,14.4790437686983,4.919954509666696,0.0,0.0,-0.705561936013126,0.0,0.7323809523809524
0.59773499,,1.0,6.226379574927053,0,0,0,1,0,0,0,3.451612903225806,0.0,14.069947821686975,5.20739342889636,-1.424929178470255,0.0,0.8345638501503965,0.0,-1.7142857142857142
0.13738983,0.02296837,1.0,0.1827844031640458,0,0,0,1,0,0,0,-0.7096774193548385,-188.750555,-0.231543824830613,-0.2692427859079945,1.2889518413597734,9.67,0.168444079846869,0.0643,1.3333333333333337
0.20697689,,1.0,0.3251500346495459,0,0,0,1,0,0,0,-0.0806451612903226,0.0,-0.1639676086347729,-0.2029568716647712,0.8498583569405099,0.0,-0.1279737489745693,0.0,0.4761904761904762
0.923,1.85005489,1.0,0.058208731369995,0,0,0,1,0,0,0,6.451612903225805,391.949445,-0.2908883470115708,-0.3829186297911693,0.0736543909348441,0.0,-1.8386655728739405,-1.21802,-1.1904761904761905
0.13382127,,1.0,0.0355173036542474,0,0,0,1,0,0,0,-0.7419354838709675,0.0,-0.3160614808718298,-0.3929165052426359,2.41643059490085,0.0,0.2504785343177468,0.0,0.8571428571428571
0.28370109,,1.0,1.4220804148932809,0,0,0,1,0,0,0,0.6129032258064517,0.0,0.363357224429259,0.1899596335778647,-0.7507082152974505,0.0,-0.4593929450369155,0.0,-0.2857142857142857
0.17842805,,0.5,0.5710657230984241,0,0,0,0,0,1,0,-0.3387096774193547,0.0,-0.0161672660537237,-0.155466963270305,0.0,0.0,-2.272901285206453,-1.55816,0.5238095238095238
,0.024,1.0,0.0395264114785558,0,0,0,1,0,0,0,0.0,-188.520555,-0.2995915456977544,-0.4148783383530999,0.0,0.0,-2.522286026797922,-1.86608,0.0
0.63877351,0.2145812,1.0,0.0310593808586325,0,0,0,1,0,0,0,3.82258064516129,-127.850555,-0.3215561145067277,-0.3944161865603559,3.807365439093485,-0.31,0.6562756357670222,0.0,1.761904761904762
,0.376,1.0,2.830703072429729,0,0,0,1,0,0,0,0.0,-76.55155500000001,1.5037131683676108,0.8803129335016308,-1.0084985835694051,0.0,-0.4615805304894722,-0.22813,2.0476190476190474
,,1.0,0.201029941834536,0,0,0,1,0,0,0,0.0,0.0,-0.2928018029894311,0.0,0.0,0.0,-0.2745419742958709,0.0,0.0
0.0704792,,1.0,0.1370165075520429,0,0,0,1,0,0,0,-1.3145161290322578,0.0,-0.2482832917359816,-0.3094342452228901,0.5892351274787535,0.0,-0.505332239540607,0.0,0.4761904761904762
0.26228968,,1.0,1.0668773162323184,0,0,0,1,0,0,0,0.4193548387096774,0.0,0.1849759903814632,0.0504892710299061,-0.8526912181303116,0.0,-1.0598851517637409,0.0,0.1904761904761905
0.606,0.099,1.0,0.192938656361905,0,0,0,1,0,0,0,3.526333870967741,-164.585385,-0.2212096831878241,-0.2732919254658385,0.7762039660056658,-0.78,-0.2745419742958709,-0.22884,0.338095238095238
0.11508629,,1.0,0.8649450514239525,0,0,0,1,0,0,0,-0.9112903225806448,0.0,0.0608633014432761,0.0119974505417598,-0.1331444759206798,0.0,0.5261143013398961,0.0,-1.809523809523809
0.18556549,0.02067153,0.5,0.7255721015562974,0,0,0,0,0,1,0,-0.2741935483870966,-189.480555,0.0683807476619115,-0.1144756739192921,-1.254957507082153,2.77,-2.389937106918239,-1.68757,0.0
0.42760282,0.11641444,0.9,0.6387564625257888,0,0,0,0,1,0,0,1.9137096774193547,-159.050555,-0.0303475991685654,-0.0789832160665858,0.0,0.0,-0.6650259775772491,-0.33166,0.0
0.10973344,,1.0,2.725873723102674,0,0,0,1,0,0,0,-0.9596774193548384,0.0,1.7108389782353677,0.6073709336765937,-1.7337110481586402,0.0,-2.2532130161334427,0.0,-0.2380952380952381
,,0.5,7.430884897204292,0,0,0,0,0,1,0,0.0,0.0,25.930185840239727,9.978879488108776,0.0,0.0,-1.8780421110199617,2.9948900000000003,-1.809523809523809
1.57,0.63,1.0,0.2429293333202731,0,0,0,1,0,0,0,12.240427419354836,4.182344999999998,-0.2131515067845569,-0.2186035467463164,2.3626062322946177,-1.128,1.0883237626469784,0.66735,0.0
0.16950665,,1.0,2.1845981540508,0,0,0,1,0,0,0,-0.4193548387096774,0.0,0.9702193511091628,0.449404501543422,-1.2181303116147308,0.0,-1.4427126059611703,0.0,-1.3333333333333333
0.33812173,,1.0,3.705766761914388,0,0,0,1,0,0,0,1.1048387096774193,0.0,2.743874867139974,1.5716660209705438,-0.9886685552407932,0.0,0.8487831555920153,0.0,-0.5714285714285715
0.15344839,,1.0,3.5349494661357737,0,0,0,1,0,0,0,-0.5645161290322579,0.0,2.4372336359752227,1.4271967206968517,-1.0793201133144477,0.0,0.5633032540333607,0.0,-0.1904761904761904
1.054,1.286,0.7,4.372426300963317,0,0,1,0,0,0,0,7.576020693548386,212.6767764,4.281136564835958,2.2385243135833632,-1.1637393767705382,0.03,0.3850150396499863,0.14048,0.8952380952380953
,4.27,1.0,8.553957042800953,0,0,0,1,0,0,0,0.0,1161.07674289,55.497786465316665,14.67788095029806,0.0,0.0,0.475799835931091,0.0,1.809523809523809
,,0.5,4.198503356101465,0,0,0,0,0,1,0,0.0,0.0,4.528874911612609,1.675643925665796,-1.7478753541076488,0.0,-2.100082034454471,-1.36035,1.0285714285714287
0.15487581,,1.0,0.4697524133186567,0,0,0,1,0,0,0,-0.5516129032258064,0.0,-0.1738969904535631,0.0,0.0,0.0,0.3937653814602133,0.0,-0.7428571428571429
0.27656395,,1.0,1.34943037749667,0,0,0,1,0,0,0,0.5483870967741936,0.0,0.3243925544083751,0.1609657947686117,-0.7535410764872521,0.0,-0.4725184577522559,0.0,0.0
2.03,3.213,0.9,0.0173299118575537,0,0,0,0,1,0,0,16.398604838709677,825.1372349999999,-0.3309196660966611,-0.4298086656585475,1.69971671388102,-0.8500000000000001,-1.0795734208367511,-0.65112,0.9523809523809524
0.32741547,0.04615675,1.0,1.1089321881860617,0,0,0,1,0,0,0,1.008064516129032,-181.380555,0.1485478449234698,0.1309721684142119,0.5070821529745042,0.29,-0.1607875307629204,0.0,1.0476190476190477
0.764,0.22,1.0,5.754793824767866,0,0,0,1,0,0,0,4.954838709677419,-126.130555,9.094073155631964,4.927952810027868,0.0,-0.7170000000000001,0.3675143560295324,0.19987,-0.2380952380952381
0.12164795,0.01352931,1.0,0.1265017304693829,0,0,0,1,0,0,0,-0.8519761854838708,-191.750555,-0.2633668145266261,-0.2974367946811302,2.1942492917847023,7.76,0.8487831555920153,0.49963,0.0095238095238095
0.17218336,,1.0,1.6187841876150435,0,0,0,1,0,0,0,-0.3951612903225805,0.0,0.4863974657136554,0.2609445492832772,-0.8696883852691218,0.0,-0.484550177741318,0.0,0.0
0.21411403,,1.0,1.811141684660282,0,0,0,1,0,0,0,-0.0161290322580645,0.0,0.5762182175862081,0.3729207543397028,-0.7507082152974505,0.0,0.1585999453103637,0.0,-0.8571428571428573
0.19469125,,1.0,0.4762901936584665,0,0,0,1,0,0,0,-0.191701266129032,0.0,-0.1705872600469799,0.0,0.6236260623229465,0.0,0.4375170905113481,0.0,0.0
0.07493991,,1.0,0.1185933827919935,0,0,0,1,0,0,0,-1.2741935483870963,0.0,-0.264877774582932,-0.3089343514503168,1.8356940509915012,0.0,0.5195515449822259,0.0,0.0
,,0.5,0.7158381815055216,0,0,0,0,0,1,0,0.0,0.0,0.1465832202972188,-0.1829611207618381,-1.5889518413597734,0.0,-2.6458846048673776,-2.50419,0.4285714285714286
,11.1,0.9,10.355677200817162,0,0,0,0,1,0,0,0.0,3331.8447627,165.64774051045376,30.474524163615232,-1.8838526912181304,0.0,0.2307902652447361,0.72671,1.1428571428571428
1.3,8.0,0.9,13.771559715366624,0,0,0,0,1,0,0,9.799758064516128,2346.589445,1423.9898136241932,109.45774023020108,1.1019830028328612,0.0,-1.7555373256767843,-0.42906,0.0
0.17396735,0.0336658,0.9,1.298384303592391,0,0,0,0,1,0,0,-0.379032258064516,-185.350555,0.1203518797249537,0.3829686191684266,-0.8784702549575072,0.0,-0.6584632212195789,0.0,0.0
0.8677607,,1.0,1.2304835875570703,0,0,0,1,0,0,0,5.892510395161289,0.0,0.4012592646366079,0.0,-0.8442776203966005,0.0,-0.6923707957342083,0.0,0.0
0.12400771,,1.0,0.0282842279717006,0,0,0,1,0,0,0,-0.8306451612903225,0.0,-0.3220206115584496,-0.4044140620118224,2.7308781869688383,0.0,0.7153404429860541,0.0,-1.4285714285714286
,0.25,0.5,2.425794164080819,0,0,0,0,0,1,0,0.0,-116.59345325,0.0,4.130122349000837,0.0,0.0,0.0,0.0,0.0
0.17664407,,1.0,1.1202117591693064,0,0,0,1,0,0,0,-0.3548387096774192,0.0,0.1758624628153403,0.1084769486484121,-0.376770538243626,0.0,0.2603226688542521,0.0,-0.4761904761904761
0.0811849,,1.0,0.1087387361348146,0,0,0,1,0,0,0,-1.2177419354838706,0.0,-0.2591368775104519,-0.3379281902595697,0.0538243626062322,0.0,-1.1780147662018048,0.0,-1.4285714285714286
,,1.0,10.498277415479205,0,0,0,1,0,0,0,0.0,0.0,186.27629908608884,31.27435419973256,0.0,0.0,0.2832923161060979,0.33007,0.761904761904762
,0.674,1.0,1.1972800666379086,0,0,0,1,0,0,0,0.0,18.04944499999999,0.3659964278061785,0.0,0.0,0.0,-0.1214109926168991,0.0,1.3809523809523812
0.09902774,,1.0,0.9067435316117622,0,0,0,1,0,0,0,-1.0564516129032255,0.0,0.0732213866059687,0.0349925640801329,0.1161473087818696,0.0,0.771123872026251,0.0,-1.238095238095238
0.23641757,,1.0,0.3274502318828464,0,0,0,1,0,0,0,0.1854838709677418,0.0,-0.1678745973805097,-0.1939587837584513,0.3314447592067989,0.0,-0.0831282471971561,0.0,0.0
0.23374074,,1.0,0.0279351547419511,0,0,0,1,0,0,0,0.1612903225806452,0.0,-0.2977166389294355,-0.447904820225702,-0.320113314447592,0.0,-2.646978397593656,0.0,0.0
,,1.0,4.409826293442072,0,0,0,1,0,0,0,0.0,0.0,4.583229526272219,2.1700388667408177,-1.2011331444759208,0.0,0.1432868471424665,0.0,-0.6190476190476191
0.2466772,0.0286318,0.9,0.0469537513570444,0,0,0,0,1,0,0,0.278225806451613,-186.950555,-0.303324643553197,-0.3871177374807854,0.3682719546742209,1.0099999999999998,-1.249111293409899,0.0,0.9285714285714284
,10.7,1.0,6.783664893751086,0,0,0,1,0,0,0,0.0,3204.7133999,277.95878164446697,0.0,0.0,0.0,0.0,0.0,0.0
1.228,1.25,1.0,0.1723176636330184,0,0,0,1,0,0,0,9.14889379032258,201.23495375,-0.2434747675283775,-0.2614444430558506,2.498583569405099,-0.5000000000000001,0.8673776319387476,0.58558,0.3095238095238095
,1.2,1.0,8.965492987218186,0,0,0,1,0,0,0,0.0,185.3435334,74.29269538978417,16.64246347651124,0.0,0.0,0.3762646978397593,0.0,0.0
0.18824192,,1.0,1.6804398143020278,0,0,0,1,0,0,0,-0.25,0.0,0.473345167669217,0.3359286151692766,-0.1104815864022662,0.0,-0.1695378725731474,0.0,0.1904761904761905
,0.0015,1.0,0.8925518895902463,0,0,0,1,0,0,0,0.0,-195.580555,0.0,0.1309721684142119,0.0,0.0,0.0,0.0,0.0
0.906217,,1.0,1.4401579576404675,0,0,0,1,0,0,0,6.240136153225806,0.0,0.6531394601094244,0.0,-0.5562039660056658,0.0,-0.375170905113481,0.0,0.0
0.48086442,,1.0,2.170798636352105,0,0,0,1,0,0,0,2.39516129032258,0.0,0.8267789107023131,0.5493832560580876,-0.8441926345609065,0.0,0.1531309816789718,0.0,0.0
,0.88,1.0,4.1567732306067295,0,0,0,1,0,0,0,0.0,83.63844315999998,0.0,27.82508716897659,0.0,0.0,0.0,0.0,0.0
0.833,0.274,1.0,5.465286995129504,0,0,0,1,0,0,0,5.5782910645161286,-108.96557148,8.88789955347931,3.645225389604709,-1.4614730878186968,-0.7500000000000001,0.1717254580257041,-0.0316199999999999,0.1761904761904762
0.89,1.01,1.0,1.879968739567985,0,0,0,1,0,0,0,6.093542596774193,124.95613607,1.388749883988159,0.0,0.0,0.4599999999999999,-0.6956521739130435,0.06589,0.0
0.09635131,,1.0,0.0307796435649106,0,0,0,1,0,0,0,-1.0806451612903225,0.0,-0.3191128704193228,-0.4024144869215291,3.274787535410765,0.0,0.1761006289308176,0.0,-0.5714285714285715
,,1.0,0.5768002451552864,0,0,0,1,0,0,0,0.0,0.0,-0.0481012570411199,-0.1133259182423735,-0.3257790368271954,0.0,-0.7761115668580808,-0.5585800000000001,-1.4433333333333334
0.07404777,,1.0,0.7594757979138127,0,0,0,1,0,0,0,-1.2822580645161288,0.0,0.0381959330331905,-0.0549883149830661,-0.4787535410764872,0.0,-0.2417281925075198,0.0,-3.047619047619048
1.926,12.37,1.0,0.2479193880394056,0,0,0,1,0,0,0,15.459677419354838,3735.949445,-0.2226033715258147,-0.1909594211230113,3.3711048158640224,0.8199999999999998,1.4853705222860267,1.08687,-1.523809523809524
,14.0,0.9,7.493955158160974,0,0,0,0,1,0,0,0.0,4253.569445,0.0,809.3090218328605,0.0,0.0,-1.0981678971834836,-0.31213,0.0
0.12846842,,1.0,1.047490730410259,0,0,0,1,0,0,0,-0.7903225806451611,0.0,0.1295771020949528,0.0959796043340789,0.1331444759206798,0.0,0.6486190866830736,0.0,0.0
,,0.5,6.126585301028435,0,0,0,0,0,1,0,0.0,0.0,15.059262908317752,4.330079858030168,0.0,0.0,-2.2018047579983597,-1.52597,0.0
0.38808167,,1.0,0.7850062470944372,0,0,0,1,0,0,0,1.556451612903225,0.0,0.0193720878729653,-0.0084981941337466,0.0538243626062322,0.0,0.5961170358217118,0.0,-0.761904761904762
,,0.3,4.479516255951139,1,0,0,0,0,0,0,0.0,0.0,27.141704359761157,0.0,0.0,0.0,1.6297511621547716,1.02251,0.0
0.37737597,,1.0,1.322484001666108,0,0,0,1,0,0,0,1.459677419354839,0.0,0.2633302538446439,0.2004574028019045,0.0169971671388102,0.0,-0.2242275088870659,0.0,2.285714285714286
0.23017258,0.02894644,1.0,0.5755111435987242,0,0,0,1,0,0,0,0.1290322580645162,-186.850555,-0.1176077116932526,0.0,0.4447592067988669,1.4699999999999998,0.3171998906207274,0.0,0.2857142857142857
,,1.0,6.112508925466737,0,0,0,1,0,0,0,0.0,0.0,13.422075719775286,4.829973630603496,-1.614730878186969,0.0,-0.0350013672409078,0.0,0.380952380952381
0.13203698,,1.0,1.7459602220298722,0,0,0,1,0,0,0,-0.7580645161290321,0.0,0.5397790738321194,0.3389279778047164,-0.6827195467422096,0.0,0.4375170905113481,0.0,-2.571428571428572
0.18824192,,1.0,0.8909500571389871,0,0,0,1,0,0,0,-0.25,0.0,0.0797376414511327,0.0124973443143332,-0.4504249291784702,0.0,-0.2614164615805305,0.0,0.0
,0.66010462,1.0,1.4245074514071008,0,0,0,1,0,0,0,0.0,13.749445000000009,0.3413430082462306,0.2144544284339577,-0.6062322946175638,0.0,-0.3084495488105004,0.0,0.6666666666666666
0.19983976,,1.0,0.1034048884411539,0,0,0,1,0,0,0,-0.1451612903225803,0.0,-0.2727337300123321,-0.3214316957646499,2.101983002832861,0.0,0.9209734755263878,0.0,-0.8571428571428573
,0.06575842,1.0,3.2850759897109034,0,0,0,1,0,0,0,0.0,-175.150555,2.116708795501681,1.1782496219553344,0.0,0.0,0.0,0.0,0.0
0.20519261,,1.0,4.718458519958669,0,0,0,1,0,0,0,-0.0967741935483871,0.0,5.561014329202759,2.5479585588062537,-1.4419263456090652,0.0,0.2636040470330872,0.0,-0.9523809523809524
0.25158398,,1.0,0.9107567141547328,0,0,0,1,0,0,0,0.3225806451612902,0.0,0.068376752597734,0.0449904395315995,0.5609065155807366,0.0,0.3532950505879136,0.0,0.0
,0.513,1.0,3.995076844991884,0,0,0,1,0,0,0,0.0,-33.004582209999995,0.0,23.526000724845968,0.0,0.0,0.0,0.0,0.0
0.16236952,,1.0,0.3025606080474692,0,0,0,1,0,0,0,-0.4838709677419353,0.0,-0.1632302247640524,-0.2294512416111576,0.0,0.0,-1.1452009844134536,0.0,0.0
,,1.0,2.3582165260364367,0,0,0,1,0,0,0,0.0,0.0,1.0044365633497,0.6268667908069534,0.0,0.0,-0.2007875307629201,0.0,1.031904761904762
1.489,1.113,1.0,0.2909632156093281,0,0,0,1,0,0,0,11.50820343548387,157.69246199,-0.2565079825189463,0.0,0.0,0.0,0.484550177741318,0.66436,0.8571428571428571
0.10884111,,1.0,0.3328382359175207,0,0,0,1,0,0,0,-0.9677419354838708,0.0,-0.2384622504519558,0.0,0.0,0.0,0.0,0.0,0.0
,,0.5,2.6681553460997,0,0,0,0,0,1,0,0.0,0.0,1.4443815046548316,0.6958521314220727,0.0,0.0,0.0,0.0,0.0
0.1579091,,1.0,2.193445205102136,0,0,0,1,0,0,0,-0.5241935483870966,0.0,0.8696547482255139,0.5388854868340478,-0.8583569405099151,0.0,0.197976483456385,0.0,-1.238095238095238
0.10997432,,1.0,0.2046229060877523,0,0,0,1,0,0,0,-0.9575,0.0,-0.188512979079276,-0.3059349888148768,0.0,0.0,-1.598031173092699,0.0,-0.8809523809523809
0.31314176,,1.0,2.8329717638774863,0,0,0,1,0,0,0,0.8790322580645159,0.0,1.5367254337580016,0.8593173950535511,-1.257790368271955,0.0,-0.6453377085042384,0.0,0.6666666666666666
,,0.5,0.5327870955501697,0,0,0,0,0,1,0,0.0,0.0,0.0636433173256575,-0.2489470987415174,0.0,0.0,-2.8701121137544434,-2.74268,-0.2857142857142857
0.1900262,,1.0,0.7422829652752387,0,0,0,1,0,0,0,-0.2338709677419354,0.0,0.0013871733152924,-0.024494794856093,0.0906515580736544,0.0,0.5961170358217118,0.0,-0.761904761904762
,8.135,1.0,10.166304386145676,0,0,0,1,0,0,0,0.0,2389.4835359500003,167.8886329437102,24.78573303173076,0.0,0.0,0.0,0.0,0.0
0.975,0.201,1.0,0.3379861164124375,0,0,0,1,0,0,0,6.8619001451612895,-132.16704519,-0.1671036786771688,-0.1829611207618381,1.5325779036827196,-1.061,0.0371889526934645,0.4317,1.2428571428571429
0.13114484,,1.0,0.842641212056638,0,0,0,1,0,0,0,-0.7661290322580644,0.0,0.0594315390074662,-0.0064986190434533,-0.3711048158640226,0.0,-0.0470330872299699,0.0,-0.9523809523809524
0.14720339,,1.0,0.4929230656935566,0,0,0,1,0,0,0,-0.6209677419354838,0.0,-0.068811052517613,-0.1644650511766249,-0.8555240793201133,0.0,-1.6461580530489472,0.0,-0.761904761904762
,,0.9,6.350735618190485,0,0,0,0,1,0,0,0.0,0.0,14.499344889836228,5.7797717984928205,0.0,0.0,-0.7590921520371889,0.91673,0.9047619047619048
0.11369762,,1.0,0.2186921943889206,0,0,0,1,0,0,0,-0.9238414758064514,0.0,-0.28592915312188,0.0,0.0,0.0,-0.4287667487011211,0.0,-0.1428571428571428
0.1900262,,1.0,2.050050979485141,0,0,0,1,0,0,0,-0.2338709677419354,0.0,0.7395436054927816,0.485896746941275,-0.4249291784702549,0.0,-0.0273448181569592,0.0,0.0
,,0.5,0.0740339186975466,0,0,0,0,0,1,0,0.0,0.0,-0.2762770178205965,-0.3739205418848494,0.0,0.0,-2.028985507246377,-1.36035,-0.6666666666666667
,,1.0,5.199413517241573,0,0,0,1,0,0,0,0.0,0.0,6.634952510953637,3.6952147668620414,0.0,0.0,-0.4878315559201531,0.0,0.0
0.25247612,,1.0,0.8192553842415853,0,0,0,1,0,0,0,0.3306451612903226,0.0,0.0442692347693092,-0.0089980879063199,0.3286118980169972,0.0,-0.5129887886245557,0.0,0.0
0.06066564,,1.0,0.006350790778189,0,0,0,1,0,0,0,-1.4032258064516123,0.0,-0.3453615615412308,-0.4599022707674619,2.594900849858357,0.0,-0.4495488105004102,0.0,-1.9047619047619049
0.21232938,,1.0,0.9183895305745012,0,0,0,1,0,0,0,-0.032258064516129,0.0,0.0825979502322392,0.0339927765349863,-0.320113314447592,0.0,-0.1017227235438884,0.0,1.1904761904761905
0.12222342,,1.0,2.957108644312308,0,0,0,1,0,0,0,-0.8467741935483868,0.0,1.8193480646951627,0.8493195196020845,-1.4645892351274787,0.0,-1.2578616352201255,0.0,-1.4285714285714286
0.17842836,0.02617765,0.9,1.116097038754659,0,0,0,0,1,0,0,-0.3387096774193547,-187.730555,0.215446162153023,0.0619868277990926,-0.7592067988668555,4.82,-0.9767569045665846,-0.59838,-0.8571428571428573
,29.0,1.0,2.5543886964648124,0,0,0,1,0,0,0,0.0,9020.973248,0.0,4.829973630603496,0.0,0.0,0.0,0.0,0.0
0.88857321,4.6,1.0,7.098264462162983,0,0,0,1,0,0,0,6.080645161290322,1265.9601172,23.77280206878416,7.679368134271467,0.0,0.0,0.6343997812414548,0.20887,0.0
,0.8,0.5,9.452839391802454,0,0,0,0,0,1,0,0.0,58.21217060000001,117.84187460501376,17.127360435907367,0.0,0.0,-2.3024336888159693,0.0,-1.3333333333333333
,6.3,0.9,5.435292821575114,0,0,0,0,1,0,0,0.0,1806.149445,71.67319588811623,0.0,0.0,0.0,-0.7514356029532404,1.27087,0.0
0.09706486,0.02737312,0.5,0.1433198940473811,0,0,0,0,0,1,0,-1.0741935483870966,-187.350555,-0.2381449635748163,-0.3169326518114901,-0.5495750708215298,0.0,-2.115395132622368,-1.36035,-0.4761904761904761
0.949,0.211,1.0,0.2878186206436522,0,0,0,1,0,0,0,6.626887903225804,-128.988425,-0.2578328631537768,0.0,0.4645892351274787,-1.002,-1.0139458572600493,0.0,-1.2857142857142856
0.11151772,,1.0,3.1051868413860846,0,0,0,1,0,0,0,-0.943548387096774,0.0,1.8925513960733784,1.0277815964107626,-0.943342776203966,0.0,0.4572053595843587,0.0,-2.6666666666666665
0.1321,0.0145,1.0,0.0143020811089757,0,0,0,1,0,0,0,-0.757492822580645,-191.44202,-0.3356178170378876,-0.4329080070485022,3.736543909348442,6.67,0.0546896363139185,0.0,-0.6190476190476191
0.16950665,,0.5,1.8162126925166877,0,0,0,0,0,1,0,-0.4193548387096774,0.0,0.6648991007993588,0.3009360510891435,-1.6562039660056658,0.0,-2.445720535958436,-1.90313,-0.9047619047619048
0.15612481,,1.0,0.2871870181966418,0,0,0,1,0,0,0,-0.5403225806451611,0.0,-0.181792930774694,-0.2184535786145444,0.6883852691218131,0.0,0.012031719989062,0.0,0.761904761904762
,,1.0,5.011009890592893,0,0,0,1,0,0,0,0.0,0.0,5.662463320959413,3.5302498219128435,0.0,0.0,-0.9012852064533772,1.8842,-1.614285714285714
0.1579091,,1.0,1.6978086804568842,0,0,0,1,0,0,0,-0.5241935483870966,0.0,0.4656688966116712,0.3624229851156629,-0.2861189801699716,0.0,0.4068908941755537,0.0,0.9523809523809524
1.59,0.783,1.0,0.1219274244054989,0,0,0,1,0,0,0,12.421217741935482,52.81033500000001,-0.2657231853033515,-0.3007860829573715,3.0736543909348444,-1.088,0.4648619086683073,0.64177,0.261904761904762
,,0.5,0.1501654258125372,0,0,0,0,0,1,0,0.0,0.0,-0.1844691267235761,-0.3703712960995788,-1.3844192634560906,0.0,0.0,0.0,0.0
,0.01399183,1.0,2.1049580641534686,0,0,0,1,0,0,0,0.0,-191.603555,0.0,2.7304197857955184,0.0,0.0,0.0,0.0,0.0
0.27477967,,1.0,0.4259054041066444,0,0,0,1,0,0,0,0.532258064516129,0.0,-0.1261720117457977,-0.1519677068622917,0.6685552407932012,0.0,0.0021875854525567,0.0,1.4285714285714288
0.17129122,,1.0,0.8776762921275253,0,0,0,1,0,0,0,-0.4032258064516128,0.0,0.0686191941527996,0.0139970256320531,-0.4249291784702549,0.0,-0.2132895816242822,0.0,0.5714285714285715
,0.04876845,1.0,2.579917802312367,0,0,0,1,0,0,0,0.0,-180.550555,0.0,4.979941762375495,0.0,0.0,0.0,0.0,0.0
0.26764253,,1.0,0.5991087826980207,0,0,0,1,0,0,0,0.4677419354838709,0.0,-0.0432059036286591,-0.0989789669695189,0.0509915014164305,0.0,-0.0776592835657642,0.0,0.0
0.07672419,0.02422691,1.0,0.510830221935419,0,0,0,1,0,0,0,-1.258064516129032,-188.350555,-0.1024529247637904,-0.1001287226464376,1.0254957507082152,65.67,0.3029805851791086,0.0,1.623809523809524
0.1088413,,1.0,0.111249799776467,0,0,0,1,0,0,0,-0.9677419354838708,0.0,-0.2671924105112845,-0.3179324393566367,1.2181303116147308,0.0,0.3489198796828001,0.0,-0.2857142857142857
,11.8,1.0,4.099347692334688,0,0,0,1,0,0,0,0.0,3554.3246476000004,18.343460408533936,0.0,0.0,0.0,-1.6877221766475252,-0.9727,0.3333333333333333
,21.0,0.5,8.515250222073204,0,0,0,0,0,1,0,0.0,6478.3459920000005,0.0,2249.003086844046,1.951841359773371,0.0,0.0,0.0,0.0
,,1.0,6.100587974126336,0,0,0,1,0,0,0,0.0,0.0,13.25835700092104,4.829973630603496,0.0,0.0,-0.2067268252666119,-0.12803,1.3190476190476192
0.12133128,,1.0,0.6101556585705643,0,0,0,1,0,0,0,-0.854838709677419,0.0,-0.0571709466282075,-0.0689853406151193,0.7195467422096318,0.0,0.3500136724090785,0.0,0.0
0.12222342,,1.0,0.4054070272881729,0,0,0,1,0,0,0,-0.8467741935483868,0.0,-0.1205364182258472,-0.1814614394441181,-0.376770538243626,0.0,-0.850970741044572,0.0,0.0
0.11687037,0.02296825,1.0,1.4640645886652606,0,0,0,1,0,0,0,-0.8951612903225804,-188.750555,0.380799219490104,0.2124548533436645,-0.8169971671388101,0.0,-0.9603500136724092,-0.55054,0.6190476190476191
1.41,1.14,1.0,0.0788130288514169,0,0,0,1,0,0,0,10.794104838709677,166.27564499999997,-0.337172850173309,0.0,3.509915014164306,0.0,-0.0809406617445994,-0.03201,1.0952380952380951
,,1.0,0.1919395015548996,0,0,0,1,0,0,0,0.0,0.0,-0.2250255277581501,-0.2679380631615781,0.0,0.0,0.0,-0.06813,0.0476190476190476
0.14274268,,1.0,0.1951154907809896,0,0,0,1,0,0,0,-0.6612903225806449,0.0,-0.2247132732669907,-0.2639439119187173,1.254957507082153,0.0,0.5020508613617719,0.0,-0.761904761904762
0.14809554,,1.0,0.1570995761095353,0,0,0,1,0,0,0,-0.6129032258064515,0.0,-0.2452791439451764,-0.2824399815039304,1.461756373937677,0.0,0.3390757451462948,0.0,0.8571428571428571
1.003,8.72,1.0,0.3238952106515087,0,0,0,1,0,0,0,7.115021774193548,2575.4270450000004,-0.178584421093079,-0.1794618643538248,1.6628895184135977,9.37,0.779874213836478,0.5320199999999999,0.6666666666666666
,0.06,1.0,3.123736219427242,0,0,0,1,0,0,0,0.0,-176.98085058,0.0,9.279028206506116,0.0,0.0,0.0,0.0,0.0
,9.866,1.0,13.601127592668506,0,0,0,1,0,0,0,0.0,2939.64450846,1189.4367762004883,110.50751715260508,0.0,0.0,0.0,0.0,0.0
0.283,,1.0,0.4191878592463166,0,0,0,1,0,0,0,0.6065657580645162,0.0,-0.1320035641295941,-0.1499681317719984,0.9546742209631728,0.0,0.2253213016133442,0.22553,1.0952380952380951
,,0.7,5.540478923698008,0,0,1,0,0,0,0,0.0,0.0,8.477770410377037,4.180111726258169,0.0,0.0,0.809406617445994,0.7568699999999999,1.8571428571428568
,,0.9,6.542327857905503,0,0,0,0,1,0,0,0.0,0.0,17.08937502211041,5.979729307522152,0.0,0.0,-1.2950505879135903,1.5467,-1.4285714285714286
0.23730971,,1.0,0.1134922138232543,0,0,0,1,0,0,0,0.1935483870967743,0.0,-0.2613544433333897,-0.3254308459452366,0.5807365439093485,0.0,-0.6989335520918786,0.0,1.3333333333333337
1.143,2.49,1.0,0.3102944694175254,0,0,0,1,0,0,0,8.380554032258063,595.346145,-0.1860263373179582,-0.1824612269892647,2.113314447592068,0.8700000000000001,0.9001914137270988,0.6742499999999999,0.8571428571428571
338.21540972,,1.0,1.9694660632704049,0,0,0,1,0,0,0,3055.346774193548,0.0,0.7053496331243856,0.4259094942324755,-0.8640226628895185,0.0,0.012031719989062,0.0,-1.3333333333333333
0.46212944,,1.0,3.67988667008512,0,0,0,1,0,0,0,2.2258064516129026,0.0,2.444950075747877,1.733631603284302,-0.2691218130311614,0.0,-0.1421930544161881,0.0,-0.9523809523809524
0.53885364,,1.0,0.9165382232456388,0,0,0,1,0,0,0,2.919354838709677,0.0,0.0877474605838493,0.025994476173813,0.3172804532577903,0.0,-0.5676784249384742,0.0,0.0
,,1.0,5.047262904472988,0,0,0,1,0,0,0,0.0,0.0,6.126769607630056,3.380281690140845,0.0,0.0,-0.9818211648892536,0.0,-1.7776190476190474
,,0.5,1.4462373389051044,0,0,0,0,0,1,0,0.0,0.0,0.4280484417514396,0.1529674944074383,0.0,0.0,-1.92616899097621,-1.22613,-0.6190476190476191
0.23071365,0.03146352,1.0,0.1734214816957485,0,0,0,1,0,0,0,0.1339232822580645,-186.050555,-0.2338613615272262,-0.2789407250959171,0.8890934844192632,1.84,0.0218758545255674,-0.03561,0.1
1.096,1.6,1.0,0.0760523815911676,0,0,0,1,0,0,0,7.955696774193547,312.477445,-0.2862635250296442,-0.350425534573903,1.7308781869688386,0.27,0.0251572327044025,-0.08664,1.1428571428571428
,,1.0,8.418689116554898,0,0,0,1,0,0,0,0.0,0.0,54.777424102357976,12.928252746291411,0.0,0.0,-0.1936013125512715,0.0,0.7142857142857143
0.16186547,0.03838549,1.0,0.0143869652129434,0,0,0,1,0,0,0,-0.488429887096774,-183.850555,-0.3352925632804512,-0.4334079008210755,2.5141643059490084,9.84,-0.0918785890073831,-0.20895,0.1761904761904762
0.38183668,,1.0,4.513962489032239,0,0,0,1,0,0,0,1.5,0.0,4.876585959165513,2.301510928927603,-1.4305949008498584,0.0,-0.2198523379819524,0.0,1.4285714285714288
,,1.0,8.903188928692117,0,0,0,1,0,0,0,0.0,0.0,70.75637106253245,16.407513403401776,-1.8541076487252124,0.0,0.1585999453103637,0.0,0.6190476190476191
,0.12,1.0,2.1953195790898348,0,0,0,1,0,0,0,0.0,-157.91114616,0.0,3.080345426596848,0.0,0.0,0.0,0.0,0.0
0.23195686,,1.0,2.412955124499085,0,0,0,1,0,0,0,0.1451612903225807,0.0,1.029275623564957,0.676356274291713,-0.8526912181303116,0.0,0.3653267705769756,0.0,-0.380952380952381
0.31135748,,1.0,2.378564571319236,0,0,0,1,0,0,0,0.8629032258064517,0.0,1.0446967323892544,0.6193683842183536,-0.7932011331444759,0.0,0.0021875854525567,0.0,-0.4761904761904761
0.1686148,,1.0,0.322582707477242,0,0,0,1,0,0,0,-0.4274193548387096,0.0,-0.1688786371322517,-0.197957933939038,0.4985835694050991,0.0,0.3981405523653267,0.0,-0.5714285714285715
,,1.0,4.829193350329309,0,0,0,1,0,0,0,0.0,0.0,6.087477115105037,2.630441031280853,0.0,0.0,-0.2100082034454471,-0.19313,-0.1428571428571428
0.19894762,,1.0,0.4518177136216739,0,0,0,1,0,0,0,-0.1532258064516128,0.0,-0.1828660585160429,0.0,0.3314447592067989,0.0,-0.522832923161061,0.0,0.0476190476190476
0.15612481,,1.0,0.6044019159300936,0,0,0,1,0,0,0,-0.5403225806451611,0.0,-0.0291035808461642,-0.1119762050564255,-0.7138810198300283,0.0,-1.1780147662018048,0.0,0.0
0.27656395,,1.0,0.6526396136854699,0,0,0,1,0,0,0,0.5483870967741936,0.0,-0.0353880728534186,-0.0589874651636527,0.121813031161473,0.0,0.5064260322668854,0.0,0.0
0.19359477,,1.0,0.945136085929921,0,0,0,1,0,0,0,-0.2016129032258064,0.0,0.1112806181107277,0.0239949010835197,-0.1104815864022662,0.0,0.1793820071096527,0.0,-1.7142857142857142
0.18378121,,1.0,2.9460707133091546,0,0,0,1,0,0,0,-0.2903225806451611,0.0,1.6962667745438254,0.9143057100366172,-1.246458923512748,0.0,-0.2876674870112113,0.0,-1.523809523809524
0.0876,,0.5,0.1402166343088512,0,0,0,0,0,1,0,-1.1596774193548385,0.0,-0.2085361123813368,-0.3594236224802229,-1.2521246458923512,0.0,-2.6983866557287395,0.0,0.0
0.81184902,0.30330832,0.9,0.4574331624093659,0,0,0,0,1,0,0,5.387096774193547,-99.650555,-0.095926461401631,-0.1634652636314783,0.3056657223796033,-0.6200000000000001,-0.3029805851791086,0.0,1.809523809523809
1.304,0.668,1.0,0.1457851788999506,0,0,0,1,0,0,0,9.835916129032256,16.259884999999997,-0.2571242328742112,-0.2763412774785358,1.838526912181303,-0.93,0.0765654908394859,0.0,1.7142857142857146
0.14809554,,1.0,6.188736370912907,0,0,0,1,0,0,0,-0.6129032258064515,0.0,14.31609642695981,4.902958121399203,-1.640226628895184,0.0,0.5392398140552366,0.0,-3.523809523809524
0.26675039,0.0339806,1.0,0.6628449616797161,0,0,0,1,0,0,0,0.4596774193548388,-185.250555,-0.0664210214997286,0.0,0.28328611898017,0.8700000000000001,-0.0470330872299699,-0.07113,0.4285714285714286
0.26407397,,1.0,2.458455618752365,0,0,0,1,0,0,0,0.4354838709677419,0.0,1.199121040688039,0.6008723146331404,-1.3427762039660056,0.0,-1.3967733114574787,0.0,0.0
0.119547,,1.0,0.1404867526106583,0,0,0,1,0,0,0,-0.8709677419354837,0.0,-0.2507934893465681,-0.2989364759988502,1.0708215297450423,0.0,0.3117309269893355,0.0,-0.5714285714285715
0.24937361,,1.0,1.0643569455190534,0,0,0,1,0,0,0,0.3026038629032257,0.0,0.2359916171069677,0.0,0.0,0.0,-0.5840853158326497,0.0,-0.5714285714285715
1.1,2.7,0.7,0.421600890017568,0,0,1,0,0,0,0,7.96774193548387,662.049445,-0.1371085757334196,-0.1389704687753852,1.2436260623229465,0.77,0.6814328684714247,0.0,0.0
1.11,2.31,1.0,0.2131650027829267,0,0,0,1,0,0,0,8.082232725806449,538.13306517,-0.2228683699185265,-0.2414486921529175,1.872521246458924,0.7599999999999998,0.5261143013398961,0.40708,1.0809523809523809
1.251,0.921,1.0,0.2050050870105367,0,0,0,1,0,0,0,9.356821774193548,96.670875,-0.2253791569165008,-0.2483472262144294,1.575070821529745,-0.7430000000000001,0.6967459666393219,0.25578,0.6095238095238096
0.30868106,,1.0,0.3211316581030418,0,0,0,1,0,0,0,0.8387096774193548,0.0,-0.171392295592836,-0.1954584650761713,0.6940509915014165,0.0,0.5173639595296692,0.0,-0.0952380952380952
1.685,0.8,1.0,0.1086448782095323,0,0,0,1,0,0,0,13.279838709677415,58.20244499999998,-0.2748272230776547,-0.3059349888148768,3.201133144475921,-1.13,0.889253486464315,0.65487,0.0
0.15344839,,1.0,0.2438739980606169,0,0,0,1,0,0,0,-0.5645161290322579,0.0,-0.2041075013900832,-0.2344501793368909,0.6827195467422096,0.0,0.2198523379819524,0.0,0.761904761904762
0.89,0.55,1.0,0.0541725483547626,0,0,0,1,0,0,0,6.096774193548386,-21.25055499999999,-0.3022824920483303,-0.3689216041591162,2.603399433427762,-0.2299999999999999,0.0470330872299699,0.0,1.4761904761904765
0.18556549,,1.0,0.8481175090976896,0,0,0,1,0,0,0,-0.2741935483870966,0.0,0.0635056757243424,-0.0064986190434533,-0.4759206798866855,0.0,-0.5403336067815149,0.0,1.1428571428571428
0.21750379,,1.0,0.5728488927661085,0,0,0,1,0,0,0,0.0145161290322582,0.0,-0.1190989370951877,0.0,0.3745042492917848,0.0,-0.398249931637955,0.0,0.0
0.27477967,,1.0,2.2344109357269826,0,0,0,1,0,0,0,0.532258064516129,0.0,0.8051154507415572,0.6498619043453266,-0.3852691218130311,0.0,1.0478534317746786,0.0,1.0952380952380951
0.12936056,,1.0,0.0085854790181866,0,0,0,1,0,0,0,-0.7822580645161289,0.0,-0.3422807780331861,-0.450904182861142,2.5694050991501416,0.0,-0.3707957342083675,0.0,-0.6666666666666667
0.19627119,,1.0,2.4025302458234226,0,0,0,1,0,0,0,-0.1774193548387094,0.0,0.9640190383555814,0.7208468200507392,-0.6062322946175638,0.0,0.7569045665846322,0.0,1.0952380952380951
0.28905394,,1.0,0.8419652211016081,0,0,0,1,0,0,0,0.6612903225806452,0.0,0.0473199788721249,0.0079983003611732,-0.1019830028328611,0.0,0.4593929450369155,0.0,-0.9523809523809524
0.12133128,,1.0,2.785802387884025,0,0,0,1,0,0,0,-0.854838709677419,0.0,1.4185215861912823,0.8788132521839109,-0.9830028328611898,0.0,0.3347005742411812,0.0,-0.5714285714285715
0.96,0.28,1.0,0.1377312906925556,0,0,0,1,0,0,0,6.726322580645161,-107.058155,-0.2553527832387107,-0.2944374320456903,1.8951841359773367,-0.9200000000000002,0.2439157779600765,0.0,0.9047619047619048
0.18645763,,1.0,2.19529415141694,0,0,0,1,0,0,0,-0.2661290322580645,0.0,0.8774988165626381,0.5343864428808878,-0.9405099150141644,0.0,-0.0700027344818157,0.0,-0.6666666666666667
0.20876118,,1.0,0.5486191297865941,0,0,0,1,0,0,0,-0.0645161290322581,0.0,-0.0456513596541869,-0.1419698314108252,-0.5750708215297451,0.0,-0.8301886792452831,0.0,-3.1428571428571432
0.25961326,,1.0,4.092417408776875,0,0,0,1,0,0,0,0.3951612903225807,0.0,3.660537211718416,1.876601222240274,-1.3456090651558077,0.0,0.079846869018321,0.0,0.1904761904761905
0.06780278,,1.0,1.5628761080538798,0,0,0,1,0,0,0,-1.3387096774193543,0.0,0.4104516689784144,0.2794406188684905,-0.3739376770538243,0.0,0.6125239267158873,0.0,-1.4285714285714286
,0.00588368,0.5,3.1759998511678664,0,0,0,0,0,0,1,0.0,-194.180555,0.0,9.828911356336777,0.0,0.0,0.0,0.0,0.0
0.20162404,0.01148418,0.5,0.1866418488696297,0,0,0,0,0,1,0,-0.1290322580645162,-192.400555,-0.2092904987684478,-0.3004361573165702,-0.7308781869688386,0.3999999999999999,-2.07383100902379,0.0,0.4285714285714286
,,1.0,7.79751170939761,0,0,0,1,0,0,0,0.0,0.0,31.819148157426977,11.85848007298449,0.0,0.0,-0.6529942575881871,1.66054,-0.1904761904761904
0.1418503,,0.5,0.519742530126895,0,0,0,0,0,1,0,-0.6693548387096772,0.0,-0.0577331567087529,-0.1534673881800117,-0.8810198300283286,1.37,-1.67787804211102,0.0,-0.4285714285714285
0.13382104,,1.0,0.580238022275973,0,0,0,1,0,0,0,-0.7419354838709675,0.0,-0.1149502098025642,0.0,0.0,0.0,0.1881323489198796,0.0,0.0
0.17129122,0.01636103,0.5,0.3429633122758616,0,0,0,0,0,1,0,-0.4032258064516128,-190.850555,-0.1304705413387354,-0.2309509229288776,-0.9320113314447592,2.67,-2.07383100902379,0.0,0.4285714285714286
0.41155677,,1.0,0.8177836179654188,0,0,0,1,0,0,0,1.7686547580645158,0.0,0.0361534981247873,0.0,-0.4286685552407933,0.0,-0.1739130434782608,0.0,0.0
,3.069,1.0,1.2853020686458163,0,0,0,1,0,0,0,0.0,779.36482608,0.4621019352731229,0.0,0.0,0.0,0.0,0.0,0.0
,,1.0,9.006209920677223,0,0,0,1,0,0,0,0.0,0.0,78.61486956753629,16.377519777047375,0.0,0.0,0.2351654361498496,-0.08104,-1.0952380952380951
0.26318183,,1.0,1.5735925215831428,0,0,0,1,0,0,0,0.4274193548387098,0.0,0.4018364920242356,0.2994363697714235,-0.3597733711048159,0.0,0.7295597484276729,0.0,-0.8571428571428573
,,1.0,5.171696328047246,0,0,0,1,0,0,0,0.0,0.0,7.087798487304484,3.330292312883512,0.0,0.0,0.4965818977303801,0.40336,0.2380952380952381
0.17842836,,1.0,0.5313743760505036,0,0,0,1,0,0,0,-0.3387096774193547,0.0,-0.0880443752859269,-0.1014784358323856,0.490084985835694,0.0,0.800656275635767,0.0,-0.761904761904762
0.15434053,0.02170983,1.0,0.1161908828624164,0,0,0,1,0,0,0,-0.5564516129032256,-189.150555,-0.2574287595144032,-0.3279303148081033,0.2889518413597733,5.87,-1.18785890073831,-0.70596,0.0476190476190476
,5.909,1.0,12.331724769940523,0,0,0,1,0,0,0,0.0,1681.99750196,562.9012072868113,65.38210630241073,0.0,0.0,0.0,0.0,0.0
1.25,0.98,1.0,0.6144472692650162,0,0,0,1,0,0,0,9.347782258064514,115.42284500000002,-0.0556568759162434,-0.066985765524826,0.9886685552407932,-0.67,0.3532950505879136,0.0,0.0
0.15523267,,1.0,1.4321659752243014,0,0,0,1,0,0,0,-0.5483870967741934,0.0,0.421765572196689,0.1459689815914118,-1.291784702549575,0.0,-1.6647525293956795,0.0,0.0
0.27299538,,1.0,0.380585359344828,0,0,0,1,0,0,0,0.5161290322580645,0.0,-0.1271933821062428,-0.1974580401664646,-0.0481586402266288,0.0,-0.2067268252666119,0.0,-3.238095238095238
1.52,1.196,1.0,0.0493132065284496,0,0,0,1,0,0,0,11.788451612903224,184.074125,-0.3070466805719939,-0.3711211367584388,3.096317280453258,-0.909,0.2461033634126333,0.30562,1.6476190476190478
0.14274268,,1.0,0.0892505421934996,0,0,0,1,0,0,0,-0.6612903225806449,0.0,-0.2785990381835318,-0.3379281902595697,1.1926345609065157,0.0,0.1903199343724364,0.0,-0.5714285714285715
0.12043914,,1.0,0.0734487801984658,0,0,0,1,0,0,0,-0.8629032258064513,0.0,-0.2860184192143793,-0.3569241536173563,0.6118980169971672,0.0,-0.8323762646978398,0.0,1.238095238095238
,6.5,1.0,1.878496741293251,0,0,0,1,0,0,0,0.0,1903.949445,0.0,1.980579126935526,0.0,0.0,0.0,0.0,0.0
1.545,1.017,1.0,0.158993675830265,0,0,0,1,0,0,0,12.01443951612903,127.182555,-0.2546927348517779,-0.2585450591749253,3.742209631728045,-0.987,0.7601859447634673,0.99815,1.523809523809524
,,1.0,8.192077820766217,0,0,0,1,0,0,0,0.0,0.0,42.17108275058099,13.378157141607408,0.0,0.0,-0.7164342357123326,0.0,0.9047619047619048
0.27870509,,1.0,1.3012649109968708,0,0,0,1,0,0,0,0.567741935483871,0.0,0.4804551310941217,0.0,0.0,0.0,-0.3729833196609242,0.0,1.223809523809524
0.22303545,,1.0,0.4217404420745313,0,0,0,1,0,0,0,0.0645161290322581,0.0,-0.1277282789929218,-0.1539672819525851,0.5325779036827195,0.0,0.5031446540880503,0.0,0.0
,,0.5,3.408128307210406,0,0,0,0,0,1,0,0.0,0.0,2.491886611628072,1.1557544021895347,0.0,0.0,-1.565217391304348,0.0,0.0
,,1.0,6.681819833957133,0,0,0,1,0,0,0,0.0,0.0,18.820209317837502,6.2796655710661495,0.0,0.0,0.197976483456385,1.27687,-0.1428571428571428
0.23820145,,0.5,0.8760091329805446,0,0,0,0,0,1,0,0.2016129032258064,0.0,0.1139213358857966,-0.0379919267155729,-1.0793201133144477,0.0,-1.9600765654908396,-1.28293,-0.5238095238095238
0.57989216,,1.0,2.849724696569577,0,0,0,1,0,0,0,3.2903225806451606,0.0,1.5479529131389675,0.8758138895484711,-1.0679886685552409,0.0,-0.0973475526387749,0.0,0.0
0.18110478,,1.0,1.6537217379321194,0,0,0,1,0,0,0,-0.3145161290322581,0.0,0.4582533207640311,0.3234312708549433,-0.0991501416430594,0.0,0.9319114027891716,0.0,-2.095238095238096
,,1.0,9.616671771412303,0,0,0,1,0,0,0,0.0,0.0,108.87008881180104,21.97633002986865,0.0,0.0,0.019425758818704,0.0,1.8385714285714283
0.06512635,,1.0,0.0820635014168869,0,0,0,1,0,0,0,-1.3629032258064513,0.0,-0.2830289742486083,-0.3439269155304497,1.3059490084985836,0.0,0.2362592288761279,0.0,0.0
,0.323,1.0,2.156305862363229,0,0,0,1,0,0,0,0.0,-93.050555,0.0,2.925378357099116,0.0,0.0,0.0,0.0,0.0
0.25872067,,1.0,0.0524200045112434,0,0,0,1,0,0,0,0.3870967741935483,0.0,-0.2987261285498909,-0.3819188422460227,0.6317280453257791,0.0,-0.9855072463768116,0.0,-0.5714285714285715
1.77,0.94,1.0,0.068077452786409,0,0,0,1,0,0,0,14.048303096774193,102.70814757999996,-0.2935394049334852,-0.352974992814027,2.696883852691218,-1.27,0.425485370522286,0.27705,0.2238095238095238
3.85137607,,1.0,1.264155873678546,0,0,0,1,0,0,0,32.86290322580645,0.0,0.259042521828652,0.1494682379994251,-0.0538243626062322,0.0,0.3489198796828001,0.0,-1.619047619047619
,1.26,1.0,3.015672747966468,0,0,0,1,0,0,0,0.0,204.41323782,0.0,8.229251284102126,0.0,0.0,0.0,0.0,0.0
0.25069184,,1.0,0.6170931025084284,0,0,0,1,0,0,0,0.3145161290322581,0.0,-0.0342423037713891,-0.0939800292437856,-0.2492917847025495,0.0,-0.2767295597484276,0.0,0.0
0.20340833,,1.0,1.3406909787216947,0,0,0,1,0,0,0,-0.1129032258064516,0.0,0.292690428419369,0.1854605896247047,-0.7138810198300283,0.0,-0.3718895269346459,0.0,1.238095238095238
0.11508629,,1.0,0.0964788097466408,0,0,0,1,0,0,0,-0.9112903225806448,0.0,-0.2696181307691543,-0.3414274466675831,0.6685552407932012,0.0,-0.5272080940661744,0.0,-0.8571428571428573
0.1623698,,1.0,1.88233001042724,0,0,0,1,0,0,0,-0.4838709677419353,0.0,0.6970939611933773,0.3409275528950097,-1.2152974504249292,0.0,-1.099261689909762,0.0,0.0
,,1.0,5.356302919106088,0,0,0,1,0,0,0,0.0,0.0,7.120126712966881,4.0951297849207045,0.0,0.0,0.0,0.0,0.0
0.2712111,,1.0,0.9790984827998204,0,0,0,1,0,0,0,0.5,0.0,0.0863560574317366,0.0864816226551857,0.5240793201133145,0.0,0.5786163522012578,0.0,0.5714285714285715
0.07583205,0.00125854,0.5,0.0481859044755955,0,0,0,0,0,1,0,-1.2661290322580645,-195.650555,-0.2892650333472641,-0.4093630103602984,-0.5212464589235127,2.27,-2.3647798742138364,-1.92082,-2.095238095238096
,,1.0,0.4184366131893005,0,0,0,1,0,0,0,0.0,0.0,-0.1503763407093678,-0.1189747178724521,0.0,0.0,-0.6376811594202898,0.0,0.7142857142857143
0.18110478,,1.0,0.3235758280429833,0,0,0,1,0,0,0,-0.3145161290322581,0.0,-0.1779796696857516,-0.1809615456715448,1.2379603399433428,0.0,0.555646704949412,0.0,2.380952380952381
,,1.0,6.353221276872837,0,0,0,1,0,0,0,0.0,0.0,15.765218024017264,5.299873776822425,0.0,0.0,-0.4924911129340992,0.0,0.8142857142857143
0.20876118,0.02057714,0.9,1.1527678270909427,0,0,0,0,1,0,0,-0.0645161290322581,-189.510555,0.2138208609434694,0.0959796043340789,-0.4249291784702549,1.48,-0.3981405523653267,-0.31037,-0.3333333333333333
0.20519261,,1.0,0.8002184543063184,0,0,0,1,0,0,0,-0.0967741935483871,0.0,0.0237102589412492,0.0,0.0,0.0,0.2056330325403336,0.0,-1.761904761904762
1.0314,0.592,0.9,0.0724214297116496,0,0,0,0,1,0,0,7.371744032258063,-7.895195000000001,-0.2758301966930995,-0.3779196920654361,3.9291784702549575,-0.6100000000000001,-1.450369155045119,0.0,0.0
1.107,4.32,1.0,0.1122798323395921,0,0,0,1,0,0,0,8.055131451612901,1176.975045,-0.2687635761618243,-0.3125835759901021,1.7110481586402266,2.62,0.1859447634673229,0.08301,1.8904761904761904
1.136,2.166,1.0,0.3603316027504868,0,0,0,1,0,0,0,8.317259741935482,492.36577456,-0.1621580308742759,-0.1654148493445143,1.934844192634561,0.5,0.1159420289855072,0.6449199999999999,1.1571428571428573
,0.28,1.0,5.402081844214566,0,0,0,1,0,0,0,0.0,-107.05860104,8.598594824891471,3.515253008735644,0.0,0.0,-0.3522012578616352,-0.31132,1.1428571428571428
1.0,,1.0,0.7658695990709582,0,0,0,1,0,0,0,7.08790322580645,0.0,0.0,0.0,1.1019830028328612,0.0,1.7802351654361497,0.7603399999999999,0.0
,,0.9,6.596081015254362,0,0,0,0,1,0,0,0.0,0.0,16.73901696376232,6.479623080095478,0.0,0.0,-1.5870932458299152,2.75687,-1.1904761904761905
0.12222342,,1.0,0.0684541637433207,0,0,0,1,0,0,0,-0.8467741935483868,0.0,-0.2857089187012773,-0.3689216041591162,0.2039660056657223,0.0,-1.1944216570959802,0.0,0.0
1.0593184,1.51968033,1.0,8.011091343748065,0,0,0,1,0,0,0,7.624112903225805,286.949445,35.9036780660134,13.080720346926276,0.0,0.0,0.6923707957342083,0.0,-0.5714285714285715
0.24328706,0.01384395,1.0,1.4565398277152677,0,0,0,1,0,0,0,0.2475806451612902,-191.650555,0.6751337145585817,0.0,-0.1529745042492918,-0.1400000000000001,0.8126879956248291,0.0,-0.380952380952381
,,1.0,4.268283863645218,0,0,0,1,0,0,0,0.0,0.0,3.716830066095545,2.3055100791081893,0.0,0.0,-0.8170631665299426,1.6568699999999998,-1.380952380952381
0.15701695,,1.0,0.1715783225065829,0,0,0,1,0,0,0,-0.5322580645161289,0.0,-0.2289292542446949,-0.2904382818651037,0.1161473087818696,0.0,-0.859721082854799,0.0,0.4285714285714286
0.22481973,,1.0,0.5328991231768665,0,0,0,1,0,0,0,0.0806451612903226,0.0,-0.0593886168709442,-0.1394703625479585,-0.4589235127478753,0.0,-0.788624555646705,0.0,-1.3333333333333333
0.21232974,,1.0,0.071480108336498,0,0,0,1,0,0,0,-0.032258064516129,0.0,-0.2865039364725961,-0.3604234100253696,0.6883852691218131,0.0,-0.6431501230516817,0.0,-0.380952380952381
0.09340708,,1.0,0.2129110817036453,0,0,0,1,0,0,0,-1.1072580645161287,0.0,-0.1404255169774066,-0.3444268093030231,0.0,0.0,-2.109926168990976,0.0,-0.1333333333333333
0.972,10.0,1.0,0.3327273172257726,0,0,0,1,0,0,0,6.830645161290322,2982.949445,-0.1387449574258653,-0.2308009547971056,-0.8951841359773371,12.24,-2.2291495761553186,-1.40481,0.4761904761904762
0.23998614,,1.0,1.0332010021028133,0,0,0,1,0,0,0,0.2177419354838709,0.0,0.1518831033451597,0.056487996300786,-0.5920679886685553,0.0,-0.2679792179382007,0.0,-0.9523809523809524
0.15523267,,1.0,1.461131013925833,0,0,0,1,0,0,0,-0.5483870967741934,0.0,0.3525308611484851,0.2384493295174775,-0.546742209631728,0.0,0.2767295597484276,0.0,-0.5714285714285715
,,1.0,2.996785847081465,0,0,0,1,0,0,0,0.0,0.0,1.6306799162885308,1.0427363485259382,0.0,0.0,0.0,0.0,0.0
,22.6,0.9,7.855598164857304,0,0,0,0,1,0,0,0.0,6986.871443200001,34.14886552672291,11.713510878938225,0.0,0.0,-0.6092425485370522,0.0,1.4761904761904765
,,1.0,7.611347717403621,0,0,0,1,0,0,0,0.0,0.0,32.70814080080554,9.478985715535448,-1.7308781869688386,0.0,0.2920426579163248,0.05909,0.8380952380952381
0.28280894,,1.0,1.6212667928308395,0,0,0,1,0,0,0,0.6048387096774193,0.0,0.4406058043564093,0.3079345639051701,-0.5524079320113314,0.0,0.4134536505332239,0.0,-0.6666666666666667
0.22125116,,1.0,0.4192942148670721,0,0,0,1,0,0,0,0.0483870967741935,0.0,-0.1325564180127944,-0.1489683442268518,0.6515580736543909,0.0,0.8115942028985508,0.0,-0.9523809523809524
0.18182147,,1.0,0.6875302120873106,0,0,0,1,0,0,0,-0.3080347741935483,0.0,-0.0511238975160946,0.0,0.0,0.0,0.3631391851244189,0.0,0.3333333333333333
0.38540525,,1.0,1.003017577797393,0,0,0,1,0,0,0,1.532258064516129,0.0,0.1136203871544864,0.0739842783408525,0.1926345609065155,0.0,0.2154771670768389,0.0,0.761904761904762
0.1579091,,1.0,3.6626460700857377,0,0,0,1,0,0,0,-0.5241935483870966,0.0,2.8868775066658605,1.3932039441618655,-1.396600566572238,0.0,-0.4900191413727098,0.0,-0.8571428571428573
0.242,0.066,1.0,0.2192084646897974,0,0,0,1,0,0,0,0.2359462338709678,-175.07388014,-0.2079342889195773,-0.2602446980016746,0.4385269121813029,4.37,-0.4911129340989882,-0.3843,0.1999999999999999
0.24167139,,1.0,0.5936557965595936,0,0,0,1,0,0,0,0.2329758064516127,0.0,-0.1073377936294958,0.0,0.7762039660056658,0.0,0.3608422203992339,0.0,0.0
1.409,0.475,1.0,0.2368938852121442,0,0,0,1,0,0,0,10.785065322580644,-45.081305000000015,-0.2143127981895971,-0.224702250771711,1.9405099150141645,-1.102,0.3423571233251299,0.0,0.5714285714285715
0.12936056,,1.0,0.4302598386810651,0,0,0,1,0,0,0,-0.7822580645161289,0.0,-0.1133254642543424,-0.1664646262669183,-0.0538243626062322,0.0,-0.4768936286573694,0.0,0.4285714285714286
2.70675816,,1.0,3.3741017765959382,0,0,0,1,0,0,0,22.51612903225806,0.0,2.1610426457926355,1.3097216841421198,-0.9943342776203966,0.0,0.6923707957342083,0.0,-0.380952380952381
0.22125116,,1.0,2.604201830379702,0,0,0,1,0,0,0,0.0483870967741935,0.0,1.156476761026912,0.8298236624717246,-0.6713881019830028,0.0,0.8378452283292316,0.0,0.4285714285714286
0.39967952,,1.0,5.0269814827061925,0,0,0,1,0,0,0,1.6612903225806452,0.0,7.066203005975296,2.818401089768424,-1.6062322946175638,0.0,-0.2701668033907574,0.0,-1.809523809523809
,,0.9,6.898108901930332,0,0,0,0,1,0,0,0.0,0.0,18.693818466882025,7.979304397815464,0.0,0.0,-1.388022969647252,2.40527,-1.238095238095238
,20.3,1.0,8.679325986373666,0,0,0,1,0,0,0,0.0,6255.866107100001,60.36350678966487,15.327742854643386,0.0,0.0,0.6978397593656002,0.0,0.9047619047619048
0.29414028,0.02737326,1.0,0.5416108363772528,0,0,0,1,0,0,0,0.7072682903225805,-187.350555,-0.0760242049040746,-0.1089768424209855,0.5153257790368271,-0.02,0.0590648072190319,0.22415,0.261904761904762
0.632,0.7,1.0,5.134671483629672,0,0,0,1,0,0,0,3.7613514516129034,26.4293299,6.997043635007134,3.23531249609458,-1.29971671388102,2.09,0.3686081487558107,0.18523,1.223809523809524
1.213,0.54,1.0,0.0643045385157724,0,0,0,1,0,0,0,9.013301282258062,-24.423215220000003,-0.2961251777241943,-0.356424259844783,2.076487252124646,-0.959,0.0492206726825266,0.02774,2.2571428571428576
,22.0,1.0,9.259225769705994,0,0,0,1,0,0,0,0.0,6796.209445,81.49631901937103,20.47664871214867,0.0,0.0,0.0,0.0,0.0
0.08475347,,1.0,0.0193448416274257,0,0,0,1,0,0,0,-1.1854838709677418,0.0,-0.3295540744775817,-0.4234100253696089,2.215297450424929,0.0,-0.0196882690730106,0.0,-0.761904761904762
0.23641757,,1.0,0.2479804260198238,0,0,0,1,0,0,0,0.1854838709677418,0.0,-0.1942632907311963,-0.2459477361060774,0.43342776203966,0.0,-0.159693738036642,0.0,-0.5714285714285715
1.679,0.96,1.0,0.2792378863065665,0,0,0,1,0,0,0,13.225734677419355,109.066245,-0.202304742186789,-0.1908594423684967,2.781869688385269,-1.085,1.0686354935739677,0.8943399999999999,1.1428571428571428
,19.821,1.0,10.517367098783998,0,0,0,1,0,0,0,0.0,6103.62630015,177.43335239355335,33.49888148768387,0.0,0.0,0.0,0.0,0.0
,0.06324167,1.0,3.2344383721872965,0,0,0,1,0,0,0,0.0,-175.950555,0.0,10.478773260682106,0.0,0.0,0.0,0.0,0.0
0.28013252,0.0339806,0.5,1.168967411469268,0,0,0,0,0,1,0,0.5806451612903226,-185.250555,0.2541853836395462,0.0694852343876926,-1.0424929178470257,0.5799999999999998,-1.653814602132896,-1.03028,0.3333333333333333
1.009,0.818,1.0,0.0968706075053343,0,0,0,1,0,0,0,7.169258870967742,63.93438499999999,-0.2728773888004649,-0.3342289763425272,1.1529745042492918,-0.3500000000000001,-0.4878315559201531,-0.27765,1.4285714285714288
0.13140499,0.01038296,1.0,0.8003406396002285,0,0,0,1,0,0,0,-0.7637774516129031,-192.750555,0.0782082257110879,-0.063986402889386,-1.0549858356940511,4.27,-1.6702214930270711,-1.10981,-0.9095238095238096
0.24533899,,1.0,0.9567589879927744,0,0,0,1,0,0,0,0.2661290322580645,0.0,0.0982624419942355,0.0499893772573327,-0.2464589235127478,0.0,0.3018867924528302,0.0,-0.380952380952381
0.20251618,,1.0,0.4555099074054317,0,0,0,1,0,0,0,-0.1209677419354837,0.0,-0.0976977594335978,-0.162965369858905,-0.348441926345609,0.0,-0.7831555920153132,0.0,-0.2857142857142857
,3.283,1.0,1.5669194556935329,0,0,0,1,0,0,0,0.0,846.949445,0.0,1.1907469662696677,0.0,0.0,0.0,0.0,0.0
0.13114484,,1.0,0.0071338760678924,0,0,0,1,0,0,0,-0.7661290322580644,0.0,-0.3441351661964208,-0.4569029081320219,2.711048158640226,0.0,-0.3511074651353568,0.0,-1.523809523809524
0.09367489,,1.0,0.0209202276964678,0,0,0,1,0,0,0,-1.104838709677419,0.0,-0.3264149024238759,-0.4244098129147556,1.0509915014164306,0.0,-1.1856713152857534,0.0,0.380952380952381
,11.0,1.0,2.66831503056642,0,0,0,1,0,0,0,0.0,3303.949445,0.0,5.529824912206155,0.0,0.0,0.0,0.0,0.0
0.0729772,0.00226537,0.9,0.4302960655999834,0,0,0,0,1,0,0,-1.2919354838709671,-195.330555,-0.1041179441345381,-0.1789619705812514,-0.2492917847025495,6.17,-0.9767569045665846,-0.59838,-0.8571428571428573
0.16326166,,1.0,0.267070097722309,0,0,0,1,0,0,0,-0.475806451612903,0.0,-0.1908083155176125,-0.2279515602934376,-1.0991501416430596,0.0,-2.3418102269619907,0.0,0.0
,,1.0,6.359068527860426,0,0,0,1,0,0,0,0.0,0.0,13.942700918294353,6.079708062036818,0.0,0.0,-0.6901832102816516,0.0,0.0
0.16058552,,1.0,1.385016085373452,0,0,0,1,0,0,0,-0.4999999999999998,0.0,0.3275505509713496,0.1909594211230112,-0.5779036827195467,0.0,0.1585999453103637,0.0,-1.619047619047619
0.904,0.657,0.9,2.585032722119543,0,0,0,0,1,0,0,6.220095604838709,12.762708400000008,1.2496511860752135,0.7258457577764724,0.0,-0.2199999999999999,-0.5261143013398961,-0.41322,0.761904761904762
,0.046,1.0,3.75044758362814,0,0,0,1,0,0,0,0.0,-181.450555,3.705697193213457,1.152255145781521,0.0,0.0,0.0,-1.87971,0.0
0.1686148,,1.0,3.926627715556468,0,0,0,1,0,0,0,-0.4274193548387096,0.0,3.1927009595555607,1.7706237424547284,-1.169971671388102,0.0,0.6179928903472792,0.0,0.0
0.43683187,,1.0,0.4092800642470855,0,0,0,1,0,0,0,1.9971290322580644,0.0,-0.2035066536918881,0.0,0.6543909348441926,0.0,-0.1602406343997812,0.0,0.0
0.29351465,,1.0,0.4843618576008303,0,0,0,1,0,0,0,0.7016129032258064,0.0,-0.0768707027167874,-0.1624654760863316,-0.6628895184135978,0.0,-1.2808312824719716,0.0,-1.0476190476190477
0.13185856,0.014662,1.0,0.2251812389741734,0,0,0,1,0,0,0,-0.7596774193548386,-191.390555,-0.2082692515244792,-0.2517964932451854,0.9121813031161472,6.6,0.10062893081761,0.0,-0.761904761904762
0.23374115,,1.0,1.0847742988744018,0,0,0,1,0,0,0,0.1612903225806452,0.0,0.1533647990079078,0.1019783296049589,-0.1671388101983003,0.0,0.0470330872299699,0.0,1.7142857142857146
1.07,14.0,0.5,0.0150686884958428,0,0,0,0,0,1,0,7.720669354838708,4253.569445,-0.3216119491386057,-0.4589024832223152,-0.1444759206798866,0.0,-2.4358764014219307,0.0,0.0
0.89,1.076,1.0,0.1350228008496798,0,0,0,1,0,0,0,6.093556451612903,145.93452499999998,-0.2545975684348823,-0.3006861042028569,0.0,0.6399999999999999,-0.1279737489745693,0.0,2.1904761904761907
,,1.0,0.4183339482441558,0,0,0,1,0,0,0,0.0,0.0,0.0107621711357358,-0.2914380694102503,-1.7053824362606231,0.0,-2.7815149029258954,-3.11459,-0.4285714285714285
0.22125116,,1.0,0.630789657492063,0,0,0,1,0,0,0,0.0483870967741935,0.0,-0.035940143506268,-0.0789832160665858,-0.3002832861189802,0.0,-0.3412633305988515,0.0,0.761904761904762
0.2881618,,1.0,0.3067250944550862,0,0,0,1,0,0,0,0.6532258064516129,0.0,-0.1749774598334215,-0.2064561280727845,0.4844192634560906,0.0,0.3500136724090785,0.0,-0.6666666666666667
,,0.9,9.227571067237848,0,0,0,0,1,0,0,0.0,0.0,88.69994264895787,18.17713735831136,0.0,0.0,-0.2712605961170358,-0.19313,1.3809523809523812
0.18288907,,1.0,1.198001111608927,0,0,0,1,0,0,0,-0.2983870967741935,0.0,0.1980871908191336,0.1559668570428784,-0.1019830028328611,0.0,0.7011211375444353,0.0,-0.0952380952380952
,,1.0,8.036397383504095,0,0,0,1,0,0,0,0.0,0.0,41.927619918147215,11.44256845420348,0.0,0.0,0.425485370522286,0.18523,0.761904761904762
0.99,0.492,0.9,0.1508811856190955,0,0,0,0,1,0,0,6.997508064516127,-39.67819500000002,-0.2411524872456042,-0.3001862104302836,0.5127478753541076,-0.6980000000000001,-0.7404976756904567,0.0,0.6666666666666666
0.20965332,0.02737326,1.0,1.049373563610283,0,0,0,1,0,0,0,-0.0564516129032256,-187.350555,0.1408389853274987,0.0839821537923191,0.1699716713881019,2.35,0.3992343450916051,0.0,-1.4047619047619049
0.11062558,,1.0,0.0818833924676995,0,0,0,1,0,0,0,-0.9516129032258064,0.0,-0.2843362125215513,-0.3414274466675831,1.9206798866855523,0.0,0.3325129887886245,0.0,0.4285714285714286
0.24087828,0.08023197,1.0,0.1880317641506277,0,0,0,1,0,0,0,0.2258064516129033,-170.550555,-0.2275652307562484,-0.2689428496444505,0.1473087818696883,5.77,-0.5403336067815149,0.0,-0.1428571428571428
0.23998614,,1.0,0.7349077345562279,0,0,0,1,0,0,0,0.2177419354838709,0.0,-0.0022643261483608,-0.0264943699463863,0.0821529745042493,0.0,0.5447087776866284,0.0,-0.4761904761904761
2.1,1.18,1.0,0.1255896023984257,0,0,0,1,0,0,0,17.03133828225806,178.98696526,-0.2608799599309738,-0.3044852968744142,1.946175637393768,-1.265,0.2548537052228602,0.21692,0.9333333333333332
0.23463329,,0.5,0.0399091972475526,0,0,0,0,0,1,0,0.1693548387096773,0.0,-0.3136625147084015,-0.383918417336316,0.1246458923512747,0.0,-1.716160787530763,-0.97114,0.0
0.24087828,,1.0,0.9904163145038116,0,0,0,1,0,0,0,0.2258064516129033,0.0,0.1159055036155172,0.059487358936226,-0.2124645892351274,0.0,-0.0546896363139185,0.0,1.3333333333333337
0.23909359,,0.5,2.251509816293712,0,0,0,0,0,1,0,0.2096774193548388,0.0,1.0652580235274365,0.4554532161915592,-1.518413597733711,0.0,-1.840853158326497,0.0,-1.238095238095238
,,0.5,1.5189664909338387,0,0,0,0,0,1,0,0.0,0.0,0.7623293219080404,0.0,0.0,0.0,-2.2477440525020507,-1.51223,0.0476190476190476
0.072,,0.5,0.009612135057555,0,0,0,0,0,1,0,-1.2983870967741933,0.0,-0.3387131158802898,-0.4539035454965819,0.8186968838526912,0.0,-1.9513262236806128,0.0,0.0476190476190476
0.12133128,0.00777149,0.5,0.0472471862004621,0,0,0,0,0,1,0,-0.854838709677419,-193.580555,-0.286877952213256,-0.4149118312358624,-0.7592067988668555,4.07,-2.414000546896363,-2.17656,-0.5238095238095238
0.19805548,,1.0,0.3390778877091625,0,0,0,1,0,0,0,-0.1612903225806449,0.0,-0.1633863361289163,-0.1879600584875714,1.093484419263456,0.0,0.0918785890073831,0.0,0.8571428571428571
0.26496611,,1.0,2.370478597390788,0,0,0,1,0,0,0,0.4435483870967743,0.0,0.9701388113226096,0.6723571241111264,-0.660056657223796,0.0,0.7875307629204266,0.0,-0.8571428571428573
,,1.0,2.280174582925721,0,0,0,1,0,0,0,0.0,0.0,0.878589258540818,0.63836434757614,0.0,0.0,-0.2531036368608145,0.0,0.7504761904761904
0.18199692,,1.0,1.187897358581714,0,0,0,1,0,0,0,-0.3064516129032256,0.0,0.1987468659273874,0.1454690878188384,0.2776203966005666,0.0,0.0371889526934645,0.0,0.1904761904761905
,4.999,1.0,0.3424182383497529,0,0,0,1,0,0,0,0.0,1392.77365159,-0.2342265197577587,0.0,0.0,0.0,0.0,0.0,0.0
0.15077196,,1.0,0.51912278690992,0,0,0,1,0,0,0,-0.5887096774193548,0.0,-0.0844923264306042,-0.1189747178724521,0.2379603399433427,0.0,0.2471971561389117,0.0,0.0
0.29369844,0.03272206,1.0,0.9418846903253948,0,0,0,1,0,0,0,0.7032743467741934,-185.650555,0.0864136441813438,0.0509891648024794,-0.0793767705382435,0.27,0.1815695925622094,0.09133,0.8523809523809524
0.14274268,,1.0,0.0634355094744303,0,0,0,1,0,0,0,-0.6612903225806449,0.0,-0.2964437314567802,-0.3579239411625029,2.770538243626062,0.0,-0.3226688542521192,0.0,0.8571428571428571
,,1.0,1.664007533796102,0,0,0,1,0,0,0,0.0,0.0,0.4863977931510931,0.3059349888148768,-0.6345609065155807,0.0,-0.2657916324856439,0.0,0.1904761904761905
,,1.0,9.825580063659602,0,0,0,1,0,0,0,0.0,0.0,120.7888115443902,24.47579889273529,-1.8869688385269123,0.0,0.4156412359857807,0.0,1.7142857142857146
0.20340833,,1.0,1.7701198423301123,0,0,0,1,0,0,0,-0.1129032258064516,0.0,0.5376541915007309,0.3664221352962495,-0.6855524079320113,0.0,0.2253213016133442,0.0,-0.2857142857142857
0.19091801,,1.0,1.2021292820825484,0,0,0,1,0,0,0,-0.225806451612903,0.0,0.2615582924244283,0.0909806666083457,-0.8158640226628895,0.0,-0.8925348646431501,0.0,-1.809523809523809
0.18441869,,1.0,0.7686626875473271,0,0,0,1,0,0,0,-0.284560008064516,0.0,0.0018977336832399,0.0,-0.3129745042492918,0.0,-0.3001585999453104,0.0,0.0
0.12022712,,1.0,0.3400042706387302,0,0,0,1,0,0,0,-0.8648178790322579,0.0,-0.2352976658477345,0.0,0.0,0.0,0.1925075198249931,0.0,0.7142857142857143
0.09724345,0.01352931,0.5,0.0258951304310111,0,0,0,0,0,1,0,-1.07258064516129,-191.750555,-0.3160709644095944,-0.4274691628029043,-0.291784702549575,0.0,-2.4632212195788896,-1.76496,0.2380952380952381
1.24,0.9,0.7,0.1515570381017112,0,0,1,0,0,0,0,9.257387096774192,89.99644500000002,-0.2514083408890991,-0.2789407250959171,2.0651558073654392,-0.7200000000000001,1.1189499589827727,0.0,0.5714285714285715
1.19,1.09,1.0,0.1819323610671222,0,0,0,1,0,0,0,8.80541129032258,150.38414500000002,-0.2354337815905899,-0.2629441243735706,2.320113314447592,-0.532,0.561115668580804,0.0,0.0
0.17218336,,1.0,0.7341048073396497,0,0,0,1,0,0,0,-0.3951612903225805,0.0,-0.0013519060111891,-0.0284939450366796,0.1643059490084986,0.0,0.5643970467596391,0.0,-0.4761904761904761
0.19894762,,1.0,0.6522092301431066,0,0,0,1,0,0,0,-0.1532258064516128,0.0,-0.0231199249317414,-0.0759838534311459,-0.376770538243626,0.0,-0.4090784796281104,0.0,0.0
0.22660401,,1.0,0.5934814317816637,0,0,0,1,0,0,0,0.0967741935483871,0.0,-0.1074373739030517,0.0,0.348441926345609,0.0,0.2100082034454471,0.0,0.4761904761904762
,,0.9,8.300903597977904,0,0,0,0,1,0,0,0.0,0.0,53.893343020545046,11.62852893760076,0.0,0.0,-0.9756631118403064,-1.01889,-0.7142857142857144
,,1.0,8.177989868772395,0,0,0,1,0,0,0,0.0,0.0,46.19856323439546,11.99845032930502,-1.7991501416430595,0.0,0.1017227235438884,0.02251,0.9523809523809524
0.21054546,,1.0,2.553707956187309,0,0,0,1,0,0,0,-0.0483870967741935,0.0,1.1145637342979215,0.7943312046190183,-0.5864022662889519,0.0,1.0150396499863277,0.0,-0.4761904761904761
0.19448691,,1.0,0.1352224019292121,0,0,0,1,0,0,0,-0.1935483870967739,0.0,-0.2557777112115039,-0.2979366884537036,2.028328611898017,0.0,0.9537872573147388,0.0,-1.238095238095238
,2.83,1.0,8.513068958447118,0,0,0,1,0,0,0,0.0,703.4038368099999,55.29150087956032,14.122998862741666,0.0,0.0,0.0,0.0,0.0
0.1516641,,1.0,5.2496386599922245,0,0,0,1,0,0,0,-0.5806451612903225,0.0,8.128618304112031,3.133834060262194,-1.501416430594901,0.0,0.3598578069455838,0.0,-3.523809523809524
,,0.9,5.881747332582714,0,0,0,0,1,0,0,0.0,0.0,9.640173314242189,5.329867403176824,0.0,0.0,-1.3005195515449823,0.0,0.761904761904762
1.15,0.43,1.0,0.4990154133321647,0,0,0,1,0,0,0,8.443548387096774,-59.390555000000006,-0.1046448466361755,-0.1089768424209855,0.0,-0.95,0.4320481268799562,0.26687,1.1904761904761905
6.9,8.5,0.1,6.37779445427144,0,1,0,0,0,0,0,60.42104838709676,2505.4909045000004,0.0,264.4248097279328,0.0,0.0,5.3847415914684165,1.52687,0.0
0.15523267,,1.0,4.447266114851003,0,0,0,1,0,0,0,-0.5483870967741934,0.0,5.351079354971915,1.8985965482335,-1.7705382436260624,0.0,-1.323489198796828,0.0,-6.857142857142857
0.12757627,,1.0,0.4878472457365793,0,0,0,1,0,0,0,-0.7983870967741934,0.0,-0.1125603186004657,-0.1079770548758389,0.943342776203966,0.0,0.3040743779053869,0.0,2.0000000000000004
0.1025963,,1.0,0.9734806429958368,0,0,0,1,0,0,0,-1.0241935483870963,0.0,0.0754441625806716,0.0959796043340789,0.4532577903682719,0.0,1.160514082581351,0.0,0.0
0.2016237,,1.0,0.8146360810091581,0,0,0,1,0,0,0,-0.1290322580645162,0.0,0.0437040145563988,-0.0124973443143332,-0.3597733711048159,0.0,-0.1662564943943122,0.0,-0.2380952380952381
0.22749615,,1.0,0.3170141539022644,0,0,0,1,0,0,0,0.1048387096774192,0.0,-0.1697787468987716,-0.2029568716647712,0.4504249291784702,0.0,0.1771944216570959,0.0,0.0
,0.03586841,1.0,3.907697940203227,0,0,0,1,0,0,0,0.0,-184.650555,0.0,21.47643625729533,0.0,0.0,-0.4123598578069455,0.0,0.0
0.24391156,0.06009532,1.0,0.3810271090126925,0,0,0,1,0,0,0,0.2532258064516129,-176.950555,-0.1003045586193693,-0.2299511353837309,-1.065155807365439,0.0,-2.414000546896363,-1.67559,1.7142857142857146
0.29083822,,1.0,4.534434161815756,0,0,0,1,0,0,0,0.6774193548387094,0.0,4.880212597286833,2.358498819000962,-1.339943342776204,0.0,0.5447087776866284,0.0,-1.238095238095238
,4.3,1.0,4.218786857192321,0,0,0,1,0,0,0,0.0,1170.6115951,20.75667432444553,0.0,0.0,0.0,0.2143833743505605,0.0,1.4285714285714288
0.31135748,,1.0,0.118524131556522,0,0,0,1,0,0,0,0.8629032258064517,0.0,-0.2637566095428967,-0.3114338203131834,2.3512747875354107,0.0,0.5086136177194421,0.0,-0.9523809523809524
0.93,9.3,1.0,0.913770823570423,0,0,0,1,0,0,0,6.455122620967741,2759.7536301,0.0736524249215307,0.0409912893510129,0.1388101983002833,13.07,0.0809406617445994,0.07802,1.523809523809524
,,0.9,6.783596964352348,0,0,0,0,1,0,0,0.0,0.0,17.691859907494035,7.479410625242135,0.0,0.0,-0.7831555920153132,1.17609,1.3809523809523812
0.07672419,,1.0,0.1535250098571887,0,0,0,1,0,0,0,-1.258064516129032,0.0,-0.2354958804280888,-0.3059349888148768,0.0849858356940509,0.0,-0.661744599398414,0.0,-2.6666666666666665
,,0.9,7.714821961354065,0,0,0,0,1,0,0,0.0,0.0,31.28346050933588,11.068647912318632,0.0,0.0,-0.7634673229423025,1.92417,-1.1904761904761905
0.08029276,,1.0,0.3211878105873672,0,0,0,1,0,0,0,-1.225806451612903,0.0,-0.1597261808565972,-0.2139545346613844,0.291784702549575,0.0,-0.1498496035001367,0.0,-1.0476190476190477
0.37844589,0.05034138,0.9,0.1951141646801413,0,0,0,0,1,0,0,1.469354838709677,-180.050555,-0.2213811490764545,-0.2699426371895972,0.0,0.0,-0.6650259775772491,-0.33166,0.0
0.83950542,,1.0,0.6617904210081325,0,0,0,1,0,0,0,5.637096774193547,0.0,-0.0190076009546676,-0.0724845970231325,-0.4022662889518413,0.0,-0.4976756904566584,0.0,0.5714285714285715
,1.47,1.0,3.929724325543572,0,0,0,1,0,0,0,0.0,271.15720329,0.0,21.97633002986865,0.0,0.0,0.0,0.0,0.0
0.10973344,,1.0,0.0880960071329509,0,0,0,1,0,0,0,-0.9596774193548384,0.0,-0.2682143551642515,-0.3599235162527963,-0.4504249291784702,0.0,-2.0191413727098717,0.0,0.0
0.11874407,0.00597807,0.5,0.0129400267819059,0,0,0,0,0,1,0,-0.8782258064516127,-194.150555,-0.3327091018706149,-0.4486046715073046,0.3654390934844193,3.0700000000000003,-2.162428219852338,-1.55841,-1.238095238095238
0.18974406,,1.0,0.1738299815321246,0,0,0,1,0,0,0,-0.2364213629032256,0.0,-0.3031511377686222,0.0,0.4644475920679888,0.0,-1.3573967733114576,0.0,0.0
0.27031896,0.01677006,1.0,2.0609882165659017,0,0,0,1,0,0,0,0.4919354838709676,-190.720555,1.798970054698113,0.0,0.0,-0.1900000000000001,0.4517363959529669,0.08787,0.3333333333333333
0.14006626,,1.0,0.2653433604734226,0,0,0,1,0,0,0,-0.6854838709677417,0.0,-0.2028129843562888,-0.2084557031630778,1.5495750708215297,0.0,1.2064533770850423,0.0,0.4285714285714286
,,1.0,6.245255356624256,0,0,0,1,0,0,0,0.0,0.0,13.951869493987628,5.364859967256957,0.0,0.0,0.0525676784249389,0.0,1.9023809523809525
,,1.0,9.915621635879104,0,0,0,1,0,0,0,0.0,0.0,126.6171979356014,25.575565192396613,0.0,0.0,-0.7765928356576429,0.79687,1.4285714285714288
,,1.0,2.506715922554533,0,0,0,1,0,0,0,0.0,0.0,1.1363283632586811,0.7108489445992726,0.0,0.0,0.1082854799015586,0.0,0.0
0.13649769,,1.0,0.8496475895735055,0,0,0,1,0,0,0,-0.7177419354838708,0.0,0.0235386070681541,0.0479898021670394,0.7903682719546742,0.0,1.4634946677604594,0.0,0.1904761904761905
1.111,1.24,1.0,0.0321106855963405,0,0,0,1,0,0,0,8.09128951612903,198.058645,-0.316135790473512,-0.4050139345389105,1.5410764872521243,-0.1200000000000001,-0.8455017774131802,0.0,0.8095238095238095
0.2497997,,1.0,2.081503726414532,0,0,0,1,0,0,0,0.3064516129032256,0.0,0.752236062890676,0.5108914355699413,-0.7705382436260623,0.0,0.3204812687995624,0.0,0.0
,,0.9,3.593283883589554,0,0,0,0,1,0,0,0.0,0.0,2.721420255461726,1.357211592536586,0.0,0.0,-0.7262783702488378,-0.48177,0.4761904761904762
,4.5,0.9,9.586068348609755,0,0,0,0,1,0,0,0.0,1234.1772765,119.1188806120769,19.42687178974468,0.0,0.0,0.0,0.0,0.0
,,1.0,9.673696958500123,0,0,0,1,0,0,0,0.0,0.0,112.76659432053214,22.47622380244198,0.0,0.0,0.2953240360951599,0.0,0.6190476190476191
0.12222342,,1.0,0.3224614462888265,0,0,0,1,0,0,0,-0.8467741935483868,0.0,-0.2430047245377982,0.0,0.9886685552407932,0.0,0.2340716434235712,0.0,-0.1428571428571428
0.22928044,,1.0,1.7468202557207997,0,0,0,1,0,0,0,0.1209677419354837,0.0,0.506271772151529,0.3729207543397028,0.0708215297450425,0.0,-0.1323489198796828,0.0,-1.0476190476190477
,3.67,1.0,3.2937729539727925,0,0,0,1,0,0,0,0.0,970.37969869,0.0,11.178624542284762,0.0,0.0,0.0,0.0,0.0
0.20786903,,1.0,1.1408577233765176,0,0,0,1,0,0,0,-0.0725806451612901,0.0,0.21560035244244,0.0834822600197457,-0.8356940509915014,0.0,-0.7765928356576429,0.0,-0.6666666666666667
0.31403391,,1.0,4.010736139180067,0,0,0,1,0,0,0,0.8870967741935483,0.0,3.424963440800082,1.8226126948023544,-1.161473087818697,0.0,0.2439157779600765,0.0,0.761904761904762
,,0.5,0.3871891488610541,0,0,0,0,0,1,0,0.0,0.0,-0.0242572628271874,-0.2904382818651037,-1.643342776203966,0.0,-2.792452830188679,-2.82514,-1.0952380952380951
0.22571187,,1.0,0.2541558832132011,0,0,0,1,0,0,0,0.0887096774193547,0.0,-0.1982552222164798,-0.2314508167014509,0.6685552407932012,0.0,0.4298605414273995,0.0,-0.761904761904762
1.21,2.06,1.0,0.1830648519816303,0,0,0,1,0,0,0,8.986201612903225,458.6792449999999,-0.2367838716337496,-0.2584450804204106,2.3042492917847026,0.2199999999999999,0.7361225047853431,0.0,-0.380952380952381
0.26228968,,1.0,0.2110284046915371,0,0,0,1,0,0,0,0.4193548387096774,0.0,-0.2142385017305988,-0.2604446555107039,0.8328611898016998,0.0,0.1881323489198796,0.0,-0.761904761904762
0.11330201,,1.0,0.0481917437168621,0,0,0,1,0,0,0,-0.9274193548387094,0.0,-0.3063169308723898,-0.3764200107477161,1.985835694050992,0.0,0.4495488105004102,0.0,-0.4761904761904761
,,1.0,7.537417516529444,0,0,0,1,0,0,0,0.0,0.0,31.28378794677359,9.184048389717184,0.0,0.0,-0.0010937927262783,0.0917,1.7285714285714289
0.11776272,,1.0,0.1362033133508522,0,0,0,1,0,0,0,-0.8870967741935482,0.0,-0.2487390094041487,-0.3099341389954634,0.5637393767705382,0.0,-0.0885972108285479,0.0,-2.095238095238096
0.15170871,,1.0,0.952618883332346,0,0,0,1,0,0,0,-0.5802419354838709,0.0,0.139311145871279,0.0,-0.7648725212464589,0.0,-0.9931637954607602,0.0,0.0
1.45,2.82,1.0,0.3090895089525516,0,0,0,1,0,0,0,11.15322580645161,700.189445,-0.1883825332430919,-0.1794618643538248,2.73371104815864,-0.2000000000000001,0.8564397046759639,0.90687,0.0476190476190476
1.293,0.309,1.0,0.193765679949655,0,0,0,1,0,0,0,9.7364814516129,-97.841085,-0.2249263862507607,-0.2654935826136946,1.0793201133144477,-1.152,-0.1400054689636314,-0.0391399999999999,1.3809523809523812
0.18734977,,1.0,0.673004566334759,0,0,0,1,0,0,0,-0.2580645161290321,0.0,-0.0285951867456933,-0.0489895897121861,0.2889518413597733,0.0,0.6245556467049495,0.0,0.0
0.1025963,,1.0,0.7428800712706589,0,0,0,1,0,0,0,-1.0241935483870963,0.0,-0.0154202502833355,0.0,-0.0056657223796034,0.0,0.2307902652447361,0.0,-0.380952380952381
0.07583205,,1.0,0.3352240548348998,0,0,0,1,0,0,0,-1.2661290322580645,0.0,-0.1611779464454766,-0.1959583588487446,0.6345609065155807,0.0,0.3325129887886245,0.0,-0.6666666666666667
0.146311,,0.5,0.6629745299520373,0,0,0,0,0,1,0,-0.629032258064516,0.0,0.0080116966589845,-0.1039779046952522,0.0,0.0,-2.0038282745419744,-1.28293,0.6190476190476191
0.14347952,,1.0,0.4757191123350428,0,0,0,1,0,0,0,-0.6546274677419354,0.0,-0.1708772314280403,0.0,0.0,0.0,0.0032813781788351,0.0,-1.0952380952380951
,,0.5,0.7870128539306577,0,0,0,0,0,1,0,0.0,0.0,0.0144982322999897,0.0,0.0,0.0,-2.2477440525020507,-1.51223,0.0476190476190476
,0.14473219,1.0,3.4461471766638123,0,0,0,1,0,0,0,0.0,-150.050555,0.0,13.178199632578076,0.0,0.0,0.0,0.0,0.0
0.22392759,,1.0,3.183455709723954,0,0,0,1,0,0,0,0.0725806451612901,0.0,1.8579644578500525,1.1857480285439344,-0.9008498583569404,0.0,0.8072190319934373,0.0,0.0
0.2605054,,1.0,4.020714062336351,0,0,0,1,0,0,0,0.4032258064516128,0.0,3.634332049769295,1.722633940287689,-1.4560906515580736,0.0,-0.4867377631938747,0.0,-0.1904761904761904
1.01168878,,1.0,1.5139725359105878,0,0,0,1,0,0,0,7.193548387096773,0.0,0.3378554753715719,0.3089343514503168,0.7592067988668555,0.0,-0.8061252392671588,0.0,1.0476190476190477
,0.04216111,1.0,3.277176392491009,0,0,0,1,0,0,0,0.0,-182.650555,0.0,10.978667033255432,0.0,0.0,0.0,0.0,0.0
0.20883559,,1.0,2.274096892657556,0,0,0,1,0,0,0,-0.0638434677419354,0.0,2.3874143922608444,0.0,-1.67671388101983,0.0,-1.7336614711512168,0.0,0.0
0.22303545,,1.0,2.2446682617577283,0,0,0,1,0,0,0,0.0645161290322581,0.0,0.8593855930909872,0.610870190084607,-0.4362606232294617,0.0,0.050314465408805,0.0,1.809523809523809
,,0.7,7.544824050522211,0,0,1,0,0,0,0,0.0,0.0,30.12138504290844,9.628953847307445,0.0,0.0,0.7415914684167351,0.6288699999999999,0.1428571428571428
0.1284682,,1.0,0.5607475786471903,0,0,0,1,0,0,0,-0.7903225806451611,0.0,-0.053320937235631,-0.1214741867353187,-0.509915014164306,0.0,-0.8039376538146021,0.0,-0.7142857142857144
0.2007319,,1.0,0.3567155397670106,0,0,0,1,0,0,0,-0.1370967741935483,0.0,-0.1271591972448211,-0.2214529412499844,-0.8555240793201133,0.0,-1.9064807219031996,0.0,0.0
0.09724345,,1.0,0.9436788208844532,0,0,0,1,0,0,0,-1.07258064516129,0.0,0.0826540497610044,0.0574877838459327,0.0623229461756373,0.0,0.5567404976756904,0.0,0.380952380952381
,,0.5,0.5011122008479216,0,0,0,0,0,1,0,0.0,0.0,-0.0497810110965645,-0.1789619705812514,0.0,0.0,0.0,0.0,0.0
,,1.0,8.982577028335413,0,0,0,1,0,0,0,0.0,0.0,74.74783342819899,16.832423110089106,0.0,0.0,0.10062893081761,0.12266,1.238095238095238
,4.57,1.0,2.562971017529243,0,0,0,1,0,0,0,0.0,1253.949445,0.0,4.879963007860829,0.0,0.0,0.0,0.0,0.0
0.0704792,,1.0,0.0825793310541158,0,0,0,1,0,0,0,-1.3145161290322578,0.0,-0.283862328395134,-0.3409275528950098,2.155807365439093,0.0,0.877221766475253,0.0,-1.3333333333333333
0.21500617,0.08180515,1.0,0.441072626399405,0,0,0,1,0,0,0,-0.008064516129032,-170.050555,-0.1881630794333407,0.0,-0.1104815864022662,8.07,-0.8105004101722724,0.0,0.0
0.12311557,,1.0,2.5177407046520948,0,0,0,1,0,0,0,-0.8387096774193548,0.0,1.2377170475880572,0.6468625417098866,-1.206798866855524,0.0,-0.7076838939021055,0.0,-0.8571428571428573
0.23195686,,1.0,0.8446918161732992,0,0,0,1,0,0,0,0.1451612903225807,0.0,0.0548391795005515,0.0009997875451466,-0.0764872521246459,0.0,0.1848509707410445,0.0,0.0
0.19359477,,1.0,2.77926482459289,0,0,0,1,0,0,0,-0.2016129032258064,0.0,1.597583718859732,0.7423422522713924,-1.526912181303116,0.0,-1.7095980311730927,0.0,0.1904761904761905
0.13828198,,1.0,0.5717005326015456,0,0,0,1,0,0,0,-0.7016129032258063,0.0,-0.062391794137184,-0.0989789669695189,-0.0141643059490084,0.0,0.1728192507519825,0.0,-0.6666666666666667
0.22928044,,1.0,1.1540576402636675,0,0,0,1,0,0,0,0.1209677419354837,0.0,0.2043001587022447,0.1074771611032655,-0.5977337110481586,0.0,-0.3915777960076566,0.0,0.8571428571428571
1.22,0.27,1.0,0.2799372557090865,0,0,0,1,0,0,0,9.076596774193549,-110.236455,-0.1887774502977131,-0.2154542159791044,1.838526912181303,-1.13,0.4954881050041017,0.0,-0.761904761904762
0.37202312,,1.0,2.199976249584941,0,0,0,1,0,0,0,1.411290322580645,0.0,0.7889191157744261,0.6213679593086469,-0.4164305949008499,0.0,1.0314465408805031,0.0,0.4285714285714286
,,0.5,0.0651171037263796,0,0,0,0,0,1,0,0.0,0.0,-0.2581294527104787,-0.4139120436907157,0.0,0.0,-2.8701121137544434,-2.74268,-0.2857142857142857
,,1.0,6.4197929533542135,0,0,0,1,0,0,0,0.0,0.0,14.839879825053062,6.079708062036818,0.0,0.0,-0.5534591194968553,0.8593799999999999,-0.2380952380952381
0.07493991,,1.0,0.0220770779672118,0,0,0,1,0,0,0,-1.2741935483870963,0.0,-0.3264941657938094,-0.418910981416449,2.1359773371104818,0.0,0.1060978944490019,0.0,-1.7142857142857142
0.23195686,,1.0,0.7658783282516417,0,0,0,1,0,0,0,0.1451612903225807,0.0,0.0089656050841385,-0.0124973443143332,0.1643059490084986,0.0,0.7295597484276729,0.0,-0.8571428571428573
,,0.9,7.473893236964514,0,0,0,0,1,0,0,0.0,0.0,28.8977513381918,9.32901758376345,0.0,0.0,-0.750341810226962,1.04687,0.0476190476190476
1.7,0.89,1.0,0.0757949752343484,0,0,0,1,0,0,0,13.415322580645157,86.80644500000002,-0.291816991673781,-0.3379281902595697,4.359773371104816,-1.09,0.5720535958435876,0.0,0.0
0.10438059,,1.0,0.0797381688678397,0,0,0,1,0,0,0,-1.008064516129032,0.0,-0.2727465791812877,-0.3684217103865428,-0.4844192634560906,0.0,-2.0399234345091606,0.0,-0.4285714285714285
0.18645763,,1.0,3.473610305652141,0,0,0,1,0,0,0,-0.2661290322580645,0.0,2.673575097063761,1.1657522776410012,-1.5977337110481586,0.0,-1.3672409078479628,0.0,0.0
1.288,1.35,1.0,0.1322793161525702,0,0,0,1,0,0,0,9.69128387096774,233.019945,-0.2608140827928813,-0.292437856955397,2.9773371104815864,-0.55,0.7689362865736943,0.63001,-0.761904761904762
0.85,0.148,1.0,0.1417616932615921,0,0,0,1,0,0,0,5.731975806451612,-149.011715,-0.2524652827430271,-0.2934376445005436,1.8923512747875355,-1.012,0.0667213563029805,0.0,1.3809523809523812
,4.96,1.0,8.79139480945414,0,0,0,1,0,0,0,0.0,1380.37834372,66.76163432248883,15.517702488221252,0.0,0.0,0.2078206179928903,0.0,0.9523809523809524
,,1.0,6.777549960264668,0,0,0,1,0,0,0,0.0,0.0,20.841808058249743,6.250171838484323,0.0,0.0,-0.2286026797921793,-0.13624,-1.9047619047619049
,,1.0,8.664779868378549,0,0,0,1,0,0,0,0.0,0.0,51.03841600116469,17.932189409750425,0.0,0.0,-0.5490839485917418,2.0895300000000003,-0.6666666666666667
0.15344839,,1.0,0.1743624532898801,0,0,0,1,0,0,0,-0.5645161290322579,0.0,-0.2370352162127465,-0.2714423185073172,1.3371104815864023,0.0,0.3828274541974296,0.0,0.8571428571428571
0.08189847,0.00195073,1.0,0.1585633478572761,0,0,0,1,0,0,0,-1.2112903225806448,-195.430555,-0.1633161770914509,-0.378069660197208,-1.5855524079320114,3.0700000000000003,-3.3010664479081213,-3.2538,0.2857142857142857
0.11865486,,1.0,0.4515547340148658,0,0,0,1,0,0,0,-0.8790322580645159,0.0,-0.119382389207014,-0.1354712123673719,0.7478753541076487,0.0,0.3937653814602133,0.0,0.5714285714285715
0.0981356,,1.0,0.1857079408311001,0,0,0,1,0,0,0,-1.0645161290322578,0.0,-0.2241207866837675,-0.2784408313233438,0.3257790368271954,0.0,-0.5523653267705769,0.0,0.761904761904762
,2.3,1.0,9.166492972195906,0,0,0,1,0,0,0,0.0,534.9274449999999,94.59381652771076,15.977604758988711,0.0,0.0,29.754443532950507,1.40195,0.0
0.18485178,,1.0,1.179416611715936,0,0,0,1,0,0,0,-0.2806451612903224,0.0,0.3475039400991785,0.0,0.0,0.0,-0.1367240907847962,0.0,-0.0333333333333333
0.29440679,,1.0,1.3091534306946544,0,0,0,1,0,0,0,0.7096774193548385,0.0,0.2737046824074562,0.1759626079458115,-0.3654390934844193,0.0,0.2854799015586546,0.0,0.0
0.0918906,0.01258541,0.5,0.0091981408627585,0,0,0,0,0,1,0,-1.1209677419354835,-192.050555,-0.3349647856352449,-0.4650161840608871,-0.2946175637393767,0.0,-2.7366694011484825,-2.30186,1.523809523809524
0.57,0.15,1.0,0.3900158945403245,0,0,0,1,0,0,0,3.20091129032258,-148.376055,-0.143055821914519,-0.1639651574040516,0.3597733711048159,-0.2299999999999999,0.4298605414273995,-0.12803,0.0
0.08207704,,1.0,0.0893714466182323,0,0,0,1,0,0,0,-1.2096774193548383,0.0,-0.2716641008417739,-0.3514253221190497,0.0453257790368272,0.0,-1.3333333333333333,0.0,-0.761904761904762
0.07315563,,1.0,0.016608307556415,0,0,0,1,0,0,0,-1.290322580645161,0.0,-0.3335587291666385,-0.4259094942324755,3.5892351274787537,0.0,0.1082854799015586,0.0,1.6190476190476193
0.93,1.29,1.0,0.2811275331146864,0,0,0,1,0,0,0,6.455137096774192,213.950145,-0.1725501420410368,-0.2399490108351975,1.0396600566572238,0.6399999999999999,0.0546896363139185,0.03547,0.9523809523809524
,0.68,1.0,3.957651942351209,0,0,0,1,0,0,0,0.0,23.949445,0.0,22.626191934213978,0.0,0.0,0.0,0.0,0.0
,7.669,1.0,8.629428765968527,0,0,0,1,0,0,0,0.0,2241.37549828,59.19204663883527,14.852843770698726,0.0,0.0,0.0,0.0,0.0
0.23998573,,1.0,1.1469259651765942,0,0,0,1,0,0,0,0.2177419354838709,0.0,0.3147044337326875,0.0,0.0,0.0,-0.877221766475253,0.0,0.0
0.19294083,,1.0,1.0477142255067582,0,0,0,1,0,0,0,-0.2075241935483871,0.0,0.2208980904477264,0.0,-0.0821529745042493,0.0,0.7951873120043752,0.0,0.0
0.999,0.5,1.0,0.0700183161350401,0,0,0,1,0,0,0,7.078863709677418,-37.13555500000001,-0.2826466183489725,-0.3712211155129535,-0.0679886685552408,-0.7060000000000001,-1.9217938200710964,0.0,1.0476190476190477
0.19707412,0.01919275,1.0,0.5797989333016083,0,0,0,1,0,0,0,-0.1701612903225805,-189.950555,-0.05894958678984,-0.095979604334079,0.1133144475920679,1.77,-0.0393765381460213,0.0,-0.5238095238095238
0.17396765,,1.0,0.5283000438227733,0,0,0,1,0,0,0,-0.379032258064516,0.0,-0.0788611906439306,-0.1179749303273055,0.0141643059490084,0.0,0.1793820071096527,0.0,-1.0476190476190477
0.2194665,,1.0,0.646349079278061,0,0,0,1,0,0,0,0.032258064516129,0.0,-0.0764348310972073,0.0,0.0,0.0,-1.4492753623188406,0.0,0.0
,16.0,1.0,9.232395362757014,0,0,0,1,0,0,0,0.0,4889.203957000001,87.7176303358324,18.477073621855357,0.0,0.0,0.0,0.0,0.0
,,1.0,1.537585241329847,0,0,0,1,0,0,0,0.0,0.0,0.4344531180330177,0.2309509229288775,0.0,0.0,-0.6573694284933005,0.0,0.2380952380952381
0.06289589,,1.0,0.4256406070555394,0,0,0,1,0,0,0,-1.3830645161290318,0.0,-0.1071807939268633,-0.1794618643538248,-0.415014164305949,0.0,-1.4131802023516544,-0.7964600000000001,-0.4761904761904761
0.232849,0.04404893,1.0,2.090069427594188,0,0,0,1,0,0,0,0.1532258064516128,-182.050555,0.7686914313227163,0.505892497844208,-0.5184135977337111,2.97,0.0,0.0,0.0
0.14987982,,1.0,0.2029115975412617,0,0,0,1,0,0,0,-0.596774193548387,0.0,-0.2245785795849272,-0.252946248922104,1.586402266288952,0.0,0.7033087229969921,0.0,0.1904761904761905
0.12846842,,1.0,0.40219876490122,0,0,0,1,0,0,0,-0.7903225806451611,0.0,-0.1350276770907261,-0.1634652636314783,1.3767705382436262,0.0,0.5064260322668854,0.0,-2.0
,0.01959548,1.0,2.549203724842312,0,0,0,1,0,0,0,0.0,-189.822555,0.0,4.799980004249097,0.0,0.0,0.0,0.0,0.0
0.27834824,0.03725281,1.0,1.0485361838713296,0,0,0,1,0,0,0,0.5645161290322581,-184.210555,0.1807730587679639,0.0389917142607196,-0.8838526912181303,0.81,-1.4766201804758,-0.8625400000000001,-0.380952380952381
0.12400771,,1.0,0.4989531601667707,0,0,0,1,0,0,0,-0.8306451612903225,0.0,-0.0968962033915228,-0.1209742929627454,0.1813031161473088,0.0,0.277823352474706,0.0,0.0
0.19983976,,0.9,0.6847237075159067,0,0,0,0,1,0,0,-0.1451612903225803,0.0,-0.0053245354851884,-0.0689853406151193,-0.405099150141643,0.0,-0.8969100355482637,-0.5417700000000001,0.1904761904761905
0.18199692,,1.0,1.1519535982966922,0,0,0,1,0,0,0,-0.3064516129032256,0.0,0.31971042825535,0.0,0.0,0.0,0.2242275088870659,0.0,-0.0666666666666666
,0.07393927,1.0,3.301969072497525,0,0,0,1,0,0,0,0.0,-172.550555,0.0,11.278603296799428,0.0,0.0,0.0,0.0,0.0
,,1.0,2.5654592274557366,0,0,0,1,0,0,0,0.0,0.0,1.254827971965385,0.6958521314220727,0.0,0.0,0.0,0.0,0.0
0.06334207,,1.0,0.4172566662147597,0,0,0,1,0,0,0,-1.3790322580645158,0.0,-0.1366792659600913,-0.1444693002736918,0.906515580736544,0.0,1.0533223954060706,0.0,-0.761904761904762
0.48175656,,1.0,0.8111034989797812,0,0,0,1,0,0,0,2.403225806451613,0.0,0.030636968729766,0.0009997875451466,-0.0509915014164305,0.0,0.4648619086683073,0.0,0.0
0.13078799,,0.5,0.1406266368365161,0,0,0,0,0,1,0,-0.7693548387096772,0.0,-0.2057841742592389,-0.3617231338340603,-1.1529745042492918,0.0,-2.572600492206727,-2.33564,0.2857142857142857
0.51744223,,1.0,1.6521200280159891,0,0,0,1,0,0,0,2.7258064516129026,0.0,0.4493955290403822,0.3309296774435433,-0.4702549575070821,0.0,0.5786163522012578,0.0,0.0
0.357,9.11,1.0,1.033008809552928,0,0,0,1,0,0,0,1.2741935483870963,2699.259445,0.1390783542249402,0.0709849157054125,0.0,0.0,-0.1936013125512715,0.0,2.0476190476190474
1.52556244,,1.0,0.3415857346627924,0,0,0,1,0,0,0,11.838709677419354,0.0,-0.1898909667921284,-0.1339715310496519,4.46742209631728,0.0,-0.6333059885151764,0.0,0.0
0.24355471,,1.0,1.2455693999511992,0,0,0,1,0,0,0,0.25,0.0,0.2444401938928404,0.147968556681705,-0.5580736543909348,0.0,-0.0175006836204539,0.0,-0.1904761904761904
0.12757627,0.01352931,1.0,0.0320308978025589,0,0,0,1,0,0,0,-0.7983870967741934,-191.750555,-0.316458699451457,-0.4045140407663372,1.4645892351274787,6.67,-0.7229969920700028,0.0,0.0
1.02,0.36,1.0,0.6961056998227314,0,0,0,1,0,0,0,7.268677669354838,-81.63232848,-0.0457207868689791,0.0,0.0,0.0,-0.9592562209461308,0.90768,1.2857142857142858
,,1.0,10.677085049993376,0,0,0,1,0,0,0,0.0,0.0,245.21503787361763,28.374970318807254,0.0,0.0,-2.279759365600219,0.0,1.5271428571428574
0.939,0.597,1.0,2.643091029697497,0,0,0,1,0,0,0,6.532258064516127,-6.050555000000003,1.236965211938586,0.8168264243848181,-0.7609065155807366,-0.44,0.1564123598578069,0.03802,1.2857142857142858
0.23106472,,1.0,3.567890909316506,0,0,0,1,0,0,0,0.1370967741935483,0.0,2.6636700261649717,1.343714460677106,-1.3087818696883853,0.0,0.0229696472518457,0.0,-2.1904761904761902
,,0.9,0.3658686401012028,0,0,0,0,1,0,0,0.0,0.0,-0.1445348568206483,-0.1879600584875714,0.121813031161473,0.0,-0.4801750068362045,0.0,0.9523809523809524
1.172,1.11,1.0,0.1394099875341453,0,0,0,1,0,0,0,8.642681758064514,156.73897677,-0.2568094181497263,-0.288388717397553,2.328611898016997,-0.4800000000000001,0.3084495488105004,0.42654,1.3952380952380954
,,0.9,6.472433153170617,0,0,0,0,1,0,0,0.0,0.0,15.494754700470049,6.149693190197082,0.0,0.0,-0.6628383921246924,1.14381,-0.7142857142857144
1.373,0.709,1.0,0.1192253155185711,0,0,0,1,0,0,0,10.459642741935482,29.290914999999984,-0.2692576628834545,-0.2978866990764462,2.640226628895184,-0.99,0.7361225047853431,0.0,2.1523809523809527
0.19448691,0.06072459,1.0,0.9840269250048568,0,0,0,1,0,0,0,-0.1935483870967739,-176.750555,0.165404324216703,0.0,-0.2181303116147308,10.57,0.286573694284933,0.0,-0.4285714285714285
0.13114484,,1.0,0.0156580488804553,0,0,0,1,0,0,0,-0.7661290322580644,0.0,-0.3326440466659784,-0.4339077945936488,1.6827195467422096,0.0,-0.7470604320481269,0.0,-0.1904761904761904
0.18021264,,1.0,0.5860460918722612,0,0,0,1,0,0,0,-0.3225806451612902,0.0,-0.1116676036482953,0.0,-0.980169971671388,0.0,-1.9392945036915503,0.0,-0.380952380952381
0.30689677,,1.0,2.956915070784204,0,0,0,1,0,0,0,0.8225806451612901,0.0,1.5892242967393986,1.0102853143706962,-0.9206798866855525,0.0,0.5808039376538146,0.0,-0.2857142857142857
,,1.0,4.086862642334345,0,0,0,1,0,0,0,0.0,0.0,3.664767513499896,1.8606046215179275,0.0,0.0,0.0,-0.06813,0.0476190476190476
,,0.9,6.664902597500755,0,0,0,0,1,0,0,0.0,0.0,15.490498013779838,7.569391504305336,0.0,0.0,-0.6431501230516817,1.68201,0.761904761904762
0.19716333,,1.0,3.537451789549509,0,0,0,1,0,0,0,-0.1693548387096773,0.0,2.4415786292680086,1.4291962957871451,-1.0793201133144477,0.0,0.5633032540333607,0.0,-0.1904761904761904
,0.58,1.0,1.6722352887208312,0,0,0,1,0,0,0,0.0,-16.050555000000003,0.0,1.4306959771048653,0.0,0.0,0.0,0.0,0.0
0.21768259,,1.0,0.8374812162040315,0,0,0,1,0,0,0,0.0161290322580645,0.0,0.0527733750688614,-0.0029993626354399,-0.311614730878187,0.0,0.0404703308722997,0.0,-0.5714285714285715
0.65322621,,1.0,1.381966746137682,0,0,0,1,0,0,0,3.953225806451613,0.0,0.5778617767072884,0.0,0.0,0.0,-2.1930544161881325,0.0,0.6952380952380952
0.29155193,0.10980768,0.9,2.751675111780288,0,0,0,0,1,0,0,0.6838709677419352,-161.150555,1.3105250801195996,0.915805391354337,-0.9036827195467422,4.17,-0.6694011484823625,0.6761999999999999,1.1428571428571428
,,0.9,6.2458121484428135,0,0,0,0,1,0,0,0.0,0.0,13.23216200590436,5.6797930439781545,0.0,0.0,-0.8258135083401695,1.87684,-1.3333333333333333
0.7815162,,1.0,2.805309166772284,0,0,0,1,0,0,0,5.11290322580645,0.0,1.3644797315862358,0.9527975305247632,-0.7677053824362606,0.0,0.712059064807219,0.0,1.0952380952380951
0.25604469,0.05317335,1.0,0.6054012597263012,0,0,0,1,0,0,0,0.3629032258064517,-179.150555,-0.0637723145786171,-0.063836434757614,0.9178470254957508,2.6,0.6223680612523926,0.0,0.761904761904762
0.12043914,,1.0,0.0221724669669012,0,0,0,1,0,0,0,-0.8629032258064513,0.0,-0.3272297684048688,-0.4164115125535823,2.45042492917847,0.0,0.2821985233798195,0.0,-0.6666666666666667
0.06244992,,1.0,0.0180116307950832,0,0,0,1,0,0,0,-1.387096774193548,0.0,-0.3312162580109126,-0.4254096004599023,2.181303116147309,0.0,-0.1870385561936013,0.0,0.4285714285714286
,10.22,1.0,3.4566913741154432,0,0,0,1,0,0,0,0.0,3052.1557645400003,0.0,13.328167764350074,0.0,0.0,0.0,0.0,0.0
1.018,7.67,1.0,0.0398274538566004,0,0,0,1,0,0,0,7.250614516129031,2241.7055450000003,-0.3135272830466278,-0.3845682792406613,3.186968838526912,7.67,0.5009570686354936,0.0,0.3333333333333333
0.23195686,,1.0,1.1754659557528138,0,0,0,1,0,0,0,0.1451612903225807,0.0,0.2036875317696655,0.1279728057787719,-0.178470254957507,0.0,0.555646704949412,0.0,-1.3333333333333333
1.009,1.19,0.9,0.0354184025621504,0,0,0,0,1,0,0,7.169258870967742,182.167145,-0.3125911066684755,-0.4019145931489558,0.9150141643059492,0.0999999999999998,-1.3869291769209735,-0.79415,1.2952380952380953
0.1409584,,1.0,0.5238485347530617,0,0,0,1,0,0,0,-0.6774193548387094,0.0,-0.0583848881847679,-0.1489683442268518,-0.7280453257790368,0.0,-1.2316106097894448,0.0,0.0
0.15077196,,1.0,0.1216113943661614,0,0,0,1,0,0,0,-0.5887096774193548,0.0,-0.2610099882844248,-0.3114338203131834,0.8838526912181303,0.0,0.0153130981678971,0.0,0.4285714285714286
,,0.9,5.599917136958803,0,0,0,0,1,0,0,0.0,0.0,9.021316556973137,4.180111726258169,0.0,0.0,-0.6628383921246924,1.14381,-0.7142857142857144
,,0.9,8.512045967156586,0,0,0,0,1,0,0,0.0,0.0,61.55537906292379,12.628316482747412,0.0,0.0,-1.669127700300793,-0.8428000000000001,0.6666666666666666
0.09278275,,1.0,0.5797560020970856,0,0,0,1,0,0,0,-1.1129032258064513,0.0,-0.0611205330199654,-0.092980241698639,0.1614730878186968,0.0,0.5742411812961444,0.0,-1.7142857142857142
,,1.0,7.404035631306092,0,0,0,1,0,0,0,0.0,0.0,29.499253911262304,8.479198170388793,0.0,0.0,-0.6508066721356303,1.02251,-0.1904761904761904
1.55,29.5,0.5,6.611840110213608,0,0,0,0,0,1,0,12.059612975806449,9179.8874515,0.0,334.4099378881987,0.0,0.0,-2.065080667213563,0.0,-0.6666666666666667
0.13649769,,1.0,0.1021471018254577,0,0,0,1,0,0,0,-0.7177419354838708,0.0,-0.2736629668778921,-0.3219315895372234,1.8243626062322944,0.0,0.3390757451462948,0.0,0.8571428571428571
,,1.0,6.673066024435986,0,0,0,1,0,0,0,0.0,0.0,16.539934019323244,7.129484984440807,0.0,0.0,-1.491933278643697,0.0,0.0
,,1.0,7.879291485082271,0,0,0,1,0,0,0,0.0,0.0,34.22745051177295,11.978454578402088,0.0,0.0,-0.7579983593109105,1.60745,0.4285714285714286
1.228,1.19,1.0,0.1827795273261064,0,0,0,1,0,0,0,9.14889379032258,182.16524933,-0.2330058002462377,-0.2664433807815839,2.0623229461756374,-0.54,0.670494941208641,0.40527,-0.4476190476190476
0.808,6.0,1.0,2.0298236472361992,0,0,0,1,0,0,0,5.352419354838709,1710.949445,0.7371932595649102,0.4649012084931951,-0.7592067988668555,12.67,-0.4615805304894722,-0.22813,2.0476190476190474
0.98,0.74,1.0,1.2345082634634137,0,0,0,1,0,0,0,6.907097653225805,39.14246617999999,0.232379687475349,0.1509679193171451,0.0623229461756373,-0.3500000000000001,-0.1246923707957342,-0.0609099999999999,1.809523809523809
,3.88,1.0,8.114425242701314,0,0,0,1,0,0,0,0.0,1037.12366416,43.38260127010241,11.98345351612782,0.0,0.0,0.3631391851244189,0.0,1.0476190476190477
0.31760247,,1.0,0.1604357497437744,0,0,0,1,0,0,0,0.9193548387096774,0.0,-0.237530652369545,-0.2919379631828236,1.7592067988668556,0.0,-0.2471971561389117,0.0,-1.619047619047619
0.719,0.094,0.7,1.3126507393004014,0,0,1,0,0,0,0,4.547580645161289,-166.175555,0.2524084723475847,0.2034567654373444,0.490084985835694,-1.03,0.6267432321575062,0.0,-0.0952380952380952
0.25336827,,1.0,2.504478466697878,0,0,0,1,0,0,0,0.3387096774193547,0.0,1.1777769527260258,0.674856592973993,-1.13314447592068,0.0,-0.316106097894449,0.0,-1.0476190476190477
0.23374115,,1.0,0.1033701843908557,0,0,0,1,0,0,0,0.1612903225806452,0.0,-0.2669257538771568,-0.3334291463064099,0.6005665722379604,0.0,-0.7164342357123326,0.0,1.0476190476190477
,0.59780685,1.0,2.365181372732568,0,0,0,1,0,0,0,0.0,-6.050555000000003,0.0,3.83018608545684,0.0,0.0,0.0,0.0,0.0
1.046,5.76,1.0,0.2529769655559417,0,0,0,1,0,0,0,7.50370468548387,1634.64106932,-0.1839523420387639,-0.255795643425772,-0.5297450424929179,4.88,-2.045392398140552,0.0,2.480952380952381
,0.8,1.0,3.686789716206864,0,0,0,1,0,0,0,0.0,58.21217060000001,0.0,17.0273816813927,0.0,0.0,0.0,0.0,0.0
0.14363483,,1.0,0.8372977601203587,0,0,0,1,0,0,0,-0.6532258064516127,0.0,0.0341642603678611,0.0209955384480797,0.254957507082153,0.0,0.898003828274542,0.0,-0.5714285714285715
0.39878738,,1.0,1.0694626048262188,0,0,0,1,0,0,0,1.6532258064516123,0.0,0.1423257968727735,0.1009785420598122,-0.254957507082153,0.0,0.3532950505879136,0.0,0.4285714285714286
,21.0,1.0,2.9540352573555717,0,0,0,1,0,0,0,0.0,6478.3459920000005,0.0,7.679368134271467,0.0,0.0,0.0,0.0,0.0
0.19627085,,1.0,0.2549266740362633,0,0,0,1,0,0,0,-0.1774193548387094,0.0,-0.1361262634202941,-0.3094342452228901,-1.0991501416430596,0.0,-2.504785343177468,0.0,0.0
,,1.0,8.076468713662935,0,0,0,1,0,0,0,0.0,0.0,42.62949516337288,11.728507692115423,0.0,0.0,0.611430133989609,0.0,0.380952380952381
1.2,1.1,1.0,2.302313076000778,0,0,0,1,0,0,0,8.8958064516129,153.562445,2.4751545585611687,0.0,0.0,0.0,0.4943943122778234,0.0,1.5714285714285716
0.26104024,0.05810339,0.9,0.0298744136543233,0,0,0,0,1,0,0,0.4080645161290324,-177.583555,-0.3174290930418498,-0.4100628616419011,1.2521246458923512,2.7,-1.0686354935739677,-0.6831,-0.3428571428571428
0.13203698,,1.0,3.946391766761729,0,0,0,1,0,0,0,-0.7580645161290321,0.0,3.270656609850324,1.7671244860467148,-1.0991501416430596,0.0,0.277823352474706,0.0,0.5714285714285715
,0.04845382,1.0,3.0940339049565484,0,0,0,1,0,0,0,0.0,-180.650555,0.0,8.97909194296212,0.0,0.0,0.0,0.0,0.0
0.20519261,,1.0,1.331044252042633,0,0,0,1,0,0,0,-0.0967741935483871,0.0,0.2855451099371277,0.1839609083069847,-0.5184135977337111,0.0,0.2296964725184577,0.0,-0.761904761904762
0.14408065,,0.9,0.1924284616593993,0,0,0,0,1,0,0,-0.6491935483870966,0.0,-0.2191917975879555,-0.2774410437781971,0.291784702549575,0.0,-0.7514356029532404,-0.54313,-0.0476190476190476
1.153,0.662,1.0,0.1549878972514959,0,0,0,1,0,0,0,8.470949193548387,14.352904999999993,-0.2464455353644703,-0.2835397478035917,2.0311614730878187,-0.793,0.1214109926168991,0.32703,1.690476190476191
,,1.0,6.53947608570936,0,0,0,1,0,0,0,0.0,0.0,17.17450810103974,5.929739930264818,0.0,0.0,-1.6680339075745143,0.0,-2.238095238095238
0.1409584,,1.0,1.639411209653935,0,0,0,1,0,0,0,-0.6774193548387094,0.0,0.484568367442872,0.2829398752765036,-0.6628895184135978,0.0,-0.0776592835657642,0.0,-0.761904761904762
0.25872067,,1.0,0.2732805406787039,0,0,0,1,0,0,0,0.3870967741935483,0.0,-0.1530334627726284,-0.2739417873701838,-1.045325779036827,0.0,-2.1952420016406893,0.0,0.2047619047619047
0.23195686,,1.0,0.6679941948891476,0,0,0,1,0,0,0,0.1451612903225807,0.0,-0.0284481345924184,-0.0539885274379194,0.3031161473087819,0.0,0.5523653267705769,0.0,0.0
,,1.0,0.5352824036719718,0,0,0,1,0,0,0,0.0,0.0,-0.0793158679778706,-0.1104765237387055,0.4730878186968839,0.0,0.0634399781241454,-0.41683,0.7428571428571429
0.233,,1.0,0.5564732152222835,0,0,0,1,0,0,0,0.1545907258064518,0.0,-0.0426985393189297,-0.1384705750028119,-0.7110481586402266,0.0,-1.7358490566037736,-0.99541,0.0
1.679,3.28,1.0,0.0311057964306946,0,0,0,1,0,0,0,13.225734677419355,846.4318450000001,-0.323097291799535,-0.3894172488346226,5.4164305949008495,-0.4700000000000001,2.02679792179382,0.0,0.5714285714285715
,,0.9,0.1598978474614587,0,0,0,0,1,0,0,0.0,0.0,-0.2325238450816745,-0.3014359448617169,0.0,0.0,-1.5028712059064808,-0.8867700000000001,-0.1428571428571428
0.09902774,,1.0,2.270183862486247,0,0,0,1,0,0,0,-1.0564516129032255,0.0,0.928437806883284,0.5813764575027806,-0.9036827195467422,0.0,0.1881323489198796,0.0,-1.0476190476190477
,,0.7,1.142736664320361,0,0,1,0,0,0,0,0.0,0.0,0.1789667828865888,0.1259732306884786,0.0,0.0,0.4681432868471424,0.0,-0.380952380952381
,,0.5,0.0512059202605426,0,0,0,0,0,1,0,0.0,0.0,-0.2875536357378394,-0.4049639451616531,-0.6345609065155807,0.0,-2.462127426852611,-1.94537,0.5714285714285715
0.10348845,,1.0,0.5912457804332463,0,0,0,1,0,0,0,-1.0161290322580645,0.0,-0.058199484594164,-0.0859817288826124,0.2889518413597733,0.0,0.2504785343177468,0.0,0.380952380952381
1.235,3.216,1.0,0.2041700469721777,0,0,0,1,0,0,0,9.21218951612903,826.090725,-0.2263274615773459,-0.2476973643100841,1.5439093484419264,0.79,0.6256494394312277,0.24171,1.4285714285714288
0.43804161,0.06292704,1.0,2.5560502452536187,0,0,0,1,0,0,0,2.008064516129032,-176.050555,1.1998256860539878,0.7258457577764724,-0.8441926345609065,0.0,-0.10062893081761,0.0,0.0
0.0717282,0.00122078,0.5,0.08645067154871,0,0,0,0,0,1,0,-1.303225806451613,-195.662555,-0.2304538183442252,-0.4074134246472624,-1.4872521246458923,0.0,-3.293409898824173,-3.2304,0.3428571428571428
0.43090448,,1.0,4.899364948602302,0,0,0,1,0,0,0,1.943548387096774,0.0,6.379292044577835,2.714923078845745,-1.4560906515580736,0.0,0.1531309816789718,0.0,-1.3333333333333333
,,1.0,1.824426413534048,0,0,0,1,0,0,0,0.0,0.0,1.2770609739857917,0.0,0.0,0.0,-1.5400601585999454,0.0,-0.7142857142857144
0.89,1.23,1.0,0.7742474100908457,0,0,0,1,0,0,0,6.093556451612903,194.880345,0.015181921669925,-0.0129972380869065,0.0623229461756373,1.0099999999999998,0.0525020508613617,0.0,1.3333333333333337
1.5,9.0,0.3,6.9285706869682615,1,0,0,0,0,0,0,11.60766129032258,2664.419445,0.0,459.3833810315308,1.951841359773371,0.0,3.569045665846322,0.0,0.0
0.19181015,,1.0,0.345465342861528,0,0,0,1,0,0,0,-0.2177419354838709,0.0,-0.1440515591625905,-0.2104552782533711,0.0,0.0,-1.0544161881323488,0.0,0.0
0.05709707,,1.0,0.1270165536826138,0,0,0,1,0,0,0,-1.4354838709677415,0.0,-0.2501987902685783,-0.3224314833097966,0.5779036827195467,0.0,-0.2220399234345091,0.0,-3.1428571428571432
,,1.0,2.9288506414747344,0,0,0,1,0,0,0,0.0,0.0,1.5650094567066408,0.9842908381968832,0.0,0.0,-0.0010937927262783,0.0917,1.7285714285714289
0.13738983,,1.0,3.142331529337878,0,0,0,1,0,0,0,-0.7096774193548385,0.0,1.86250937461918,1.110763962657935,-1.028328611898017,0.0,0.5042384468143287,0.0,-0.9523809523809524
0.10206084,,1.0,1.9617078028552184,0,0,0,1,0,0,0,-1.029032258064516,0.0,0.8623860169358133,0.2974367946811302,-1.5359773371104817,0.0,-2.314465408805032,-1.60764,-0.2380952380952381
,0.02642936,1.0,2.894500711025167,0,0,0,1,0,0,0,0.0,-187.650555,0.0,7.179474361698138,0.0,0.0,0.0,0.0,0.0
0.31403337,,1.0,0.054395517732989,0,0,0,1,0,0,0,0.8870967741935483,0.0,-0.3001384971937026,-0.3734206481122761,1.0623229461756374,0.0,-0.5654908394859174,0.0,1.4285714285714288
,,1.0,10.963376337755056,0,0,0,1,0,0,0,0.0,0.0,241.9406634965327,38.47282452478848,0.0,0.0,0.0525676784249389,0.0,1.9023809523809525
,,1.0,0.2773756432031044,0,0,0,1,0,0,0,0.0,0.0,-0.165923070251767,-0.2534461426946773,0.0,0.0,-1.8977303800929723,-1.2121300000000002,0.3333333333333333
0.15296046,,1.0,1.099308723116859,0,0,0,1,0,0,0,-0.568926758064516,0.0,0.2685195439120846,0.0,-1.631614730878187,0.0,-2.7366694011484825,0.0,0.0
0.174,0.044,0.9,1.156782827174079,0,0,0,0,1,0,0,-0.379032258064516,-182.050555,0.2317189187260533,0.0809827911568791,-0.8526912181303116,0.0,-0.7131528575334974,-0.6511300000000001,-1.6666666666666663
0.08921418,,1.0,0.2103535117966269,0,0,0,1,0,0,0,-1.1451612903225803,0.0,-0.2891889892767307,0.0,0.0,0.0,-2.493847415914684,0.0,-1.4761904761904765
,,0.9,1.314525873314263,0,0,0,0,1,0,0,0.0,0.0,0.4959262225884103,0.0,0.0,0.0,-1.243642329778507,0.0,0.6666666666666666
,5.0,1.0,5.519094520150449,0,0,0,1,0,0,0,0.0,1393.09148,9.816989530604774,3.4752615069297774,0.0,0.0,-1.3967733114574787,-0.79129,0.6666666666666666
0.42376735,,1.0,0.940762335190703,0,0,0,1,0,0,0,1.879032258064516,0.0,0.0891572732510224,0.0464901208493195,0.0623229461756373,0.0,0.3992343450916051,0.0,-0.0952380952380952
,3.34,1.0,4.363103413146326,0,0,0,1,0,0,0,0.0,865.49632438,0.0,34.42368496694453,0.0,0.0,0.0,0.0,0.0
0.26496611,,1.0,1.0173858453483435,0,0,0,1,0,0,0,0.4435483870967743,0.0,0.1495834155907134,0.0449904395315995,-0.5325779036827195,0.0,-0.4287667487011211,0.0,-0.1904761904761904
0.21857436,,1.0,0.8595576158175758,0,0,0,1,0,0,0,0.0241935483870969,0.0,0.0666393698806902,0.0,-0.1728045325779036,0.0,-0.0492206726825266,0.0,1.1333333333333333
0.16058552,,1.0,0.0260392393545878,0,0,0,1,0,0,0,-0.4999999999999998,0.0,-0.3202770423694326,-0.4179111938713024,0.8668555240793201,0.0,-1.6461580530489472,0.0,0.0
0.50762867,,1.0,1.7168908253741375,0,0,0,1,0,0,0,2.6370967741935485,0.0,0.3843207600170432,0.4813977029881149,1.8045325779036827,0.0,2.9138638228055784,0.0,-0.380952380952381
0.14274268,,1.0,0.0706552550946653,0,0,0,1,0,0,0,-0.6612903225806449,0.0,-0.3399459178332622,0.0,0.0,0.0,-0.0853158326497128,0.0,-1.0000000000000002
0.112,0.01,1.0,0.3453155787507659,0,0,0,1,0,0,0,-0.943548387096774,-192.270555,-0.1656034913125636,-0.1769623954909581,1.7053824362606231,9.17,0.0984413453650533,0.0,1.666666666666667
1.073,0.761,1.0,0.0951116168374582,0,0,0,1,0,0,0,7.747771201612902,45.81686273,-0.2764226128772736,-0.3303298049164552,1.985835694050992,-0.56,0.0568772217664752,0.11748,2.066666666666667
,,1.0,5.924017105828357,0,0,0,1,0,0,0,0.0,0.0,10.181427398774328,5.269880150468024,0.0,0.0,-0.977850697292863,1.91887,-0.9523809523809524
0.16772265,,1.0,0.7066446578860285,0,0,0,1,0,0,0,-0.4354838709677419,0.0,0.0170008566100795,-0.0764837472037192,-0.6430594900849859,0.0,-0.9559748427672956,0.0,-0.5714285714285715
,,0.5,0.4884671250112736,0,0,0,0,0,1,0,0.0,0.0,-0.0597678529466735,-0.1789619705812514,-0.9716713881019832,0.0,-2.066174459939841,-1.40728,-0.1904761904761904
,5.77,0.7,9.943900343343962,0,0,1,0,0,0,0,0.0,1637.81935339,130.2844972379365,25.570566254670883,0.0,0.0,0.5676784249384742,0.0,0.4761904761904762
,1.43,1.0,3.4671255505418843,0,0,0,1,0,0,0,0.0,258.44406701,0.0,13.478135896122073,0.0,0.0,0.0,0.0,0.0
,,0.5,0.941844476023319,0,0,0,0,0,1,0,0.0,0.0,0.3311924476772674,-0.1499681317719984,-1.7827195467422094,0.0,-2.792452830188679,-2.82514,-1.0952380952380951
0.50138368,0.07444269,1.0,0.3314600393776523,0,0,0,1,0,0,0,2.580645161290322,-172.390555,-0.1619731105813301,-0.1989577214841846,0.9228895184135976,-0.6000000000000001,0.1509433962264151,0.07995,-1.1904761904761905
0.98135596,,1.0,1.0340154437675186,0,0,0,1,0,0,0,6.919354838709676,0.0,0.1398635295543188,0.0709849157054125,-0.3569405099150141,0.0,0.130161334427126,0.0,0.0
0.24355471,,1.0,1.5182327301163434,0,0,0,1,0,0,0,0.25,0.0,0.3654469769802682,0.2819400877313571,-0.509915014164306,0.0,0.1881323489198796,0.0,1.809523809523809
0.15612454,,1.0,1.3831798941988769,0,0,0,1,0,0,0,-0.5403225806451611,0.0,0.3268322907567411,0.1899596335778647,-0.490084985835694,0.0,0.109379272627837,0.0,-1.2857142857142856
0.20608475,,1.0,1.042206702137852,0,0,0,1,0,0,0,-0.0887096774193547,0.0,0.1650796798203382,0.0499893772573327,-0.5212464589235127,0.0,-0.3084495488105004,0.0,-1.0476190476190477
0.17396735,,1.0,0.0900399528869855,0,0,0,1,0,0,0,-0.379032258064516,0.0,-0.2877952845668682,-0.31393328917605,-0.311614730878187,0.0,-1.8835110746513533,0.0,0.0
,,0.9,0.3910797843700448,0,0,0,0,1,0,0,0.0,0.0,-0.1226970717875557,-0.1929589962133047,0.4135977337110481,0.0,-1.0762920426579163,0.0,-0.9047619047619048
0.29414091,,1.0,1.0524329686596006,0,0,0,1,0,0,0,0.7072739838709677,0.0,0.2251521042062117,0.0,-0.7071954674220963,0.0,-0.3806398687448728,0.0,0.0
,,1.0,1.7581399467439194,0,0,0,1,0,0,0,0.0,0.0,0.5182574558401295,0.3729207543397028,0.0,0.0,-0.0010937927262783,0.0917,1.7285714285714289
,,1.0,3.658392926668412,0,0,0,1,0,0,0,0.0,0.0,3.616634210156747,1.0357798967719358,0.0,0.0,-2.217117856166257,0.0,-4.142857142857143
0.08207704,,1.0,0.5562605497681865,0,0,0,1,0,0,0,-1.2096774193548383,0.0,-0.0780594761221358,-0.091480560380919,1.1898016997167138,0.0,0.7831555920153132,0.0,-1.3333333333333333
,,1.0,0.6232975328593386,0,0,0,1,0,0,0,0.0,0.0,-0.0422525695287708,-0.0774835347488658,0.2861189801699716,0.0,0.1115668580803937,-0.0222799999999999,0.1428571428571428
1.03,1.08,0.5,0.031936617947205,0,0,0,0,0,1,0,7.403225806451611,146.949445,-0.309643318391761,-0.4194108751890223,-0.2096317280453258,-0.1200000000000001,-2.3483729833196607,-1.68533,0.0
,,0.9,1.0978695789274997,0,0,0,0,1,0,0,0.0,0.0,0.1876798931040118,0.0748840871314845,0.0,0.0,-0.7065901011758272,-0.4533,0.2380952380952381
,,1.0,7.014958770316515,0,0,0,1,0,0,0,0.0,0.0,22.07461001122222,7.594386192934001,0.0,0.0,-0.2614164615805305,0.0,1.2857142857142858
0.18199692,,1.0,1.5435227705034444,0,0,0,1,0,0,0,-0.3064516129032256,0.0,0.3652460459789307,0.3084344576777434,0.405099150141643,0.0,0.4397046759639048,0.0,-0.4761904761904761
1.33,2.36,0.9,0.0357763235481476,0,0,0,0,1,0,0,10.070922846774192,554.02448552,-0.3125040508769119,-0.4009148056038092,1.546742209631728,-0.08,-1.0030079299972656,0.0,-1.142857142857143
0.15612481,,1.0,2.683513030784796,0,0,0,1,0,0,0,-0.5403225806451611,0.0,1.3105258757925733,0.8148268492945248,-0.943342776203966,0.0,0.4276729559748428,0.0,-1.142857142857143
0.11240986,,1.0,0.8887842886705639,0,0,0,1,0,0,0,-0.9354838709677415,0.0,0.0711692350056813,0.0209955384480797,-0.3144475920679886,0.0,0.0601585999453103,0.0,0.0
0.545,0.378,1.0,0.5623161614997934,0,0,0,1,0,0,0,2.975806451612903,-76.050555,-0.0541310010846499,-0.1189747178724521,0.0,1.67,-0.0010937927262783,-0.13013,0.3333333333333333
0.14006626,,1.0,0.013653461627599,0,0,0,1,0,0,0,-0.6854838709677417,0.0,-0.3354249855290093,-0.4374070510016621,2.0651558073654392,0.0,-0.8301886792452831,0.0,2.7619047619047623
0.16415409,,1.0,1.0583269386031104,0,0,0,1,0,0,0,-0.4677419354838708,0.0,0.1374377279609895,0.0964794981066523,-0.1076487252124645,0.0,0.6486190866830736,0.0,-0.6666666666666667
0.69408631,,1.0,4.895532188933308,0,0,0,1,0,0,0,4.32258064516129,0.0,5.868750439122972,2.966369646450129,-1.0906515580736544,0.0,0.0535958435876401,0.0,1.809523809523809
0.11151772,,1.0,0.7971731417947836,0,0,0,1,0,0,0,-0.943548387096774,0.0,0.0264531404712575,-0.0064986190434533,0.0028328611898017,0.0,0.5293956795187312,0.0,-0.8571428571428573
0.25693683,,1.0,0.1938164568919351,0,0,0,1,0,0,0,0.3709677419354837,0.0,-0.2955739538245587,0.0,0.0,0.0,-0.8247197156138911,0.0,-0.8857142857142858
,3.7,1.0,4.532865767269049,0,0,0,1,0,0,0,0.0,1003.949445,0.0,40.97229338765513,0.0,0.0,0.0,0.0,0.0
0.3309846,,1.0,1.5423245312774188,0,0,0,1,0,0,0,1.040322580645161,0.0,0.3641369806690436,0.3084344576777434,0.3654390934844193,0.0,1.175827180749248,0.0,-1.4285714285714286
,,1.0,2.0039771500049546,0,0,0,1,0,0,0,0.0,0.0,0.8176662488807757,0.3709211792494094,0.0,0.0,0.0,0.0,0.0
0.11151772,,1.0,0.178890035854755,0,0,0,1,0,0,0,-0.943548387096774,0.0,-0.226569198814483,-0.2839396628216504,0.5155807365439093,0.0,-0.2953240360951599,0.0,0.0
0.13292913,,1.0,3.145486440007238,0,0,0,1,0,0,0,-0.7499999999999998,0.0,1.8163766288866967,1.1507554644638014,-0.9178470254957508,0.0,0.7415914684167351,0.0,0.0
0.12400771,,1.0,0.5650342660554216,0,0,0,1,0,0,0,-0.8306451612903225,0.0,-0.0687310854191384,-0.0964794981066523,0.1501416430594901,0.0,0.4451736395952967,0.0,-0.8571428571428573
,,1.0,5.131060170350028,0,0,0,1,0,0,0,0.0,0.0,7.089435674493025,3.1753252433857804,-1.369971671388102,0.0,0.2362592288761279,0.04349,0.8761904761904762
0.12846842,,1.0,0.0102843712295282,0,0,0,1,0,0,0,-0.7903225806451611,0.0,-0.3409171141037899,-0.4424059887273954,3.6118980169971673,0.0,0.425485370522286,0.0,0.0
1.0,8.0,0.7,4.0443009252838165,0,0,1,0,0,0,0,7.087887661290321,2346.5767010000004,3.230585471098433,2.035067548146019,0.0,0.0,1.1747333880229696,0.61007,0.0
0.13917412,,1.0,0.0916585209773118,0,0,0,1,0,0,0,-0.693548387096774,0.0,-0.2790006123032115,-0.3319294649886898,1.5552407932011332,0.0,0.5129887886245557,0.0,-0.2857142857142857
0.362,0.057,1.0,0.3416421974274533,0,0,0,1,0,0,0,1.3209677419354835,-178.000555,-0.1546793355666436,-0.1989577214841846,0.2266288951841359,0.1599999999999999,-0.5217391304347826,0.0,1.3809523809523812
0.14292087,0.01491363,1.0,0.1132231545245403,0,0,0,1,0,0,0,-0.6596774193548385,-191.310555,-0.261766431306082,-0.3251309096816926,0.5779036827195467,5.01,-0.9603500136724092,-0.55054,0.6190476190476191
0.15701695,,1.0,0.8132790256469404,0,0,0,1,0,0,0,-0.5322580645161289,0.0,0.026560804847713,0.0084981941337465,0.5722379603399433,0.0,0.6814328684714247,0.0,-0.380952380952381
0.27477967,,1.0,3.34155499618854,0,0,0,1,0,0,0,0.532258064516129,0.0,2.149467457322192,1.2572328380219202,-0.9575070821529744,0.0,0.4090784796281104,0.0,0.0
0.18021264,,1.0,1.168549103389322,0,0,0,1,0,0,0,-0.3225806451612902,0.0,0.2177867831889946,0.1059774797855455,-0.71671388101983,0.0,-0.3740771123872026,0.0,0.0
1.01,2.755,1.0,5.379593712976283,0,0,0,1,0,0,0,7.178282669354838,679.56670629,8.176200530247517,3.620230700976042,-1.311614730878187,1.99,0.1290675417008477,0.43239,1.3
,,1.0,7.521030987206938,0,0,0,1,0,0,0,0.0,0.0,28.549685341907672,9.928890110851444,0.0,0.0,-0.7109652720809406,1.0181,1.2857142857142858
0.10616487,,1.0,0.0262324987348437,0,0,0,1,0,0,0,-0.9919354838709676,0.0,-0.3229336987511693,-0.4104127872827024,2.002832861189802,0.0,-0.0043751709051134,0.0,-0.4761904761904761
,0.26,1.0,3.540487048068805,0,0,0,1,0,0,0,0.0,-113.41516918,0.0,14.577902195783397,0.0,0.0,0.0,0.0,0.0
0.1088413,,1.0,0.5285951407745708,0,0,0,1,0,0,0,-0.9677419354838708,0.0,-0.0556608415110514,-0.1479685566817051,-0.6997167138810199,0.0,-1.302707136997539,0.0,-1.142857142857143
,,0.5,4.243389802874377,0,0,0,0,0,1,0,0.0,0.0,6.3065327609320185,1.1657522776410012,0.0,0.0,-2.730106644790812,-2.77723,-0.2380952380952381
0.18021264,,1.0,0.6065741915964233,0,0,0,1,0,0,0,-0.3225806451612902,0.0,-0.0523148624602135,-0.0794831098391591,0.3257790368271954,0.0,0.1039103089964451,0.0,1.0476190476190477
0.223,,1.0,0.480860946756185,0,0,0,1,0,0,0,0.0641957258064517,0.0,-0.0945389452593413,-0.1424697251833985,-0.0141643059490084,0.0,-0.4561115668580804,-0.36999,0.7142857142857143
,5.6,0.9,9.19810583430784,0,0,0,0,1,0,0,0.0,1583.7885242,85.42556827187295,18.327105490083355,0.0,0.0,-0.8837845228329232,0.0,-0.0476190476190476
0.11240986,,1.0,1.419902890043015,0,0,0,1,0,0,0,-0.9354838709677415,0.0,0.3221357999233237,0.2304510291563042,-0.2322946175637393,0.0,0.2668854252119223,0.0,0.5714285714285715
,0.38,1.0,2.65281316472794,0,0,0,1,0,0,0,0.0,-75.27576034,0.0,5.42984615769149,0.0,0.0,0.0,0.0,0.0
,0.38,1.0,3.357534663395791,0,0,0,1,0,0,0,0.0,-75.27576034,0.0,11.978454578402088,0.0,0.0,0.0,0.0,0.0
,0.11326867,1.0,3.633604559455181,0,0,0,1,0,0,0,0.0,-160.050555,11.26098863089923,0.0,0.0,0.0,0.0579710144927536,0.0,1.761904761904762
0.11687057,,1.0,1.7383008729742897,0,0,0,1,0,0,0,-0.8951612903225804,0.0,0.5110592643976343,0.3589237287076496,-0.4022662889518413,0.0,0.5567404976756904,0.0,-0.5714285714285715
0.19627119,,1.0,1.3893021108024384,0,0,0,1,0,0,0,-0.1774193548387094,0.0,0.3078831587991129,0.2159541097516777,-0.6572237960339944,0.0,-0.1170358217117856,0.0,0.0
,,1.0,5.959922279098104,0,0,0,1,0,0,0,0.0,0.0,12.046838481399616,4.580026744316832,0.0,0.0,0.0929723817336614,0.0,1.1904761904761905
0.23195686,,1.0,4.325659514056504,0,0,0,1,0,0,0,0.1451612903225807,0.0,4.369982489615211,2.061561918092405,-1.4362606232294617,0.0,-0.0689089417555373,0.0,-0.6666666666666667
0.2114376,,1.0,1.616267992244334,0,0,0,1,0,0,0,-0.0403225806451611,0.0,0.478341849871151,0.2659434870090105,-0.9745042492917848,0.0,-0.5687722176647525,0.0,0.0
0.09447781,0.00368123,1.0,0.0285710716836628,0,0,0,1,0,0,0,-1.0975806451612902,-194.880555,-0.3538976668728397,0.0,1.1473087818696883,0.0,-2.548537052228603,0.0,-1.4285714285714286
0.11776272,,1.0,2.4317355642659866,0,0,0,1,0,0,0,-0.8870967741935482,0.0,1.1399876927337824,0.6113700838571803,-1.271954674220963,0.0,-0.9494120864096254,0.0,-0.2857142857142857
0.11597843,,1.0,0.3290651863151281,0,0,0,1,0,0,0,-0.9032258064516128,0.0,-0.1503870151698371,-0.2189534723871177,-0.348441926345609,0.0,-0.9297238173366148,0.0,0.0
0.945,0.577,1.0,0.0690156943237085,0,0,0,1,0,0,0,6.590729838709676,-12.662644999999998,-0.2901771397993705,-0.358373845557819,1.373087818696884,-0.8700000000000001,-0.4812687995624829,-0.2907099999999999,1.8904761904761904
0.36845456,0.02894644,0.7,1.9187593149985247,0,0,1,0,0,0,0,1.3790322580645158,-186.850555,1.470514941433222,0.0,-0.4759206798866855,-0.6300000000000001,0.6694011484823625,0.45984,0.5714285714285715
1.137,1.272,1.0,0.0499542214070787,0,0,0,1,0,0,0,8.326612903225804,208.212445,-0.3055615913476414,-0.3730207330942174,1.9971671388101984,-0.256,-0.1115668580803937,0.0,1.6190476190476193
0.2712111,0.02957571,0.9,0.2501544509895286,0,0,0,0,1,0,0,0.5,-186.650555,-0.1947483702055588,-0.2424484796980641,0.4532577903682719,0.47,-0.3795460760185944,-0.31992,0.2380952380952381
,29.4,1.0,10.438062124268855,0,0,0,1,0,0,0,0.0,9148.1046108,317.1530429381736,17.077371058650037,0.0,0.0,0.0,0.0,0.0
0.11865486,,1.0,0.2907445183442951,0,0,0,1,0,0,0,-0.8790322580645159,0.0,-0.1830976153958041,-0.2119549595710911,1.3654390934844192,0.0,0.6343997812414548,0.0,-1.142857142857143
0.09813543,,1.0,0.0230137441767025,0,0,0,1,0,0,0,-1.0645161290322578,0.0,-0.3165590590261146,-0.4369071572290888,0.0,0.0,-2.138364779874214,0.0,0.0
1.454,2.06,1.0,0.0571915652154356,0,0,0,1,0,0,0,11.191843548387094,458.6792449999999,-0.3025681157252434,-0.3595735906119949,3.4475920679886687,-0.44,0.9001914137270988,0.0,0.0
0.13560555,,1.0,0.9903681766582072,0,0,0,1,0,0,0,-0.725806451612903,0.0,0.1037649698510628,0.0744841721134258,-0.0481586402266288,0.0,0.6059611703582172,0.0,-0.0952380952380952
0.23195686,,1.0,0.6150540044808324,0,0,0,1,0,0,0,0.1451612903225807,0.0,-0.043221915319363,-0.0839821537923191,-0.1869688385269121,0.0,-0.0262510254306808,0.0,0.0
0.25396957,,1.0,1.3901280597126324,0,0,0,1,0,0,0,0.3441451612903226,0.0,0.5881572185193146,0.0,0.8611898016997167,0.0,2.8777686628383923,0.0,0.0
0.30422035,,1.0,1.313476570351886,0,0,0,1,0,0,0,0.7983870967741936,0.0,0.3083991743333838,0.1439694065011184,-0.830028328611898,0.0,-0.7350287120590648,0.0,-0.0952380952380952
0.28994608,,1.0,4.538056013318778,0,0,0,1,0,0,0,0.6693548387096774,0.0,4.924245093806367,2.3450016871414823,-1.3257790368271956,0.0,0.2012578616352201,0.0,0.0
1.087,4.34,1.0,1.1306834697816055,0,0,0,1,0,0,0,7.874324209677418,1183.32473138,0.1690195609664425,0.1264731244610519,-0.0155807365439093,2.89,0.1957888980038283,0.09431,1.6095238095238098
0.17307551,,1.0,0.65199106043428,0,0,0,1,0,0,0,-0.3870967741935483,0.0,0.0086045548836995,-0.1139757801467188,-0.9943342776203966,0.0,-1.63084495488105,0.0,0.0
,0.05443189,0.5,0.7658695990709582,0,0,0,0,0,1,0,0.0,-178.750555,0.0,0.0,0.0,0.0,0.0,0.0,0.0
0.18913373,,1.0,0.0661681775259702,0,0,0,1,0,0,0,-0.2419354838709675,0.0,-0.2893601080816771,-0.3669220290688229,0.4759206798866855,0.0,-0.9953513809133168,0.0,-0.2857142857142857
,,1.0,4.11917381588316,0,0,0,1,0,0,0,0.0,0.0,3.656581577557183,1.94508666908282,0.0,0.0,0.3653267705769756,0.20006,0.4761904761904762
0.26113592,0.02170983,1.0,0.6615325960904108,0,0,0,1,0,0,0,0.4089253790322579,-189.150555,-0.0101005379516045,-0.0839821537923191,-0.204872521246459,0.1699999999999999,-0.257041290675417,-0.24074,-1.3476190476190475
,0.29,1.0,3.71148102052688,0,0,0,1,0,0,0,0.0,-104.050555,0.0,17.477286076708697,0.0,0.0,0.0,0.0,0.0
0.26496611,,1.0,2.481220567057961,0,0,0,1,0,0,0,0.4435483870967743,0.0,1.1005886979077744,0.7063499006461127,-0.8753541076487252,0.0,-0.0875034181022696,0.0,1.809523809523809
1.1,0.751,1.0,0.1349519083391703,0,0,0,1,0,0,0,7.991837717741935,42.63857866000001,-0.2557643720979103,-0.2984365822262769,0.9490084985835694,-0.5900000000000001,0.0251572327044025,0.0,0.8095238095238095
0.15880096,,1.0,1.2164139466696149,0,0,0,1,0,0,0,-0.5161290322580644,0.0,0.3861739413113701,0.0,0.0,0.0,-0.6333059885151764,0.0,0.0
,,1.0,2.6338339974506453,0,0,0,1,0,0,0,0.0,0.0,1.210492942899655,0.8258245122911382,0.0,0.0,0.2406343997812414,0.0,1.5904761904761906
0.18021264,,1.0,0.906579848037066,0,0,0,1,0,0,0,-0.3225806451612902,0.0,0.1020658115256222,0.0004998937725733,-0.5694050991501416,0.0,-0.2351654361498496,0.0,-2.571428571428572
,,1.0,3.070306208558731,0,0,0,1,0,0,0,0.0,0.0,1.8144185530092,1.0257820213204694,-1.081869688385269,0.0,-0.2657916324856439,0.0,0.1904761904761905
0.25158398,0.04153184,1.0,1.6218721261914455,0,0,0,1,0,0,0,0.3225806451612902,-182.850555,0.4788798295813061,0.2709424247347438,-0.603399433427762,1.87,-0.2242275088870659,-0.2464,-1.809523809523809
1.597,1.47,0.7,0.1089144270847064,0,0,1,0,0,0,0,12.484494354838708,271.159545,-0.2735670768242592,-0.3083844683004861,3.2039660056657224,-0.8510000000000001,1.2283292316106098,0.0,0.4285714285714286
0.20251618,,1.0,1.170057415520591,0,0,0,1,0,0,0,-0.1209677419354837,0.0,0.252026499549751,0.0724845970231325,-1.1218130311614731,0.0,-1.5750615258408531,0.0,0.0
,12.6,1.0,5.744284417965531,0,0,0,1,0,0,0,0.0,3803.949445,97.86819090479568,0.0,0.0,0.0,-0.1104730653541154,0.0,1.666666666666667
0.1623698,,1.0,0.7665408848279412,0,0,0,1,0,0,0,-0.4838709677419353,0.0,0.0068702497511327,-0.0089980879063199,0.2804532577903683,0.0,0.7722176647525294,0.0,0.0
1.35,0.887,1.0,0.1056428451191129,0,0,0,1,0,0,0,10.25173387096774,85.864655,-0.2704397251310797,-0.3219315895372234,1.6968838526912182,-0.8820000000000001,0.1071916871752802,0.0,0.8571428571428571
0.15344839,,1.0,0.3508176888785628,0,0,0,1,0,0,0,-0.5645161290322579,0.0,-0.1480427458259345,-0.1989577214841846,-0.0963172804532577,0.0,-0.8301886792452831,0.0,2.7619047619047623
0.23195686,,1.0,1.2966633960033638,0,0,0,1,0,0,0,0.1451612903225807,0.0,0.2674128738106561,0.1709636702200782,-0.5297450424929179,0.0,0.1498496035001367,0.0,0.0
0.12936056,,1.0,0.8100702693991426,0,0,0,1,0,0,0,-0.7822580645161289,0.0,0.0510057089729537,-0.0254945824012397,-0.1983002832861189,0.0,0.0328137817883511,0.0,-1.523809523809524
0.2819168,,1.0,3.0592585295806285,0,0,0,1,0,0,0,0.5967741935483871,0.0,1.7865481948731157,1.0277815964107626,-1.1926345609065157,0.0,-0.1542247744052502,0.0,0.0
0.15969338,0.02221324,1.0,0.0787717766904867,0,0,0,1,0,0,0,-0.5080645161290321,-188.990555,-0.3371869299831305,0.0,3.3456090651558075,4.77,-0.1104730653541154,0.0,1.8571428571428568
0.13917412,,1.0,0.0520268224798316,0,0,0,1,0,0,0,-0.693548387096774,0.0,-0.3025335982201288,-0.3744204356574228,1.6203966005665722,0.0,0.2111019961717254,0.0,-0.6666666666666667
0.9,0.89,0.9,0.0451376871412142,0,0,0,0,1,0,0,6.1839516129032255,86.81814499999999,-0.3051154774850099,-0.3884174612894759,1.1019830028328612,0.27,-0.7404976756904567,0.0,-0.0952380952380952
0.18378089,,1.0,0.2373191107494904,0,0,0,1,0,0,0,-0.2903225806451611,0.0,-0.1847829100201322,-0.2729419998250372,-0.7762039660056658,0.0,-1.967733114574788,0.0,-0.1428571428571428
0.15880124,,1.0,1.6741402986900498,0,0,0,1,0,0,0,-0.5161290322580644,0.0,0.4772092961641074,0.3254308459452366,-0.3626062322946176,0.0,0.2603226688542521,0.0,0.0
0.15880124,,1.0,0.194413333859476,0,0,0,1,0,0,0,-0.5161290322580644,0.0,-0.2219410317316928,-0.2699426371895972,0.7563739376770539,0.0,0.3062619633579436,0.0,-1.619047619047619
0.14809554,,1.0,0.1194747274940741,0,0,0,1,0,0,0,-0.6129032258064515,0.0,-0.2641038107114203,-0.3089343514503168,1.538243626062323,0.0,0.7011211375444353,0.0,0.0
,27.099,1.0,12.921438946856526,0,0,0,1,0,0,0,0.0,8416.78144629,800.8656762130898,83.03335541197495,0.0,0.0,0.0,0.0,0.0
,8.176,1.0,12.349037558233189,0,0,0,1,0,0,0,0.0,2402.5145006300004,564.2997967083696,66.3668970343802,0.0,0.0,0.0,0.0,0.0
1.41,0.768,1.0,0.1444068671881186,0,0,0,1,0,0,0,10.794104838709677,48.042884999999984,-0.253385860001647,-0.2869890148343477,2.101983002832861,-0.99,0.197976483456385,0.3365,0.0
,,1.0,0.2941458251699818,0,0,0,1,0,0,0,0.0,0.0,-0.255162836781096,0.0,0.0,0.0,0.4356576428766751,0.0,1.2952380952380953
1.101,1.84,0.7,2.724030213624879,0,0,1,0,0,0,0,8.0008064516129,388.729445,1.3000271411729716,0.8828124023644974,-0.3031161473087819,0.4099999999999999,0.6267432321575062,0.0,-0.0952380952380952
1.142,0.218,1.0,0.1489539563340509,0,0,0,1,0,0,0,8.371496741935482,-126.76396227,-0.2534719629502669,-0.2789407250959171,2.396600566572238,-1.149,0.1378178835110746,0.48475,2.0761904761904764
0.07761633,,1.0,0.0303938541924786,0,0,0,1,0,0,0,-1.2499999999999996,0.0,-0.3207606134377508,-0.3994151242860891,2.912181303116147,0.0,0.8356576428766749,0.0,-1.0476190476190477
0.20786903,,1.0,1.29302071497114,0,0,0,1,0,0,0,-0.0725806451612901,0.0,0.2548550154654058,0.1814614394441181,-0.311614730878187,0.0,0.5753349740224227,0.0,-0.8571428571428573
0.09902774,0.03146352,1.0,0.2313821447130486,0,0,0,1,0,0,0,-1.0564516129032255,-186.050555,-0.2809158240006127,0.0,0.9376770538243626,38.67,-0.2789171452009844,0.0,0.380952380952381
0.976,0.687,1.0,0.5071614923279066,0,0,0,1,0,0,0,6.870954838709677,22.298655,-0.0839492321476721,-0.1314720621867853,0.0623229461756373,-0.3470000000000001,-0.324856439704676,0.0,0.5238095238095238
0.73,3.87,1.0,1.5732219459447696,0,0,0,1,0,0,0,4.647222508064515,1033.94538009,0.3603805483120401,0.345926490620743,0.0,0.0,1.075198249931638,0.7214799999999999,-0.3333333333333333
,,0.5,4.098692761752497,0,0,0,0,0,1,0,0.0,0.0,4.235163529988091,1.59066198432833,-1.725212464589235,0.0,-2.0224227508887065,-1.33966,-0.5714285714285715
0.1088413,,1.0,0.0259608011010321,0,0,0,1,0,0,0,-0.9677419354838708,0.0,-0.3204075381725697,-0.4179111938713024,1.3229461756373937,0.0,-0.6158053048947224,0.0,-2.4761904761904763
0.2881618,,1.0,0.573609680701181,0,0,0,1,0,0,0,0.6532258064516129,0.0,-0.0660226499801396,-0.0919804541534923,0.0396600566572237,0.0,0.1039103089964451,0.0,0.761904761904762
0.13649769,,1.0,0.8295129331954239,0,0,0,1,0,0,0,-0.7177419354838708,0.0,0.0489511366276893,-0.0054988314983066,0.3002832861189802,0.0,0.0109379272627837,0.0,-0.380952380952381
,0.05,1.0,0.3017303368780888,0,0,0,1,0,0,0,0.0,-180.150555,-0.1752190191083111,-0.2119549595710911,0.0,0.0,-0.2264150943396226,-0.23273,0.0
0.1329289,,1.0,0.1337117243137861,0,0,0,1,0,0,0,-0.7499999999999998,0.0,-0.2374525643690379,-0.3324293587612632,-0.6940509915014165,0.0,-2.0585179108558926,0.0,-0.8095238095238096
1.284,0.892,1.0,0.2451154319213454,0,0,0,1,0,0,0,9.655105822580644,87.45238404,-0.2754181494214872,0.0,2.2067988668555243,0.0,0.4626743232157506,0.0,0.0
1.174,1.91,1.0,0.0328534506314408,0,0,0,1,0,0,0,8.660779032258063,411.004745,-0.316204816577443,-0.4021645400352425,2.3371104815864023,0.137,0.0251572327044025,0.0,-1.3333333333333333
0.10081185,0.00522292,1.0,0.0246171407668353,0,0,0,1,0,0,0,-1.040322580645161,-194.390555,-0.3097031084678866,-0.4424059887273954,-0.7988668555240793,4.97,-2.5233798195242003,-2.33166,0.0
0.34525887,,1.0,3.757436114225371,0,0,0,1,0,0,0,1.1693548387096773,0.0,2.9484112657322137,1.549170801204744,-1.2209631728045325,0.0,-0.0929723817336614,0.0,0.8571428571428571
0.1579091,,1.0,1.0370785744965776,0,0,0,1,0,0,0,-0.5241935483870966,0.0,0.1586146208008722,0.0524888461201994,-0.6090651558073654,0.0,-0.2154771670768389,0.0,-1.809523809523809
,,0.9,6.041906821981127,0,0,0,0,1,0,0,0.0,0.0,11.809118901623249,5.124910956421759,0.0,0.0,-0.7426852611430134,1.14513,0.0476190476190476
0.20786903,,1.0,0.6370550120783287,0,0,0,1,0,0,0,-0.0725806451612901,0.0,-0.082004456778895,0.0,0.3427762039660056,0.0,0.2143833743505605,0.0,0.2761904761904762
0.23463329,,1.0,1.0523336996199173,0,0,0,1,0,0,0,0.1693548387096773,0.0,0.2134003094667248,0.0104977692240398,-1.291784702549575,0.0,-2.0060158599945312,0.0,0.380952380952381
0.10081202,,1.0,0.7683743706113004,0,0,0,1,0,0,0,-1.040322580645161,0.0,0.0099666841465688,-0.0114975567691865,0.56657223796034,0.0,0.1071916871752802,0.0,0.761904761904762
0.07493991,,1.0,0.2495495237652183,0,0,0,1,0,0,0,-1.2741935483870963,0.0,-0.2051982308583334,-0.2249521976579976,1.526912181303116,0.0,0.9909762100082036,0.0,-0.761904761904762
,1.5,0.9,11.096333684390316,0,0,0,0,1,0,0,0.0,280.69205550000004,269.478152007817,39.47261206993514,0.0,0.0,-0.1476620180475799,-0.0771599999999999,1.7142857142857146
0.10081202,,1.0,1.929819486364216,0,0,0,1,0,0,0,-1.040322580645161,0.0,0.6474621928065458,0.4349075821387954,-0.5269121813031161,0.0,0.4714246650259776,0.0,-0.8571428571428573
0.21322152,0.02551679,0.9,1.1563216440452273,0,0,0,0,1,0,0,-0.0241935483870966,-187.940555,0.199444720240878,0.1149755676918654,-0.4787535410764872,1.9,-0.4943943122778234,0.0,0.8095238095238095
0.0811849,0.01290004,1.0,0.699651859193453,0,0,0,1,0,0,0,-1.2177419354838706,-191.950555,-0.0146044071635411,-0.0429908644413062,0.4447592067988669,15.77,0.2264150943396226,0.15072,0.3333333333333333
0.20251618,,1.0,1.108597740090022,0,0,0,1,0,0,0,-0.1209677419354837,0.0,0.1595483057075611,0.1169751427821588,-0.254957507082153,0.0,0.3926715887339349,0.0,0.4285714285714286
1.1,6.0,1.0,8.17440503980888,0,0,0,1,0,0,0,7.991854838709676,1710.929445,0.0,1599.141182498719,1.2152974504249292,0.0,0.0,0.0,0.0
0.10348845,,1.0,0.6695830018983061,0,0,0,1,0,0,0,-1.0161290322580645,0.0,-0.0173192053668294,-0.0674856592973992,-0.1954674220963173,0.0,0.0546896363139185,0.0,-1.0476190476190477
0.11240986,,1.0,0.6609592133551047,0,0,0,1,0,0,0,-0.9354838709677415,0.0,-0.0241520293462695,-0.0664858717522526,0.3427762039660056,0.0,0.4670494941208641,0.0,-1.7142857142857142
0.08296919,,1.0,0.0120142607849932,0,0,0,1,0,0,0,-1.201612903225806,0.0,-0.3378324761986909,-0.4404064136371021,2.376770538243626,0.0,-0.4418922614164616,0.0,0.8571428571428571
1.132,0.292,0.9,0.1712682389976051,0,0,0,0,1,0,0,8.281451612903224,-103.248555,-0.2317780080860621,-0.2859392379119437,0.5637393767705382,-1.08,-0.6420563303254033,-0.40513,1.1904761904761905
0.17307551,,1.0,2.015596470815371,0,0,0,1,0,0,0,-0.3870967741935483,0.0,0.7253841694352147,0.4594023769948886,-0.7025495750708215,0.0,0.0306261963357943,0.0,0.0
1.326,1.339,1.0,0.0146837929285224,0,0,0,1,0,0,0,10.034785483870966,229.523815,-0.3341584938655084,-0.4350575502705675,1.339660056657224,-0.6190000000000001,-0.9264424391577796,-0.56489,0.6190476190476191
0.19627119,,1.0,0.8899847182189273,0,0,0,1,0,0,0,-0.1774193548387094,0.0,0.0657031971043497,0.028993838809253,-0.1671388101983003,0.0,0.2132895816242822,0.0,0.5714285714285715
0.07137134,,1.0,0.2959196080210816,0,0,0,1,0,0,0,-1.3064516129032255,0.0,-0.1699632913262827,-0.2269517727482909,0.0311614730878186,0.0,-0.2679792179382007,0.0,-1.9047619047619049
0.19853452,,1.0,1.5374444922175357,0,0,0,1,0,0,0,-0.1569600080645159,0.0,0.7892002930974954,0.0,-1.6436827195467425,0.0,-2.330872299699207,0.0,0.0
,11.4,1.0,9.68530212687743,0,0,0,1,0,0,0,0.0,3427.1932848,111.41427770279604,23.02610695227264,0.0,0.0,0.5414273995077933,0.57587,1.1095238095238096
0.1516641,,1.0,0.4382514986672006,0,0,0,1,0,0,0,-0.5806451612903225,0.0,-0.1895444070080577,0.0,0.0,0.0,-1.6002187585452556,0.0,0.1238095238095238
,,0.9,6.299445447257571,0,0,0,0,1,0,0,0.0,0.0,13.320570114085651,5.979729307522152,0.0,0.0,-1.2808312824719716,0.0,-0.3523809523809523
1.003,4.114,1.0,3.9485421858025447,0,0,0,1,0,0,0,7.115021774193548,1111.502065,3.2858143437167247,1.7626254420935548,-1.1501416430594902,3.75,-0.0032813781788351,0.0,1.7142857142857146
0.26228968,,1.0,1.9674304815259824,0,0,0,1,0,0,0,0.4193548387096774,0.0,0.6689704258109572,0.4569029081320219,-0.3626062322946176,0.0,0.012031719989062,0.0,0.6666666666666666
1.07,0.95,0.7,0.6819059945115876,0,0,1,0,0,0,0,7.720669354838708,105.88794499999996,-0.0150870499467234,-0.0589874651636527,1.660056657223796,0.0,0.7481542247744053,0.45823,1.238095238095238
0.12757627,,1.0,0.3178477875718186,0,0,0,1,0,0,0,-0.7983870967741934,0.0,-0.1685700744982025,-0.2039566592099179,0.0509915014164305,0.0,-0.404703308722997,0.0,0.0
0.33187674,,1.0,2.0079333314093715,0,0,0,1,0,0,0,1.0483870967741935,0.0,0.7388838223301735,0.438906732319382,-0.9660056657223796,0.0,-0.6814328684714247,0.0,2.1904761904761907
,3.403,1.0,2.8047079464714675,0,0,0,1,0,0,0,0.0,885.5195140199999,0.0,6.479623080095478,0.0,0.0,0.0,0.0,0.0
0.28013252,,1.0,3.5333790882290472,0,0,0,1,0,0,0,0.5806451612903226,0.0,2.444245397638184,1.4191984203356784,-1.028328611898017,0.0,0.5676784249384742,0.0,-0.0952380952380952
,,1.0,6.743599398646398,0,0,0,1,0,0,0,0.0,0.0,23.4600632976544,5.304872714548158,0.0,0.0,0.0,0.0,0.0
0.32295532,,1.0,2.2180703572831835,0,0,0,1,0,0,0,0.967741935483871,0.0,0.8437892338561545,0.5918742267268206,-0.5949008498583569,0.0,0.7033087229969921,0.0,-0.380952380952381
0.24712285,0.01793412,1.0,0.8873045708823092,0,0,0,1,0,0,0,0.282258064516129,-190.350555,0.0737185672839478,0.0164964944949198,-0.2521246458923513,-0.03,-0.0885972108285479,0.0,0.380952380952381
0.23998614,,1.0,2.347743020959744,0,0,0,1,0,0,0,0.2177419354838709,0.0,1.0084471284154826,0.6103702963120335,-0.7677053824362606,0.0,0.1728192507519825,0.0,-0.8571428571428573
,4.0,1.0,6.180634426663161,0,0,0,1,0,0,0,0.0,1075.249445,0.0,216.93490133346663,-0.8526912181303116,0.0,0.7186218211648893,0.35887,1.4285714285714288
,,1.0,0.3662071675952869,0,0,0,1,0,0,0,0.0,0.0,-0.1216895467917267,-0.2189534723871177,0.0,0.0,-2.314465408805032,0.0,-0.7142857142857144
1.438,1.24,1.0,0.1463194359581989,0,0,0,1,0,0,0,11.047188911290322,198.05666968,-0.2539643535459698,-0.2824399815039304,2.4872521246458925,-0.81,0.9876948318293683,0.5083099999999999,-0.0476190476190476
,5.489,1.0,9.220977986085206,0,0,0,1,0,0,0,0.0,1548.50957102,78.95298048340176,20.33667845582813,0.0,0.0,0.0,0.0,0.0
0.28637751,,1.0,4.855395747096022,0,0,0,1,0,0,0,0.6370967741935483,0.0,6.533793694254281,2.5054675881375204,-1.6458923512747876,0.0,-0.7350287120590648,0.0,-1.809523809523809
,,0.9,5.744853590143252,0,0,0,0,1,0,0,0.0,0.0,10.9476310030122,3.990152092680306,0.0,0.0,-0.1214109926168991,-0.16899,0.0
1.45,10.0,0.3,5.214613974592384,1,0,0,0,0,0,0,11.15566291129032,2982.2335150000004,0.0,81.96358273866802,2.1926345609065154,0.0,4.3347005742411815,1.24687,0.3333333333333333
1.31,2.45,1.0,0.0377723251571542,0,0,0,1,0,0,0,9.887096774193546,582.599445,-0.3143926739994964,-0.3893672594573653,2.15014164305949,0.02,0.2231337161607875,0.03851,1.3333333333333337
0.06958706,,1.0,0.4509867252907846,0,0,0,1,0,0,0,-1.32258064516129,0.0,-0.1060243703580482,-0.1559668570428784,0.3229461756373937,0.0,0.1104730653541154,0.0,-1.238095238095238
0.17129122,,1.0,0.1855118603512372,0,0,0,1,0,0,0,-0.4032258064516128,0.0,-0.2182615811605568,-0.2884387067748103,-0.3229461756373937,0.0,-1.518184304074378,0.0,1.1428571428571428
0.13382127,,1.0,0.2101548753219889,0,0,0,1,0,0,0,-0.7419354838709675,0.0,-0.2086502619836836,-0.2709424247347439,0.036827195467422,0.0,-0.7831555920153132,0.0,-0.2857142857142857
1.34,0.58,1.0,0.2246797898952274,0,0,0,1,0,0,0,10.161338709677418,-11.70915500000001,-0.218576974859919,-0.2334503917917442,1.881869688385269,-1.01,0.7142466502597757,0.0,0.2857142857142857
0.11330201,,1.0,0.2209754731303151,0,0,0,1,0,0,0,-0.9274193548387094,0.0,-0.2130905313849068,-0.2489470987415174,0.6487252124645893,0.0,0.2832923161060979,0.0,0.0
0.10170416,,1.0,1.116174415851996,0,0,0,1,0,0,0,-1.0322580645161288,0.0,0.230845410599104,0.0469900146218928,-1.0708215297450423,0.0,-1.4438063986874488,0.0,-1.3333333333333333
0.10973344,,1.0,0.8144909891331747,0,0,0,1,0,0,0,-0.9596774193548384,0.0,0.0255679097566007,0.0109976629966131,0.1954674220963173,0.0,0.8061252392671588,0.0,0.0
,,0.9,1.9842169832099,0,0,0,0,1,0,0,0.0,0.0,0.7472999435172204,0.4059137433295424,0.0,0.0,-0.4068908941755537,-0.38207,-2.8095238095238093
0.18110478,,1.0,0.7884742682213316,0,0,0,1,0,0,0,-0.3145161290322581,0.0,0.0155117166571851,0.0,0.141643059490085,0.0,0.375170905113481,0.0,-0.1904761904761904
0.12311557,,1.0,1.031403613555762,0,0,0,1,0,0,0,-0.8387096774193548,0.0,0.113592369315254,0.1009785420598122,0.1841359773371104,0.0,0.927536231884058,0.0,0.0
0.19894727,,1.0,1.1436290153847577,0,0,0,1,0,0,0,-0.1532258064516128,0.0,0.2252837907627683,0.0759838534311458,-0.9178470254957508,0.0,-1.3748974569319117,0.0,0.8095238095238095
1.091,1.67,1.0,0.3341052922600634,0,0,0,1,0,0,0,7.910482209677418,334.72288469,-0.1706089684840745,-0.1814614394441181,1.28328611898017,0.27,0.1410992616899097,0.31243,1.9380952380952383
1.174,1.68,1.0,0.0765813477691316,0,0,0,1,0,0,0,8.660760758064514,337.90116876,-0.2860742275530311,-0.3496257045377857,2.076487252124646,-0.05,0.1246923707957342,0.0639,0.1571428571428571
,,0.7,8.172789927176074,0,0,1,0,0,0,0,0.0,0.0,43.737870890016126,12.628316482747412,0.0,0.0,0.8345638501503965,0.40687,1.4761904761904765
1.46,12.7,0.7,8.906352750316456,0,0,1,0,0,0,0,11.246057919354836,3840.3702139,68.0713840733228,17.127360435907367,1.0507082152974507,0.0,0.0,0.0,0.0
0.07404777,,1.0,0.2792916453084552,0,0,0,1,0,0,0,-1.2822580645161288,0.0,-0.1779561668813478,-0.2339502855643175,0.0736543909348441,0.0,-0.475799835931091,0.0,0.0
0.07761633,,1.0,0.6961374981997484,0,0,0,1,0,0,0,-1.2499999999999996,0.0,-0.0159396148477194,-0.0444905457590262,0.28328611898017,0.0,0.5567404976756904,0.0,-0.5714285714285715
,0.77,1.0,3.626689114904617,0,0,0,1,0,0,0,0.0,43.949445,0.0,15.977604758988711,0.0,0.0,0.0,0.0,0.0
,1.779,1.0,0.4686827572783197,0,0,0,1,0,0,0,0.0,369.36618105,-0.1744364436321879,0.0,0.0,0.0,0.0,0.0,0.0
1.232,1.29,1.0,0.1670871217914342,0,0,0,1,0,0,0,9.185070967741934,213.950145,-0.245614132417636,-0.2653936038591799,2.634560906515581,-0.4740000000000001,0.623461853978671,0.61905,1.0952380952380951
0.13917412,,1.0,0.4052219557010136,0,0,0,1,0,0,0,-0.693548387096774,0.0,-0.1332660993665351,-0.162965369858905,0.490084985835694,0.0,0.5195515449822259,0.0,-1.142857142857143
1.21420496,,1.0,0.1779018021837465,0,0,0,1,0,0,0,9.024193548387094,0.0,-0.2367935010448927,-0.2664433807815839,1.1359773371104815,0.0,0.4987694831829368,0.0,1.0952380952380951
,,1.0,4.49149430441544,0,0,0,1,0,0,0,0.0,0.0,4.653956012817253,2.3604983940912554,0.0,0.0,-1.0150396499863277,1.59687,-0.9523809523809524
1.304,0.561,0.7,0.3236309560080602,0,0,1,0,0,0,0,9.835916129032256,-17.74792500000001,-0.1793017775803596,-0.1784620768086782,2.246458923512748,-1.0,0.5829915231063714,0.0,0.380952380952381
0.26764253,,1.0,0.4072424067485009,0,0,0,1,0,0,0,0.4677419354838709,0.0,-0.1282437940390693,-0.1684642013572116,0.2379603399433427,0.0,-0.0590648072190319,0.0,0.1904761904761905
0.16504623,,1.0,2.2852820108146976,0,0,0,1,0,0,0,-0.4596774193548385,0.0,1.0168008924168923,0.5283877176100078,-1.3087818696883853,0.0,-1.1780147662018048,0.0,0.0
0.10616487,,1.0,0.0094514494283629,0,0,0,1,0,0,0,-0.9919354838709676,0.0,-0.3412961452036833,-0.4474049264531287,2.546742209631728,0.0,-0.4375170905113481,0.0,0.8571428571428571
0.365,0.0737,1.0,0.0735564145398112,0,0,0,1,0,0,0,1.3478104838709677,-172.626484,-0.2764693794567518,-0.3745704037891947,-0.4022662889518413,0.6799999999999997,-2.271807492480175,0.0,-0.0476190476190476
0.2114376,,1.0,0.3908588622445546,0,0,0,1,0,0,0,-0.0403225806451611,0.0,-0.1317303496439515,-0.1804616518989714,-0.1189801699716713,0.0,-0.5479901558654635,0.0,0.5714285714285715
1.0036595,2.96386345,0.7,5.20384222366332,0,0,1,0,0,0,0,7.120967741935483,745.949445,6.200508518602009,3.994201232238149,0.0,2.31,0.5173639595296692,0.0,1.7142857142857146
,,0.9,7.256882812740011,0,0,0,0,1,0,0,0.0,0.0,24.05396932217006,8.97909194296212,0.0,0.0,-1.3300519551544985,2.5168700000000004,-1.142857142857143
0.07226348,,1.0,0.3188890966226732,0,0,0,1,0,0,0,-1.2983870967741933,0.0,-0.1617554733944832,-0.2134546408888111,-0.1161473087818696,0.0,-0.6354935739677331,0.0,0.0
0.17396765,,1.0,0.4364670756053386,0,0,0,1,0,0,0,-0.379032258064516,0.0,-0.1303338951472309,-0.1339715310496519,1.4872521246458923,0.0,0.6179928903472792,0.0,0.0
,20.5,1.0,8.249608042428395,0,0,0,1,0,0,0,0.0,6319.4644450000005,0.0,1724.1146256420511,4.643059490084986,0.0,0.0,0.0,0.0
,,1.0,9.080127353168391,0,0,0,1,0,0,0,0.0,0.0,61.44928933310624,22.726170688728647,0.0,0.0,-1.1780147662018048,2.86687,-0.0476190476190476
0.11419415,,1.0,0.4441552715704862,0,0,0,1,0,0,0,-0.9193548387096772,0.0,-0.1283044706520575,-0.1289725933239186,0.7535410764872521,0.0,0.661744599398414,0.0,0.0
0.1900262,,1.0,0.1703504671366364,0,0,0,1,0,0,0,-0.2338709677419354,0.0,-0.2157963630414009,-0.3124336078583301,-0.7818696883852692,0.0,-2.055236532677058,0.0,-0.8571428571428573
0.824,0.303,0.7,0.3738354016987127,0,0,1,0,0,0,0,5.496935564516128,-99.74854768,-0.1533981625907481,-0.1649649449491983,1.6345609065155808,-0.8230000000000001,0.9001914137270988,0.5009399999999999,0.5238095238095238
0.28637751,,1.0,0.2961647452869675,0,0,0,1,0,0,0,0.6370967741935483,0.0,-0.2543073082438513,0.0,1.257790368271955,0.0,0.1607875307629204,0.0,0.6190476190476191
0.1686148,,1.0,0.0705688303445132,0,0,0,1,0,0,0,-0.4274193548387096,0.0,-0.2904897672417714,-0.3539247909819163,1.257790368271955,0.0,-0.3970467596390484,0.0,0.0
0.17575193,,1.0,0.0917073808323357,0,0,0,1,0,0,0,-0.3629032258064515,0.0,-0.2713540573719126,-0.3474261719384631,0.4107648725212464,0.0,-0.8651900464861909,0.0,-0.8571428571428573
0.13471341,,1.0,0.1032956400857639,0,0,0,1,0,0,0,-0.7338709677419353,0.0,-0.2664781561008013,-0.3344289338515565,0.6147308781869688,0.0,-0.649712879409352,0.0,0.380952380952381
,6.6,0.9,4.561943218503983,0,0,0,0,1,0,0,0.0,1901.6169312,29.53199765503315,0.0,0.0,0.0,-0.877221766475253,0.0,0.9523809523809524
,,1.0,8.983700145663212,0,0,0,1,0,0,0,0.0,0.0,69.48918817860059,18.15964107627129,0.0,0.0,0.0516379546076019,0.0,1.8919047619047624
0.15612481,,1.0,0.1406741286394325,0,0,0,1,0,0,0,-0.5403225806451611,0.0,-0.2536172686177365,-0.2929377507279703,1.4164305949008498,0.0,0.3598578069455838,0.0,1.1428571428571428
0.17129122,,1.0,1.0284232654897338,0,0,0,1,0,0,0,-0.4032258064516128,0.0,0.1342473200032433,0.0724845970231325,-0.0623229461756373,0.0,0.611430133989609,0.0,-1.619047619047619
0.8,0.117,0.9,0.3128410962555299,0,0,0,0,1,0,0,5.279999999999999,-158.864445,-0.1690578907929006,-0.2089555969356512,0.2804532577903683,-1.02,-0.2920426579163248,0.0,1.0476190476190477
,,0.9,5.091096375777642,0,0,0,0,1,0,0,0.0,0.0,7.416873112201518,2.880387917567517,0.0,0.0,-0.9089417555373256,0.0,-0.2380952380952381
,,0.9,2.327240436597254,0,0,0,0,1,0,0,0.0,0.0,2.554754599668103,0.0,0.0,0.0,-0.8422203992343451,1.22687,-0.2380952380952381
,,1.0,3.215285386953273,0,0,0,1,0,0,0,0.0,0.0,2.0835721268055813,1.0807703363035357,-1.291784702549575,0.0,-0.4495488105004102,-0.38767,-0.0952380952380952
1.302,1.855,1.0,0.1423869979000849,0,0,0,1,0,0,0,9.81774193548387,393.4994449999999,-0.2501904373395424,-0.2969369009085569,1.5524079320113315,-0.3,0.3204812687995624,0.06826,-0.1904761904761904
0.27567181,0.15354197,0.5,0.0556779335974769,0,0,0,0,0,1,0,0.5403225806451611,-147.25055500000002,-0.2811708650208439,-0.4044140620118224,-0.9121813031161472,0.0,-2.616352201257861,-2.12126,1.6952380952380954
0.44874732,,0.9,0.6345141963010961,0,0,0,0,1,0,0,2.104838709677419,0.0,-0.0189415452321964,-0.0973793068972843,-0.4985835694050991,0.0,-1.7270987147935466,0.0,-0.2857142857142857
,,0.5,2.514048212893841,0,0,0,0,0,1,0,0.0,0.0,1.4595091142769645,0.5008935601184747,-1.675354107648725,0.0,-2.266338528848783,-1.77146,-0.4761904761904761
,,1.0,0.7967140886649948,0,0,0,1,0,0,0,0.0,0.0,0.1294254985612938,-0.1139757801467188,-1.3994334277620395,0.0,-2.398687448728466,-1.9357,0.0
0.31100062,0.03083425,1.0,1.1349748873265773,0,0,0,1,0,0,0,0.8596774193548388,-186.250555,0.1597242244179069,0.1421197995425971,0.4589235127478753,-0.05,0.4725184577522559,0.0,0.8571428571428571
0.12489985,,1.0,0.0662240198861617,0,0,0,1,0,0,0,-0.8225806451612901,0.0,-0.2929830723549465,-0.3589237287076496,1.4164305949008498,0.0,0.1761006289308176,0.0,0.0
0.12133128,,1.0,0.6716713233349985,0,0,0,1,0,0,0,-0.854838709677419,0.0,-0.0609947610257673,0.0,0.0,0.0,-0.0153130981678971,0.0,0.1619047619047619
0.31258864,,1.0,0.4438858710275833,0,0,0,1,0,0,0,0.874032258064516,0.0,-0.1867817256636286,0.0,0.0141643059490084,0.0,-0.484550177741318,0.0,0.0
0.2007319,,1.0,1.940729219384118,0,0,0,1,0,0,0,-0.1370967741935483,0.0,0.6222170708760382,0.4718997213092217,-0.4277620396600566,0.0,0.5239267158873393,0.0,0.8571428571428571
,,1.0,0.4229945654748662,0,0,0,1,0,0,0,0.0,0.0,-0.1391386878472123,-0.1339715310496519,0.0,0.0,0.4407984686901832,0.0,0.6190476190476191
,0.38,1.0,3.4977903310020912,0,0,0,1,0,0,0,0.0,-75.27576034,0.0,13.92804029143807,0.0,0.0,0.0,0.0,0.0
0.85,0.44,0.9,0.069521174875471,0,0,0,0,1,0,0,5.731975806451612,-56.205355,-0.2884398386142486,-0.3609233037979429,1.271954674220963,-0.3800000000000001,-0.4123598578069455,0.0,0.9523809523809524
,,1.0,0.5595837874234117,0,0,0,1,0,0,0,0.0,0.0,-0.0560907305212071,-0.1189747178724521,0.0,0.0,-0.720809406617446,0.0,1.9047619047619049
0.29083822,,1.0,1.6983838650163996,0,0,0,1,0,0,0,0.6774193548387094,0.0,0.4889662877230892,0.3389279778047164,-0.6373937677053825,0.0,0.2504785343177468,0.0,-0.0952380952380952
,2.5,0.5,6.6806037062703885,0,0,0,0,0,1,0,0.0,598.449445,22.29563028167545,5.229888648662158,0.0,0.0,-2.260869565217391,0.0,1.809523809523809
0.25872112,,1.0,1.6954926983696972,0,0,0,1,0,0,0,0.3870967741935483,0.0,0.4202269436768969,0.4109126810552757,0.5070821529745042,0.0,1.6822532130161334,0.0,0.0
0.0918906,,1.0,0.2648927609765594,0,0,0,1,0,0,0,-1.1209677419354835,0.0,-0.1690777223687529,-0.2629441243735706,-0.7988668555240793,0.0,-1.8561662564943944,0.0,-1.238095238095238
0.21882454,,1.0,0.7664158796797044,0,0,0,1,0,0,0,0.0264516129032257,0.0,0.0003707475875942,0.0,-0.2804249291784703,0.0,-0.6650259775772491,0.0,-0.5380952380952382
0.12043914,0.02454154,1.0,0.0214345998111872,0,0,0,1,0,0,0,-0.8629032258064513,-188.250555,-0.3290152277458353,-0.4146618843495757,3.4872521246458925,0.0,0.4484550177741318,0.12517,0.5714285714285715
,0.23,1.0,3.0685897400978157,0,0,0,1,0,0,0,0.0,-123.050555,0.0,8.729145056675456,0.0,0.0,0.0,0.0,0.0
1.08216798,,1.0,0.14121085319291,0,0,0,1,0,0,0,7.830645161290322,0.0,-0.2560110911646871,-0.2869390254570904,1.7308781869688386,0.0,0.9198796828001092,0.0,0.4285714285714286
,,1.0,7.85002559981524,0,0,0,1,0,0,0,0.0,0.0,37.128546209870194,10.678730769711436,0.0,0.0,0.2898550724637681,0.0,1.4761904761904765
0.07850848,,1.0,0.3474145107969956,0,0,0,1,0,0,0,-1.2419354838709675,0.0,-0.1627184734475327,-0.1794618643538248,0.9603399433427762,0.0,0.948318293683347,0.0,-0.9523809523809524
0.36,,1.0,1.849116211455184,0,0,0,1,0,0,0,1.3026072983870969,0.0,0.5759879504825139,0.414411937463289,-0.0708215297450425,0.0,0.1345365053322395,0.37712,0.3285714285714286
0.33633687,,1.0,1.2286249852404216,0,0,0,1,0,0,0,1.0887096774193548,0.0,0.2498657962175519,0.1264731244610519,-0.6458923512747875,0.0,-0.4790812141099261,0.0,0.4285714285714286
0.0704792,,1.0,0.3853628601022624,0,0,0,1,0,0,0,-1.3145161290322578,0.0,-0.1202266024887238,-0.2019570841196246,-0.5694050991501416,0.0,-1.302707136997539,0.0,-1.142857142857143
0.08564561,,1.0,0.4800656675970125,0,0,0,1,0,0,0,-1.1774193548387095,0.0,-0.1169909276149643,-0.1089768424209855,1.0991501416430596,0.0,0.6879956248290949,0.0,1.1428571428571428
,,0.9,8.36287583103188,0,0,0,0,1,0,0,0.0,0.0,55.30132400269157,12.078433332916754,-2.0243626062322946,0.0,-1.249111293409899,0.0,0.9285714285714284
0.30778891,,1.0,1.0395579675292927,0,0,0,1,0,0,0,0.8306451612903226,0.0,0.1135079421914404,0.1089768424209854,0.3626062322946176,0.0,0.6190866830735575,0.0,0.761904761904762
0.51833437,,1.0,0.1512568120615741,0,0,0,1,0,0,0,2.7338709677419346,0.0,-0.2460403707950549,-0.2904382818651037,1.1303116147308785,0.0,0.0754716981132075,0.0,1.1428571428571428
1.025,1.966,1.0,0.0579388403625105,0,0,0,1,0,0,0,7.313875177419354,428.80009316,-0.293109494639896,-0.3792694052513841,0.2229461756373938,0.9299999999999996,-1.787257314738857,0.0,1.6761904761904765
0.11776272,0.04153184,0.5,0.0499187383994182,0,0,0,0,0,1,0,-0.8870967741935482,-182.850555,-0.273653179772879,-0.4251596535736155,-1.1756373937677054,0.0,-2.9827727645611155,-2.81447,-0.0380952380952381
0.21411403,,1.0,1.5146285767863992,0,0,0,1,0,0,0,-0.0161290322580645,0.0,0.4012097047322253,0.2409487983803441,-0.546742209631728,0.0,-0.0240634399781241,0.0,0.0
,,1.0,8.328221088685595,0,0,0,1,0,0,0,0.0,0.0,50.651712387230965,12.758288863616482,0.0,0.0,0.0820344544708777,0.09687,0.9047619047619048
0.18734977,,1.0,0.6431512363548597,0,0,0,1,0,0,0,-0.2580645161290321,0.0,-0.0383136608718565,-0.063986402889386,0.121813031161473,0.0,0.4178288214383374,0.0,0.0
0.24890713,,1.0,0.8871814993609947,0,0,0,1,0,0,0,0.2983870967741935,0.0,0.0432767087001892,0.056487996300786,0.7082152974504249,0.0,1.0139458572600493,0.0,0.2857142857142857
0.12043914,,1.0,0.0835815364722098,0,0,0,1,0,0,0,-0.8629032258064513,0.0,-0.2837515631861435,-0.3389279778047164,1.5722379603399437,0.0,0.4998632759092152,0.0,0.0
0.1623698,,1.0,0.4775429833494795,0,0,0,1,0,0,0,-0.4838709677419353,0.0,-0.0503613801370429,-0.1984578277116112,-1.2436260623229465,0.0,-2.256494394312278,0.0,-0.380952380952381
0.39254238,,1.0,0.6300618595487422,0,0,0,1,0,0,0,1.5967741935483872,0.0,-0.0326948999282663,-0.0839821537923191,-0.3314447592067989,0.0,-0.257041290675417,0.0,0.0
,8.49,0.7,10.812544785624366,0,0,1,0,0,0,0,0.0,2502.31262043,219.57668650104264,36.42326005723783,0.0,0.0,0.5961170358217118,0.0,1.4761904761904765
0.22749615,,1.0,1.814328908193444,0,0,0,1,0,0,0,0.1048387096774192,0.0,0.5872600553295528,0.3659222415236761,-0.7138810198300283,0.0,0.2307902652447361,0.0,-1.523809523809524
0.92782585,13.8,1.0,0.0283172417270744,0,0,0,1,0,0,0,6.435483870967741,4190.003445,-0.3169391647756785,-0.4169114063261557,-1.8356940509915012,0.0,-0.948318293683347,0.0,0.0
,19.4,1.0,13.545342220782969,0,0,0,1,0,0,0,0.0,5969.8205408,1162.0398634573987,106.95827136733443,0.0,0.0,0.3850150396499863,0.0,0.0
0.93228816,,1.0,0.9802720059869386,0,0,0,1,0,0,0,6.475806451612901,0.0,0.1404153899923333,0.0224952197657997,-0.6657223796033994,0.0,-0.6475252939567951,0.0,-0.8571428571428573
1.034,7.84,1.0,0.5433856225298427,0,0,0,1,0,0,0,7.395161290322579,2296.949445,-0.0524582705622442,-0.1384705750028119,-0.7648725212464589,7.49,-1.7500683620453923,-1.05985,2.1904761904761907
,,1.0,0.543746534770744,0,0,0,1,0,0,0,0.0,0.0,-0.1351439511071687,0.0,0.0,0.0,0.2220399234345091,0.0,0.0
0.14006602,,1.0,0.2235622820342641,0,0,0,1,0,0,0,-0.6854838709677417,0.0,-0.2136218641150764,-0.2444480547883575,0.7932011331444759,0.0,0.2821985233798195,0.0,0.6666666666666666
0.21589831,,1.0,1.375881055360378,0,0,0,1,0,0,0,0.0,0.0,0.3191738565261771,0.1909594211230112,-0.7138810198300283,0.0,-0.1618813234891988,0.0,0.0
1.136,0.229,0.9,0.1206561382260238,0,0,0,0,1,0,0,8.317277419354836,-123.267485,-0.2531200986797053,-0.3279303148081033,0.3994334277620396,0.0,-0.6453377085042384,0.0,0.6666666666666666
0.10705701,,1.0,0.1095086034336119,0,0,0,1,0,0,0,-0.9838709677419352,0.0,-0.2547711888618529,-0.3439269155304497,-0.5155807365439093,0.0,-1.9403882964178287,0.0,0.0
0.13203698,,1.0,0.3772703016117306,0,0,0,1,0,0,0,-0.7580645161290321,0.0,-0.1423579581053427,-0.1789619705812514,0.56657223796034,0.0,-0.0721903199343724,0.0,0.761904761904762
0.30288213,,1.0,0.6320135610136416,0,0,0,1,0,0,0,0.7862903225806451,0.0,-0.085004045658255,0.0,0.0,0.0,-0.623461853978671,0.0,-0.0619047619047619
0.54509863,,1.0,2.695833890990318,0,0,0,1,0,0,0,2.975806451612903,0.0,1.3245716687935098,0.8213254683379781,-0.963172804532578,0.0,0.1771944216570959,0.0,0.0
0.21946688,,1.0,0.5022133394811135,0,0,0,1,0,0,0,0.032258064516129,0.0,-0.0856224440031112,-0.1339715310496519,-0.2181303116147308,0.0,-0.2690730106644791,0.0,0.0
,,1.0,6.901630963588432,0,0,0,1,0,0,0,0.0,0.0,21.025827898241914,7.079495607183473,0.0,0.0,0.3806398687448728,0.09506,0.6190476190476191
0.33901388,,1.0,1.569769036775004,0,0,0,1,0,0,0,1.1129032258064513,0.0,0.4109196327412643,0.2859392379119437,-0.2889518413597733,0.0,0.4407984686901832,0.0,0.0
0.14274268,,1.0,0.2140648692268852,0,0,0,1,0,0,0,-0.6612903225806449,0.0,-0.2115669569322882,-0.2609445492832773,0.56657223796034,0.0,0.2811047306535411,0.0,-2.2857142857142856
0.45231588,,0.5,0.1440160974987153,0,0,0,0,0,1,0,2.1370967741935485,0.0,-0.23680610463577,-0.3180324181111514,-0.2747875354107649,0.0,-1.839759365600219,0.0,-0.4761904761904761
,7.728,1.0,1.3896173339252147,0,0,0,1,0,0,0,0.0,2260.1273743,0.5875104739154758,0.0,0.0,0.0,0.0,0.0,0.0
0.26764207,,1.0,1.3467015327403256,0,0,0,1,0,0,0,0.4677419354838709,0.0,0.2621064226951523,0.2259519852031442,0.0566572237960339,0.0,0.8465955701394585,0.0,0.1428571428571428
,0.01170443,1.0,2.6986159464754618,0,0,0,1,0,0,0,0.0,-192.330555,0.0,5.729782421235487,0.0,0.0,0.0,0.0,0.0
0.11330201,,1.0,0.3307174075515482,0,0,0,1,0,0,0,-0.9274193548387094,0.0,-0.1301103418207596,-0.2434482672432108,-1.065155807365439,0.0,-2.1974295870932457,0.0,0.1904761904761905
0.15880124,,1.0,0.2520142598630934,0,0,0,1,0,0,0,-0.5161290322580644,0.0,-0.1757184925032291,-0.2684429558718772,-0.8555240793201133,0.0,-2.118676510801204,0.0,1.0952380952380951
0.20340833,,1.0,0.891220886987347,0,0,0,1,0,0,0,-0.1129032258064516,0.0,0.0862813935100031,0.0049989377257332,-0.1841359773371104,0.0,0.0656275635767022,0.0,-1.3333333333333333
1.368,2.09,1.0,0.0277502831962022,0,0,0,1,0,0,0,10.414516129032256,468.186445,-0.3233260448325171,-0.4029143806941025,3.5269121813031163,-0.32,0.3587640142193054,0.22587,0.8095238095238095
0.18634597,0.01415858,1.0,1.1234196003713437,0,0,0,1,0,0,0,-0.2671384193548387,-191.550555,0.1720368969549263,0.1159753552370121,-0.0863172804532578,1.35,0.4276729559748428,0.18312,-0.2380952380952381
1.466,0.62,1.0,0.1798398161131602,0,0,0,1,0,0,0,11.300294927419351,1.003057339999998,-0.2352907863871682,-0.2664433807815839,2.223796033994334,-1.085,0.2001640689089417,0.47091,0.5000000000000001
0.23820186,,1.0,0.800377035947437,0,0,0,1,0,0,0,0.2016129032258064,0.0,0.0275848732926448,-0.0049989377257332,-0.1161473087818696,0.0,0.277823352474706,0.0,0.0
1.68,1.1,0.7,0.1296754987112361,0,0,1,0,0,0,0,13.234748048387097,153.56069269999998,-0.2573606296067392,-0.3044353074971568,2.651558073654391,-1.04,0.889253486464315,0.0,-2.2857142857142856
0.08475347,,1.0,0.2749469131528378,0,0,0,1,0,0,0,-1.1854838709677418,0.0,-0.1874114094672129,-0.223952410112851,0.4135977337110481,0.0,0.1268799562482909,0.0,-0.2857142857142857
0.14631125,,1.0,2.2147148072820846,0,0,0,1,0,0,0,-0.629032258064516,0.0,0.85905268089932,0.5738780509141806,-0.6883852691218131,0.0,0.7394038829641782,0.0,-1.9047619047619049
1.416,0.59,1.0,0.1544076102520954,0,0,0,1,0,0,0,10.848341935483868,-8.530855000000003,-0.2477005997888326,-0.2819400877313571,2.461756373937677,-1.06,0.6956521739130435,0.0,-0.1666666666666666
,20.7,1.0,13.310469836008382,0,0,0,1,0,0,0,0.0,6382.9974699,1050.711134636511,93.46113950785458,0.0,0.0,-0.0907847962811047,0.0,-1.619047619047619
,,0.5,0.1621472096185002,0,0,0,0,0,1,0,0.0,0.0,-0.1874160636629525,-0.3548245997725483,0.0,0.0,-2.6447908121410992,-2.54177,-1.1904761904761905
0.11713822,,1.0,0.4687874685219846,0,0,0,1,0,0,0,-0.8927419354838708,0.0,-0.1743836607172292,0.0,0.0,0.0,0.1148482362592288,0.0,-1.0190476190476192
0.14363483,,1.0,0.133908119219747,0,0,0,1,0,0,0,-0.6532258064516127,0.0,-0.2421182948127321,-0.3249309521726633,-0.178470254957507,0.0,-1.2906754170084769,0.0,-2.6666666666666665
0.13300928,,1.0,0.4403145943030311,0,0,0,1,0,0,0,-0.7492734112903224,0.0,-0.1885346226939085,0.0,0.0,0.0,-0.1629751162154771,0.0,0.8095238095238095
0.51119724,,1.0,2.349601008372079,0,0,0,1,0,0,0,2.669354838709677,0.0,0.9938481560585326,0.6248672157166602,-0.8356940509915014,0.0,-0.1192234071643423,0.0,1.1428571428571428
0.19743098,0.0169903,1.0,0.7982813187998373,0,0,0,1,0,0,0,-0.1669354838709676,-190.650555,0.0257220902228945,-0.0044990439531599,0.3597733711048159,1.39,0.6245556467049495,0.0,-1.0476190476190477
0.22035902,,1.0,0.9588953785330512,0,0,0,1,0,0,0,0.0403225806451615,0.0,0.0864354020716421,0.0669857655248259,0.5495750708215298,0.0,0.3784522832923161,0.0,-0.2380952380952381
,0.09,1.0,3.8480498749764673,0,0,0,1,0,0,0,0.0,-166.050555,0.0,20.176712448604672,0.0,0.0,0.0,0.0,0.0
1.175,0.706,1.0,0.1294579675631104,0,0,0,1,0,0,0,8.669818548387095,28.337425,-0.2591002523232944,-0.3012359873526875,1.708215297450425,-0.787,0.4003281378178835,0.12378,0.380952380952381
0.17039908,,1.0,0.299618507633957,0,0,0,1,0,0,0,-0.4112903225806451,0.0,-0.1843087105387186,-0.1989577214841846,0.8158640226628895,0.0,0.3686081487558107,0.0,2.285714285714286
0.10081202,0.00585221,0.9,0.1346183615971481,0,0,0,0,1,0,0,-1.040322580645161,-194.190555,-0.2435878578706132,-0.3214316957646499,-0.2692917847025494,5.812,-1.4667760459392944,0.0,-1.2857142857142856
,4.4,0.9,11.937545932118134,0,0,0,0,1,0,0,0.0,1202.3944358,454.7749980070533,54.469425247134986,0.0,0.0,-0.2843861088323762,0.0,0.2380952380952381
0.17842805,,0.5,0.2696791377369681,0,0,0,0,0,1,0,-0.3387096774193547,0.0,-0.1654646578389751,-0.2624442306009973,-0.6373937677053825,0.0,-1.9327317473338803,-1.24885,-0.380952380952381
,0.89,1.0,3.015672747966468,0,0,0,1,0,0,0,0.0,86.81672723,0.0,8.229251284102126,0.0,0.0,0.0,0.0,0.0
0.25347353,,1.0,0.9449540218597444,0,0,0,1,0,0,0,0.3396612096774195,0.0,0.1330667694684531,0.0,-1.4229461756373938,0.0,-2.5211922340716435,0.0,0.0
0.42465949,,1.0,2.3376312788457594,0,0,0,1,0,0,0,1.887096774193548,0.0,0.9003516835201845,0.693352662559206,-0.4504249291784702,0.0,0.7547169811320755,0.0,1.4285714285714288
,,0.9,5.236138725368756,0,0,0,0,1,0,0,0.0,0.0,8.258387327112347,3.030356049339515,0.0,0.0,-0.9756631118403064,-1.01889,-0.7142857142857144
0.26139754,,1.0,1.0689920558220245,0,0,0,1,0,0,0,0.4112903225806453,0.0,0.1468987229677603,0.0949798167889323,-0.0339943342776204,0.0,0.5720535958435876,0.0,-0.4761904761904761
0.66286134,,1.0,0.1891154401418821,0,0,0,1,0,0,0,4.04032258064516,0.0,-0.2272514390118065,-0.2679430620993039,1.2634560906515582,0.0,0.2636040470330872,0.0,0.0
0.0981356,,1.0,0.0475625376108729,0,0,0,1,0,0,0,-1.0645161290322578,0.0,-0.347674259956777,0.0,0.0,0.0,-0.1039103089964451,0.0,0.5238095238095238
0.17218336,0.01604639,0.5,0.1754654683571795,0,0,0,0,0,1,0,-0.3951612903225805,-190.950555,-0.2098629117995523,-0.31393328917605,-0.7365439093484419,2.67,-2.1930544161881325,-1.5632,-0.8095238095238096
0.11330201,,1.0,0.1602973722636362,0,0,0,1,0,0,0,-0.9274193548387094,0.0,-0.2408768075162368,-0.2859392379119437,0.8611898016997167,0.0,0.2767295597484276,0.0,-0.5714285714285715
1.214,0.52,1.0,0.1536746518353383,0,0,0,1,0,0,0,9.022340782258064,-30.77978336000001,-0.2494890467017245,-0.2794406188684905,1.9490084985835692,0.0,0.2657916324856439,0.47279,1.3809523809523812
0.19270262,,1.0,1.572789350142758,0,0,0,1,0,0,0,-0.2096774193548385,0.0,0.4491903403700422,0.2509466738318107,-0.6317280453257791,0.0,0.0251572327044025,0.0,-1.619047619047619
,,1.0,6.641926018342981,0,0,0,1,0,0,0,0.0,0.0,16.238037684068328,7.029506229926141,0.0,0.0,-0.6289308176100629,1.1572,0.3333333333333333
,0.056,1.0,2.988125727495121,0,0,0,1,0,0,0,0.0,-178.25216421,0.0,7.979304397815464,0.0,0.0,0.0,0.0,0.0
0.20786903,,1.0,0.1939601724181015,0,0,0,1,0,0,0,-0.0725806451612901,0.0,-0.2228657966531911,-0.2689428496444505,0.5750708215297451,0.0,0.0700027344818157,0.0,-0.6666666666666667
0.10625409,,0.5,0.3614551978577302,0,0,0,0,0,1,0,-0.9911290322580644,0.0,-0.2256880646696094,0.0,0.0,0.0,-2.1372709871479354,0.0,0.4190476190476191
0.34704315,,1.0,0.3641271035891045,0,0,0,1,0,0,0,1.185483870967742,0.0,-0.1530707266919956,-0.1764625017183848,0.7308781869688386,0.0,0.4911129340989882,0.0,0.0
0.19894762,,1.0,3.4516633144064675,0,0,0,1,0,0,0,-0.1532258064516128,0.0,2.29128187550225,1.3652098928977592,-0.9745042492917848,0.0,0.8870659010117583,0.0,-1.238095238095238
1.39,2.32,1.0,0.2013873434086573,0,0,0,1,0,0,0,10.613709677419353,541.284445,-0.2292477680299136,-0.2459477361060774,0.0,-0.1860000000000001,1.0970741044572054,0.0,0.0
0.18853371,,1.0,1.0927869576594351,0,0,0,1,0,0,0,-0.2473594112903226,0.0,0.2623634610837535,0.0,0.0,0.0,-0.218758545255674,0.0,0.4285714285714286
0.15969338,,1.0,0.5425336125206981,0,0,0,1,0,0,0,-0.5080645161290321,0.0,-0.0788562440465592,-0.1039779046952522,0.3909348441926346,0.0,0.5906480721903199,0.0,-0.761904761904762
0.17621658,,1.0,0.6475924852914854,0,0,0,1,0,0,0,-0.358700314516129,0.0,-0.0756857655684591,0.0,0.0,0.0,-0.4900191413727098,0.0,-1.5714285714285714
0.2212631,0.06009532,1.0,0.6607743773388587,0,0,0,1,0,0,0,0.048495,-176.950555,-0.0261428440559755,-0.063986402889386,-0.3097450424929179,5.53,-0.3948591741864916,-0.29827,1.2761904761904763
0.24444685,,1.0,2.450271768488417,0,0,0,1,0,0,0,0.2580645161290324,0.0,1.1052290561412454,0.6618593548870864,-1.0594900849858355,0.0,-0.3915777960076566,0.0,0.8571428571428571
,0.01227071,1.0,3.8324871226305146,0,0,0,1,0,0,0,0.0,-192.150555,2.852768509224111,1.7806216179061949,0.0,0.0,0.0,0.0,0.0
0.09991971,,0.5,0.0091442322310748,0,0,0,0,0,1,0,-1.0483870967741933,0.0,-0.331999174938796,-0.4704500293687591,-0.4560906515580736,0.0,-2.862455564670495,-2.66993,-0.3333333333333333
0.08475347,,1.0,0.1242730131633569,0,0,0,1,0,0,0,-1.1854838709677418,0.0,-0.2161653277321469,-0.3714210730219828,-1.2634560906515582,0.0,-2.560568772217665,0.0,0.0
0.817,0.344,0.9,2.095132951303849,0,0,0,0,1,0,0,5.433671774193547,-86.71703500000001,0.797899833078627,0.485896746941275,-1.065155807365439,-0.55,-0.5764287667487011,0.0,1.1428571428571428
1.07,8.46,0.7,0.3305317452183367,0,0,1,0,0,0,0,7.720669354838708,2492.7912450000003,-0.1782279399546458,-0.1719634577652248,1.838526912181303,7.209999999999999,0.7011211375444353,0.0,0.8380952380952381
0.14809554,,1.0,0.083075436859435,0,0,0,1,0,0,0,-0.6129032258064515,0.0,-0.2773489649535199,-0.353424897209343,0.5269121813031161,0.0,-0.8159693738036642,0.0,-0.5714285714285715
0.385,0.049,1.0,0.7207212681499481,0,0,0,1,0,0,0,1.532258064516129,-180.450555,-0.0217311484827539,-0.0124973443143332,0.5694050991501416,-0.42,0.661744599398414,0.5058699999999999,0.2038095238095238
0.943,0.312,1.0,0.0672791085595219,0,0,0,1,0,0,0,6.572636129032257,-96.88809202,-0.2904219533112348,-0.3620230700976043,1.0736543909348442,-0.8700000000000001,-0.7076838939021055,-0.45593,1.4428571428571428
0.08921418,,1.0,0.0892594271313391,0,0,0,1,0,0,0,-1.1451612903225803,0.0,-0.2741713477171468,-0.3469262781658897,1.1813031161473089,0.0,0.1443806398687449,0.0,-3.238095238095238
0.3416903,,1.0,1.7013503696528216,0,0,0,1,0,0,0,1.1370967741935485,0.0,0.4740159952965991,0.3574240473899296,-0.4135977337110481,0.0,0.6923707957342083,0.0,-0.380952380952381
0.10616487,,1.0,0.2843214735733664,0,0,0,1,0,0,0,-0.9919354838709676,0.0,-0.1789701617135085,-0.2264518789757176,0.4787535410764872,0.0,0.0557834290401968,0.0,-0.9523809523809524
0.12311557,,1.0,0.2280299327093338,0,0,0,1,0,0,0,-0.8387096774193548,0.0,-0.2026881439216009,-0.257445292875264,0.263456090651558,0.0,-0.5293956795187312,0.0,0.4761904761904762
0.07315563,,1.0,0.0633309016442081,0,0,0,1,0,0,0,-1.290322580645161,0.0,-0.291442963163061,-0.3694214979316895,0.8158640226628895,0.0,-0.7361225047853431,0.0,0.0
1.265,11.3,0.5,10.00674978533739,0,0,0,0,0,1,0,9.483064516129032,3395.2494450000004,0.0,9997.35656173063,0.6770538243626062,0.0,0.0,0.0,0.5714285714285715
,,0.9,8.147693503740681,0,0,0,0,1,0,0,0.0,0.0,41.22151418122636,13.07822087806341,0.0,0.0,-0.8444079846869018,1.58678,0.2857142857142857
0.10616487,,1.0,0.1607868929648784,0,0,0,1,0,0,0,-0.9919354838709676,0.0,-0.243299446063918,-0.2804404064136371,1.4419263456090652,0.0,0.7569045665846322,0.0,-0.4761904761904761
0.13738983,,1.0,2.636583643002341,0,0,0,1,0,0,0,-0.7096774193548385,0.0,1.312319109840805,0.7478410837696989,-1.0821529745042493,0.0,-0.3806398687448728,0.0,0.4285714285714286
,,1.0,7.128576134926702,0,0,0,1,0,0,0,0.0,0.0,23.638123776280278,7.979304397815464,0.0,0.0,-1.1408258135083402,1.66687,-0.5238095238095238
2.23035445,,1.0,0.0338592445940827,0,0,0,1,0,0,0,18.209677419354836,0.0,-0.3117830631084473,-0.4089131059649825,0.5779036827195467,0.0,-2.2138364779874213,0.0,0.0
0.18734977,,1.0,1.5825694442551304,0,0,0,1,0,0,0,-0.2580645161290321,0.0,0.4415000854418443,0.2679430620993039,-0.8555240793201133,0.0,-0.4090784796281104,0.0,0.0
,10.4,0.9,7.864208588008696,0,0,0,0,1,0,0,0.0,3109.3648778,39.91176443039239,10.053863553994775,0.0,0.0,-0.6311184030626197,0.0,-0.3333333333333333
0.13471341,,1.0,0.263363324528442,0,0,0,1,0,0,0,-0.7338709677419353,0.0,-0.1754801180485773,-0.255945611557544,-0.6260623229461756,0.0,-1.653814602132896,0.0,-0.5238095238095238
,,1.0,6.752161024368663,0,0,0,1,0,0,0,0.0,0.0,19.32249834728233,6.589599710061612,0.0,0.0,0.3653267705769756,0.20006,0.4761904761904762
0.18913373,0.06701696,1.0,0.4892168192549435,0,0,0,1,0,0,0,-0.2419354838709675,-174.750555,-0.0903393767557647,-0.1401202244523038,-0.0311614730878186,11.47,-0.4287667487011211,0.0,-0.1904761904761904
0.19627119,,1.0,2.506506566220768,0,0,0,1,0,0,0,-0.1774193548387094,0.0,1.10612553400445,0.735843633227939,-0.9688385269121812,0.0,0.3292316106097894,0.0,0.0
0.24623071,,1.0,1.8089289445196612,0,0,0,1,0,0,0,0.2741935483870966,0.0,0.6504283634210133,0.3054350950423034,-1.339943342776204,0.0,-1.686628383921247,0.0,0.2380952380952381
1.285,0.371,1.0,0.162194212282846,0,0,0,1,0,0,0,9.664165322580644,-78.135625,-0.2413990368307633,-0.2819400877313571,1.830028328611898,-1.114,0.1761006289308176,0.25476,0.2142857142857142
0.16593837,,1.0,0.4922827454832648,0,0,0,1,0,0,0,-0.4516129032258062,0.0,-0.0980716016324157,-0.1259732306884786,1.2011331444759208,0.0,0.0929723817336614,0.0,-1.7142857142857142
,1.28,1.0,3.4740216703848352,0,0,0,1,0,0,0,0.0,210.76980596,0.0,13.578114650636737,0.0,0.0,0.0,0.0,0.0
0.2,,1.0,1.3671126833946157,0,0,0,1,0,0,0,-0.1774193548387094,0.0,0.559337756775037,0.0,0.0,0.0,0.0,0.0,0.0
0.53885364,,1.0,2.7972074451145823,0,0,0,1,0,0,0,2.919354838709677,0.0,1.3870948819109428,0.921304222852644,-0.9206798866855525,0.0,0.3740771123872026,0.0,1.0952380952380951
1.0,0.613,0.9,0.1253262565717271,0,0,0,0,1,0,0,7.08790322580645,-1.220765,-0.2563309600169979,-0.314083257307822,0.7507082152974505,-0.5700000000000001,-0.3882964178288214,-0.40026,0.0
0.21322189,0.03051961,0.9,1.207425947757566,0,0,0,0,1,0,0,-0.0241935483870966,-186.350555,0.2551529612679749,0.1019783296049589,-0.886685552407932,2.55,-1.1659830462127427,0.0,0.0
,,1.0,6.126781844055611,0,0,0,1,0,0,0,0.0,0.0,12.105777220187145,5.479835534948824,0.0,0.0,-1.1200437517090511,0.0,-0.3333333333333333
0.17307551,0.01227077,0.9,1.8712738440506749,0,0,0,0,1,0,0,-0.3870967741935483,-192.150555,0.6452406738641664,0.373420648112276,-0.7875354107648725,0.0,-0.3401695378725731,0.0,-0.8571428571428573
4.6,31.0,1.0,0.7658695990709582,0,0,0,1,0,0,0,39.63016129032257,9656.679445,0.0,0.0,4.501416430594901,0.0,-1.3311457478807769,0.0,0.0
,,1.0,0.4933294545492322,0,0,0,1,0,0,0,0.0,0.0,-0.1020072824110691,-0.1189747178724521,0.1359773371104816,0.0,-0.2723543888433142,0.0,0.761904761904762
1.23,22.1,1.0,0.0241993017696676,0,0,0,1,0,0,0,9.16697279032258,6827.9572397,-0.3553136157175954,0.0,0.0,0.0,4.837845228329232,0.0,0.0
0.19537905,,0.9,0.086078864751877,0,0,0,0,1,0,0,-0.1854838709677418,0.0,-0.2787020194842656,-0.3444268093030231,0.7762039660056658,0.0,-0.5764287667487011,0.0,1.1904761904761905
0.49067713,,1.0,4.495955757985473,0,0,0,1,0,0,0,2.483870967741935,0.0,27.602834503286022,0.0,0.0,0.0,0.5622094613070823,0.0,-0.0952380952380952
0.19627119,,1.0,1.1138416509818192,0,0,0,1,0,0,0,-0.1774193548387094,0.0,0.160357530989302,0.1209742929627454,-0.1076487252124645,0.0,0.6978397593656002,0.0,0.0
,8.149,1.0,12.936865337468712,0,0,0,1,0,0,0,0.0,2393.93313364,855.0857648386044,78.9542222277766,0.0,0.0,0.0,0.0,0.0
0.993,20.0,1.0,0.0115592294062439,0,0,0,1,0,0,0,7.024611161290321,6160.5175850000005,-0.3593728890668616,0.0,0.0,0.0,11.291222313371616,0.0,0.0
0.10081202,,1.0,0.1432994345868526,0,0,0,1,0,0,0,-1.040322580645161,0.0,-0.250929234430244,-0.2939375382731169,1.0679886685552409,0.0,0.4178288214383374,0.0,0.0
1.22,0.5,1.0,0.2991915831916086,0,0,0,1,0,0,0,9.076596774193549,-37.13555500000001,-0.2530214286822262,0.0,0.9603399433427762,0.0,-0.2146896363139182,-0.26988,-0.5857142857142856
0.1302527,,1.0,0.7314324598217197,0,0,0,1,0,0,0,-0.7741935483870966,0.0,0.0169333648779815,-0.0544884212104928,-0.0764872521246459,0.0,0.3325129887886245,0.0,-3.047619047619048
0.10170416,,1.0,0.192136392597621,0,0,0,1,0,0,0,-1.0322580645161288,0.0,-0.2357689056221486,-0.2464476298786508,2.045325779036827,0.0,1.299425758818704,0.0,1.0952380952380951
0.0918906,,1.0,0.2579364700841793,0,0,0,1,0,0,0,-1.1209677419354835,0.0,-0.190985721121363,-0.2389492232900508,0.2039660056657223,0.0,-0.2165709598031173,0.0,0.0
,21.0,1.0,8.481355580338187,0,0,0,1,0,0,0,0.0,6478.3459920000005,0.0,2174.0190209580464,5.070821529745042,0.0,0.0,0.0,0.0
0.28726965,,1.0,2.8348492991645693,0,0,0,1,0,0,0,0.6451612903225807,0.0,1.4861889426332842,0.8998087906319906,-1.1161473087818696,0.0,-0.0875034181022696,0.0,0.4285714285714286
0.25515255,,1.0,3.169464894494411,0,0,0,1,0,0,0,0.3548387096774192,0.0,1.9606999283788416,1.0867690615744152,-0.9943342776203966,0.0,0.3532950505879136,0.0,-1.619047619047619
,2.4,1.0,7.791935956938058,0,0,0,1,0,0,0,0.0,566.741445,32.38070336309704,11.578539560343426,-1.5807365439093484,0.0,0.2657916324856439,0.0,0.0476190476190476
0.1793205,,1.0,2.384328226672716,0,0,0,1,0,0,0,-0.3306451612903226,0.0,1.018474975255916,0.6483622230276066,-0.9405099150141644,0.0,0.1060978944490019,0.0,-0.1904761904761904
0.32117104,,1.0,2.900911248493975,0,0,0,1,0,0,0,0.9516129032258064,0.0,1.525846629406954,0.9707937063374033,-1.065155807365439,0.0,0.4615805304894722,0.0,0.0
,,1.0,9.533098281360754,0,0,0,1,0,0,0,0.0,0.0,101.69920892598506,21.62640438906732,0.0,0.0,0.6945583811867652,0.0,0.1428571428571428
,,1.0,7.195140387344448,0,0,0,1,0,0,0,0.0,0.0,22.446906377896777,9.03907919567092,0.0,0.0,-0.8400328137817884,1.74137,0.5714285714285715
0.89838523,,1.0,0.5437165835776896,0,0,0,1,0,0,0,6.169354838709677,0.0,-0.1351602247478228,0.0,1.028328611898017,0.0,0.1071916871752802,0.26991,0.0
0.11776272,0.00654441,0.5,0.1012015191894261,0,0,0,0,0,1,0,-0.8870967741935482,-193.970555,-0.2547424071110783,-0.3579239411625029,-0.6430594900849859,3.5700000000000003,-2.389937106918239,-1.68757,0.0
0.0918906,,1.0,0.3141920248315759,0,0,0,1,0,0,0,-1.1209677419354835,0.0,-0.1668157504955691,-0.2109551720259445,0.8498583569405099,0.0,0.168444079846869,0.0,-1.0476190476190477
0.21143724,0.04247554,0.5,0.5888197115700649,0,0,0,0,0,1,0,-0.0403225806451611,-182.550555,-0.0063024601366486,-0.1509679193171451,-1.1274787535410764,0.0,-2.162428219852338,0.0,-2.2857142857142856
0.12133128,,1.0,0.3498130031612508,0,0,0,1,0,0,0,-0.854838709677419,0.0,-0.1586715205867351,-0.1834610145344114,0.8130311614730878,0.0,0.8280010937927262,0.0,-1.4285714285714286
,0.4,1.0,3.212364302647247,0,0,0,1,0,0,0,0.0,-68.9191922,0.0,10.22882637439544,0.0,0.0,0.0,0.0,0.0
0.06155778,,1.0,0.069464948527449,0,0,0,1,0,0,0,-1.3951612903225803,0.0,-0.2933538860849032,-0.3499256408013297,2.456090651558074,0.0,0.4604867377631939,0.0,-0.8571428571428573
,2.8,1.0,2.289485369044646,0,0,0,1,0,0,0,0.0,693.949445,0.0,3.4802604446555105,0.0,0.0,0.0,0.0,0.0
0.18556549,,1.0,1.0290936645110125,0,0,0,1,0,0,0,-0.2741935483870966,0.0,0.1888860134899352,0.0144969194046265,-1.1558073654390937,0.0,-1.7555373256767843,0.0,-0.380952380952381
0.48621727,0.11956137,1.0,4.7895141375457655,0,0,0,1,0,0,0,2.443548387096774,-158.050555,5.518056207306338,2.799905020183211,-1.0679886685552409,-0.04,0.4725184577522559,0.0,0.8571428571428571
0.09545917,,1.0,0.2694842427045622,0,0,0,1,0,0,0,-1.0887096774193543,0.0,-0.1981009972186945,-0.2119549595710911,1.2606232294617563,0.0,0.957068635493574,0.0,0.0
0.9,1.6,1.0,0.2706455841032914,0,0,0,1,0,0,0,6.183937604838709,312.4748962,-0.2649951609043504,0.0,0.0,0.0,-0.8717528028438611,0.0,1.9523809523809528
,,1.0,7.476060727929917,0,0,0,1,0,0,0,0.0,0.0,31.08437854720912,8.664158866240923,0.0,0.0,0.0667213563029805,0.0,-0.380952380952381
0.17753621,,1.0,0.5357088138655589,0,0,0,1,0,0,0,-0.346774193548387,0.0,-0.0515753531930849,-0.1464688753639851,-0.7960339943342776,0.0,-1.479901558654635,0.0,-0.8571428571428573
0.12757627,,1.0,2.364331038588392,0,0,0,1,0,0,0,-0.7983870967741934,0.0,1.005935139722112,0.6333654098504068,-0.6345609065155807,0.0,0.1629751162154771,0.0,-0.1904761904761904
0.06691063,,1.0,0.0247632041537528,0,0,0,1,0,0,0,-1.3467741935483868,0.0,-0.3126745859263945,-0.4374070510016621,-0.6487252124645893,0.0,-2.486190866830736,0.0,0.0
0.25158398,,1.0,0.6706018575279996,0,0,0,1,0,0,0,0.3225806451612902,0.0,-0.0218863597221017,-0.0604871464813727,0.1246458923512747,0.0,0.1257861635220125,0.0,0.2857142857142857
1.096,2.3,0.7,2.911070889475879,0,0,1,0,0,0,0,7.955679717741934,534.9547811,1.483667120993659,1.021282977367309,-0.5832861189801699,0.8399999999999999,0.5676784249384742,0.34326,0.761904761904762
0.11240986,,1.0,0.7002379664125664,0,0,0,1,0,0,0,-0.9354838709677415,0.0,-0.0134640735429774,-0.0439906519864528,0.1699716713881019,0.0,0.4101722723543888,0.0,0.0
0.16058524,,0.5,1.2174660693908577,0,0,0,0,0,1,0,-0.4999999999999998,0.0,0.3089594456568606,0.0604871464813727,-1.1954674220963173,0.0,-1.9327317473338803,-1.24885,-0.380952380952381
0.12936056,,1.0,0.1575411978845291,0,0,0,1,0,0,0,-0.7822580645161289,0.0,-0.2444197762039746,-0.2834397690490771,1.2634560906515582,0.0,0.700027344818157,0.0,-0.9523809523809524
0.08921402,,1.0,0.3444437636910575,0,0,0,1,0,0,0,-1.1451612903225803,0.0,-0.2333257393666226,0.0,0.0,0.0,0.0,0.0,0.0
1.512,9.28,1.0,0.0622348438469438,0,0,0,1,0,0,0,11.716135483870968,2753.411845,-0.3052939341629354,-0.3368784133371658,4.926345609065156,2.27,2.2674323215750616,0.0,1.0476190476190477
,,1.0,0.81026617356658,0,0,0,1,0,0,0,0.0,0.0,0.0308013423234956,0.0,0.0,0.0,0.0,0.0,0.0
0.2221433,0.0116415,1.0,1.522806581036177,0,0,0,1,0,0,0,0.056451612903226,-192.350555,0.7678728377284452,0.0,0.0,0.1199999999999998,0.4517363959529669,0.08787,0.3333333333333333
0.11687057,,1.0,0.1745056437966094,0,0,0,1,0,0,0,-0.8951612903225804,0.0,-0.2313349417164071,-0.2819400877313571,0.56657223796034,0.0,-0.0667213563029805,0.0,-0.5714285714285715
,10.901,1.0,11.509692799660373,0,0,0,1,0,0,0,0.0,3268.59690971,332.30169991136444,48.52568829123811,0.0,0.0,0.0,0.0,0.0
,,1.0,2.458853528792305,0,0,0,1,0,0,0,0.0,0.0,3.0095652006452003,0.0,0.0,0.0,-2.3024336888159693,-1.55153,1.0
,,0.5,0.4425082597867463,0,0,0,0,0,1,0,0.0,0.0,-0.0642635689664111,-0.2139545346613844,-1.1609065155807363,0.0,-2.266338528848783,-1.77146,-0.4761904761904761
0.08698382,,1.0,0.0405014190166187,0,0,0,1,0,0,0,-1.165322580645161,0.0,-0.2966000445231058,-0.4170613744579277,-0.6345609065155807,0.0,-2.502597757724911,-2.03762,0.0
0.96,0.626,1.0,0.1550478475376387,0,0,0,1,0,0,0,6.726307637096773,2.910027780000007,-0.2382317999832965,-0.2989364759988502,0.5184135977337111,-0.45,-0.8783155592015313,0.0,1.0476190476190477
,,1.0,7.657622659602619,0,0,0,1,0,0,0,0.0,0.0,32.56308601590067,9.99887523901171,0.0,0.0,-0.9220672682526662,1.78714,-0.4285714285714285
,0.00135293,1.0,2.065959693603864,0,0,0,1,0,0,0,0.0,-195.620555,0.8887529166072895,0.3824187360185959,-1.4702549575070822,0.0,-1.8988241728192508,-1.22494,-0.761904761904762
1.135,0.569,1.0,0.1571927783988564,0,0,0,1,0,0,0,8.308237903225805,-15.205285000000003,-0.2434335647658409,-0.2859392379119437,1.0509915014164306,-0.8470000000000001,-0.0634399781241454,-0.12494,1.4952380952380953
0.35121976,0.03807086,1.0,0.8769857527705983,0,0,0,1,0,0,0,1.223238314516129,-183.950555,0.0625202069143174,0.0209955384480797,-0.0608781869688385,-0.25,0.2559474979491386,0.05989,-0.0380952380952381
0.45004092,,1.0,0.5086212754464609,0,0,0,1,0,0,0,2.116532258064516,0.0,-0.1538978517669376,0.0,0.0169971671388102,0.0,-0.7022149302707137,0.0,0.0
0.14720339,,1.0,0.5854148734248837,0,0,0,1,0,0,0,-0.6209677419354838,0.0,-0.0575847188402417,-0.0924803479260657,-0.0283286118980169,0.0,0.1706316652994257,0.0,-0.4761904761904761
0.26228968,0.02391227,0.9,0.6986880454270392,0,0,0,0,1,0,0,0.4193548387096774,-188.450555,0.0035997718795565,-0.0674856592973992,-0.3541076487252124,0.3099999999999998,-0.7744052502050861,0.0,-0.3333333333333333
1.528,0.512,1.0,0.2170954686389443,0,0,0,1,0,0,0,11.86076774193548,-33.321595,-0.2205065309365914,-0.2404489046077708,2.039660056657224,-1.152,0.2723543888433142,0.0,0.0
1.2,10.0,0.3,13.6967281480998,1,0,0,0,0,0,0,8.532258064516128,2803.949445,1211.1554791136723,119.45561568166764,0.0,0.0,0.0,0.7188399999999999,-2.142857142857143
0.13471341,0.00723661,1.0,0.8145905977274573,0,0,0,1,0,0,0,-0.7338709677419353,-193.750555,0.0882174970256799,-0.062486721571666,-1.1359773371104815,2.27,-1.8988241728192508,-1.22494,-0.761904761904762
0.33722959,,1.0,1.3529487857467724,0,0,0,1,0,0,0,1.0967741935483868,0.0,0.2970847508170207,0.1924591024407313,-0.1246458923512747,0.0,-0.6125239267158873,0.0,1.0476190476190477
,,1.0,5.866803411460554,0,0,0,1,0,0,0,0.0,0.0,10.809124966861509,4.640013997025632,0.0,0.0,-0.7765928356576429,0.0,0.0
0.22392759,,1.0,5.127529349361897,0,0,0,1,0,0,0,0.0725806451612901,0.0,7.319800321799841,3.0518514815601683,-1.5240793201133145,0.0,0.1728192507519825,0.0,-1.3333333333333333
0.26585779,,1.0,0.1507847420949717,0,0,0,1,0,0,0,0.4516129032258064,0.0,-0.2538411355637857,-0.2749415749153305,2.54957507082153,0.0,1.2797374897456932,0.0,0.0
0.09456703,,1.0,1.8173378098682649,0,0,0,1,0,0,0,-1.0967741935483868,0.0,0.7548981489054923,0.2359498606546108,-1.594900849858357,0.0,-2.243368881596937,0.0,-0.2857142857142857
0.23374115,,1.0,0.9892422044599783,0,0,0,1,0,0,0,0.1612903225806452,0.0,0.169816969358494,0.0,0.1104815864022662,0.0,0.3193874760732841,0.0,-1.1904761904761905
0.14452697,,1.0,0.569323346408041,0,0,0,1,0,0,0,-0.6451612903225804,0.0,-0.067548940657279,-0.0939800292437856,0.3626062322946176,0.0,0.336888159693738,0.0,0.0
0.20820491,,1.0,0.7650747470174383,0,0,0,1,0,0,0,-0.0695445161290322,0.0,-0.000539085477515,0.0,-0.7252407932011331,0.0,-1.33552091878589,0.0,0.0
0.17378922,,1.0,1.1303927709879895,0,0,0,1,0,0,0,-0.3806451612903225,0.0,0.2984187433808676,0.0,0.0,0.0,-0.9997265518184304,0.0,-1.0952380952380951
,13.98,0.7,5.302007677965104,0,0,1,0,0,0,0,0.0,4247.19057486,7.526243765144911,3.625229638701776,0.0,0.0,0.5600218758545256,0.0,0.719047619047619
0.32117104,,1.0,1.1234980013126523,0,0,0,1,0,0,0,0.9516129032258064,0.0,0.1850459863550847,0.1009785420598122,-0.6685552407932012,0.0,-0.720809406617446,0.0,0.0
0.30868106,,1.0,2.3126688195595118,0,0,0,1,0,0,0,0.8387096774193548,0.0,0.948632949620122,0.6168689153554869,-0.9093484419263456,0.0,0.1060978944490019,0.0,0.0
0.30332821,0.04845382,1.0,0.6195768420092201,0,0,0,1,0,0,0,0.7903225806451611,-180.650555,-0.0923393646252882,0.0,-0.0169971671388102,0.91,-0.2231337161607875,0.0,1.1428571428571428
0.1088413,,1.0,1.1631549614845629,0,0,0,1,0,0,0,-0.9677419354838708,0.0,0.3309544988912846,0.0,-0.6855524079320113,0.0,-0.1673502871205906,0.0,-0.7142857142857144
1.229,1.68,1.0,0.1164805400259983,0,0,0,1,0,0,0,9.157933290322578,337.90116876,-0.2630893440419119,-0.3165827261706887,0.0,0.0,-0.1170358217117856,0.0,0.0
1.184,0.299,1.0,0.219355274709168,0,0,0,1,0,0,0,8.751174193548387,-101.019385,-0.2150548482199663,-0.2475973855555694,1.0623229461756374,-1.093,0.286573694284933,0.0,0.5238095238095238
0.12043914,,1.0,0.0183977432853766,0,0,0,1,0,0,0,-0.8629032258064513,0.0,-0.3294499859798959,-0.4284089630953422,1.8611898016997168,0.0,-0.5928356576428767,0.0,-0.1904761904761904
,0.266,1.0,4.481162668375163,0,0,0,1,0,0,0,0.0,-111.50819874,27.18754560104034,0.0,0.0,0.0,-0.0940661744599398,-0.10214,0.9047619047619048
,,1.0,0.1250823749864791,0,0,0,1,0,0,0,0.0,0.0,-0.2566297892457738,-0.31393328917605,0.0,0.0,-0.0010937927262783,0.0,0.0
0.15344839,0.02334593,1.0,0.016532702601166,0,0,0,1,0,0,0,-0.5645161290322579,-188.630555,-0.3327158372587085,-0.4289088568679155,3.7677053824362607,6.73,0.020782061799289,0.07609,-0.2380952380952381
0.17664407,,1.0,2.081693041781424,0,0,0,1,0,0,0,-0.3548387096774192,0.0,0.7645192153054988,0.4998937725733282,-0.6402266288951841,0.0,0.5720535958435876,0.0,-1.619047619047619
1.41,0.5,0.7,0.166731945489606,0,0,1,0,0,0,0,10.79032258064516,-37.140555000000006,-0.2456304453507826,-0.2659434870090106,2.121813031161473,-1.09,0.9001914137270988,0.0,1.0476190476190477
1.281,2.286,1.0,0.039828736537767,0,0,0,1,0,0,0,9.628007258064514,530.508825,-0.3127013473226909,-0.386767811839984,2.586402266288952,0.0229999999999999,0.3314191960623462,0.0,-1.380952380952381
0.28994608,,1.0,1.7530045055566963,0,0,0,1,0,0,0,0.6693548387096774,0.0,0.5237386714490113,0.3619230913430895,-0.3059490084985836,0.0,0.3062619633579436,0.0,-0.0952380952380952
0.11151772,,1.0,0.0097349040037378,0,0,0,1,0,0,0,-0.943548387096774,0.0,-0.340796394927668,-0.4469050326805553,2.8413597733711047,0.0,0.020782061799289,0.0,-1.4285714285714286
,17.9,1.0,8.018823008917593,0,0,0,1,0,0,0,0.0,5493.106445,40.89407674351786,11.528550183086091,0.0,0.0,0.2067268252666119,0.0,1.523809523809524
1.86,0.867,1.0,0.1382703806367596,0,0,0,1,0,0,0,14.86188709677419,79.50805499999998,-0.2568177383350185,-0.2903882924878463,2.4475920679886687,-1.163,0.1936013125512715,0.0,1.3904761904761906
0.74939781,,0.9,6.957270894234004,0,0,0,0,1,0,0,4.82258064516129,0.0,24.18920098394367,6.479623080095478,-1.9441926345609064,0.0,-1.5936560021875854,-0.89758,1.238095238095238
0.25872112,,1.0,2.56853321239012,0,0,0,1,0,0,0,0.3870967741935483,0.0,1.0978973586322731,0.8308234500168714,-0.3314447592067989,0.0,1.3092698933552092,0.0,0.0
0.17842836,,1.0,1.2081297515561926,0,0,0,1,0,0,0,-0.3387096774193547,0.0,0.2474181031394497,0.1104765237387055,-0.7677053824362606,0.0,-0.4178288214383374,0.0,-1.619047619047619
,,0.9,1.2490532388063842,0,0,0,0,1,0,0,0.0,0.0,0.2446834766346834,0.1509679193171451,0.0,0.0,-0.2220399234345091,-0.1038999999999999,1.4285714285714288
,18.2,0.9,7.882993933680618,0,0,0,0,1,0,0,0.0,5588.4264524,36.57190256576576,11.228613919542097,0.0,0.0,-0.9592562209461308,0.0,-0.5238095238095238
,,0.5,6.432325595292618,0,0,0,0,0,1,0,0.0,0.0,14.91617274803914,6.12969743929415,0.0,0.0,-2.100082034454471,2.7280800000000003,-0.1904761904761904
0.17753621,,1.0,2.6963057347563844,0,0,0,1,0,0,0,-0.346774193548387,0.0,1.253088784740622,0.8813127210467776,-0.4872521246458923,0.0,0.3215750615258408,0.0,0.9047619047619048
,21.821,1.0,12.275884864077987,0,0,0,1,0,0,0,0.0,6739.28311415,560.6079690675757,62.0578127147981,0.0,0.0,0.0,0.0,0.0
,6.4,1.0,9.10706878409982,0,0,0,1,0,0,0,0.0,1838.0512498,69.77405874940698,20.526638089406003,0.0,0.0,-0.7634673229423025,1.7647,0.5714285714285715
0.07315563,,1.0,0.2581229520351858,0,0,0,1,0,0,0,-1.290322580645161,0.0,-0.1739626416598237,-0.2639439119187173,-0.7110481586402266,0.0,-1.7292863002461034,0.0,0.0
0.13560555,,1.0,0.2708867981330559,0,0,0,1,0,0,0,-0.725806451612903,0.0,-0.1932495580781919,-0.2189534723871177,0.8215297450424929,0.0,0.6354935739677331,0.0,0.0
0.18734977,,1.0,1.2317812318657737,0,0,0,1,0,0,0,-0.2580645161290321,0.0,0.2938177562249067,0.0859817288826124,-1.1643059490084986,0.0,-1.4591194968553458,0.0,0.0
0.13631926,0.01170443,1.0,0.3406125906566877,0,0,0,1,0,0,0,-0.7193548387096772,-192.330555,-0.1554202524873169,-0.1989577214841846,0.2804532577903683,4.404161,0.041564123598578,-0.12065,-1.4285714285714286
0.12668413,,1.0,0.0237832582280172,0,0,0,1,0,0,0,-0.8064516129032256,0.0,-0.3208966960439375,-0.4254096004599023,0.1388101983002833,0.0,-2.016953787257315,0.0,0.4285714285714286
0.22125078,,1.0,0.7298389293461018,0,0,0,1,0,0,0,0.0483870967741935,0.0,0.0236763036789588,-0.063986402889386,-0.3824362606232294,0.0,-0.4878315559201531,0.0,-2.095238095238096
1.426,2.111,1.0,0.1747155834581731,0,0,0,1,0,0,0,10.938737096774192,474.888575,-0.2468503560918325,-0.2499468862866641,2.6600566572237963,-0.93,0.7875307629204266,0.0,0.2857142857142857
0.21717586,,1.0,0.9592383893728292,0,0,0,1,0,0,0,0.0115483870967742,0.0,0.1447425471130125,0.0,0.1189801699716713,0.0,0.5961170358217118,0.0,0.0
,,1.0,0.24041759930143,0,0,0,1,0,0,0,0.0,0.0,-0.2063606114964528,-0.2349600709849157,1.2872521246458926,0.0,0.4386108832376265,0.16549,-0.0952380952380952
0.1982339,,0.5,0.8815060850053593,0,0,0,0,0,1,0,-0.1596774193548386,0.0,0.0831746330475314,0.0,0.0,0.0,-2.1372709871479354,0.0,0.4190476190476191
,0.91,1.0,3.0582279898514426,0,0,0,1,0,0,0,0.0,93.17329536999998,0.0,8.62916630216079,0.0,0.0,0.0,0.0,0.0
0.24712327,,1.0,0.887818840080184,0,0,0,1,0,0,0,0.282258064516129,0.0,0.0879980484549277,0.0,0.4475920679886686,0.0,0.7164342357123326,0.0,-0.0476190476190476
0.07850848,,1.0,0.1084696358306876,0,0,0,1,0,0,0,-1.2419354838709675,0.0,-0.2558551050118993,-0.3439269155304497,-0.3569405099150141,0.0,-1.697566311184031,0.0,0.0
0.765,0.353,1.0,0.1716686054858773,0,0,0,1,0,0,0,4.96361693548387,-83.856565,-0.2272178294579629,-0.2931876976142569,0.0674220963172803,-0.3440000000000001,-1.2819250751982498,-0.75802,1.0857142857142856
0.42863361,,1.0,0.819060371608582,0,0,0,1,0,0,0,1.9230208387096772,0.0,0.0370665054692684,0.0,-0.0074504249291784,0.0,0.0730325403336072,0.0,0.0
0.1409584,,1.0,1.1838933251889818,0,0,0,1,0,0,0,-0.6774193548387094,0.0,0.2155436468269776,0.1224739742804653,-0.4674220963172804,0.0,0.2351654361498496,0.0,-1.4285714285714286
0.08386133,,1.0,0.14518157049305,0,0,0,1,0,0,0,-1.193548387096774,0.0,-0.2412262808386283,-0.3089343514503168,0.2747875354107649,0.0,-0.6650259775772491,0.0,0.0
0.1314,,1.0,0.0150369160282575,0,0,0,1,0,0,0,-0.7638225322580644,0.0,-0.331542923613093,-0.4401564667508154,0.7535410764872521,0.0,-2.0639868744872847,-1.22494,0.0
0.22392759,0.0276879,0.9,0.3075970346146338,0,0,0,0,1,0,0,0.0725806451612901,-187.250555,-0.1697166294300826,-0.2139545346613844,0.1388101983002833,1.88,-0.4659557013945857,0.0,0.9047619047619048
,,0.5,3.1142501502596547,0,0,0,0,0,1,0,0.0,0.0,2.0580320066643187,0.9358011422572702,0.0,0.0,-1.9600765654908396,-1.02472,0.761904761904762
,0.01950738,0.9,0.0261109966469738,0,0,0,0,1,0,0,0.0,-189.850555,-0.3213946551061936,-0.4149118312358624,2.858356940509915,0.0,-1.073010664479081,-0.68983,-0.1428571428571428
0.18199692,,1.0,1.0297157055202872,0,0,0,1,0,0,0,-0.3064516129032256,0.0,0.1327339166087773,0.0754839596585725,-0.2747875354107649,0.0,0.3817336614711512,0.0,-0.8571428571428573
1.06,3.26,0.7,1.437971957404007,0,0,1,0,0,0,0,7.630257693548385,840.0700518199999,0.3026408854213999,0.2709424247347438,0.2691218130311614,0.0,0.7908121410992617,0.0,0.6666666666666666
0.75207552,,1.0,0.4896705269757436,0,0,0,1,0,0,0,4.846774193548386,0.0,-0.100184073986684,-0.1254733369159053,0.036827195467422,0.0,-0.0087503418102269,0.0,1.0952380952380951
0.10375609,,0.5,0.3373236607710658,0,0,0,0,0,1,0,-1.0137096774193546,0.0,-0.2364841026595275,0.0,0.0,0.0,-2.186491659830462,0.0,-0.1476190476190476
0.18186935,,1.0,2.283020551597169,0,0,0,1,0,0,0,-0.3076048387096773,0.0,2.4148959194622366,0.0,-1.4702549575070822,0.0,-1.1736395952966914,0.0,0.0
0.15880124,,1.0,0.5818569857075504,0,0,0,1,0,0,0,-0.5161290322580644,0.0,-0.0645815008953029,-0.0859817288826124,0.2691218130311614,0.0,0.4211101996171725,0.0,0.0
,,1.0,0.4827283875163216,0,0,0,1,0,0,0,0.0,0.0,-0.1058612210528981,-0.1239736555981853,0.0,0.0,0.2253213016133442,0.32787,0.5714285714285715
0.07493991,,1.0,0.0835337127548391,0,0,0,1,0,0,0,-1.2741935483870963,0.0,-0.2824557747127785,-0.3419273404401564,1.0878186968838528,0.0,-0.1739130434782608,0.0,1.4285714285714288
0.1302527,,1.0,0.9704169269203908,0,0,0,1,0,0,0,-0.7741935483870966,0.0,0.0964497784633255,0.0649861904345326,-0.0793201133144475,0.0,0.5315832649712879,0.0,0.0
0.20519261,,1.0,1.9322758728735472,0,0,0,1,0,0,0,-0.0967741935483871,0.0,0.6341674797294744,0.4504042890885685,-0.5297450424929179,0.0,0.7722176647525294,0.0,-1.3333333333333333
,,1.0,5.34770636043078,0,0,0,1,0,0,0,0.0,0.0,8.09073903156816,3.5302498219128435,0.0,0.0,0.1739130434782608,0.0,1.4285714285714288
0.22928044,,1.0,1.6614512468734832,0,0,0,1,0,0,0,0.1209677419354837,0.0,0.4622158409345786,0.3274304210355299,-0.5977337110481586,0.0,0.277823352474706,0.0,0.0
0.12579199,,1.0,0.0835175724021564,0,0,0,1,0,0,0,-0.8145161290322579,0.0,-0.2835941271076377,-0.3394278715772898,1.3909348441926346,0.0,0.1104730653541154,0.0,1.3333333333333337
0.42376735,,1.0,0.8275934987873637,0,0,0,1,0,0,0,1.879032258064516,0.0,0.0370317564007253,0.0079983003611732,0.1303116147308781,0.0,0.6562756357670222,0.0,-0.5714285714285715
,,1.0,3.683386216372609,0,0,0,1,0,0,0,0.0,0.0,2.7569373943299667,1.5156779184423308,0.0,0.0,-0.0360951599671862,-0.02052,1.1904761904761905
,,1.0,4.056607716925497,0,0,0,1,0,0,0,0.0,0.0,3.49646467051773,1.8890985665546072,0.0,0.0,0.2832923161060979,0.33007,0.761904761904762
0.13678926,,1.0,0.0736493712247849,0,0,0,1,0,0,0,-0.7151062822580644,0.0,-0.338930756343803,0.0,0.0826345609065154,0.0,-2.4271260596117035,0.0,0.0
,,1.0,1.8079389395034968,0,0,0,1,0,0,0,0.0,0.0,0.5109032109891968,0.4359073696839421,0.0,0.0,0.3467322942302434,0.6368699999999999,1.3809523809523812
0.62449925,0.1019418,1.0,0.6001128071426347,0,0,0,1,0,0,0,3.6935483870967736,-163.650555,-0.1036379208508574,0.0,-0.0906515580736544,-0.81,-0.2789171452009844,0.0,0.380952380952381
0.20430047,,1.0,2.478192637805654,0,0,0,1,0,0,0,-0.1048387096774192,0.0,1.0957597357101834,0.7063499006461127,-0.6770538243626062,0.0,0.5020508613617719,0.0,-0.761904761904762
0.23195686,,1.0,1.9297748016604817,0,0,0,1,0,0,0,0.1451612903225807,0.0,0.6463513089091298,0.4359073696839421,-0.6770538243626062,0.0,0.3040743779053869,0.0,0.0
1.32,0.68,0.7,0.4803377428805134,0,0,1,0,0,0,0,9.983870967741934,20.069445,-0.1226778184662185,-0.0989789669695189,1.2436260623229465,-0.96,0.5173639595296692,0.0,1.7142857142857146
0.24478826,0.05034163,1.0,1.4915747822452354,0,0,0,1,0,0,0,0.2611507258064517,-180.050555,0.3837963525886812,0.2359498606546108,-0.799801699716714,2.91,-0.4506426032266885,-0.34576,0.6857142857142857
0.20430047,,1.0,1.1165520835053873,0,0,0,1,0,0,0,-0.1048387096774192,0.0,0.2003233930385322,0.0779834285214392,-0.7308781869688386,0.0,-0.4036095159967186,0.0,-1.7142857142857142
0.08653775,,1.0,0.0732987723012432,0,0,0,1,0,0,0,-1.1693548387096773,0.0,-0.2839855932008717,-0.3614231975705163,0.4022662889518413,0.0,-1.170358217117856,0.0,0.9523809523809524
0.20519261,,1.0,0.386859665979758,0,0,0,1,0,0,0,-0.0967741935483871,0.0,-0.1286994584331652,-0.188959846032718,-0.141643059490085,0.0,-0.522832923161061,0.0,0.0
0.13382127,,1.0,0.2139066259668087,0,0,0,1,0,0,0,-0.7419354838709675,0.0,-0.2210474575836858,-0.2439481610157841,1.4079320113314449,0.0,0.5118949958982772,0.0,0.0
0.17575193,,1.0,0.4711038945380738,0,0,0,1,0,0,0,-0.3629032258064515,0.0,-0.1020613233406634,-0.1414699376382518,0.0878186968838526,0.0,0.2242275088870659,0.0,-1.3333333333333333
,,1.0,4.793748793216732,0,0,0,1,0,0,0,0.0,0.0,4.796391298220448,3.2803029356261795,0.0,0.0,-0.7831555920153132,1.66034,0.8095238095238095
0.23998614,,1.0,0.2853300821172442,0,0,0,1,0,0,0,0.2177419354838709,0.0,-0.186084303665787,-0.2134546408888111,0.7422096317280453,0.0,0.5961170358217118,0.0,-0.761904761904762
,7.7,1.0,2.2781882789184795,0,0,0,1,0,0,0,0.0,2251.2281789000003,0.0,3.430271067398178,0.0,0.0,0.0,0.0,0.0
1.117,1.942,1.0,1.0405883258192572,0,0,0,1,0,0,0,8.145526612903224,421.175305,0.1336450211023243,0.0844820475648924,0.461756373937677,0.5169999999999999,0.2307902652447361,0.1046,0.761904761904762
0.43179662,,1.0,2.016358729823193,0,0,0,1,0,0,0,1.951612903225806,0.0,0.6949848286027425,0.4883962158041416,-0.3172804532577903,0.0,0.2668854252119223,0.0,0.2857142857142857
0.09206903,0.00283172,0.5,0.053397102694126,0,0,0,0,0,1,0,-1.1193548387096772,-195.150555,-0.2728826048788477,-0.4193108964345077,-1.1770538243626063,0.0,-2.862455564670495,-2.6114,-0.3333333333333333
0.22571187,,1.0,1.1438897658637883,0,0,0,1,0,0,0,0.0887096774193547,0.0,0.2086932767850005,0.0934801354712123,-0.5439093484419264,0.0,-0.3500136724090785,0.0,0.0
0.32473905,,1.0,6.673474351705403,0,0,0,1,0,0,0,0.9838709677419356,0.0,20.501577639849977,5.6797930439781545,0.0,0.0,-0.0535958435876401,-0.13454,0.0
0.20519261,,1.0,1.4304918881147293,0,0,0,1,0,0,0,-0.0967741935483871,0.0,0.3359517508343602,0.2259519852031442,-0.5835694050991501,0.0,0.1739130434782608,0.0,0.0
1.3,0.86,1.0,0.1375110283591923,0,0,0,1,0,0,0,9.799758064516128,77.283245,-0.2581078418395899,-0.2889386005473837,2.198300283286119,-0.77,0.0579710144927536,0.0,1.7142857142857146
,3.0,0.9,9.311451873344597,0,0,0,0,1,0,0,0.0,757.434666,97.5407534670872,17.977179849282027,0.0,0.0,0.0,0.0,0.0
0.20965332,,1.0,3.1089698960988352,0,0,0,1,0,0,0,-0.0564516129032256,0.0,1.7961254747017643,1.1032655560693352,-1.0113314447592068,0.0,0.4429860541427399,0.0,-0.0952380952380952
0.2881618,,1.0,0.4122691493751374,0,0,0,1,0,0,0,0.6532258064516129,0.0,-0.1019904695136989,-0.1989577214841846,-0.8895184135977338,0.0,-1.8189773038009296,0.0,-0.4761904761904761
0.19983976,,1.0,0.2878175585361269,0,0,0,1,0,0,0,-0.1451612903225803,0.0,-0.192939212219857,-0.197957933939038,1.246458923512748,0.0,0.9537872573147388,0.0,1.0952380952380951
,4.6,1.0,2.988125727495121,0,0,0,1,0,0,0,0.0,1303.949445,0.0,7.979304397815464,0.0,0.0,0.0,0.0,0.0
1.074,1.09,0.7,3.233463115121674,0,0,1,0,0,0,0,7.756810701612903,150.38240863,1.8349718009741625,1.2957246585100666,-0.4305949008498583,0.0,0.6376811594202898,0.6501199999999999,2.128571428571429
0.36488599,0.02894644,1.0,0.7353808310249302,0,0,0,1,0,0,0,1.3467741935483868,-186.850555,-0.0030327681149229,-0.0249946886286664,0.5977337110481586,-0.6000000000000001,0.3500136724090785,0.0,0.261904761904762
0.11419415,0.0046566,1.0,0.2991854264429588,0,0,0,1,0,0,0,-0.9193548387096772,-194.570555,-0.2530240481817279,0.0,-0.5977337110481586,2.56,-2.2652447361225048,0.0,0.0
0.24266256,,1.0,0.8092832377253071,0,0,0,1,0,0,0,0.2419354838709679,0.0,0.0267250271653464,0.0044990439531599,0.0453257790368272,0.0,0.5315832649712879,0.0,0.0
0.12356164,0.0069849,0.5,0.1063369806326909,0,0,0,0,0,1,0,-0.8346774193548385,-193.830555,-0.2421938028026924,-0.3669220290688229,-0.7308781869688386,3.24,-2.3647798742138364,-1.92082,-2.095238095238096
0.18110478,,1.0,0.1099655503223884,0,0,0,1,0,0,0,-0.3145161290322581,0.0,-0.2536691378512689,-0.3449267030755964,-0.4390934844192634,0.0,-1.7796007656549084,0.0,-2.095238095238096
0.18199692,,1.0,1.8801452777815209,0,0,0,1,0,0,0,-0.3064516129032256,0.0,0.579310458162942,0.4459052451354087,-0.4249291784702549,0.0,0.8476893628657369,0.0,0.0
0.07583205,,1.0,0.3561569036172127,0,0,0,1,0,0,0,-1.2661290322580645,0.0,-0.139257547309663,-0.2059562343002112,-0.4759206798866855,0.0,-1.184577522559475,0.0,-0.0952380952380952
0.28905394,,1.0,6.264460215719746,0,0,0,1,0,0,0,0.6612903225806452,0.0,15.013850282644524,5.06492370371296,-1.7308781869688386,0.0,-0.1126606508066721,0.0,-1.238095238095238
1.438,1.15,1.0,0.2557307759518322,0,0,0,1,0,0,0,11.047188911290322,169.45211305,-0.2118489835779731,-0.2034067760600872,2.4305949008498584,-0.8530000000000001,1.403336067815149,0.7403599999999999,1.6047619047619048
0.31351535,0.0456221,1.0,2.2016814927391,0,0,0,1,0,0,0,0.8824092741935481,-181.550555,0.8787817917541906,0.540885061924341,-0.9830594900849858,0.5,-0.3981405523653267,-0.27416,0.8952380952380953
0.17039908,,1.0,0.2826862350113307,0,0,0,1,0,0,0,-0.4112903225806451,0.0,-0.1786091098758823,-0.2289513478385842,-0.065155807365439,0.0,-0.4933005195515449,0.0,0.0
0.20608475,,1.0,0.1561483334736172,0,0,0,1,0,0,0,-0.0887096774193547,0.0,-0.2453025495006613,-0.2839396628216504,1.226628895184136,0.0,0.5567404976756904,0.0,0.0
,,1.0,2.561867690924129,0,0,0,1,0,0,0,0.0,0.0,1.2034202942451515,0.7308446955022058,0.0,0.0,-0.3576702214930271,0.0,1.1428571428571428
0.16,,1.0,0.9166932266222754,0,0,0,1,0,0,0,-0.5360277258064514,0.0,0.1104525619019442,0.0,0.0,0.0,0.2854799015586546,0.0,0.2380952380952381
,,0.5,0.1681027807430083,0,0,0,0,0,1,0,0.0,0.0,-0.2093478232406674,-0.3239311646275166,0.0,0.0,-2.162428219852338,-1.76913,-1.238095238095238
0.08716225,,0.5,0.0052573496865544,0,0,0,0,0,1,0,-1.1637096774193547,0.0,-0.3394935292870119,-0.4822475224014896,-0.7308781869688386,0.0,-3.037462400875034,-3.05144,0.4285714285714286
0.13917412,,1.0,0.2298438172638864,0,0,0,1,0,0,0,-0.693548387096774,0.0,-0.2036977245696639,-0.2534461426946773,0.1983002832861189,0.0,-0.3314191960623462,0.0,-0.5714285714285715
,25.1,1.0,12.073697847730887,0,0,0,1,0,0,0,0.0,7781.4424607,565.5033748700266,50.160340927552895,0.0,0.0,0.0,0.0,0.0
0.23909359,0.02255923,1.0,0.2554297531478883,0,0,0,1,0,0,0,0.2096774193548388,-188.880555,-0.1928803396234319,-0.2389492232900508,0.4827195467422095,0.7199999999999998,-0.2756357670221493,0.0,0.0
0.15701695,,1.0,0.4774080940796612,0,0,0,1,0,0,0,-0.5322580645161289,0.0,-0.0393634154740268,-0.2094554907082245,-1.2974504249291785,0.0,-2.222586819797648,0.0,-1.619047619047619
0.36756241,,1.0,0.8051552999101163,0,0,0,1,0,0,0,1.3709677419354838,0.0,0.0408025432875605,-0.0174962820400665,0.2946175637393767,0.0,0.3489198796828001,0.0,-1.619047619047619
,,0.9,5.346947422662763,0,0,0,0,1,0,0,0.0,0.0,8.443062041979937,3.365284876963645,0.0,0.0,-0.6223680612523926,-0.29313,0.5714285714285715
0.1373896,,1.0,0.1267168799851187,0,0,0,1,0,0,0,-0.7096774193548385,0.0,-0.2559330023783302,-0.3124336078583301,0.8753541076487252,0.0,-0.1673502871205906,0.0,-0.0476190476190476
1.065,0.837,1.0,0.0567380827669968,0,0,0,1,0,0,0,7.675471774193547,69.97315499999999,-0.3003260762786428,-0.3665221140507642,2.86685552407932,-0.4800000000000001,-0.2307902652447361,0.25687,1.7142857142857146
0.10054421,0.00421609,1.0,0.4428364160114764,0,0,0,1,0,0,0,-1.0427419354838707,-194.710555,0.0414410944243954,-0.2934376445005436,-1.7348441926345608,3.87,-3.3010664479081213,-3.2538,0.2857142857142857
1.01484747,,1.0,0.8049196987751952,0,0,0,1,0,0,0,7.222101354838709,0.0,0.0270192495635179,0.0,-0.450226628895184,0.0,-0.561115668580804,0.0,0.0
0.26273575,,1.0,0.7039957181027023,0,0,0,1,0,0,0,0.4233870967741934,0.0,-0.0407084728037688,0.0,0.0,0.0,-0.1071916871752802,0.0,-0.2095238095238095
0.16772265,,1.0,0.474611312954511,0,0,0,1,0,0,0,-0.4354838709677419,0.0,-0.1020404108938293,-0.1379706812302385,-0.141643059490085,0.0,-0.3718895269346459,0.0,1.238095238095238
0.25604469,,1.0,0.1941640413849062,0,0,0,1,0,0,0,0.3629032258064517,0.0,-0.2218565913139192,-0.2704425309621705,0.4957507082152974,0.0,-0.0131255127153404,0.0,-0.8571428571428573
0.13560532,,1.0,0.1856311017035757,0,0,0,1,0,0,0,-0.725806451612903,0.0,-0.2267341945393443,-0.2739417873701838,0.3626062322946176,0.0,-0.3882964178288214,0.0,0.8095238095238095
0.1302527,,1.0,2.2449816829881057,0,0,0,1,0,0,0,-0.7741935483870966,0.0,0.9411839541978396,0.5403851681517677,-1.1076487252124645,0.0,-0.6026797921793821,0.0,0.0
1.413,1.85,0.3,0.0953928827479784,1,0,0,0,0,0,0,10.821223387096772,391.934945,-0.282317419952724,-0.3159328642663434,3.9348441926345608,0.0,2.103363412633306,0.83305,-1.0952380952380951
0.11597843,,1.0,0.4027073707502399,0,0,0,1,0,0,0,-0.9032258064516128,0.0,-0.1375319284374438,-0.1589662196783184,0.9745042492917848,0.0,0.2307902652447361,0.0,0.5714285714285715
0.11089322,,0.5,0.0750857491525252,0,0,0,0,0,1,0,-0.9491935483870964,0.0,-0.2609105982520202,-0.3939162927877826,-1.0368271954674222,0.0,-2.490566037735849,-2.20081,-0.0476190476190476
0.16950694,,1.0,0.4038749381645011,0,0,0,1,0,0,0,-0.4193548387096774,0.0,-0.1367371886605096,-0.1589662196783184,0.7790368271954674,0.0,0.1181296144380639,0.0,1.238095238095238
,,1.0,8.994893993773475,0,0,0,1,0,0,0,0.0,0.0,66.8146791873976,19.121936588474945,0.0,0.0,-0.8400328137817884,1.74137,0.5714285714285715
0.20162404,,1.0,0.3419496289941481,0,0,0,1,0,0,0,-0.1290322580645162,0.0,-0.1534756213874749,-0.2004574028019045,-0.0113314447592068,0.0,-0.3095433415367787,0.0,-0.6666666666666667
,,0.9,0.2743390489198109,0,0,0,0,1,0,0,0.0,0.0,-0.1784704728647565,-0.2389492232900508,0.0,0.0,-0.4068908941755537,-0.38207,-2.8095238095238093
0.11776272,,1.0,0.6227127690906373,0,0,0,1,0,0,0,-0.8870967741935482,0.0,-0.038242871189886,-0.0834822600197458,0.0764872521246459,0.0,0.1214109926168991,0.0,-0.4761904761904761
1.47,19.7,0.7,0.0572936876566999,0,0,1,0,0,0,0,11.336452927419352,6065.1690629,-0.3059163599882754,-0.3499256408013297,4.218130311614731,6.892422999999999,1.5564670494941208,0.7535999999999999,1.761904761904762
0.07743791,0.0066388,1.0,0.7774892940667599,0,0,0,1,0,0,0,-1.2516129032258063,-193.940555,0.0079298372995573,0.0,0.0,17.07,0.2636040470330872,0.32134,1.1904761904761905
0.2881618,,1.0,1.8391240570048784,0,0,0,1,0,0,0,0.6532258064516129,0.0,0.60428497269743,0.3764200107477161,-0.8328611898016998,0.0,-0.0689089417555373,0.0,-0.6666666666666667
0.21857474,,1.0,2.09526662985367,0,0,0,1,0,0,0,0.0241935483870969,0.0,0.7782043926154762,0.5033930289813413,-0.8130311614730878,0.0,0.2821985233798195,0.0,-1.0476190476190477
0.14006626,,1.0,1.3675059023598453,0,0,0,1,0,0,0,-0.6854838709677417,0.0,0.2811652867966552,0.2244523038854243,-0.2889518413597733,0.0,0.5808039376538146,0.0,0.4285714285714286
0.09010632,,1.0,0.9129136094942766,0,0,0,1,0,0,0,-1.137096774193548,0.0,0.1092964670803165,-0.0019995750902933,-0.5325779036827195,0.0,-0.0842220399234345,0.0,-3.809523809523809
,,1.0,6.508798942786799,0,0,0,1,0,0,0,0.0,0.0,16.51308513174346,5.979729307522152,0.0,0.0,0.2182007109652718,0.0,1.0338095238095235
0.13471341,,1.0,0.1891808419745055,0,0,0,1,0,0,0,-0.7338709677419353,0.0,-0.2241566270033867,-0.2734418935976105,1.0368271954674222,0.0,0.2176647525293956,0.0,-1.0476190476190477
0.18734977,,1.0,1.2281894744159836,0,0,0,1,0,0,0,-0.2580645161290321,0.0,0.2504388860618402,0.1254733369159053,-0.6883852691218131,0.0,-0.425485370522286,0.0,-0.0952380952380952
0.18021264,,1.0,0.6426737762864081,0,0,0,1,0,0,0,-0.3225806451612902,0.0,-0.0030355513331434,-0.1089768424209855,-0.8470254957507082,0.0,-1.3103636860814876,0.0,0.0
,,1.0,0.4893610900680615,0,0,0,1,0,0,0,0.0,0.0,-0.0970138614860147,-0.1304722746416386,0.0,0.0,0.2931364506426032,0.16675,-0.761904761904762
0.10170416,,1.0,0.2661875747132953,0,0,0,1,0,0,0,-1.0322580645161288,0.0,-0.1929180741686283,-0.225452091430571,0.8045325779036827,0.0,0.4714246650259776,0.0,-0.5714285714285715
0.21768259,,1.0,0.79067884073857,0,0,0,1,0,0,0,0.0161290322580645,0.0,0.0098584343119747,0.0099978754514665,0.3002832861189802,0.0,0.8378452283292316,0.0,0.4285714285714286
1.3265788,,1.0,0.1609904738506234,0,0,0,1,0,0,0,10.03999691129032,0.0,-0.3079395074501391,0.0,3.508611898016997,0.0,0.7590921520371889,0.0,0.0
1.167,0.98,1.0,0.1380396078342763,0,0,0,1,0,0,0,8.597484258064513,115.42128386,-0.2567517596913203,-0.290938175637677,2.048158640226629,-0.5700000000000001,0.4079846869018321,0.31017,1.342857142857143
,,1.0,2.546356421270872,0,0,0,1,0,0,0,0.0,0.0,1.1382602441411616,0.763337790719472,0.0,0.0,0.4375170905113481,0.2337,0.1904761904761905
0.20876118,,1.0,0.6893301363392612,0,0,0,1,0,0,0,-0.0645161290322581,0.0,-0.0155083050865215,-0.0514890585750528,-0.0793201133144475,0.0,0.2625102543068088,0.0,-0.5714285714285715
0.15434026,,0.5,1.521310245715771,0,0,0,0,0,1,0,-0.5564516129032256,0.0,0.5074225510263555,0.153967281952585,-1.4589235127478757,0.0,-2.102269619907028,-1.45199,0.0
,,1.0,10.191519563752196,0,0,0,1,0,0,0,0.0,0.0,158.44411688086691,26.975267755601934,0.0,0.0,-0.3029805851791086,0.0,0.9523809523809524
0.11687057,,1.0,0.0215175268777244,0,0,0,1,0,0,0,-0.8951612903225804,0.0,-0.3281286777857421,-0.4169114063261557,3.0424929178470257,0.0,0.1914137270987148,0.0,0.2857142857142857
0.57186288,0.24698862,1.0,0.3379314898930743,0,0,0,1,0,0,0,3.2177419354838706,-117.550555,-0.1722514175922409,-0.1739630328555181,1.7790368271954675,0.29,0.5829915231063714,0.5596199999999999,0.6857142857142857
,,1.0,4.1351905564543605,0,0,0,1,0,0,0,0.0,0.0,19.037627776475944,0.0,-1.6762039660056658,0.0,-0.1104730653541154,0.0,1.8571428571428568
,,1.0,7.048577528598063,0,0,0,1,0,0,0,0.0,0.0,21.79137662760437,7.979304397815464,0.0,0.0,-0.6901832102816516,0.0,0.0
0.08475332,,0.5,0.2824536544291491,0,0,0,0,0,1,0,-1.1854838709677418,0.0,-0.2600836353568412,0.0,-0.9943342776203966,0.0,-2.490566037735849,-2.36035,-1.0476190476190477
,,0.9,6.9371587293513794,0,0,0,0,1,0,0,0.0,0.0,19.45347332236573,7.979304397815464,0.0,0.0,-1.624172819250752,2.92687,-1.2857142857142856
0.25426041,0.03901476,1.0,0.3975614349691229,0,0,0,1,0,0,0,0.3467741935483872,-183.650555,-0.1215720065747125,-0.1879600584875714,-0.3314447592067989,1.5699999999999998,-1.18785890073831,-0.70596,0.0476190476190476
0.24,0.04889116,1.0,1.1418152406278694,0,0,0,1,0,0,0,0.2193548387096775,-180.511555,0.3096414356264942,0.0,-0.3741643059490086,3.3,-0.0262510254306808,-0.0992299999999999,-0.2380952380952381
,,1.0,0.430300799893114,0,0,0,1,0,0,0,0.0,0.0,-0.0695909760779283,-0.2189534723871177,-1.2691218130311614,0.0,-2.318840579710145,0.0,0.0
0.958,,1.0,0.5189683650814094,0,0,0,1,0,0,0,6.708228637096773,0.0,-0.0737501518991892,-0.1339715310496519,0.121813031161473,0.0,-1.6374077112387202,-0.30474,0.0
0.20269461,0.02013665,1.0,1.0786610570068482,0,0,0,1,0,0,0,-0.1193548387096775,-189.650555,0.1678457632397451,0.0794831098391591,-0.4079320113314447,1.702489,0.041564123598578,-0.12065,-1.4285714285714286
0.26853468,,1.0,2.235457322675153,0,0,0,1,0,0,0,0.475806451612903,0.0,0.9046232623924992,0.5593811315095542,-0.7648725212464589,0.0,0.1881323489198796,0.0,-0.761904761904762
0.44517875,,1.0,2.4669499665521046,0,0,0,1,0,0,0,2.07258064516129,0.0,1.0329616611295398,0.7458415086794056,-0.5552407932011332,0.0,1.0150396499863277,0.0,-0.4761904761904761
0.05352851,,1.0,0.091186667437121,0,0,0,1,0,0,0,-1.4677419354838706,0.0,-0.3329232688754969,0.0,0.0,0.0,-0.4457533497402239,0.0,0.0
0.2114376,,1.0,1.786833408445487,0,0,0,1,0,0,0,-0.0403225806451611,0.0,0.5119774019199058,0.4109126810552757,-0.0764872521246459,0.0,0.3215750615258408,0.0,0.9047619047619048
,7.5,1.0,10.229884317706558,0,0,0,1,0,0,0,0.0,2187.549445,0.0,12496.825424597271,-1.3824362606232294,0.0,0.0,0.0,0.0
,2.53,1.0,2.6127737953942005,0,0,0,1,0,0,0,0.0,608.025445,1.6287615258284842,0.5195895872127173,0.0,0.0,-2.522286026797922,-1.86608,0.0
0.07493991,,1.0,0.6231384075054108,0,0,0,1,0,0,0,-1.2741935483870963,0.0,-0.03378634713938,-0.0889810915180524,-0.4022662889518413,0.0,-0.3828274541974296,0.0,0.0
1.819,1.41,1.0,0.1073190435473687,0,0,0,1,0,0,0,14.491266935483871,252.089745,-0.327303234200274,0.0,5.070821529745042,-1.019,0.7908121410992617,0.0,1.523809523809524
1.1,2.78,0.7,0.345329301760313,0,0,1,0,0,0,0,7.991935483870966,687.4794449999999,-0.1746816942730315,-0.1604659009960383,1.8951841359773367,1.46,0.6595570139458573,0.0,1.0952380952380951
0.22660362,,1.0,1.1451267626876478,0,0,0,1,0,0,0,0.0967741935483871,0.0,0.3129190811035819,0.0,0.0,0.0,-1.2917692097347553,0.0,0.0
1.419,1.781,1.0,0.0753561490781333,0,0,0,1,0,0,0,10.875460483870969,370.004675,-0.2908491167321589,-0.3414274466675831,3.9348441926345608,-0.53,0.8455017774131802,0.0,1.3333333333333337
,,1.0,4.815504042361198,0,0,0,1,0,0,0,0.0,0.0,5.999069006923745,2.630441031280853,0.0,0.0,0.3587640142193054,0.0,-2.761904761904762
,,1.0,7.671075700785143,0,0,0,1,0,0,0,0.0,0.0,32.249728388013644,10.24382318757264,0.0,0.0,-0.821438337435056,1.08945,1.0952380952380951
0.27834824,,1.0,0.6202196694751997,0,0,0,1,0,0,0,0.5645161290322581,0.0,-0.0373703604373719,-0.086981516427759,-0.0113314447592068,0.0,-0.2548537052228602,0.0,0.8571428571428571
0.19627119,,1.0,0.9930009408137772,0,0,0,1,0,0,0,-0.1774193548387094,0.0,0.1085035887852156,0.0709849157054125,-0.0028328611898017,0.0,0.5698660103910309,0.0,0.0
0.12846842,,1.0,0.1970259684157203,0,0,0,1,0,0,0,-0.7903225806451611,0.0,-0.214482271470143,-0.2789407250959171,-0.1331444759206798,0.0,-0.8815969373803664,0.0,0.0
0.23820186,,1.0,0.0763518901114021,0,0,0,1,0,0,0,0.2016129032258064,0.0,-0.2850234556354856,-0.3524251096641964,1.206798866855524,0.0,-0.425485370522286,0.0,1.6190476190476193
0.14452697,,1.0,2.988953507386692,0,0,0,1,0,0,0,-0.6451612903225804,0.0,1.6529742800847642,1.0127847832335628,-1.0254957507082152,0.0,0.3314191960623462,0.0,-0.1904761904761904
0.26228968,,1.0,0.86463102259434,0,0,0,1,0,0,0,0.4193548387096774,0.0,0.0634445035347922,0.0084981941337465,-0.0708215297450425,0.0,0.0875034181022696,0.0,0.0
0.19181048,,1.0,0.9069937707194236,0,0,0,1,0,0,0,-0.2177419354838709,0.0,0.0702758926833802,0.0389917142607196,-0.1473087818696883,0.0,0.307355756084222,0.0,0.5714285714285715
0.17485979,,1.0,0.2443601396725986,0,0,0,1,0,0,0,-0.3709677419354837,0.0,-0.1817683732943033,-0.2689428496444505,-0.7195467422096318,0.0,-1.831009023789992,0.0,-0.8571428571428573
,,1.0,0.1355533071769528,0,0,0,1,0,0,0,0.0,0.0,-0.255981463119111,-0.2969369009085569,0.0,0.0,0.425485370522286,0.18523,0.761904761904762
0.18467335,,1.0,0.529151699090936,0,0,0,1,0,0,0,-0.282258064516129,0.0,-0.0956107828971855,-0.0919804541534923,1.2804532577903682,0.0,0.3478260869565217,0.0,0.761904761904762
1.17,10.0,0.3,5.208568077550169,1,0,0,0,0,0,0,8.624620967741935,2982.2494450000004,0.0,81.4636889660947,0.9603399433427762,0.0,1.993984140005469,0.0,-2.2857142857142856
,0.028034,0.5,0.2071685027361103,0,0,0,0,0,1,0,0.0,-187.140555,-0.1802387660033574,-0.31277353562368,-1.028328611898017,0.0,-2.493847415914684,-1.46527,-1.380952380952381
0.79846689,,1.0,2.6809830438795808,0,0,0,1,0,0,0,5.266129032258063,0.0,1.334620734562219,0.7923316295287249,-1.1189801699716715,0.0,-0.3347005742411812,0.0,0.761904761904762
0.17129122,,1.0,1.0066389449140498,0,0,0,1,0,0,0,-0.4032258064516128,0.0,0.1292180901925635,0.0584875713910794,-0.2492917847025495,0.0,-0.0601585999453103,0.0,0.5714285714285715
0.37469955,,1.0,0.1591707797848112,0,0,0,1,0,0,0,1.435483870967742,0.0,-0.2402241945786396,-0.2889386005473837,0.7280453257790368,0.0,0.1060978944490019,0.0,0.0
0.16058524,,0.5,0.4027901492770603,0,0,0,0,0,1,0,-0.4999999999999998,0.0,-0.1006710184137167,-0.2094554907082245,-1.0141643059490084,0.0,-2.0246103363412637,0.0,-0.4761904761904761
0.5,1.3,1.0,0.6123692768626973,0,0,0,1,0,0,0,2.5887096774193545,217.128445,-0.0965489003244686,0.0,0.0,0.0,-0.0382827454197429,0.0,-0.2857142857142857
0.08742989,,1.0,0.4694693645892872,0,0,0,1,0,0,0,-1.161290322580645,0.0,-0.1159590019812772,-0.121974080507892,1.6458923512747876,0.0,0.4659557013945857,0.0,-1.238095238095238
0.803,0.013,1.0,3.519270982507793,0,0,0,1,0,0,0,5.306451612903225,-192.050555,2.4303938608264173,1.4007023507504657,-1.0538243626062322,-1.3,0.4823625922887612,0.0,0.0
1.11,4.22,1.0,0.4198818432426109,0,0,0,1,0,0,0,8.082232725806449,1145.18532254,-0.1984441893087184,0.0,0.0,0.0,0.7908121410992617,0.0,-0.2857142857142857
0.29708321,,1.0,2.741030036869017,0,0,0,1,0,0,0,0.7338709677419355,0.0,1.366314037749466,0.8538185635552445,-0.7053824362606232,0.0,-0.0131255127153404,0.0,0.8571428571428571
1.19,4.189,1.0,0.1085382751969586,0,0,0,1,0,0,0,8.80541129032258,1135.339315,-0.2721447493672419,-0.3124336078583301,2.152974504249292,1.14,0.6354935739677331,0.0,0.9047619047619048
0.21232974,,1.0,1.843042956156346,0,0,0,1,0,0,0,-0.032258064516129,0.0,0.5742607245473504,0.4094129997375557,-0.6742209631728046,0.0,0.2154771670768389,0.0,0.6666666666666666
0.14631125,,1.0,0.8321514657610339,0,0,0,1,0,0,0,-0.629032258064516,0.0,0.1046144755040783,-0.0644862966619593,-1.2521246458923512,0.0,-2.0760185944763467,0.0,0.0
,,1.0,5.981946923630973,0,0,0,1,0,0,0,0.0,0.0,12.200734404560045,4.630016121574165,0.0,0.0,-0.0481268799562482,0.0,1.2857142857142858
1.26,0.658,1.0,0.1545575962284059,0,0,0,1,0,0,0,9.438177419354838,13.08158499999999,-0.2495666690207077,-0.2777909694189984,2.303116147308782,-0.8900000000000001,0.0240634399781241,0.0,1.666666666666667
1.03,2.34,1.0,3.096596650210285,0,0,0,1,0,0,0,7.359072677419354,547.66791738,1.7520384467513548,1.1157629003836684,-0.4957507082152974,0.0,0.2461033634126333,0.49076,0.5714285714285715
0.829,0.304,1.0,0.137294429888636,0,0,0,1,0,0,0,5.542133064516127,-99.43071927,-0.255694424912467,-0.2944874214229476,2.2974504249291785,-0.67,0.3598578069455838,0.3946,0.5476190476190477
1.2,0.549,1.0,0.5411419764694407,0,0,0,1,0,0,0,8.895787774193547,-21.56275955999999,-0.0877599883402161,-0.0919804541534923,2.138810198300283,-0.938,-0.9887886245556468,0.8937499999999999,1.6571428571428573
0.50852081,,1.0,2.748673267473669,0,0,0,1,0,0,0,2.6451612903225805,0.0,1.342607924821053,0.8843120836822175,-0.7620396600566572,0.0,0.8870659010117583,0.0,-1.238095238095238
0.10438059,,1.0,0.0911590548857458,0,0,0,1,0,0,0,-1.008064516129032,0.0,-0.2683383298870979,-0.3539247909819163,-0.0906515580736544,0.0,-1.412086409625376,0.0,0.0
0.14987982,,1.0,0.766440020583722,0,0,0,1,0,0,0,-0.596774193548387,0.0,0.0299156240544941,-0.0389917142607196,-0.4475920679886686,0.0,-0.3303254033360678,0.0,0.0
0.28548537,,1.0,2.421798266404637,0,0,0,1,0,0,0,0.6290322580645162,0.0,1.0553164119203475,0.665858505067673,-0.9575070821529744,0.0,0.1246923707957342,0.0,0.0
1.04,5.9,0.9,0.1339356540286188,0,0,0,0,1,0,0,7.449483870967741,1679.146445,-0.2531385628768177,-0.3054350950423035,0.8753541076487252,5.67,-0.4889253486464315,0.0,0.8095238095238095
0.28548537,0.17997133,0.9,0.0122792052356599,0,0,0,0,1,0,0,0.6290322580645162,-138.850555,-0.3375972745800668,-0.4394066260919554,3.002832861189802,8.27,-0.3565764287667487,0.0,1.3142857142857145
0.22737307,,1.0,0.5941569460630898,0,0,0,1,0,0,0,0.1037296693548386,0.0,-0.1070514888827123,0.0,0.0,0.0,0.4867377631938747,0.0,1.523809523809524
0.26585825,,1.0,1.3072682313860498,0,0,0,1,0,0,0,0.4516129032258064,0.0,0.2962516009914561,0.1504680255445717,-0.7563739376770539,0.0,-0.6715887339349194,0.0,0.8571428571428571
0.2221433,,1.0,3.0320789669006847,0,0,0,1,0,0,0,0.056451612903226,0.0,1.7865157229024182,0.9842908381968832,-1.0056657223796035,0.0,0.2307902652447361,0.0,-1.619047619047619
0.27210324,,1.0,4.891385751644244,0,0,0,1,0,0,0,0.5080645161290321,0.0,6.222486119421003,2.7654123498756515,-1.3427762039660056,0.0,0.2362592288761279,0.0,0.0
0.1409584,,1.0,0.0241673114226979,0,0,0,1,0,0,0,-0.6774193548387094,0.0,-0.3231912590423025,-0.4184110876438756,1.424929178470255,0.0,-0.7853431774678699,0.0,0.0
1.303,1.109,1.0,0.0816752900960991,0,0,0,1,0,0,0,9.826876612903224,156.42291500000002,-0.2863800442967277,-0.3371783496007098,2.7223796033994336,-0.7080000000000001,0.5797101449275363,0.0,0.0
1.201,0.65,1.0,0.3907511361131408,0,0,0,1,0,0,0,8.904827274193547,10.537909549999997,-0.2122265647848923,0.0,1.1869688385269122,-0.8326760000000001,0.2100082034454471,0.0,1.1428571428571428
,3.8,1.0,3.71148102052688,0,0,0,1,0,0,0,0.0,1003.949445,0.0,17.477286076708697,-2.141643059490085,0.0,0.0,0.0,0.0
,28.9,0.7,8.035790826725648,0,0,1,0,0,0,0,0.0,8989.1904073,42.27258835627062,11.338590549508227,0.0,0.0,0.425485370522286,0.0,-0.5476190476190477
0.1409584,,1.0,0.5042416972101254,0,0,0,1,0,0,0,-0.6774193548387094,0.0,-0.0767598913391181,-0.1439694065011185,-0.5750708215297451,0.0,-1.0675417008476893,0.0,0.0
0.15077196,,1.0,0.9949816168776584,0,0,0,1,0,0,0,-0.5887096774193548,0.0,0.1128115017528058,0.0674856592973992,-0.1841359773371104,0.0,0.4659557013945857,0.0,-0.5714285714285715
1.875,2.3,0.7,0.071400477130443,0,0,1,0,0,0,0,14.997450653225805,534.9547811,-0.3007420626226307,-0.32443105840009,4.762039660056657,0.0,1.884604867377632,0.0,-0.380952380952381
,16.054,1.0,10.207189791292585,0,0,0,1,0,0,0,0.0,4906.36669098,156.47533281684477,27.76010097854206,0.0,0.0,0.0,0.0,0.0
0.11419415,,1.0,0.0565948274808987,0,0,0,1,0,0,0,-0.9193548387096772,0.0,-0.2921642506022687,-0.3844183111088893,-0.1133144475920679,0.0,-1.8342904019688269,0.0,-0.380952380952381
0.08207704,,1.0,0.2809993563794692,0,0,0,1,0,0,0,-1.2096774193548383,0.0,-0.1844891848861352,-0.2214529412499844,0.263456090651558,0.0,-0.138911676237353,0.0,0.5714285714285715
1.29,11.0,1.0,0.7658695990709582,0,0,0,1,0,0,0,9.709342822580645,3300.0619220000003,0.0,0.0,0.6487252124645893,0.0,0.0,0.0,0.0
,10.5,0.5,7.417038631058317,0,0,0,0,0,1,0,0.0,3141.049445,0.0,749.321769124061,3.9348441926345608,0.0,0.0,0.0,0.0
0.29083822,,1.0,0.0650759055930517,0,0,0,1,0,0,0,0.6774193548387094,0.0,-0.2901367541242159,-0.3679218166139695,0.3512747875354107,0.0,-1.3038009297238171,0.0,1.9047619047619049
0.22928044,,1.0,0.2141466592851823,0,0,0,1,0,0,0,0.1209677419354837,0.0,-0.2126683388244682,-0.258944974192984,0.3286118980169972,0.0,-0.2362592288761279,0.0,-0.0952380952380952
,8.7,1.0,6.669889003288983,0,0,0,1,0,0,0,0.0,2603.949445,18.30416791600892,6.384643263306548,-1.5920679886685551,0.0,0.2515723270440251,0.27687,0.7523809523809524
0.21857474,,1.0,1.8793757767253525,0,0,0,1,0,0,0,0.0241935483870969,0.0,0.6475748997195421,0.3799192671557293,-0.5977337110481586,0.0,0.1793820071096527,0.0,-1.7142857142857142
0.19457612,,1.0,0.6476676056026954,0,0,0,1,0,0,0,-0.1927419354838708,0.0,-0.0756404809708241,0.0,0.0,0.0,-1.0653541153951327,0.0,-0.119047619047619
0.2007319,,1.0,0.3094513594866679,0,0,0,1,0,0,0,-0.1370967741935483,0.0,-0.1751383156030391,-0.2029568716647712,0.7223796033994334,0.0,0.2329778506972928,0.0,-0.4761904761904761
1.396,2.37,1.0,0.2588856900058863,0,0,0,1,0,0,0,10.667551612903225,557.206545,-0.2084827662739853,-0.2059562343002112,2.4589235127478752,-0.25,0.762373530216024,0.7403599999999999,0.6619047619047619
,0.0327,1.0,9.10063710688422,0,0,0,1,0,0,0,0.0,-185.650555,91.31944215062582,15.477710986415389,0.0,0.0,0.0,0.0,0.0
,0.31,1.0,2.7911959904033288,0,0,0,1,0,0,0,0.0,-97.52374883,0.0,6.379644325580813,0.0,0.0,0.0,0.0,0.0
,5.148,1.0,12.454512088534235,0,0,0,1,0,0,0,0.0,1440.13008424,593.7644090910389,70.12109926640589,0.0,0.0,0.0,0.0,0.0
0.45677659,,1.0,1.2239641239123704,0,0,0,1,0,0,0,2.177419354838709,0.0,0.2266519696287618,0.1474686629091318,-0.43342776203966,0.0,0.2603226688542521,0.0,-0.4761904761904761
,2.42,1.0,3.4774519782324784,0,0,0,1,0,0,0,0.0,572.949445,0.0,13.628104027894071,0.0,0.0,0.0,0.0,0.0
0.18467335,,1.0,0.7881170391320227,0,0,0,1,0,0,0,-0.282258064516129,0.0,0.0127297476104877,0.0034992564080132,0.490084985835694,0.0,0.5403336067815149,0.0,0.5714285714285715
0.48175656,0.05978069,1.0,1.1532135123863272,0,0,0,1,0,0,0,2.403225806451613,-177.050555,0.320968868559695,0.0,-0.3541076487252124,-0.6900000000000001,0.0525020508613617,0.0,1.7142857142857146
1.347,5.02,0.7,0.0119720598873991,0,0,1,0,0,0,0,10.224594354838707,1399.44804814,-0.3410210868195977,-0.4293587612632316,8.031161473087819,0.0,1.0533223954060706,0.6998899999999999,0.4190476190476191
0.232849,,1.0,1.7769662589250372,0,0,0,1,0,0,0,0.1532258064516128,0.0,0.5693294446992243,0.3434270217578763,-0.9121813031161472,0.0,-0.3314191960623462,0.0,-0.5714285714285715
1.175,1.595,1.0,0.0436520667637086,0,0,0,1,0,0,0,8.669818548387095,310.888295,-0.3097196898997321,-0.3819188422460227,2.668555240793201,-0.1100000000000001,0.2111019961717254,0.0,0.5238095238095238
0.21009939,0.03552231,1.0,2.477875870095545,0,0,0,1,0,0,0,-0.0524193548387096,-184.760555,1.1200645784714442,0.6858542559706061,-0.6572237960339944,3.42,0.1432868471424665,0.0,-0.6190476190476191
0.28370109,,1.0,0.6479946450910394,0,0,0,1,0,0,0,0.6129032258064517,0.0,-0.0457972566081816,-0.0484896959396128,0.6062322946175638,0.0,0.9548810500410172,0.0,-0.1904761904761904
0.23017258,0.0346728,1.0,0.5865097388678618,0,0,0,1,0,0,0,0.1290322580645162,-185.030555,-0.1114047368733029,0.0,-0.5609065155807366,3.17,-1.273174733388023,0.0,0.0
,,0.5,10.62232684601953,0,0,0,0,0,1,0,0.0,0.0,248.48941225070257,26.475373983028607,0.0,0.0,-2.154771670768389,-1.62813,-1.523809523809524
0.10081202,0.00395811,0.5,0.1924036150432955,0,0,0,0,0,1,0,-1.040322580645161,-194.792555,-0.2961145726804617,0.0,-0.2521246458923513,0.0,-2.3407164342357123,0.0,-0.4761904761904761
,5.98,1.0,3.157309404856539,0,0,0,1,0,0,0,0.0,1704.56331886,0.0,9.628953847307445,0.0,0.0,0.0,0.0,0.0
0.18467303,,1.0,0.430836528955259,0,0,0,1,0,0,0,-0.282258064516129,0.0,-0.1025685101793015,-0.1804616518989714,-0.7337110481586402,0.0,-1.618813234891988,0.0,1.0952380952380951
0.60754855,,1.0,0.0463385267591558,0,0,0,1,0,0,0,3.5403225806451606,0.0,-0.2977882711406771,-0.3999150180586625,-0.3852691218130311,0.0,-2.12086409625376,0.0,-0.5714285714285715
,,0.5,10.154479706670076,0,0,0,0,0,1,0,0.0,0.0,173.1788015777491,23.7259582338753,0.0,0.0,-2.0311730926989338,0.0,-0.6190476190476191
,,1.0,7.2249209081261405,0,0,0,1,0,0,0,0.0,0.0,22.91776141332159,9.129060074734118,0.0,0.0,-0.6639321848509707,0.0,-0.9047619047619048
0.24801541,,1.0,1.3289249119842956,0,0,0,1,0,0,0,0.2903225806451611,0.0,0.2934848037584349,0.1734631390829449,-0.623229461756374,0.0,-0.0131255127153404,0.0,-0.8571428571428573
,,0.5,7.51727625547469,0,0,0,0,0,1,0,0.0,0.0,28.304107263626303,9.978879488108776,0.0,0.0,-1.686628383921247,0.0,-0.3333333333333333
0.13738983,,1.0,0.3132480910730118,0,0,0,1,0,0,0,-0.7096774193548385,0.0,-0.1718476905059207,-0.2039566592099179,0.4589235127478753,0.0,0.3204812687995624,0.0,0.0
0.16326195,,1.0,4.095221688730817,0,0,0,1,0,0,0,-0.475806451612903,0.0,3.6436004185704607,1.8935976105077668,-1.141643059490085,0.0,0.4659557013945857,0.0,-0.4761904761904761
0.0981356,,1.0,0.6651505966647577,0,0,0,1,0,0,0,-1.0645161290322578,0.0,-0.0321768267771367,-0.0514890585750528,0.3172804532577903,0.0,0.859721082854799,0.0,-1.4285714285714286
0.12757627,,1.0,2.81789358760297,0,0,0,1,0,0,0,-0.7983870967741934,0.0,1.414329398127552,0.9308022045315368,-0.8101983002832861,0.0,0.5567404976756904,0.0,0.380952380952381
0.239094,,1.0,0.2733461791593062,0,0,0,1,0,0,0,0.2096774193548388,0.0,-0.1864852604349217,-0.2274516665208643,0.1104815864022662,0.0,-0.4145474432595023,0.0,1.0952380952380951
0.1900262,,1.0,2.04463324692998,0,0,0,1,0,0,0,-0.2338709677419354,0.0,0.7337974484653024,0.4848969593961283,-0.5127478753541076,0.0,-0.7098714793546623,0.0,2.380952380952381
0.34525827,0.05348771,0.9,4.716827654160785,0,0,0,0,1,0,0,1.1693548387096773,-179.050555,5.369079376772603,2.6454378444580526,-1.6090651558073654,0.27,-0.5217391304347826,0.0,-0.4761904761904761
,5.53,1.0,3.794641627756393,0,0,0,1,0,0,0,0.0,1563.949445,0.0,19.076946148943343,0.0,0.0,0.0,0.0,0.0
0.37966561,,1.0,0.3467897289504679,0,0,0,1,0,0,0,1.480374572580645,0.0,-0.2322801718035624,0.0,-0.6319546742209633,0.0,-2.000546896363139,0.0,0.0
0.08207704,,1.0,0.3129802343465001,0,0,0,1,0,0,0,-1.2096774193548383,0.0,-0.1804433548083116,-0.1894597398052913,1.0538243626062322,0.0,0.6672135630298058,0.0,1.3333333333333337
0.21946688,,1.0,1.705346693864354,0,0,0,1,0,0,0,0.032258064516129,0.0,0.4927615757710758,0.3424272342127298,-0.206798866855524,0.0,0.700027344818157,0.0,-1.4285714285714286
0.14086919,,1.0,0.0676089982693012,0,0,0,1,0,0,0,-0.6782258064516128,0.0,-0.3409756430873679,0.0,0.0,0.0,-0.3729833196609242,0.0,1.223809523809524
,,1.0,0.3213729279325778,0,0,0,1,0,0,0,0.0,0.0,-0.1703303781633234,-0.1969581463938913,0.0,0.0,0.3193874760732841,0.07995,0.2857142857142857
,,1.0,7.046783909071291,0,0,0,1,0,0,0,0.0,0.0,19.116212761525983,9.129060074734118,0.0,0.0,-0.7394038829641782,2.0138700000000003,0.0
0.71,0.14,0.5,0.1642308743835557,0,0,0,0,0,1,0,4.419354838709677,-152.050555,-0.2204962166573036,-0.31393328917605,-0.7025495750708215,-0.8400000000000001,-2.298058517910856,0.0,0.9523809523809524
0.24444643,0.02004216,1.0,0.1519018893402435,0,0,0,1,0,0,0,0.2580645161290324,-189.680555,-0.3112920356347975,0.0,-0.7478753541076487,0.3499999999999998,-2.874487284659557,-2.52597,0.0
,,1.0,0.1286373614353508,0,0,0,1,0,0,0,0.0,0.0,-0.2617792341098965,-0.2969868902858142,0.0,0.0,0.6554006015859992,0.0,0.8357142857142857
0.14363483,,1.0,0.085215504605131,0,0,0,1,0,0,0,-0.6532258064516127,0.0,-0.2832428137505651,-0.3364285089418498,1.586402266288952,0.0,0.4451736395952967,0.0,0.4285714285714286
,2.83,1.0,11.279744203985432,0,0,0,1,0,0,0,0.0,703.4038368099999,323.800022923656,39.47261206993514,0.0,0.0,0.0,0.0,0.0
,,1.0,7.8612647213389,0,0,0,1,0,0,0,0.0,0.0,38.24183349807908,10.478773260682106,0.0,0.0,0.0,0.40889,1.9523809523809528
0.4398259,0.06292704,1.0,0.7189188858422693,0,0,0,1,0,0,0,2.024193548387096,-176.050555,-0.0311193692092443,0.0,0.7988668555240793,-0.53,0.5753349740224227,0.0,-0.1904761904761904
0.20430047,,1.0,3.2700728068115965,0,0,0,1,0,0,0,-0.1048387096774192,0.0,2.339439988780054,1.0142844645512827,-1.5835694050991502,0.0,-1.465682253213016,0.0,-2.1904761904761902
,,1.0,2.71468149870005,0,0,0,1,0,0,0,0.0,0.0,1.4126528169408787,0.7808340727595385,0.0,0.0,-0.1115668580803937,0.0,1.9523809523809528
0.24623113,,1.0,1.9492973594100964,0,0,0,1,0,0,0,0.2741935483870966,0.0,0.6463769341630048,0.4579026956771685,-0.6402266288951841,0.0,0.4429860541427399,0.0,-0.0952380952380952
0.30511196,0.07047793,1.0,0.0534007091583129,0,0,0,1,0,0,0,0.8064516129032256,-173.650555,-0.2939608693058059,-0.3889173550620493,1.6543909348441923,1.75,-0.1968826907301066,-0.19498,0.8571428571428571
0.15077196,,1.0,0.1588597551202853,0,0,0,1,0,0,0,-0.5887096774193548,0.0,-0.23913697032816,-0.2914380694102503,0.4192634560906516,0.0,-0.3948591741864916,0.0,0.380952380952381
1.06,2.192,1.0,0.1257355527216836,0,0,0,1,0,0,0,7.630274193548385,500.632805,-0.2578598642997651,-0.3103840433907794,1.3654390934844192,0.3899999999999999,-0.2876674870112113,0.0,1.523809523809524
0.10438059,,1.0,0.042600367796699,0,0,0,1,0,0,0,-1.008064516129032,0.0,-0.3102613892991796,-0.383918417336316,2.543909348441926,0.0,0.5501777413180202,0.0,0.0
,,1.0,7.392167736493329,0,0,0,1,0,0,0,0.0,0.0,30.34076845361057,8.129272529587462,0.0,0.0,-0.8105004101722724,0.0,-0.1428571428571428
0.551,0.531,0.7,4.512865010631943,0,0,1,0,0,0,0,3.032258064516129,-27.050555000000003,4.165975999400286,2.740417661246985,-0.9348441926345608,0.0,0.9078479628110472,0.0,1.0952380952380951
0.21857474,,1.0,0.7282976933089341,0,0,0,1,0,0,0,0.0241935483870969,0.0,0.0311910256181125,-0.0739842783408526,-0.8441926345609065,0.0,-1.1780147662018048,0.0,0.0
,,1.0,0.7151395654487591,0,0,0,1,0,0,0,0.0,0.0,-0.0097354124648158,-0.034992564080133,0.0,0.0,-1.0467596390484004,-0.22313,0.0
0.21679045,,1.0,0.2586458425437773,0,0,0,1,0,0,0,0.0080645161290324,0.0,-0.2019548165095774,-0.2189534723871177,1.28328611898017,0.0,1.0041017227235438,0.0,-0.380952380952381
0.10794916,,1.0,0.881878551005161,0,0,0,1,0,0,0,-0.975806451612903,0.0,0.1401797247550411,-0.0584875713910794,-1.3456090651558077,0.0,-2.1974295870932457,0.0,0.1904761904761905
0.1642433,0.01969616,0.9,0.0183716620704846,0,0,0,0,1,0,0,-0.4669354838709676,-189.790555,-0.3299189242947916,-0.4272592074184236,1.4674220963172804,4.14,-0.974569319114028,-0.54825,0.8095238095238095
1.426,0.892,1.0,0.132282246366088,0,0,0,1,0,0,0,10.938709677419354,87.44144500000002,-0.2605854954432426,-0.2929377507279703,2.382436260623229,-0.95,0.8236259228876128,0.42687,0.4285714285714286
0.25840541,0.03429524,1.0,0.3896727283297657,0,0,0,1,0,0,0,0.3842429354838708,-185.150555,-0.1493101061809576,-0.1539672819525851,0.900453257790368,1.11,0.4703308722996992,0.33565,1.119047619047619
0.15880124,,1.0,1.5856184964729134,0,0,0,1,0,0,0,-0.5161290322580644,0.0,0.4618873556970694,0.251446567604384,-0.8753541076487252,0.0,-0.4375170905113481,0.0,-0.9523809523809524
0.2605054,,1.0,0.6848767668386303,0,0,0,1,0,0,0,0.4032258064516128,0.0,-0.0327391907532779,-0.0314933076721196,0.4079320113314447,0.0,0.8378452283292316,0.0,0.4285714285714286
1.676,3.58,1.0,0.2729119138477725,0,0,0,1,0,0,0,13.198616129032256,941.780845,-0.2062977729777822,-0.191209368009298,3.169971671388102,-0.31,1.9874213836477987,1.02687,-0.2333333333333333
1.337,1.98,1.0,0.0146466347209685,0,0,0,1,0,0,0,10.13422016129032,433.252845,-0.3356062781425827,-0.4308584425809515,3.538243626062323,-0.31,0.0251572327044025,-0.0046499999999999,1.4285714285714288
0.1450286,,1.0,0.2784047639681342,0,0,0,1,0,0,0,-0.6406268387096773,0.0,-0.2617742949063898,0.0,0.6966572237960342,0.0,-0.3543888433141919,0.0,0.0
0.12579199,,1.0,2.022647255752272,0,0,0,1,0,0,0,-0.8145161290322579,0.0,0.7571658103315938,0.4394066260919554,-0.9348441926345608,0.0,-0.4768936286573694,0.0,0.4285714285714286
,,1.0,0.1839985615018439,0,0,0,1,0,0,0,0.0,0.0,-0.2283215130061237,-0.2734418935976105,0.0,0.0,-0.2701668033907574,-0.30755,0.5523809523809524
0.19359443,,1.0,0.8129707258487104,0,0,0,1,0,0,0,-0.2016129032258064,0.0,0.0148819889769841,0.024494794856093,0.6345609065155807,0.0,1.0861361771944216,0.0,-0.0476190476190476
0.2792399,,1.0,1.0698833291451664,0,0,0,1,0,0,0,0.5725806451612901,0.0,0.1560453436534001,0.0849819413374657,-0.2577903682719547,0.0,0.1487558107738583,0.0,-0.380952380952381
0.12222342,,1.0,1.892056656848116,0,0,0,1,0,0,0,-0.8467741935483868,0.0,0.6503958161397051,0.3909169301523426,-0.9660056657223796,0.0,-0.316106097894449,0.0,0.0
0.14541911,,1.0,0.1502608309339931,0,0,0,1,0,0,0,-0.6370967741935483,0.0,-0.2418307499621407,-0.2999362635439969,0.6770538243626062,0.0,-0.3554826360404703,0.0,0.2857142857142857
0.0597735,,1.0,0.0712979282656934,0,0,0,1,0,0,0,-1.411290322580645,0.0,-0.2685169913771407,-0.3909169301523426,-0.9291784702549576,0.0,-2.381186765108012,0.0,-0.6666666666666667
,27.454,1.0,13.67854762362356,0,0,0,1,0,0,0,0.0,8529.61053078,1330.8223397452566,106.70332554332204,0.0,0.0,0.0,0.0,0.0
,,1.0,2.7010962127412883,0,0,0,1,0,0,0,0.0,0.0,1.396467584394948,0.7738355599435119,0.0,0.0,-0.1607875307629204,-0.1807399999999999,0.0
,3.42,0.9,9.23009397846302,0,0,0,0,1,0,0,0.0,890.92259694,85.2618495530187,18.97696739442868,0.0,0.0,-0.9045665846322122,1.67347,-1.809523809523809
,,1.0,4.211342104273957,0,0,0,1,0,0,0,0.0,0.0,3.666077263250729,2.1805366359648577,0.0,0.0,-1.1780147662018048,2.01687,-0.8571428571428573
0.2108131,0.01510249,0.9,0.9727470170572358,0,0,0,0,1,0,0,-0.0459677419354838,-191.250555,0.1500075610207743,0.0059987252708799,-0.8271954674220963,0.6699999999999999,-1.314738856986601,-0.8380000000000001,-1.2857142857142856
0.14889821,0.01500802,0.9,0.1131703245543153,0,0,0,0,1,0,0,-0.6056451612903224,-191.280555,-0.257001430737573,-0.3339290400789831,0.1756373937677053,4.29,-1.3792726278370249,-0.8525600000000001,-1.0000000000000002
0.14858712,,1.0,0.8812628198582825,0,0,0,1,0,0,0,-0.6084572741935483,0.0,0.0829893689452759,0.0,0.0,0.0,0.1050041017227235,0.0,-0.380952380952381
0.03746995,,1.0,0.4092240291322691,0,0,0,1,0,0,0,-1.6129032258064513,0.0,-0.1094900091284346,-0.1924591024407313,-0.4022662889518413,0.0,-0.5961170358217118,0.0,-4.476190476190476
0.08102328,,1.0,0.0588488154169318,0,0,0,1,0,0,0,-1.2192016129032257,0.0,-0.2959877692583347,-0.3709211792494095,0.0,0.0,-1.1561389116762373,-0.33664,0.0809523809523809
0.04282281,,1.0,0.0770746420527443,0,0,0,1,0,0,0,-1.5645161290322578,0.0,-0.285191237820198,-0.350425534573903,1.178470254957507,0.0,0.0656275635767022,0.0,-0.761904761904762
,4.27,1.0,3.3954152097459858,0,0,0,1,0,0,0,0.0,1161.07674289,0.0,12.478348350975416,0.0,0.0,0.0,0.0,0.0
,3.9,1.0,8.84271930869431,0,0,0,1,0,0,0,0.0,1043.4802323,68.43156525480215,15.952610070360048,0.0,0.0,0.1695378725731474,0.0,1.1428571428571428
0.19091834,,1.0,2.294972257395367,0,0,0,1,0,0,0,-0.225806451612903,0.0,0.9242302128881096,0.6158691278103403,-0.7677053824362606,0.0,0.5283018867924528,0.0,-0.9523809523809524
,,0.9,1.902307506399587,0,0,0,0,1,0,0,0.0,0.0,0.6857417052280238,0.3709211792494094,0.0,0.0,-1.024883784522833,0.21687,0.5238095238095238
0.31314176,,1.0,0.9640730756012248,0,0,0,1,0,0,0,0.8790322580645159,0.0,0.0871460562420102,0.0709849157054125,0.348441926345609,0.0,0.3347005742411812,0.0,0.0
0.14898768,,1.0,1.142999313256587,0,0,0,1,0,0,0,-0.6048387096774193,0.0,0.251058761476978,0.0504892710299061,-1.2152974504249292,0.0,-1.7511621547716707,0.0,-0.8571428571428573
0.23195646,,1.0,0.8408764920318555,0,0,0,1,0,0,0,0.1451612903225807,0.0,0.0866397069883378,-0.0389917142607196,-0.8753541076487252,0.0,-1.1955154498222589,0.0,-0.9761904761904764
0.20519261,,1.0,2.516182262256783,0,0,0,1,0,0,0,-0.0967741935483871,0.0,1.2227652980649693,0.6558606296162064,-1.178470254957507,0.0,-0.5808039376538146,0.0,0.0
,,1.0,7.059832381862487,0,0,0,1,0,0,0,0.0,0.0,22.721298950696493,7.729357511528798,0.0,0.0,-0.5086136177194421,1.16988,-1.380952380952381
0.11776272,,1.0,1.1002883324899655,0,0,0,1,0,0,0,-0.8870967741935482,0.0,0.1642870254924448,0.1034780109226789,0.0396600566572237,0.0,0.5206453377085042,0.0,-0.761904761904762
0.18288907,,1.0,0.5506622887268108,0,0,0,1,0,0,0,-0.2983870967741935,0.0,-0.0672587547945462,-0.1124760988289988,-0.2322946175637393,0.0,-0.2909488651900465,0.0,-0.0952380952380952
0.17307551,,1.0,0.5886400707388574,0,0,0,1,0,0,0,-0.3870967741935483,0.0,-0.0433654363873097,-0.1084769486484121,-0.3059490084985836,0.0,-0.5742411812961444,0.0,0.1904761904761905
0.20180247,,0.9,0.5027271249901021,0,0,0,0,1,0,0,-0.1274193548387096,0.0,-0.1569807865716919,0.0,0.0,0.0,-1.491933278643697,0.0,-0.3714285714285714
,,0.9,7.454621564894778,0,0,0,0,1,0,0,0.0,0.0,26.56214009501712,9.978879488108776,0.0,0.0,-0.7951873120043752,1.24171,1.0476190476190477
0.13828198,,1.0,2.641814414697911,0,0,0,1,0,0,0,-0.7016129032258063,0.0,1.4218019624966007,0.6768561680642863,-1.4192634560906516,0.0,-1.2819250751982498,0.0,-1.523809523809524
0.19091834,,1.0,1.6356510464943557,0,0,0,1,0,0,0,-0.225806451612903,0.0,0.4329789946884542,0.3309296774435433,-0.1019830028328611,0.0,0.3500136724090785,0.0,0.0
0.26585825,,1.0,1.0115307844930808,0,0,0,1,0,0,0,0.4516129032258064,0.0,0.1356126574981273,0.0554882087556394,-0.4759206798866855,0.0,-0.1279737489745693,0.0,-0.380952380952381
0.1049,,1.0,0.7169925297874757,0,0,0,1,0,0,0,-1.0033676612903224,0.0,-0.0187667591279476,-0.0204956446755064,0.7223796033994334,0.0,0.6212742685261143,0.35525,0.6619047619047619
1.254,1.06,1.0,0.1075256917204993,0,0,0,1,0,0,0,9.383940322580644,140.84924500000002,-0.2717347729409606,-0.3153829811165127,2.0623229461756374,-0.67,0.4189226141646158,0.21437,0.0
0.17664407,,1.0,4.838085480328425,0,0,0,1,0,0,0,-0.3548387096774192,0.0,6.068984234473112,2.667933064223852,-1.5155807365439091,0.0,-0.0448455017774131,0.0,-0.4761904761904761
,7.693,0.7,5.253067960489656,0,0,1,0,0,0,0,0.0,2249.015635,7.419812518079829,3.4802604446555105,0.0,0.0,0.0,0.0,0.0
,,1.0,3.5218415056842165,0,0,0,1,0,0,0,0.0,0.0,3.117619555089003,1.0257820213204694,0.0,0.0,0.0,0.0,0.0
,,1.0,0.0777438272716956,0,0,0,1,0,0,0,0.0,0.0,-0.2895072912099271,-0.3389279778047164,0.0,0.0,0.7426852611430134,0.26991,0.9523809523809524
0.19894762,,1.0,0.5292213972248776,0,0,0,1,0,0,0,-0.1532258064516128,0.0,-0.0431193422676265,-0.1619655823137583,-0.9943342776203966,0.0,-1.8277276456111569,0.0,-1.4285714285714286
0.24717908,0.05065626,1.0,0.6477566662267962,0,0,0,1,0,0,0,0.2827625322580646,-179.950555,-0.0239757976057332,-0.0789832160665858,-0.3493484419263457,2.77,-0.4211101996171725,-0.35092,0.1904761904761905
1.17,1.236,0.7,0.7730479150788472,0,0,1,0,0,0,0,8.624620967741935,196.787325,0.0048879435032454,0.0,1.2492917847025495,0.0,0.7853431774678699,0.0,0.0
0.15969338,,1.0,0.0466693727660157,0,0,0,1,0,0,0,-0.5080645161290321,0.0,-0.2983978594210906,-0.3979154429683692,-0.036827195467422,0.0,-2.0399234345091606,0.0,0.9523809523809524
0.26,,1.0,1.233663272869966,0,0,0,1,0,0,0,0.384720935483871,0.0,0.4046979939873651,0.0,0.0,0.0,0.3193874760732841,0.0,0.1904761904761905
0.0490678,,1.0,0.210880028042763,0,0,0,1,0,0,0,-1.5080645161290318,0.0,-0.2120176354692639,-0.2644438056912906,0.6090651558073654,0.0,-0.1268799562482909,0.0,-0.4761904761904761
0.21143724,,1.0,0.5750703953258789,0,0,0,1,0,0,0,-0.0403225806451611,0.0,-0.0354952431267806,-0.1304722746416386,-0.7025495750708215,0.0,-1.509433962264151,0.0,-0.4761904761904761
0.31615817,,1.0,0.6464426511774937,0,0,0,1,0,0,0,0.9062990483870969,0.0,-0.0763784929470997,0.0,0.0829745042492916,0.0,0.3401695378725731,0.0,0.0
0.12846842,,1.0,0.2515042265075275,0,0,0,1,0,0,0,-0.7903225806451611,0.0,-0.2013245795004421,-0.2294512416111576,1.226628895184136,0.0,0.5851791085589281,0.0,-0.1904761904761904
0.23079005,,1.0,0.9806185310225736,0,0,0,1,0,0,0,0.1346138467741936,0.0,0.1625328936448345,0.0,-1.3689235127478754,0.0,-2.2914957615531857,0.0,0.0
,,0.9,6.4676142504867,0,0,0,0,1,0,0,0.0,0.0,15.585782308153007,6.079708062036818,0.0,0.0,-0.750341810226962,1.04687,0.0476190476190476
0.33187674,,1.0,1.310149027901241,0,0,0,1,0,0,0,1.0483870967741935,0.0,0.2782645496425522,0.1719634577652248,-0.405099150141643,0.0,0.4309543341536779,0.0,-1.7142857142857142
0.19181048,,1.0,1.2782562360857208,0,0,0,1,0,0,0,-0.2177419354838709,0.0,0.23009613878477,0.1959583588487445,0.1189801699716713,0.0,0.9548810500410172,0.0,0.0
0.12489985,0.01006833,1.0,0.0686442461599176,0,0,0,1,0,0,0,-0.8225806451612901,-192.850555,-0.3406260503760477,0.0,1.5410764872521243,4.57,-1.471151216844408,0.0,0.761904761904762
,,1.0,6.432045802305423,0,0,0,1,0,0,0,0.0,0.0,16.853620066960293,5.3798567804341575,-1.773371104815864,0.0,-0.4495488105004102,-0.38767,-0.0952380952380952
1.754,0.432,1.0,0.2194722992035284,0,0,0,1,0,0,0,13.903698387096773,-58.747995,-0.2177248876901446,-0.2424484796980641,1.8951841359773367,-1.22,0.404703308722997,0.0,0.4285714285714286
0.96797383,,1.0,0.1779156322337456,0,0,0,1,0,0,0,6.798387096774192,0.0,-0.2293714389235615,-0.2804404064136371,0.5892351274787535,0.0,0.0787530762920426,0.0,-1.3333333333333333
0.17039908,,1.0,0.0641513812215835,0,0,0,1,0,0,0,-0.4112903225806451,0.0,-0.2964944763356391,-0.3559243660722097,2.0679886685552407,0.0,0.6333059885151764,0.0,0.0
0.14452697,,1.0,0.1340341669596718,0,0,0,1,0,0,0,-0.6451612903225804,0.0,-0.2553225879732613,-0.3009360510891435,1.3739376770538243,0.0,0.5195515449822259,0.0,-0.4761904761904761
0.23730971,,1.0,0.359979009456028,0,0,0,1,0,0,0,0.1935483870967743,0.0,-0.1413553735510613,-0.1989577214841846,0.0056657223796034,0.0,0.0973475526387749,0.0,-4.0
0.83,0.4,0.5,0.2867979647437123,0,0,0,0,0,1,0,5.551172564516128,-68.9191922,-0.1538865682728341,-0.258944974192984,-0.6968838526912181,-0.4,-2.097894449001914,-1.28293,1.885714285714286
0.20965332,,1.0,0.8925658227077343,0,0,0,1,0,0,0,-0.0564516129032256,0.0,0.0965152574374938,-0.0054988314983066,-0.4815864022662889,0.0,-0.3489198796828001,0.0,-1.4285714285714286
0.32206318,,1.0,1.767298914268312,0,0,0,1,0,0,0,0.9596774193548384,0.0,0.531565305707202,0.3694214979316894,-0.3002832861189802,0.0,0.0164068908941755,0.0,0.8571428571428571
0.08832204,0.00692197,0.5,0.2384870311696712,0,0,0,0,0,1,0,-1.1532258064516123,-193.850555,-0.2780810409324002,0.0,-0.9150141643059492,10.57,-2.337435056056877,-1.91852,-1.619047619047619
,1.1,1.0,9.880884006326276,0,0,0,1,0,0,0,0.0,153.56069269999998,153.5325553152395,20.276691203119334,0.0,0.0,0.0,0.0,0.0
0.1623698,,1.0,1.4692659830257424,0,0,0,1,0,0,0,-0.4838709677419353,0.0,0.3438112316516772,0.255945611557544,-0.3881019830028329,0.0,0.5742411812961444,0.0,0.0
,,0.5,0.4227426153298912,0,0,0,0,0,1,0,0.0,0.0,-0.1970689193265989,0.0,-0.7875354107648725,0.0,-2.3407164342357123,0.0,-0.4761904761904761
,1.47,1.0,7.882973947056572,0,0,0,1,0,0,0,0.0,271.15720329,37.39049616003699,10.973668095529698,0.0,0.0,0.3106371342630571,0.0,1.2523809523809524
0.54420649,,1.0,1.3036943659346885,0,0,0,1,0,0,0,2.96774193548387,0.0,0.297466751774474,0.1459689815914118,-0.71671388101983,0.0,-0.4331419196062346,0.0,0.0
0.23144375,,1.0,0.5493038911823247,0,0,0,1,0,0,0,0.1405266370967741,0.0,-0.1321159734019594,0.0,0.0,0.0,-0.484550177741318,0.0,0.6190476190476191
,,0.5,0.261728370021774,0,0,0,0,0,1,0,0.0,0.0,-0.1404025963567671,-0.2989364759988502,0.0,0.0,-2.5058791359037462,0.0,0.8571428571428571
0.639,0.138,1.0,1.337554095505505,0,0,0,1,0,0,0,3.824627959677419,-152.19023483,0.239057446579976,0.2449479485609307,0.6118980169971672,-0.68,0.5665846322121958,0.66336,0.9285714285714284
282.23262085,,1.0,0.1129600658637748,0,0,0,1,0,0,0,2549.2903225806444,0.0,-0.2636563121813522,-0.3219315895372234,0.9405099150141644,0.0,-0.0787530762920426,0.0,-0.0952380952380952
0.18734945,,0.5,1.7642291641942005,0,0,0,0,0,1,0,-0.2580645161290321,0.0,0.5327956780743867,0.3649224539785295,-1.3144475920679888,0.0,-1.8058517910855891,-1.01889,0.0
,13.0,1.0,0.7658695990709582,0,0,0,1,0,0,0,0.0,3935.569445,0.0,0.0,0.0,0.0,0.0,0.0,0.0
0.2497997,,1.0,2.296612903635964,0,0,0,1,0,0,0,0.3064516129032256,0.0,0.938622568292616,0.6053713585863003,-0.6883852691218131,0.0,0.5414273995077933,0.0,-1.3333333333333333
,,0.9,7.129021228705174,0,0,0,0,1,0,0,0.0,0.0,21.82182830931126,8.679155679418123,0.0,0.0,-0.7776866283839212,1.4435099999999998,0.0
,,1.0,1.031627998630191,0,0,0,1,0,0,0,0.0,0.0,0.1329585485141684,0.0769836409762925,0.0,0.0,0.2202132895816242,0.0,0.1823809523809524
0.66732205,,1.0,2.6634682711102258,0,0,0,1,0,0,0,4.080645161290322,0.0,1.2548664727141856,0.8313233437894447,-0.7535410764872521,0.0,0.7033087229969921,0.0,-0.380952380952381
0.08386133,,1.0,0.4188689988677537,0,0,0,1,0,0,0,-1.193548387096774,0.0,-0.1203816588501635,-0.1679643075846383,0.1104815864022662,0.0,-0.0535958435876401,0.0,-0.8571428571428573
0.18678835,,1.0,0.4466188093738104,0,0,0,1,0,0,0,-0.2631395080645159,0.0,-0.1854360773125858,0.0,-0.916827195467422,0.0,-2.271807492480175,0.0,0.0
1.382,2.24,1.0,0.0335692215091683,0,0,0,1,0,0,0,10.540998387096773,515.888645,-0.3182910275651259,-0.3940162715422972,2.898016997167139,-0.27,0.4736122504785343,0.09506,0.0
,2.85,1.0,8.563530826784497,0,0,0,1,0,0,0,0.0,709.76040495,59.23057325519349,13.863054101003534,0.0,0.0,-0.1126606508066721,0.0,-1.2857142857142856
0.20697689,,1.0,0.57420628275232,0,0,0,1,0,0,0,-0.0806451612903226,0.0,-0.1183391086978621,0.0,0.0,0.0,0.1881323489198796,0.0,0.4476190476190476
0.15612481,,1.0,3.081102240138064,0,0,0,1,0,0,0,-0.5403225806451611,0.0,1.8688176926115891,1.005286376644963,-0.9943342776203966,0.0,0.1793820071096527,0.0,-1.7142857142857142
0.12579199,,1.0,0.1339519028611986,0,0,0,1,0,0,0,-0.8145161290322579,0.0,-0.2596611768844594,-0.2919379631828236,2.776203966005666,0.0,0.593929450369155,0.0,0.1904761904761905
,,1.0,0.2308150182213222,0,0,0,1,0,0,0,0.0,0.0,-0.1963515039005796,-0.2639439119187173,-0.6742209631728046,0.0,-1.3038009297238171,-1.14706,-0.2857142857142857
0.10794897,,1.0,0.0872797163167453,0,0,0,1,0,0,0,-0.975806451612903,0.0,-0.2746886188102727,-0.3499256408013297,0.291784702549575,0.0,-0.9428493300519551,0.0,-1.0952380952380951
0.09572681,,1.0,0.1920379266995364,0,0,0,1,0,0,0,-1.086290322580645,0.0,-0.2252195344399923,-0.2674431683267306,0.6487252124645893,0.0,0.1214109926168991,-0.0980699999999999,0.2380952380952381
0.897,0.335,0.9,0.1668030161250214,0,0,0,0,1,0,0,6.156833064516128,-89.577505,-0.2312511939925329,-0.2934376445005436,0.1161473087818696,-0.7180000000000001,-1.2392671588733934,0.0,0.761904761904762
0.24614149,0.02086021,0.9,0.5566731918859961,0,0,0,0,1,0,0,0.2733870967741935,-189.420555,-0.0634158334401839,-0.1119762050564255,0.0475920679886684,0.3999999999999999,-0.2811047306535411,-0.25796,0.0
,1.34,0.5,9.72420817761084,0,0,0,0,0,1,0,0.0,229.83951038,136.13547681234957,19.526850544259343,0.0,0.0,-2.0749248017500683,0.0,0.0
0.14898768,,1.0,0.7168510944805341,0,0,0,1,0,0,0,-0.6048387096774193,0.0,0.0099443496389427,-0.0589874651636527,-0.546742209631728,0.0,-0.649712879409352,0.0,0.4285714285714286
0.22928044,,1.0,0.1843269800049436,0,0,0,1,0,0,0,0.1209677419354837,0.0,-0.2261059884281726,-0.2769411500056238,0.5977337110481586,0.0,-0.2023516543614985,0.0,0.1904761904761905
0.46,0.058,1.0,1.6059266848831373,0,0,0,1,0,0,0,2.2016129032258065,-177.650555,0.4320884303453746,0.3009360510891435,-0.2294617563739376,0.0,0.1673502871205906,-0.02131,0.6666666666666666
,,1.0,1.0715588009037982,0,0,0,1,0,0,0,0.0,0.0,0.1447593937691825,0.0999787545146655,0.0,0.0,0.3373038009297239,0.0,0.2128571428571428
0.22035902,,1.0,1.507649473081798,0,0,0,1,0,0,0,0.0403225806451615,0.0,0.4359212754674663,0.2014571903470512,-1.0594900849858355,0.0,-1.0872299699207,0.0,-0.6666666666666667
1.002,0.7,1.0,3.8870150161117625,0,0,0,1,0,0,0,7.11290322580645,25.949445,3.1125337968065145,1.730632240648862,-1.1643059490084986,0.0,0.4856439704675964,0.0,-0.0476190476190476
0.18021233,,0.9,0.4108996210227172,0,0,0,0,1,0,0,-0.3225806451612902,0.0,-0.1135723727109331,-0.1854605896247047,-0.43342776203966,0.0,-0.9133169264424392,0.0,-1.4761904761904765
0.10794916,0.01183028,0.9,0.0105718191744355,0,0,0,0,1,0,0,-0.975806451612903,-192.290555,-0.3380046394963199,-0.449404501543422,0.9121813031161472,10.37,-1.627563576702215,-1.05562,1.5714285714285716
1.198,0.399,1.0,0.1023188732734688,0,0,0,1,0,0,0,8.877727419354837,-69.236385,-0.2719559503813838,-0.3252808778134646,1.6685552407932012,-1.042,0.0251572327044025,0.0,0.0
,,0.5,0.1376767941376812,0,0,0,0,0,1,0,0.0,0.0,-0.195281765791586,-0.3748703400527388,-1.498583569405099,0.0,-2.9280831282471973,-2.79415,0.0
0.16593809,,1.0,0.9728482670004202,0,0,0,1,0,0,0,-0.4516129032258062,0.0,0.1560232416263547,0.0,-0.1264872521246458,0.0,-0.0812687995624831,0.0,0.0
0.46047768,,1.0,0.3200277344222222,0,0,0,1,0,0,0,2.210875322580645,0.0,-0.2440632833684937,0.0,-0.5595467422096316,0.0,-1.981952420016407,0.0,0.0
0.08475347,,1.0,0.1690036551021966,0,0,0,1,0,0,0,-1.1854838709677418,0.0,-0.2336643483148309,-0.2859392379119437,1.320113314447592,0.0,0.168444079846869,0.0,-1.0476190476190477
,,1.0,0.1314050685990156,0,0,0,1,0,0,0,0.0,0.0,-0.2451380449319565,-0.3239311646275166,0.0,0.0,0.0,0.0,0.0
0.15121803,,1.0,0.4800207749459499,0,0,0,1,0,0,0,-0.5846774193548385,0.0,-0.0911579048625484,-0.1479685566817051,-0.1570821529745043,0.0,-0.7164342357123326,-0.4974599999999999,0.4285714285714286
0.22984607,,1.0,0.7682775917446958,0,0,0,1,0,0,0,0.1260843225806451,0.0,0.0016357693844372,0.0,0.0,0.0,0.1925075198249931,0.0,0.7142857142857143
,10.4,0.9,8.229114933666757,0,0,0,0,1,0,0,0.0,3109.3648778,0.0,1689.122061561918,0.0,0.0,-0.992070002734482,0.0,0.0
1.284,1.635,1.0,0.4711935834692974,0,0,0,1,0,0,0,9.655105822580644,323.59889044,-0.173169260748256,0.0,0.0,0.0,0.7065901011758272,0.82621,1.8571428571428568
0.29268495,,1.0,0.5662541109639827,0,0,0,1,0,0,0,0.6941129032258063,0.0,-0.1227758663325659,0.0,2.138810198300283,0.0,0.4561115668580804,0.0,0.0
0.20534,,1.0,0.3026613383733313,0,0,0,1,0,0,0,-0.0954386854838707,0.0,-0.2515425902385596,0.0,0.0,0.0,-0.0940661744599398,0.0,1.3809523809523812
0.10170416,,1.0,0.208737385558354,0,0,0,1,0,0,0,-1.0322580645161288,0.0,-0.2140105431590718,-0.2639439119187173,0.3087818696883853,0.0,-0.2920426579163248,0.0,-0.2857142857142857
2.09,0.9,1.0,0.1789305497395188,0,0,0,1,0,0,0,16.94354838709677,89.97944499999997,-0.2431201593320879,-0.251446567604384,3.084985835694051,-1.2000000000000002,1.1189499589827727,0.0,0.0
0.15880124,,1.0,0.2935371855823616,0,0,0,1,0,0,0,-0.5161290322580644,0.0,-0.1759222250592837,-0.2204531537048377,0.4532577903682719,0.0,-0.2548537052228602,0.0,0.8571428571428571
1.06075658,0.07897343,1.0,0.401379136751589,0,0,0,1,0,0,0,7.637096774193547,-170.950555,-0.1352714454222892,-0.1639651574040516,0.4135977337110481,-1.248,-0.0732841126606508,-0.12494,1.4285714285714288
0.09367489,,1.0,0.088286229827315,0,0,0,1,0,0,0,-1.104838709677419,0.0,-0.2800109755267506,-0.3369284027144231,2.0623229461756374,0.0,0.4495488105004102,0.0,-0.4761904761904761
,,0.5,0.4561063833107306,0,0,0,0,0,1,0,0.0,0.0,-0.0103902873402327,-0.2506467375682668,0.0,0.0,-2.741044572053596,-2.41816,-0.8571428571428573
0.0909983,,1.0,0.0908735305969797,0,0,0,1,0,0,0,-1.1290322580645158,0.0,-0.2680730728188102,-0.354924578527063,0.0,0.0,-1.5761553185671315,0.0,0.0
0.18110447,,1.0,1.7792900481296583,0,0,0,1,0,0,0,-0.3145161290322581,0.0,0.5492002937035821,0.3649224539785295,0.0,0.0,0.0820344544708777,0.0,0.0
,,0.9,5.890718230751406,0,0,0,0,1,0,0,0.0,0.0,12.107414407375686,4.215104290338303,0.0,0.0,-0.8553459119496856,-0.5021300000000001,0.2857142857142857
0.09010616,,1.0,0.2614029810441322,0,0,0,1,0,0,0,-1.137096774193548,0.0,-0.2687993290556477,0.0,0.0,0.0,0.0,0.0,0.0
0.21411403,,1.0,2.378083173784607,0,0,0,1,0,0,0,-0.0161290322580645,0.0,1.0060694938515524,0.6508616918904733,-0.7960339943342776,0.0,0.3532950505879136,0.0,0.0
0.50941208,0.12522418,1.0,0.234538602808232,0,0,0,1,0,0,0,2.6532258064516125,-156.25055500000002,-0.2122564499998319,-0.2319507104740242,2.4334277620396603,-0.1600000000000001,-0.7273721629751162,0.0,2.142857142857143
,,1.0,7.587310506022615,0,0,0,1,0,0,0,0.0,0.0,31.922290950305158,9.478985715535448,0.0,0.0,-0.0470330872299699,0.58261,-0.1904761904761904
0.30243606,,1.0,1.1996459151291987,0,0,0,1,0,0,0,0.782258064516129,0.0,0.2424685810967939,0.1079770548758389,-0.5892351274787535,0.0,-0.3150123051681706,0.0,-0.761904761904762
0.09902774,,1.0,0.4456579167715448,0,0,0,1,0,0,0,-1.0564516129032255,0.0,-0.121434947484599,-0.1384705750028119,0.3456090651558073,0.0,0.3926715887339349,0.0,0.4285714285714286
0.12490562,,1.0,0.1043656026960207,0,0,0,1,0,0,0,-0.8225265161290319,0.0,-0.3283389155413716,0.0,0.0,0.0,-0.0765654908394859,0.0,0.7142857142857143
1.21,0.93,1.0,0.3692884074841879,0,0,0,1,0,0,0,8.986182782258064,99.52986351,-0.1479405990977418,-0.1789619705812514,0.4277620396600566,-0.67,0.0087503418102269,0.0,0.5714285714285715
0.3113,0.0508,1.0,1.497820595353566,0,0,0,1,0,0,0,0.8623836209677419,-179.90487192,0.4045764819542315,0.2214529412499844,-0.7393767705382436,0.75,-0.8717528028438611,-0.44679,0.4857142857142857
0.18110478,,1.0,0.5533440771640834,0,0,0,1,0,0,0,-0.3145161290322581,0.0,-0.0559394727614823,-0.124973443143332,-0.0226628895184136,0.0,0.1170358217117856,0.0,-3.047619047619048
1.242,0.352,1.0,0.1972691193563555,0,0,0,1,0,0,0,9.275806451612905,-84.17955500000001,-0.2222023949139712,-0.2654435932364372,0.8413597733711048,-1.1,-0.3084495488105004,-0.16713,1.666666666666667
0.26853468,,1.0,2.228241973241448,0,0,0,1,0,0,0,0.475806451612903,0.0,0.8794415781911732,0.5723783695964607,-0.8356940509915014,0.0,0.3204812687995624,0.0,-0.8571428571428573
0.1793205,,1.0,2.411466950444101,0,0,0,1,0,0,0,-0.3306451612903226,0.0,1.0275831158213138,0.6758563805191395,-0.7563739376770539,0.0,0.4626743232157506,0.0,0.0
,2.5,0.1,7.274030233310078,0,1,0,0,0,0,0,0.0,598.524445,0.0,649.3430146093955,0.0,0.0,4.837845228329232,1.62893,0.0
0.708,,1.0,1.015348331358559,0,0,0,1,0,0,0,4.4483535,0.0,0.1063376228785177,0.0949798167889323,0.3002832861189802,0.0,0.1071916871752802,0.26991,0.0
0.15523267,,1.0,0.153256914348144,0,0,0,1,0,0,0,-0.5483870967741934,0.0,-0.2397867005720432,-0.2989364759988502,0.2776203966005666,0.0,-0.5600218758545256,0.0,-0.5714285714285715
0.8198783,0.08621004,1.0,0.3999166344240855,0,0,0,1,0,0,0,5.459677419354837,-168.650555,-0.1317169908841116,-0.1709636702200782,0.1614730878186968,-1.135,-0.24829094886519,0.0,0.7571428571428572
,3.73,1.0,3.380434739651277,0,0,0,1,0,0,0,0.0,989.44940311,0.0,12.278390841946086,0.0,0.0,0.0,0.0,0.0
,,0.5,0.3001490359071574,0,0,0,0,0,1,0,0.0,0.0,-0.1138605176561166,-0.2889386005473837,-1.2634560906515582,0.0,-2.414000546896363,-2.17656,-0.5238095238095238
1.12410996,,1.0,0.1650889507638284,0,0,0,1,0,0,0,8.209779758064514,0.0,-0.3064176953810681,0.0,0.7437960339943341,0.0,-1.3125512715340444,0.0,0.0
0.10973325,,1.0,0.1476618729811291,0,0,0,1,0,0,0,-0.9596774193548384,0.0,-0.2120197127323687,-0.3464263843933164,0.0,0.0,-2.2313371616078754,0.0,0.0
,26.3,1.0,8.798997875810949,0,0,0,1,0,0,0,0.0,8162.8365491,59.34517635839146,17.64724995938363,0.0,0.0,0.0,0.0,0.0
0.24533899,,1.0,0.997166993341181,0,0,0,1,0,0,0,0.2661290322580645,0.0,0.1080376420369821,0.0754839596585725,-0.0028328611898017,0.0,0.3686081487558107,0.0,0.8571428571428571
,,1.0,0.1218844397048054,0,0,0,1,0,0,0,0.0,0.0,-0.2616462257483249,-0.3096342027319194,0.0,0.0,0.2066611977030348,0.0,0.6023809523809525
0.70657629,,1.0,0.1645169081770744,0,0,0,1,0,0,0,4.435483870967741,0.0,-0.2354728499849326,-0.289438494319957,0.56657223796034,0.0,-0.0218758545255674,0.0,-1.3333333333333333
1.18,0.94,1.0,0.1151985075279397,0,0,0,1,0,0,0,8.715016129032257,102.709645,-0.2630932732911644,-0.3189322269017833,1.226628895184136,-0.5900000000000001,-0.0350013672409078,0.0,0.380952380952381
0.25426041,,1.0,0.3628065267053415,0,0,0,1,0,0,0,0.3467741935483872,0.0,-0.1554935984733637,-0.1739630328555181,0.376770538243626,0.0,0.3128247197156139,0.0,0.0
0.11597843,,1.0,0.2090092587506405,0,0,0,1,0,0,0,-0.9032258064516128,0.0,-0.2202356589711219,-0.2524463551495307,0.7903682719546742,0.0,0.2625102543068088,0.0,0.761904761904762
1.042,0.314,1.0,0.1973236508615642,0,0,0,1,0,0,0,7.467546685483869,-96.2524352,-0.2280184369137808,-0.254445930239824,1.7960339943342776,-0.988,0.168444079846869,0.33437,1.3761904761904764
0.24355471,,1.0,0.0401526053606734,0,0,0,1,0,0,0,0.25,0.0,-0.3158045370799044,-0.3769199045202894,5.351274787535411,0.0,1.792726278370249,0.0,-1.619047619047619
0.11776272,,1.0,0.3046864472961889,0,0,0,1,0,0,0,-0.8870967741935482,0.0,-0.1764274223880502,-0.2064561280727845,0.7875354107648725,0.0,0.5392398140552366,0.0,-0.761904761904762
0.28280894,,1.0,1.2057546964899144,0,0,0,1,0,0,0,0.6048387096774193,0.0,0.2302727467509223,0.1264731244610519,-0.6855524079320113,0.0,-0.3948591741864916,0.0,0.380952380952381
,0.14,1.0,3.487672859800309,0,0,0,1,0,0,0,0.0,-151.55457802,0.0,13.778072159666069,0.0,0.0,0.0,0.0,0.0
,,1.0,5.528241080523188,0,0,0,1,0,0,0,0.0,0.0,8.798659099331362,3.9601584663259057,0.0,0.0,0.6551818430407438,0.38687,1.0
0.16593837,,1.0,1.1359412096001122,0,0,0,1,0,0,0,-0.4516129032258062,0.0,0.1881033270125205,0.1089768424209854,-0.3427762039660056,0.0,-0.0645337708504238,0.0,0.8571428571428571
0.46212944,,1.0,3.2636384882604697,0,0,0,1,0,0,0,2.2258064516129026,0.0,1.9719702594972808,1.2437357061624406,-0.9575070821529744,0.0,0.6453377085042384,0.0,0.4285714285714286
0.12757627,,1.0,0.03549207963027,0,0,0,1,0,0,0,-0.7983870967741934,0.0,-0.3139527240483984,-0.3984153367409425,1.4362606232294617,0.0,-0.7295597484276729,0.0,2.7619047619047623
,,1.0,4.223155495509403,0,0,0,1,0,0,0,0.0,0.0,4.005076516884709,2.0010747716110324,0.0,0.0,-0.1298988241728194,0.0,1.0080952380952382
,1.996,0.9,6.6993461410814925,0,0,0,0,1,0,0,0.0,438.338125,16.591670116793498,7.309446742567204,0.0,0.0,-0.5873666940114848,1.39609,0.1904761904761905
,0.245,1.0,2.837060555433058,0,0,0,1,0,0,0,0.0,-118.18259529,0.0,6.724571028656411,0.0,0.0,0.0,0.0,0.0
,,1.0,10.275085591132717,0,0,0,1,0,0,0,0.0,0.0,163.35567844649432,28.47494907332192,0.0,0.0,0.0087503418102269,0.28214,1.4285714285714288
0.61557677,,1.0,4.929097925528988,0,0,0,1,0,0,0,3.612903225806452,0.0,42.93401198044178,0.0,0.0,0.0,0.6540880503144654,0.0,-1.9047619047619049
0.17218336,,1.0,2.250469879381306,0,0,0,1,0,0,0,-0.3951612903225805,0.0,0.881103915849306,0.5983728457702738,-0.7252124645892352,0.0,0.5753349740224227,0.0,-0.8571428571428573
0.10794916,,1.0,0.123212738304366,0,0,0,1,0,0,0,-0.975806451612903,0.0,-0.2469992090855273,-0.3339290400789831,-0.4504249291784702,0.0,-1.8572600492206728,0.0,-0.4761904761904761
0.1214205,,1.0,0.694509905029045,0,0,0,1,0,0,0,-0.8540322580645159,0.0,-0.0467297525895341,0.0,0.0,0.0,-0.9997265518184304,0.0,-1.0952380952380951
0.16147738,,1.0,1.03016201559087,0,0,0,1,0,0,0,-0.4919354838709676,0.0,0.2052495638803179,0.0,0.0,0.0,0.3467322942302434,0.0,0.0
,0.01113809,1.0,3.0318439236718984,0,0,0,1,0,0,0,0.0,-192.510555,0.0,8.379219415874127,0.0,0.0,0.0,0.0,0.0
0.06244992,,1.0,0.0932864740378753,0,0,0,1,0,0,0,-1.387096774193548,0.0,-0.3321968816636844,0.0,0.0,0.0,-0.5761225047853434,0.0,0.0
0.19448691,,1.0,1.510767012259945,0,0,0,1,0,0,0,-0.1935483870967739,0.0,0.3831965274776041,0.2554457177849707,-0.6430594900849859,0.0,0.0601585999453103,0.0,0.0
0.14274244,,1.0,1.5306247652078764,0,0,0,1,0,0,0,-0.6612903225806449,0.0,0.7792250936937986,0.0,0.0,0.0,0.0,0.0,0.0
,,1.0,0.3933263168547998,0,0,0,1,0,0,0,0.0,0.0,-0.2110243029217349,0.0,0.0,0.0,-0.7952748154224774,-0.5133800000000001,-0.148095238095238
,,1.0,7.3111462375285265,0,0,0,1,0,0,0,0.0,0.0,23.67086752005112,9.668945349113311,0.0,0.0,0.0,0.0,0.6666666666666666
0.18556517,0.02457288,1.0,0.0113080569713217,0,0,0,1,0,0,0,-0.2741935483870966,-188.240555,-0.3389232095634467,-0.4417061374457928,3.249291784702549,3.45,-0.375170905113481,0.0,1.5714285714285716
0.31938676,,1.0,2.261037731515443,0,0,0,1,0,0,0,0.935483870967742,0.0,0.924097137074426,0.5738780509141806,-0.6657223796033994,0.0,0.4156412359857807,0.0,-1.523809523809524
,,0.9,5.547286157081528,0,0,0,0,1,0,0,0.0,0.0,9.71810342441681,3.6302285764275086,0.0,0.0,-0.6267432321575062,0.0,-0.3333333333333333
,,0.9,3.646953204294821,0,0,0,0,1,0,0,0.0,0.0,11.42143297537639,0.0,0.0,0.0,-1.0139458572600493,0.0,1.1428571428571428
0.33901388,,1.0,1.1270825115670822,0,0,0,1,0,0,0,1.1129032258064513,0.0,0.1792162902141227,0.1109764175112788,-0.1586402266288951,0.0,0.3729833196609242,0.0,0.0
0.09991988,,1.0,1.9464992151332472,0,0,0,1,0,0,0,-1.0483870967741933,0.0,0.8844057851480355,0.2689428496444505,-1.6487252124645893,0.0,-2.2914957615531857,0.0,-0.380952380952381
0.25515211,,1.0,1.4942292633292176,0,0,0,1,0,0,0,0.3548387096774192,0.0,0.3780148224948061,0.2444480547883574,-0.5552407932011332,0.0,-0.0634399781241454,0.0,0.5238095238095238
1.168,1.345,0.9,0.0306698925190579,0,0,0,0,1,0,0,8.606451612903225,231.412445,-0.3187010237686284,-0.4039141682392492,2.169971671388102,-0.28,-0.3828274541974296,-0.24113,0.8095238095238095
0.22021895,,1.0,0.7628517543174099,0,0,0,1,0,0,0,0.0390564516129033,0.0,-0.0020444931660568,0.0,-0.2181303116147308,0.0,-1.9458572600492208,0.0,0.0
0.20903072,0.04656601,1.0,1.0631903473027948,0,0,0,1,0,0,0,-0.0620795806451611,-181.250555,0.1674625959501386,0.0659859779796793,-0.6494334277620396,4.96,-0.5151763740771124,-0.39449,-0.0476190476190476
0.0597735,,1.0,0.2569136685027307,0,0,0,1,0,0,0,-1.411290322580645,0.0,-0.1911454346254792,-0.2399490108351975,0.405099150141643,0.0,-0.0535958435876401,0.0,-0.8571428571428573
0.52011866,0.08652468,1.0,1.2614802905663578,0,0,0,1,0,0,0,2.75,-168.550555,0.4352520653810264,0.0,0.0,-0.5100000000000001,0.8017500683620454,0.0,-0.6666666666666667
0.12757627,,1.0,0.7998717230716205,0,0,0,1,0,0,0,-0.7983870967741934,0.0,0.0646722881639067,-0.0499893772573328,-0.8045325779036827,0.0,-1.153951326223681,0.0,-0.9523809523809524
0.08921418,,1.0,0.325693429053609,0,0,0,1,0,0,0,-1.1451612903225803,0.0,-0.1679005156908915,-0.1959583588487446,0.2464589235127478,0.0,-0.1367240907847962,0.0,1.809523809523809
0.10794916,0.03259621,1.0,1.4594858991904325,0,0,0,1,0,0,0,-0.975806451612903,-185.690555,0.6791274689863123,0.0,-0.3541076487252124,8.67,0.463768115942029,0.0,0.0
,,0.5,0.0756668707254148,0,0,0,0,0,1,0,0.0,0.0,-0.2640495215842483,-0.3889173550620493,0.0,0.0,-2.464315012305168,-2.03511,0.0
0.10348845,,1.0,0.8284315276896898,0,0,0,1,0,0,0,-1.0161290322580645,0.0,0.0465658996213305,-0.0034992564080133,-0.0028328611898017,0.0,0.6453377085042384,0.0,-2.2857142857142856
,,1.0,6.730301853585043,0,0,0,1,0,0,0,0.0,0.0,19.77436201132005,6.2796655710661495,0.0,0.0,-0.2253213016133442,0.0,1.6190476190476193
1.4,6.1,1.0,15.813064075838218,0,0,0,1,0,0,0,10.703687887096772,1742.7027277,3830.654980781618,314.4141869852656,0.0,0.0,1.3278643697019414,0.0,0.0
0.119547,,1.0,0.0888374488264053,0,0,0,1,0,0,0,-0.8709677419354837,0.0,-0.2751215732242327,-0.3459264906207431,0.923512747875354,0.0,-0.3401695378725731,0.0,-0.761904761904762
,,0.5,2.8060737871969086,0,0,0,0,0,1,0,0.0,0.0,1.6252252015012327,0.7608383218566054,0.0,0.0,0.0,0.0,0.0
0.89,0.81,1.0,0.1668795402003984,0,0,0,1,0,0,0,6.0935483870967735,61.38044499999998,-0.2348797574459872,-0.2869390254570904,0.0,0.0699999999999998,-0.6311184030626197,0.0,0.0
0.15612481,,1.0,0.4218217282786033,0,0,0,1,0,0,0,-0.5403225806451611,0.0,-0.1240717916747798,-0.1594661134508916,-0.0481586402266288,0.0,-0.2996992070002734,0.0,0.9523809523809524
1.065,8.2,1.0,0.4214707007508704,0,0,0,1,0,0,0,7.675455201612902,2410.1423824000003,-0.1350945735415622,-0.1424697251833985,1.1388101983002832,7.07,0.484550177741318,0.33862,1.238095238095238
1.074,2.132,1.0,0.1272815282462361,0,0,0,1,0,0,0,7.756827419354837,481.563005,-0.2546637140716739,-0.3138832997987928,0.6855524079320113,0.9499999999999996,-0.682526661197703,-0.43657,1.1428571428571428
0.884,0.491,1.0,0.0873752922816933,0,0,0,1,0,0,0,6.039305596774192,-39.99680716,-0.2717293833207359,-0.3552145169151555,-0.1096317280453259,-0.452,-1.9541700847689365,-1.16974,2.580952380952381
1.312,1.938,1.0,0.0292448080961729,0,0,0,1,0,0,0,9.908232258064515,419.9039849999999,-0.3202708570762342,-0.4053138708024544,2.3002832861189804,-0.2650000000000001,0.079846869018321,-0.20081,-0.8095238095238096
,15.3,1.0,9.55623946441332,0,0,0,1,0,0,0,0.0,4666.7240721,89.48579249945826,25.22563955159529,0.0,0.0,-0.8334700574241182,1.92487,-0.380952380952381
0.16950694,,1.0,1.7231844211550285,0,0,0,1,0,0,0,-0.4193548387096774,0.0,0.5234175424209777,0.3309296774435433,-0.71671388101983,0.0,0.0382827454197429,0.0,0.0
0.30689677,,1.0,2.4844424063203423,0,0,0,1,0,0,0,0.8225806451612901,0.0,1.0237038564424266,0.7788344976692452,-0.3031161473087819,0.0,1.3989608969100356,0.0,-0.761904761904762
0.10527273,,1.0,0.3312908212062323,0,0,0,1,0,0,0,-0.9999999999999998,0.0,-0.1446942399403898,-0.2244523038854243,-0.6345609065155807,0.0,-1.5050587913590374,0.0,-0.8571428571428573
0.25604469,,1.0,2.442410783928091,0,0,0,1,0,0,0,0.3629032258064517,0.0,1.0725893002793008,0.6783558493820062,-0.7932011331444759,0.0,0.3029805851791086,0.0,-0.4761904761904761
,,1.0,6.206091938653852,0,0,0,1,0,0,0,0.0,0.0,13.847744388796327,5.179899271404826,0.0,0.0,-1.6417828821438338,2.9568700000000003,-4.238095238095238
0.16950694,,1.0,1.561060294911897,0,0,0,1,0,0,0,-0.4193548387096774,0.0,0.4285022012782417,0.2594448679655573,-0.7337110481586402,0.0,-0.0470330872299699,0.0,-0.9523809523809524
,,1.0,6.300996965025764,0,0,0,1,0,0,0,0.0,0.0,13.654556300548316,5.834760113475885,0.0,0.0,-0.7995624829094886,0.0,2.095238095238096
0.21322189,,1.0,0.1679876017881293,0,0,0,1,0,0,0,-0.0241935483870966,0.0,-0.3053376208658744,0.0,1.453257790368272,0.0,-0.522832923161061,0.0,0.0476190476190476
0.22749615,,1.0,0.0917617864053179,0,0,0,1,0,0,0,0.1048387096774192,0.0,-0.2782211514119957,-0.3334291463064099,1.906515580736544,0.0,0.1104730653541154,0.0,1.0476190476190477
,,1.0,5.9447433636211455,0,0,0,1,0,0,0,0.0,0.0,10.220065016423929,5.36985890498269,0.0,0.0,-0.7689362865736943,2.0051,-1.142857142857143
0.27745609,,1.0,0.0705300849272192,0,0,0,1,0,0,0,0.5564516129032256,0.0,-0.2920371516678542,-0.350425534573903,2.113314447592068,0.0,0.6300246103363413,0.0,0.1904761904761905
1.11,0.7,0.5,0.0924578698695264,0,0,0,0,0,1,0,8.082232725806449,26.4293299,-0.267791581402361,-0.3524251096641964,-0.2776203966005666,-0.6900000000000001,-2.2586819797648348,-1.1949800000000002,1.0
0.21589831,,1.0,1.0971402631032274,0,0,0,1,0,0,0,0.0,0.0,0.2419873240288479,0.0209955384480797,-1.311614730878187,0.0,-2.0246103363412637,0.0,0.0
0.27834824,,1.0,4.697970896924908,0,0,0,1,0,0,0,0.5645161290322581,0.0,5.7845002035619375,2.3759951010410285,-1.5410764872521243,0.0,-0.2996992070002734,0.0,-1.809523809523809
0.13649769,,1.0,1.906527563777332,0,0,0,1,0,0,0,-0.7177419354838708,0.0,0.6775096038809689,0.3824187360185959,-0.6997167138810199,0.0,0.0667213563029805,0.0,-1.9047619047619049
0.20519261,,1.0,2.9408373325960477,0,0,0,1,0,0,0,-0.0967741935483871,0.0,1.5557528003426215,1.0107852081432696,-0.8526912181303116,0.0,0.7339349193327864,0.0,0.0
,,0.5,8.312815946289208,0,0,0,0,0,1,0,0.0,0.0,76.71573242882702,8.134271467313196,0.0,0.0,-2.66447908121411,0.0,-0.2380952380952381
0.14452697,,1.0,1.2447083768319165,0,0,0,1,0,0,0,-0.6451612903225804,0.0,0.225614034339318,0.1684642013572116,-0.1614730878186968,0.0,0.7962811047306535,0.0,-1.142857142857143
1.142,4.84,1.0,0.2038666049803786,0,0,0,1,0,0,0,8.37151451612903,1342.246645,-0.2281680430790698,-0.2444480547883575,2.249291784702549,2.6899999999999995,0.2646978397593656,0.5440699999999999,1.2857142857142858
0.50941296,,1.0,1.58691946727732,0,0,0,1,0,0,0,2.6532258064516125,0.0,0.411469832744032,0.3029356261794368,-0.5269121813031161,0.0,0.307355756084222,0.0,0.5714285714285715
1.33,9.7,1.0,0.218725595865027,0,0,0,1,0,0,0,10.070943548387095,2886.900445,-0.2257246394314015,-0.2274516665208643,2.546742209631728,3.77,0.9264424391577796,0.6800799999999999,2.333333333333333
0.14185054,,1.0,0.4692929083734795,0,0,0,1,0,0,0,-0.6693548387096772,0.0,-0.1160753594942664,-0.121974080507892,0.6883852691218131,0.0,0.1465682253213016,0.0,2.380952380952381
0.21768259,,1.0,0.3059438908959958,0,0,0,1,0,0,0,0.0161290322580645,0.0,-0.0960885609423558,-0.2994363697714235,-1.43342776203966,0.0,-2.461033634126333,0.0,-1.7142857142857142
0.08386133,,1.0,0.2484946889361011,0,0,0,1,0,0,0,-1.193548387096774,0.0,-0.196009411672909,-0.2424484796980641,1.0254957507082152,0.0,0.168444079846869,0.0,-1.0476190476190477
,,1.0,2.480583150252279,0,0,0,1,0,0,0,0.0,0.0,1.0942199087693691,0.7108489445992726,0.0,0.0,0.0,0.0,0.0
0.06869492,,1.0,1.6918953787639224,0,0,0,1,0,0,0,-1.3306451612903225,0.0,0.4724838172943298,0.348925853256183,-0.5977337110481586,0.0,0.2340716434235712,0.0,1.0952380952380951
,0.02642922,1.0,0.1570960522418795,0,0,0,1,0,0,0,0.0,-187.650555,-0.2419540432876792,-0.2889386005473837,0.0,0.0,-0.3511074651353568,-0.26251,0.380952380952381
0.0981356,,1.0,0.0115588848275575,0,0,0,1,0,0,0,-1.0645161290322578,0.0,-0.3379958665960264,-0.4429058824999687,2.6203966005665724,0.0,-0.3784522832923161,0.0,0.0
0.19091834,,1.0,0.7216996797357337,0,0,0,1,0,0,0,-0.225806451612903,0.0,0.028377956891019,-0.0764837472037192,-0.8101983002832861,0.0,-1.332239540607055,0.0,-0.1904761904761904
0.15588138,,1.0,0.0781187061846822,0,0,0,1,0,0,0,-0.5425231209677418,0.0,-0.3374097526630839,0.0,1.353371104815864,0.0,-1.616625649439431,0.0,0.0
0.11597843,,1.0,0.6192854826936061,0,0,0,1,0,0,0,-0.9032258064516128,0.0,-0.0205886537751015,-0.1089768424209855,-0.6515580736543909,0.0,-0.9614438063986874,0.0,0.0
,,1.0,5.099921304367234,0,0,0,1,0,0,0,0.0,0.0,6.948637576278375,3.1303348038541805,0.0,0.0,-0.1279737489745693,-0.1231299999999999,2.1904761904761907
,,1.0,8.084214635901484,0,0,0,1,0,0,0,0.0,0.0,43.95889116046936,11.453566117200094,0.0,0.0,0.0,0.0,0.0
,,0.9,3.7289363560254714,0,0,0,0,1,0,0,0.0,0.0,2.5806221572470744,1.7406301161003286,0.0,0.0,-0.6033360678151495,1.0273,0.380952380952381
0.23998614,0.02872619,0.9,0.5422531481785045,0,0,0,0,1,0,0,0.2177419354838709,-186.920555,-0.0608418313704855,-0.1289725933239186,-0.4107648725212464,1.277,-1.0905113480995352,-0.68983,0.6666666666666666
,0.283,1.0,2.6223034786452804,0,0,0,1,0,0,0,0.0,-106.150555,3.6644400760621862,0.0,0.0,0.0,0.7579983593109105,0.0,-0.0952380952380952
0.174915,0.05034163,1.0,0.5868411485979828,0,0,0,1,0,0,0,-0.3704686935483869,-180.050555,-0.0145164902115163,-0.1439694065011185,-1.076402266288952,10.67,-2.000546896363139,-1.30103,0.8285714285714285
0.25158398,0.02926107,1.0,0.8568024021033219,0,0,0,1,0,0,0,0.3225806451612902,-186.750555,0.0483400702619383,0.0204956446755064,0.9405099150141644,0.92,0.5140825813508341,0.54931,-0.2380952380952381
,,1.0,0.1144167884651329,0,0,0,1,0,0,0,0.0,0.0,-0.2652774774631427,-0.3159328642663434,0.0,0.0,-0.1618813234891988,-0.0755,1.7142857142857146
0.13114484,,1.0,0.5323913365131975,0,0,0,1,0,0,0,-0.7661290322580644,0.0,-0.094755463265026,-0.089980879063199,1.019830028328612,0.0,1.2195788898003828,0.0,-0.5714285714285715
0.12311557,,1.0,1.2432949167107374,0,0,0,1,0,0,0,-0.8387096774193548,0.0,0.3244439486611604,0.0684854468425459,-1.3654390934844192,0.0,-2.0246103363412637,0.0,-0.4761904761904761
,,0.9,1.1615564144326267,0,0,0,0,1,0,0,0.0,0.0,0.2260522864290701,0.0909806666083457,0.0,0.0,-0.7678424938474159,-0.42213,1.523809523809524
0.09902774,,1.0,0.1213372860407601,0,0,0,1,0,0,0,-1.0564516129032255,0.0,-0.2624659359042587,-0.3089343514503168,1.586402266288952,0.0,0.5501777413180202,0.0,0.0
0.26228968,,1.0,1.7210305302189977,0,0,0,1,0,0,0,0.4193548387096774,0.0,0.570519614297807,0.2859392379119437,-1.1019830028328612,0.0,-0.9198796828001092,0.0,0.0
0.93,1.0,1.0,0.308207604565768,0,0,0,1,0,0,0,6.455137096774192,121.77944499999998,-0.1748246207145913,-0.2049564467550645,0.8186968838526912,0.27,0.3532950505879136,0.0,0.8095238095238095
0.18199692,,1.0,1.0534757432096051,0,0,0,1,0,0,0,-0.3064516129032256,0.0,0.1701090609071142,0.0544884212104927,-0.7932011331444759,0.0,-0.8433141919606235,0.0,0.0
0.0383621,,0.9,0.0648136092973536,0,0,0,0,1,0,0,-1.604838709677419,0.0,-0.3419178115706303,0.0,0.0,0.0,-0.7449056603773582,0.0,0.0
0.13047193,,1.0,0.2830712490871119,0,0,0,1,0,0,0,-0.7722117903225805,0.0,-0.2598251495569141,0.0,-0.6800283286118979,0.0,-2.220399234345092,0.0,0.0
0.22035902,,1.0,3.717605285368832,0,0,0,1,0,0,0,0.0403225806451615,0.0,2.76758385889834,1.581164002649437,-1.0254957507082152,0.0,0.7787804211101996,0.0,-0.4761904761904761
0.14541886,,1.0,0.1684915888049824,0,0,0,1,0,0,0,-0.6370967741935483,0.0,-0.2289092632068105,-0.2949373258182636,-0.0566572237960339,0.0,-1.036915504511895,0.0,-0.5714285714285715
,,0.5,0.2478284370454609,0,0,0,0,0,1,0,0.0,0.0,-0.1356613022587481,-0.3164327580389167,-1.311614730878187,0.0,-2.520098441345365,-2.36826,-0.4761904761904761
1.2,1.03,1.0,0.1383480697629567,0,0,0,1,0,0,0,8.8958064516129,131.31434499999995,-0.2567305744891005,-0.2904382818651037,2.144475920679887,-0.6000000000000001,0.1968826907301066,0.0,1.3333333333333337
0.32920032,,1.0,1.135963248136924,0,0,0,1,0,0,0,1.0241935483870963,0.0,0.1855007992481239,0.1119762050564255,-0.0283286118980169,0.0,-0.8422203992343451,0.0,2.380952380952381
0.26853468,0.02548545,0.9,0.1914997744629221,0,0,0,0,1,0,0,0.475806451612903,-187.950555,-0.2219986960839728,-0.2739417873701838,0.4079320113314447,0.2999999999999998,-0.4659557013945857,0.0,0.9047619047619048
0.15969338,,1.0,0.455649246368547,0,0,0,1,0,0,0,-0.5080645161290321,0.0,-0.1086717403521016,-0.1474686629091318,0.2521246458923513,0.0,0.2417281925075198,0.0,-0.9523809523809524
0.35685671,,1.0,0.1909543724152023,0,0,0,1,0,0,0,1.2741935483870963,0.0,-0.2279537025323458,-0.2639439119187173,1.0623229461756374,0.0,0.5698660103910309,0.0,0.0
0.25872112,,1.0,1.2761802327126006,0,0,0,1,0,0,0,0.3870967741935483,0.0,0.2476073875185653,0.1734631390829449,-0.3144475920679886,0.0,0.5490839485917418,0.0,-0.8571428571428573
,4.5,1.0,9.275847174178304,0,0,0,1,0,0,0,0.0,1203.949445,102.4523150327146,16.47749853156204,0.0,0.0,0.366420563303254,0.0,-1.0476190476190477
,14.6,0.7,8.424105939076906,0,0,1,0,0,0,0,0.0,4444.2441872,51.04463731248116,13.983028606421133,0.0,0.0,0.5993984140005469,0.0,1.6190476190476193
0.96,2.5,1.0,3.2887451867918265,0,0,0,1,0,0,0,6.758064516129032,598.449445,1.9209863414858064,1.3307172225901995,0.0,0.0,0.9330051955154498,0.0,0.9333333333333332
,,0.9,5.917104620139388,0,0,0,0,1,0,0,0.0,0.0,11.185678020226277,4.729994876088831,0.0,0.0,-0.7842493847415914,1.11687,1.0952380952380951
0.17664407,,1.0,1.1167615216753373,0,0,0,1,0,0,0,-0.3548387096774192,0.0,0.1638709923249032,0.1194746116450254,-0.3144475920679886,0.0,0.2340716434235712,0.0,1.0952380952380951
0.12400771,,1.0,0.3150961681292407,0,0,0,1,0,0,0,-0.8306451612903225,0.0,-0.178724434651193,-0.1899596335778647,2.1671388101983005,0.0,0.6781514902925896,0.0,-1.4285714285714286
,0.06937706,1.0,2.999235760968462,0,0,0,1,0,0,0,0.0,-174.000555,0.0,8.07928315233013,0.0,0.0,0.0,0.0,0.0
,0.77,1.0,0.2476488292853764,0,0,0,1,0,0,0,0.0,48.67854499999999,-0.2016137509619928,-0.2339502855643175,0.0,0.0,-1.4514629477713974,0.10687,0.0
0.18734977,,1.0,0.5435890128783237,0,0,0,1,0,0,0,-0.2580645161290321,0.0,-0.0801843221079689,-0.1009785420598123,0.3569405099150141,0.0,0.6573694284933005,0.0,-0.8571428571428573
0.10438059,,1.0,0.3952010778007337,0,0,0,1,0,0,0,-1.008064516129032,0.0,-0.1296532597862771,-0.1789619705812514,-0.0169971671388102,0.0,-0.1246923707957342,0.0,-1.3333333333333333
0.17129122,,1.0,1.261252107249338,0,0,0,1,0,0,0,-0.4032258064516128,0.0,0.3301510754735024,0.0784833222940124,-1.0764872521246458,0.0,-1.6625649439431227,0.0,1.0476190476190477
0.2283883,,1.0,1.9885039246582283,0,0,0,1,0,0,0,0.1129032258064516,0.0,0.7240376353626283,0.4304085381856355,-0.9716713881019832,0.0,-0.2953240360951599,0.0,-0.761904761904762
0.49603083,,1.0,3.4649225937342725,0,0,0,1,0,0,0,2.532258064516129,0.0,2.43168050233496,1.2952247647374933,-1.2492917847025495,0.0,0.0634399781241454,0.0,-1.142857142857143
0.17842836,0.01321468,1.0,0.7799876717827674,0,0,0,1,0,0,0,-0.3387096774193547,-191.850555,0.0096469192229007,0.0,-1.2124645892351276,1.5699999999999998,-2.2652447361225048,0.0,0.0
0.22928044,,1.0,2.4739186556150843,0,0,0,1,0,0,0,0.1209677419354837,0.0,1.049211013456835,0.7408425709536723,-0.6742209631728046,0.0,0.8072190319934373,0.0,0.0
0.16058552,,1.0,0.2725268377956314,0,0,0,1,0,0,0,-0.4999999999999998,0.0,-0.1846418406072566,-0.2314508167014509,0.3172804532577903,0.0,0.1060978944490019,0.0,-1.7142857142857142
0.32563175,0.06009532,0.7,2.491842818026171,0,0,1,0,0,0,0,0.9919354838709676,-176.950555,1.0490842951684418,0.7658372595823387,-0.5297450424929179,0.0,0.6092425485370522,0.40345,1.180952380952381
0.23151079,0.02167836,1.0,0.9617924107073592,0,0,0,1,0,0,0,0.1411290322580647,-189.160555,0.1468477897468873,0.0,0.4192634560906516,0.8399999999999999,0.8126879956248291,0.0,-0.380952380952381
0.33901388,,1.0,0.1258703677916726,0,0,0,1,0,0,0,1.1129032258064513,0.0,-0.2551267320884895,-0.31543297049377,0.5750708215297451,0.0,-0.7295597484276729,0.0,2.7619047619047623
,5.95,1.0,0.2955241518602508,0,0,0,1,0,0,0,0.0,1694.949445,-0.2545789503421742,0.0,0.0,0.0,0.9001914137270988,0.0,2.4761904761904763
0.26496611,,1.0,2.050631726274971,0,0,0,1,0,0,0,0.4435483870967743,0.0,0.7564303147925766,0.4713998275366484,-0.8073654390934845,0.0,-0.0678151490292589,0.0,0.0
,,0.9,6.094021135433074,0,0,0,0,1,0,0,0.0,0.0,12.799944588129147,4.979941762375495,0.0,0.0,-1.4372436423297783,2.54142,-1.380952380952381
0.08742989,,1.0,0.0526491063652188,0,0,0,1,0,0,0,-1.161290322580645,0.0,-0.3050037672915741,-0.3664221352962495,2.3512747875354107,0.0,0.6519004648619087,0.0,1.0952380952380951
0.16415409,0.01437883,0.9,0.2088886783209941,0,0,0,0,1,0,0,-0.4677419354838708,-191.480555,-0.1991044734506063,-0.2869390254570904,-0.3654390934844193,2.7,-1.6800656275635768,-1.08204,-0.8095238095238096
0.31671033,,1.0,0.1863321934679136,0,0,0,1,0,0,0,0.9112903225806448,0.0,-0.2261699362721385,-0.2739417873701838,0.4277620396600566,0.0,-0.3347005742411812,0.0,0.761904761904762
0.16772265,,1.0,0.2041613557396487,0,0,0,1,0,0,0,-0.4354838709677419,0.0,-0.2123020279159237,-0.2729419998250372,0.0311614730878186,0.0,-0.9340989882417282,0.0,0.8571428571428571
,,1.0,0.6445286216654857,0,0,0,1,0,0,0,0.0,0.0,-0.0262677286947176,-0.0789832160665858,0.0,0.0,0.0,0.0,0.0
0.23730971,,1.0,2.372463844686831,0,0,0,1,0,0,0,0.1935483870967743,0.0,1.0432891404027838,0.6128697651749002,-0.9688385269121812,0.0,-0.1203171998906207,0.0,-0.5714285714285715
0.15969338,,1.0,0.1427808044883134,0,0,0,1,0,0,0,-0.5080645161290321,0.0,-0.2521042157123038,-0.292437856955397,1.1274787535410764,0.0,0.3926715887339349,0.0,0.4285714285714286
0.1409584,,1.0,0.3543905682580601,0,0,0,1,0,0,0,-0.6774193548387094,0.0,-0.1501000519463663,-0.191959208668158,-0.0084985835694051,0.0,-0.3489198796828001,0.0,0.2857142857142857
0.08207704,,1.0,0.1467832015557178,0,0,0,1,0,0,0,-1.2096774193548383,0.0,-0.2306393958041086,-0.3234312708549433,-0.6487252124645893,0.0,-1.97976483456385,0.0,-0.8571428571428573
0.18739036,,1.0,0.8507438285047647,0,0,0,1,0,0,0,-0.2576976290322579,0.0,0.0601008087042191,0.0,-1.547932011331445,0.0,-2.637134263057151,0.0,0.0
0.1373896,,1.0,0.4567444041090712,0,0,0,1,0,0,0,-0.7096774193548385,0.0,-0.1804182442860886,0.0,0.0,0.0,-2.2028985507246377,0.0,0.0
,0.028,1.0,3.0424812292073904,0,0,0,1,0,0,0,0.0,-187.050555,0.0,8.479198170388793,0.0,0.0,0.0,0.0,0.0
0.21411403,,1.0,0.8718424620244943,0,0,0,1,0,0,0,-0.0161290322580645,0.0,0.0587816899692806,0.0209955384480797,0.0283286118980169,0.0,0.4768936286573694,0.0,0.0
0.1516,0.02265362,1.0,0.2227228460301507,0,0,0,1,0,0,0,-0.5814516129032256,-188.850555,-0.2072974100057368,-0.256695452216404,0.5524079320113314,6.720000000000001,-0.4878315559201531,-0.29919,0.2380952380952381
0.53706935,,1.0,0.1567108107694722,0,0,0,1,0,0,0,2.903225806451612,0.0,-0.2409477577407831,-0.2914380694102503,0.6005665722379604,0.0,-0.0875034181022696,0.0,-0.380952380952381
,19.639,1.0,12.34365623584024,0,0,0,1,0,0,0,0.0,6045.78153007,569.964894960957,65.3471137383306,0.0,0.0,0.0,0.0,0.0
0.41930591,0.09690715,0.5,0.1561229703544157,0,0,0,0,0,1,0,1.8387096774193548,-165.250555,-0.230361546474279,-0.3104340327680367,-0.3144475920679886,0.3699999999999999,-1.7796007656549084,-1.09807,2.0476190476190474
0.13007427,0.00692197,0.5,2.2999400421292275,0,0,0,0,0,1,0,-0.7758064516129031,-193.850555,1.0958908220139956,0.4878963220315682,-1.4328611898017,0.0,-1.895542794640416,-1.20449,-0.6523809523809525
,,0.9,6.368238643002562,0,0,0,0,1,0,0,0.0,0.0,16.066133029271366,5.279878025919492,0.0,0.0,-1.400054689636314,1.57687,-0.761904761904762
,,1.0,0.6541721460252006,0,0,0,1,0,0,0,0.0,0.0,-0.0193987461264688,-0.0789832160665858,0.0,0.0,0.0,0.0,0.0
0.08742989,,1.0,0.1098717321022995,0,0,0,1,0,0,0,-1.161290322580645,0.0,-0.2602649669354698,-0.3339290400789831,0.5949008498583569,0.0,-0.366420563303254,0.0,-2.4761904761904763
0.22303545,,1.0,0.8356913099306492,0,0,0,1,0,0,0,0.0645161290322581,0.0,0.0367417123184031,0.0159966007223464,0.0141643059490084,0.0,0.1432868471424665,0.0,0.0
0.1516641,,1.0,1.9914216808139704,0,0,0,1,0,0,0,-0.5806451612903225,0.0,0.6937708575768126,0.4609020583126085,-0.5750708215297451,0.0,0.3532950505879136,0.0,-0.4761904761904761
0.26407397,,1.0,2.8414716521667143,0,0,0,1,0,0,0,0.4354838709677419,0.0,1.4587998847868875,0.9313020983041104,-0.943342776203966,0.0,0.4068908941755537,0.0,0.0
,,1.0,0.3047173447390654,0,0,0,1,0,0,0,0.0,0.0,-0.2506638791307251,0.0,0.0,0.0,0.0,0.0,0.0
0.57563172,,1.0,1.3455012775004591,0,0,0,1,0,0,0,3.2518103709677417,0.0,0.5328735373546044,0.0,-1.606883852691218,0.0,-2.7640142193054418,0.0,0.0
0.20786903,,1.0,0.4696227114920289,0,0,0,1,0,0,0,-0.0725806451612901,0.0,-0.1117434322649947,-0.1284726995513453,0.4135977337110481,0.0,0.5315832649712879,0.0,0.0
0.20786903,,1.0,0.923424329457784,0,0,0,1,0,0,0,-0.0725806451612901,0.0,0.080328505581852,0.0414911831235862,-0.1388101983002833,0.0,0.4495488105004102,0.0,-0.4761904761904761
0.40592451,0.09092957,1.0,1.6678509978998728,0,0,0,1,0,0,0,1.7177419354838706,-167.150555,0.4899161084192709,0.3064348825874501,-0.5818696883852691,0.4599999999999999,-0.1443806398687449,-0.18567,0.5904761904761905
0.14987982,,1.0,0.4936655579700258,0,0,0,1,0,0,0,-0.596774193548387,0.0,-0.1072181669811285,-0.1104765237387055,1.0906515580736544,0.0,0.7219031993437244,0.0,0.0
0.11687057,0.01271126,1.0,0.0433373159971799,0,0,0,1,0,0,0,-0.8951612903225804,-192.010555,-0.3099575601007299,-0.3823187572640814,3.736543909348442,9.16,0.2428219852337982,0.0,-0.0476190476190476
0.12043914,,1.0,0.554005927747035,0,0,0,1,0,0,0,-0.8629032258064513,0.0,-0.0656507868131951,-0.1114763112838521,-0.2181303116147308,0.0,-0.2439157779600765,0.0,-0.2857142857142857
0.26585825,,1.0,1.603383256590274,0,0,0,1,0,0,0,0.4516129032258064,0.0,0.4339351251040604,0.2964370071359835,-0.3427762039660056,0.0,0.7251845775225595,0.0,-1.7142857142857142
1.2,0.871,1.0,0.1255287458190154,0,0,0,1,0,0,0,8.895787774193547,80.77798750000002,-0.2611938414587612,-0.3039354137245835,1.8611898016997168,-0.7100000000000001,0.0907847962811047,0.0,0.0
,1.5,1.0,3.143058689542279,0,0,0,1,0,0,0,0.0,283.949445,0.0,9.478985715535448,0.0,0.0,0.4079846869018321,0.0,0.0
0.21768259,,1.0,1.218561409857566,0,0,0,1,0,0,0,0.0161290322580645,0.0,0.2393227219847602,0.1284726995513453,-0.5127478753541076,0.0,-0.1170358217117856,0.0,-0.2857142857142857
0.11999307,,0.5,0.6973490719366852,0,0,0,0,0,1,0,-0.8669354838709675,0.0,-0.0449335290374966,0.0,0.0,0.0,-2.1372709871479354,0.0,0.4190476190476191
,7.903,1.0,12.459153675970436,0,0,0,1,0,0,0,0.0,2315.74734552,606.6664451130006,68.94134996313284,0.0,0.0,0.0,0.0,0.0
0.24177042,,1.0,1.1072822391279211,0,0,0,1,0,0,0,0.2338709677419354,0.0,0.2039924988132112,0.0659859779796793,-0.7932011331444759,0.0,-0.7164342357123326,0.0,0.0
0.25515255,,1.0,1.043206731326617,0,0,0,1,0,0,0,0.3548387096774192,0.0,0.161288502749382,0.054988314983066,-0.6175637393767706,0.0,-0.6147115121684441,0.0,0.5714285714285715
0.19805548,,1.0,0.8727698784040508,0,0,0,1,0,0,0,-0.1612903225806449,0.0,0.0634029327325756,0.0159966007223464,-0.2096317280453258,0.0,0.3204812687995624,0.0,-0.8571428571428573
0.09278275,,1.0,0.1009280873319848,0,0,0,1,0,0,0,-1.1129032258064513,0.0,-0.274107152461453,-0.3234312708549433,1.6345609065155808,0.0,0.6715887339349194,0.0,-0.5714285714285715
,14.4,0.1,7.896763499036804,0,1,0,0,0,0,0,0.0,4380.6785058000005,0.0,1211.2236149818164,0.0,0.0,17.635220125786162,0.0,0.0
0.26318183,,1.0,0.1387672845023771,0,0,0,1,0,0,0,0.4274193548387098,0.0,-0.2591144793817316,-0.2844395565942237,2.478753541076488,0.0,0.9439431227782336,0.0,0.8571428571428571
0.18467335,,1.0,0.9627727867885488,0,0,0,1,0,0,0,-0.282258064516129,0.0,0.0862004824093956,0.0709849157054125,0.1444759206798866,0.0,0.8805031446540881,0.0,0.0
0.13649769,,1.0,0.9484411669377704,0,0,0,1,0,0,0,-0.7177419354838708,0.0,0.0849716486707307,0.0589874651636526,-0.0254957507082152,0.0,0.5742411812961444,0.0,0.0
0.11508629,,1.0,0.2924544628344011,0,0,0,1,0,0,0,-0.9112903225806448,0.0,-0.1878682220206842,-0.2014571903470512,0.9773371104815864,0.0,0.54361498496035,0.0,1.523809523809524
1.58,0.508,0.9,0.1147099091387507,0,0,0,0,1,0,0,12.330822580645158,-34.592915000000005,-0.2624607296489992,-0.3210817701238487,0.9376770538243626,-1.158,-0.6125239267158873,0.0,1.2857142857142858
0.25281251,,1.0,0.6076046033001703,0,0,0,1,0,0,0,0.3336859435483871,0.0,-0.0993150680138293,0.0,0.1888668555240792,0.0,0.0066721356302984,0.0,0.0
0.2328486,0.07142183,0.9,2.056658914202933,0,0,0,0,1,0,0,0.1532258064516128,-173.350555,0.8030471495994046,0.4384068385468088,-1.1019830028328612,5.67,-1.024883784522833,-0.6593300000000001,0.1095238095238095
,,0.9,0.3980241594535711,0,0,0,0,1,0,0,0.0,0.0,-0.1089489560904892,-0.2039566592099179,0.0,0.0,-1.701941482089144,0.0,0.0
,,1.0,4.292430100862125,0,0,0,1,0,0,0,0.0,0.0,4.01152376003319,2.1805366359648577,0.0,0.0,-0.8107191687175278,0.0,-2.619047619047618
,,0.9,5.600678669968875,0,0,0,0,1,0,0,0.0,0.0,8.929634074414759,4.230101103515502,0.0,0.0,-0.8061252392671588,1.81673,-0.9047619047619048
,0.02438423,1.0,0.7658695990709582,0,0,0,1,0,0,0,0.0,-188.300555,0.0,0.0,0.0,0.0,0.0,0.0,0.0
,,0.7,0.1568051359250383,0,0,1,0,0,0,0,0.0,0.0,-0.2484962432930948,-0.2762912881012785,0.0,0.0,0.9001914137270988,0.48626,0.0619047619047619
0.23552543,,1.0,0.1637372746255964,0,0,0,1,0,0,0,0.1774193548387098,0.0,-0.2377657952786365,-0.286439131684517,0.5495750708215298,0.0,-0.387202625102543,0.0,1.6190476190476193
0.12311557,,1.0,0.134674679796881,0,0,0,1,0,0,0,-0.8387096774193548,0.0,-0.2564831712090539,-0.2974367946811302,1.388101983002833,0.0,0.4025157232704403,0.0,0.8571428571428571
0.22749615,,1.0,1.727514979525671,0,0,0,1,0,0,0,0.1048387096774192,0.0,0.4832946685539297,0.3759201169751427,-0.3711048158640226,0.0,0.809406617445994,0.0,0.0
0.26407397,,1.0,1.2123232543671876,0,0,0,1,0,0,0,0.4354838709677419,0.0,0.2042178566474018,0.1624654760863316,0.3172804532577903,0.0,0.3981405523653267,0.0,0.2857142857142857
1.282,1.58,1.0,0.1628816138701459,0,0,0,1,0,0,0,9.637026822580644,306.11832805999995,-0.2474029231398374,-0.2684929452491345,2.4844192634560907,-0.4,0.7339349193327864,0.5596199999999999,0.6619047619047619
0.25515255,0.04908309,1.0,0.0674236132823108,0,0,0,1,0,0,0,0.3548387096774192,-180.450555,-0.262298088199315,-0.4055638176887411,-1.0254957507082152,0.0,-2.709324582991523,-2.43531,-1.142857142857143
,,1.0,6.679182013412928,0,0,0,1,0,0,0,0.0,0.0,18.03894359146504,6.549608208255745,0.0,0.0,-0.8761279737489746,1.23687,-0.1904761904761904
0.23106472,,1.0,4.260014186397864,0,0,0,1,0,0,0,0.1370967741935483,0.0,4.032869406597406,2.080557881450192,-1.2889518413597734,0.0,0.4736122504785343,0.0,0.0
0.22571187,0.03838549,1.0,2.311931380063356,0,0,0,1,0,0,0,0.0887096774193547,-183.850555,0.9316046540802,0.6308659409875401,-0.6713881019830028,2.78,0.2493847415914684,0.0,0.4523809523809524
0.20519261,,1.0,1.4157174818075946,0,0,0,1,0,0,0,-0.0967741935483871,0.0,0.2929787174370251,0.2594448679655573,0.4447592067988669,0.0,0.593929450369155,0.0,0.1904761904761905
0.12043914,,1.0,0.1670216013368194,0,0,0,1,0,0,0,-0.8629032258064513,0.0,-0.2405681656423277,-0.2759413624604772,1.2861189801699715,0.0,0.7087776866283839,0.0,-0.4761904761904761
0.22125116,,1.0,0.6558498192351687,0,0,0,1,0,0,0,0.0483870967741935,0.0,-0.0356809489421395,-0.0554882087556394,0.1388101983002833,0.0,0.4670494941208641,0.0,0.0
,,1.0,0.3351088075741076,0,0,0,1,0,0,0,0.0,0.0,-0.1625013490277133,-0.1939587837584513,0.7223796033994334,0.0,0.2067268252666119,0.0,-0.0952380952380952
0.21411403,,1.0,0.8111470975847533,0,0,0,1,0,0,0,-0.0161290322580645,0.0,0.0547724477507466,-0.028993838809253,-0.4702549575070821,0.0,-0.4495488105004102,0.0,0.0
0.41227248,0.03870013,1.0,0.8499334997505976,0,0,0,1,0,0,0,1.775124379032258,-183.750555,0.046865750454912,0.0159966007223464,-0.126883852691218,-0.65,0.2493847415914684,0.0,0.4523809523809524
0.11240986,0.0080232,1.0,0.0588795080849662,0,0,0,1,0,0,0,-0.9354838709677415,-193.500555,-0.3439091550917983,0.0,2.696883852691218,6.27,-0.4528301886792453,0.0,0.2857142857142857
0.08564561,,1.0,0.006680842113811,0,0,0,1,0,0,0,-1.1774193548387095,0.0,-0.3437870613660566,-0.4619018458577552,1.1954674220963173,0.0,-1.7555373256767843,0.0,-0.380952380952381
0.16683051,0.01072906,0.9,1.7757430304455992,0,0,0,0,1,0,0,-0.4435483870967739,-192.640555,0.612640969822165,0.3039354137245835,-0.9745042492917848,1.77,-0.9767569045665846,-0.59838,-0.8571428571428573
0.24890756,,1.0,0.0792432734491322,0,0,0,1,0,0,0,0.2983870967741935,0.0,-0.2838527595271731,-0.3484259594836097,1.30028328611898,0.0,0.1345365053322395,0.0,-0.761904761904762
0.994,4.82,1.0,0.8075694665070104,0,0,0,1,0,0,0,7.033650661290322,1335.88236674,-0.0141339123092977,0.0639864028893859,2.2209631728045327,4.77,1.9502324309543344,1.19419,0.5428571428571429
0.22303545,,1.0,1.3435246272362416,0,0,0,1,0,0,0,0.0645161290322581,0.0,0.2901114918674843,0.1909594211230112,-0.5410764872521246,0.0,0.1739130434782608,0.0,0.0
,,0.9,6.950278226062028,0,0,0,0,1,0,0,0.0,0.0,19.71542327253253,7.979304397815464,0.0,0.0,-1.5553732567678424,2.47942,-0.3333333333333333
,0.25170815,0.5,8.798398837017086,0,0,0,0,0,1,0,0.0,-116.050555,83.36271241430944,12.428358973718083,0.0,0.0,0.0,0.0,0.0
0.07137134,,1.0,0.4832352265794797,0,0,0,1,0,0,0,-1.3064516129032255,0.0,-0.08087597082714,-0.158466325905745,-0.405099150141643,0.0,-0.6168990976210008,0.0,-2.4761904761904763
,,1.0,7.499685126813731,0,0,0,1,0,0,0,0.0,0.0,29.80049635395412,9.284027144231851,0.0,0.0,0.4178288214383374,0.0,1.3095238095238098
0.10794916,,1.0,0.3807264035987767,0,0,0,1,0,0,0,-0.975806451612903,0.0,-0.1317641657780746,-0.1909594211230113,0.0453257790368272,0.0,-0.2975116215477167,0.0,-1.142857142857143
0.0811849,,1.0,0.008578300540492,0,0,0,1,0,0,0,-1.2177419354838706,0.0,-0.3421445641900743,-0.4514040766337153,3.011331444759207,0.0,-0.3642329778506973,0.0,0.1904761904761905
0.20519261,0.02045129,1.0,0.6460297236353985,0,0,0,1,0,0,0,-0.0967741935483871,-189.550555,-0.0363403591535062,-0.063986402889386,1.028328611898017,1.54,0.4747060432048127,0.0,-1.809523809523809
,,1.0,7.312253186168919,0,0,0,1,0,0,0,0.0,0.0,28.703580937630665,7.914318207380932,0.0,0.0,0.1330489472245013,0.0,-1.4557142857142855
0.82344686,,1.0,0.4706042551618718,0,0,0,1,0,0,0,5.491935483870967,0.0,-0.1048025796676934,-0.1379706812302385,0.5212464589235127,0.0,0.2953240360951599,0.0,-0.4761904761904761
0.13560555,,1.0,0.2561793546760362,0,0,0,1,0,0,0,-0.725806451612903,0.0,-0.1748383726940501,-0.2649436994638639,-0.7223796033994334,0.0,-1.7938200710965273,0.0,-1.1904761904761905
0.16772265,0.01170443,0.9,2.239013457658376,0,0,0,0,1,0,0,-0.4354838709677419,-192.330555,0.9258131371444748,0.5458839996500743,-0.9518413597733713,1.7599999999999998,-0.4648619086683073,-0.38677,-0.1428571428571428
0.26139709,0.02800239,1.0,0.9247109818592985,0,0,0,1,0,0,0,0.4112903225806453,-187.150555,0.1181943944478924,-0.00149968131772,-0.7725212464589236,0.6999999999999997,-1.4131802023516544,-0.7964600000000001,-0.4761904761904761
,,1.0,1.047894806013019,0,0,0,1,0,0,0,0.0,0.0,0.1055042291120621,0.1279728057787719,0.0,0.0,-0.0393765381460213,0.0,0.0
0.28548537,,1.0,2.950529408476279,0,0,0,1,0,0,0,0.6290322580645162,0.0,1.654605835349378,0.95079795543447,-1.1643059490084986,0.0,-0.0776592835657642,0.0,0.0
0.23297739,0.04782455,1.0,1.1315049732974176,0,0,0,1,0,0,0,0.154386306451613,-180.850555,0.1784737930803749,0.1159753552370121,-0.2483569405099149,3.34,0.2450095706863549,0.05136,0.1857142857142857
0.08921418,,1.0,0.0159566420079151,0,0,0,1,0,0,0,-1.1451612903225803,0.0,-0.330729305135994,-0.4374070510016621,0.6883852691218131,0.0,-1.681159420289855,0.0,-0.5714285714285715
0.0704792,,1.0,0.1262579442832091,0,0,0,1,0,0,0,-1.3145161290322578,0.0,-0.2586213943894545,-0.3079345639051701,1.1558073654390937,0.0,0.2417281925075198,0.0,0.0
0.17878521,0.01116955,1.0,0.1614798941634695,0,0,0,1,0,0,0,-0.3354838709677418,-192.500555,-0.2456446888793229,-0.2745416598972718,2.09915014164306,1.11,0.8498769483182936,0.39048,0.2142857142857142
0.25336827,,1.0,0.3041710981820793,0,0,0,1,0,0,0,0.3387096774193547,0.0,-0.1690332020100974,-0.2189534723871177,-0.036827195467422,0.0,-0.4014219305441618,0.0,0.0
0.22303545,,1.0,0.234223368414,0,0,0,1,0,0,0,0.0645161290322581,0.0,-0.2030042795287094,-0.2489470987415174,0.2436260623229461,0.0,-0.2001640689089417,0.0,0.0
0.24087828,,1.0,1.3221614643722892,0,0,0,1,0,0,0,0.2258064516129033,0.0,0.3043307900374134,0.1559668570428784,-0.8498583569405099,0.0,-0.5250205086136177,0.0,0.0
0.18467335,,1.0,0.2813816016156727,0,0,0,1,0,0,0,-0.282258064516129,0.0,-0.1930663188490513,-0.2059562343002112,1.0793201133144477,0.0,0.8378452283292316,0.0,0.4285714285714286
,,0.7,5.318762924374984,0,0,1,0,0,0,0,0.0,0.0,7.574043082301595,3.670220078233375,-1.1218130311614731,0.0,0.9001914137270988,0.5671999999999999,1.0476190476190477
1.048,0.208,1.0,0.4512242797746779,0,0,0,1,0,0,0,7.5218,-129.941915,-0.1163881382127635,-0.1404701500931052,1.2634560906515582,-1.107,0.1235985780694558,0.0,-0.0476190476190476
0.11865465,,1.0,0.1815140058124155,0,0,0,1,0,0,0,-0.8790322580645159,0.0,-0.2194934722480651,-0.2919379631828236,0.0,0.0,-1.6385015039649986,-0.96881,-0.4285714285714285
0.14363483,,1.0,0.7333086185466828,0,0,0,1,0,0,0,-0.6532258064516127,0.0,0.0014384333187283,-0.0329929889898397,0.206798866855524,0.0,0.455017774131802,0.0,-0.5714285714285715
0.12222342,,1.0,2.536073667200866,0,0,0,1,0,0,0,-0.8467741935483868,0.0,1.1906487607060507,0.7063499006461127,-0.8838526912181303,0.0,0.3193874760732841,0.0,-1.7142857142857142
1.07239134,,1.0,0.432280924367653,0,0,0,1,0,0,0,7.742269241935483,0.0,-0.1924549997749443,0.0,0.2648158640226629,0.0,-0.3069401148482361,0.0,0.0
1.614,4.34,1.0,0.0956878659264867,0,0,0,1,0,0,0,12.638166129032255,1183.331645,-0.2816547520662895,-0.3169326518114901,3.478753541076488,0.04,1.48318293683347,0.0,-0.1428571428571428
,13.492,1.0,11.815994254603485,0,0,0,1,0,0,0,0.0,4092.090312240001,455.4764678847311,48.10077858455079,0.0,0.0,0.0,0.0,0.0
0.33633745,,1.0,3.047896722191316,0,0,0,1,0,0,0,1.0887096774193548,0.0,1.8116750627729947,0.9917892447854832,-1.2322946175637397,0.0,-0.2078206179928903,0.0,-1.0476190476190477
,,1.0,0.8575385649194383,0,0,0,1,0,0,0,0.0,0.0,0.0651364320416082,0.0,0.0,0.0,0.1750068362045392,0.0,-1.761904761904762
0.08296919,,1.0,0.2221541568008383,0,0,0,1,0,0,0,-1.201612903225806,0.0,-0.206997105671304,-0.2579451866478373,1.0113314447592068,0.0,0.1367240907847962,0.0,-1.238095238095238
0.25872112,,1.0,0.558643731641748,0,0,0,1,0,0,0,0.3870967741935483,0.0,-0.0846070605087772,-0.0789832160665858,1.13314447592068,0.0,0.7973748974569319,0.0,0.0
0.21054546,,1.0,5.651034226230904,0,0,0,1,0,0,0,-0.0483870967741935,0.0,9.739946775886343,4.075633927790345,-1.453257790368272,0.0,0.859721082854799,0.0,-1.142857142857143
0.17575193,,1.0,0.9168477723263108,0,0,0,1,0,0,0,-0.3629032258064515,0.0,0.0946991391141786,0.0179961758126397,-0.4985835694050991,0.0,-0.4222039923434509,0.0,0.4761904761904762
0.11597843,,1.0,1.1252208606972065,0,0,0,1,0,0,0,-0.9032258064516128,0.0,0.2458636626657905,0.0404913955784395,-1.2804532577903682,0.0,-1.92616899097621,0.0,-0.1428571428571428
0.22392759,,1.0,1.181997089025215,0,0,0,1,0,0,0,0.0725806451612901,0.0,0.2012101600896468,0.1369708936850919,-0.1048158640226629,0.0,0.5567404976756904,0.0,-0.5714285714285715
,10.6,0.5,8.94262453395908,0,0,0,0,0,1,0,0.0,3172.9305592,0.0,3448.748141020033,0.0,0.0,-2.216024063439978,0.0,-0.6190476190476191
1.57,0.47,0.7,0.322180487364157,0,0,1,0,0,0,0,12.240427419354836,-46.670455,-0.1836887450782854,-0.1719634577652248,2.631728045325779,-1.1700000000000002,1.4470877768662838,0.0,-0.380952380952381
0.19448691,,1.0,1.036353045626467,0,0,0,1,0,0,0,-0.1935483870967739,0.0,0.1593997479969476,0.0509891648024794,-0.6742209631728046,0.0,-0.750341810226962,0.0,0.8571428571428571
0.13738983,,1.0,4.879771377937187,0,0,0,1,0,0,0,-0.7096774193548385,0.0,6.174724031900984,2.7509154304710246,-1.4305949008498584,0.0,0.5786163522012578,0.0,-2.2857142857142856
0.21946688,,1.0,0.461057644450349,0,0,0,1,0,0,0,0.032258064516129,0.0,-0.0951681120392114,-0.1609657947686117,-0.1841359773371104,0.0,-0.4036095159967186,0.0,-1.4285714285714286
,0.20199478,1.0,0.5833289663328478,0,0,0,1,0,0,0,0.0,-131.850555,-0.1132056427806996,0.0,0.0,0.0,0.2439157779600765,0.0,0.0
0.22923378,,1.0,0.6423653674488053,0,0,0,1,0,0,0,0.1205495887096773,0.0,-0.0788284773518415,0.0,0.0,0.0,0.1968826907301066,0.0,1.2857142857142858
0.14363483,,1.0,0.1100919067418621,0,0,0,1,0,0,0,-0.6532258064516127,0.0,-0.2645717050575334,-0.3254308459452366,0.8895184135977338,0.0,0.1060978944490019,0.0,-1.7142857142857142
1.5,3.7,0.3,0.0883748586925045,1,0,0,0,0,0,0,11.60766129032258,979.920445,-0.2926813060123543,-0.3039354137245835,4.98300283286119,0.1699999999999999,2.162428219852338,1.20238,0.0
,,1.0,7.278921443706373,0,0,0,1,0,0,0,0.0,0.0,20.035592253998765,11.103640476398764,0.0,0.0,0.0,0.0,0.0
0.19181015,,1.0,0.3296521893072757,0,0,0,1,0,0,0,-0.2177419354838709,0.0,-0.1343119325779514,-0.2394491170626242,0.0,0.0,-1.7183483729833198,0.0,0.0
0.23195686,,1.0,1.140901091164014,0,0,0,1,0,0,0,0.1451612903225807,0.0,0.1979463629241121,0.1024782233775322,-0.5609065155807366,0.0,-0.0962537599124965,0.0,-0.6666666666666667
0.55348381,0.05034138,1.0,5.252637345590241,0,0,0,1,0,0,0,3.0516129032258057,-180.050555,7.511928200368295,3.431770748715897,0.0,0.0,-0.0546896363139185,0.0,0.5238095238095238
1.312,0.488,1.0,0.1620025345923934,0,0,0,1,0,0,0,9.908211838709676,-40.95029238000001,-0.2444567943160573,-0.2761413199695064,1.9178470254957507,-1.062,0.5654908394859174,0.31175,0.9619047619047618
0.24444685,,1.0,0.8731592684490525,0,0,0,1,0,0,0,0.2580645161290324,0.0,0.0872550667137721,-0.0119974505417598,-0.7223796033994334,0.0,-0.8531583264971287,0.0,-0.380952380952381
,,1.0,6.779358081734208,0,0,0,1,0,0,0,0.0,0.0,21.10375735354166,6.179686816551484,0.0,0.0,-0.9975389663658736,0.0,0.1428571428571428
1.033,6.7,1.0,5.689547207852,0,0,0,1,0,0,0,7.386191177419353,1933.3997719,10.384771614027745,3.970156341777372,-1.586402266288952,6.2,-0.4222039923434509,-0.24397,0.819047619047619
0.16415409,,1.0,0.0638944137449346,0,0,0,1,0,0,0,-0.4677419354838708,0.0,-0.2955270647834789,-0.3589237287076496,2.152974504249292,0.0,0.4714246650259776,0.0,0.0
,0.05393476,1.0,0.6578675072969917,0,0,0,1,0,0,0,0.0,-178.908555,-0.0694600011028449,0.0,0.0,0.0,-0.3576702214930271,0.0,0.0
1.1592,0.731,0.9,0.0401837485742368,0,0,0,0,1,0,0,8.526994193548385,36.283175,-0.3056660373415216,-0.4019145931489558,4.69971671388102,-0.7100000000000001,-1.0784796281104732,0.0,0.0
0.25,23.0,1.0,2.3516356994359207,0,0,0,1,0,0,0,0.3082622338709677,7114.002806,0.2592698321722836,1.980579126935526,0.0,1998.67,0.3532950505879136,0.0,-1.6666666666666663
,,0.9,4.461371983864888,0,0,0,0,1,0,0,0.0,0.0,4.121870176540952,2.6054463426521863,0.0,0.0,-0.8050314465408805,1.79432,-0.4285714285714285
0.34615101,,1.0,2.795415383923619,0,0,0,1,0,0,0,1.1774193548387095,0.0,1.4102244885128423,0.8998087906319906,-0.9773371104815864,0.0,0.2417281925075198,0.0,0.5714285714285715
0.16950694,,1.0,0.6600741579730198,0,0,0,1,0,0,0,-0.4193548387096774,0.0,-0.0266305293756986,-0.063986402889386,-0.1246458923512747,0.0,0.1400054689636314,0.0,0.0
0.10557409,,1.0,0.0415845175801841,0,0,0,1,0,0,0,-0.9972759032258062,0.0,-0.3496459880726872,0.0,0.443172804532578,0.0,-2.459939841400055,0.0,0.0
0.11865486,,1.0,0.0865152852011195,0,0,0,1,0,0,0,-0.8790322580645159,0.0,-0.2824140384564246,-0.3354287213967031,1.4589235127478757,0.0,0.1739130434782608,0.0,1.7142857142857146
0.23106472,,1.0,2.4649625016134635,0,0,0,1,0,0,0,0.1370967741935483,0.0,1.08904965525608,0.6943524501043528,-0.8385269121813032,0.0,0.5742411812961444,0.0,-1.7142857142857142
,,1.0,8.257707180799196,0,0,0,1,0,0,0,0.0,0.0,53.14023691381552,11.278603296799428,0.0,0.0,-1.1233251298878864,-0.7772300000000001,-1.5714285714285714
0.12579199,,1.0,0.169667175105053,0,0,0,1,0,0,0,-0.8145161290322579,0.0,-0.2394759312716138,-0.2739417873701838,1.413597733711048,0.0,0.779874213836478,0.0,0.0
,,1.0,5.821624767816084,0,0,0,1,0,0,0,0.0,0.0,11.35921986221178,4.180111726258169,0.0,0.0,-0.1400054689636314,0.0,-0.6666666666666667
0.17307551,,1.0,1.408450338229828,0,0,0,1,0,0,0,-0.3870967741935483,0.0,0.3265676057216571,0.2144544284339577,-0.3569405099150141,0.0,0.1968826907301066,0.0,0.0
0.10705701,,1.0,0.2940674663625096,0,0,0,1,0,0,0,-0.9838709677419352,0.0,-0.1881302702020823,-0.1989577214841846,1.56657223796034,0.0,0.989882417281925,0.0,0.0
0.24890756,,1.0,0.6452613520148104,0,0,0,1,0,0,0,0.2983870967741935,0.0,-0.0234326270298782,-0.0819825787020258,-0.4022662889518413,0.0,-0.4407984686901832,0.0,-0.4761904761904761
,,1.0,10.067521022038951,0,0,0,1,0,0,0,0.0,0.0,133.82409593956535,28.22500218703525,0.0,0.0,0.0,0.0,0.0
0.12936056,,1.0,0.3374588376203512,0,0,0,1,0,0,0,-0.7822580645161289,0.0,-0.1668800071457824,-0.1839609083069847,1.6090651558073654,0.0,0.7219031993437244,0.0,-0.9523809523809524
0.08564561,,1.0,0.0400388097531945,0,0,0,1,0,0,0,-1.1774193548387095,0.0,-0.3088857439100378,-0.3954159741055025,1.6770538243626063,0.0,-0.0885972108285479,0.0,-2.095238095238096
1.1936857,,1.0,0.0657248002197559,0,0,0,1,0,0,0,8.838709677419354,0.0,-0.295838788334833,-0.353424897209343,1.9376770538243624,0.0,0.4790812141099261,0.0,1.0952380952380951
,,1.0,1.0356927229813249,0,0,0,1,0,0,0,0.0,0.0,0.1286723924545642,0.0859817288826124,0.0,0.0,0.2253213016133442,0.27972,0.4285714285714286
0.321,0.375,1.0,1.0458755319372408,0,0,0,1,0,0,0,0.9516129032258064,-76.869555,0.2018317391617729,0.0159966007223464,0.0,0.0,-1.1780147662018048,0.0,-0.9047619047619048
,,1.0,4.590452408901141,0,0,0,1,0,0,0,0.0,0.0,4.8726842212065264,2.530462276766187,0.0,0.0,0.1542247744052502,0.39534,1.4428571428571428
,3.4,1.0,2.9306450194900417,0,0,0,1,0,0,0,0.0,903.949445,0.0,7.479410625242135,0.0,0.0,0.0,0.0,0.0
1.09733439,,1.0,0.1333969051314851,0,0,0,1,0,0,0,7.96774193548387,0.0,-0.2568439235069121,-0.2989364759988502,1.2662889518413598,0.0,0.5600218758545256,0.0,0.0
0.253,0.05002699,0.9,0.324662823975845,0,0,0,0,1,0,0,0.3387096774193547,-180.150555,-0.1535437707449227,-0.2192034192734044,-0.1934844192634559,2.47,-1.0883237626469784,-0.71738,-0.1666666666666666
0.22481973,,1.0,0.4956586771222599,0,0,0,1,0,0,0,0.0806451612903226,0.0,-0.0895026028526396,-0.1349713185947986,-0.0594900849858356,0.0,0.0164068908941755,0.0,-1.238095238095238
,2.072,1.0,9.507180595775427,0,0,0,1,0,0,0,0.0,462.4899042999999,89.73249467046328,23.925915742904632,0.0,0.0,0.0,0.0,0.0
0.20510304,0.01985338,1.0,0.1473965370707249,0,0,0,1,0,0,0,-0.0975806451612903,-189.740555,-0.2464713701783055,-0.2958871239861529,0.0,1.4699999999999998,-0.2414000546896361,0.0,0.761904761904762
0.33329657,0.10068326,1.0,1.7237694607772531,0,0,0,1,0,0,0,1.061221629032258,-164.050555,0.4987036124225412,0.3559243660722095,-0.6030878186968838,1.67,0.2493847415914684,0.0,0.4523809523809524
,,1.0,2.032944097218784,0,0,0,1,0,0,0,0.0,0.0,0.740030832400092,0.4659009960383418,0.0,0.0,0.1629751162154771,0.35115,-1.0476190476190477
0.15344839,,1.0,0.6642576376430696,0,0,0,1,0,0,0,-0.5645161290322579,0.0,-0.0320767740113582,-0.0524888461201995,0.0084985835694051,0.0,0.1936013125512715,0.0,1.0476190476190477
0.13828198,,1.0,0.1028795010255925,0,0,0,1,0,0,0,-0.7016129032258063,0.0,-0.2668875212013864,-0.3344289338515565,1.0084985835694051,0.0,0.0546896363139185,0.0,-2.1904761904761902
0.21500617,,1.0,0.5573488069031397,0,0,0,1,0,0,0,-0.008064516129032,0.0,-0.1277027061290368,0.0,-0.4844192634560906,0.0,-1.069729286300246,0.0,-1.142857142857143
0.0918906,,1.0,1.7204020406370053,0,0,0,1,0,0,0,-1.1209677419354835,0.0,0.55779439678427,0.2964370071359835,-1.0906515580736544,0.0,-0.9494120864096254,0.0,-0.2857142857142857
0.1623698,,1.0,0.2740228079999794,0,0,0,1,0,0,0,-0.4838709677419353,0.0,-0.1910021584807359,-0.2189534723871177,0.5354107648725213,0.0,0.324856439704676,0.0,0.0
1.164,0.73,1.0,0.1327826327869516,0,0,0,1,0,0,0,8.570365749999999,35.96418211,-0.2589977021921785,-0.2954872089680943,1.8328611898017,-0.7600000000000001,0.5283018867924528,0.20296,1.223809523809524
0.18199692,,1.0,0.4965742867649733,0,0,0,1,0,0,0,-0.3064516129032256,0.0,-0.0968338173913911,-0.123473761825612,0.6515580736543909,0.0,0.0371889526934645,0.0,0.8571428571428571
0.33901388,,1.0,3.155559855522883,0,0,0,1,0,0,0,1.1129032258064513,0.0,1.8527022107886395,1.140757589012335,-0.8810198300283286,0.0,0.6245556467049495,0.0,0.0
0.13203698,,1.0,0.0093717582287373,0,0,0,1,0,0,0,-0.7580645161290321,0.0,-0.3413285139661005,-0.447904820225702,2.5212464589235126,0.0,-0.4495488105004102,0.0,0.5714285714285715
0.14363483,,1.0,0.1949003393540751,0,0,0,1,0,0,0,-0.6532258064516127,0.0,-0.2240636406649514,-0.2654435932364372,1.198300283286119,0.0,0.5042384468143287,0.0,-1.0476190476190477
0.819,0.5,1.0,7.661016327699012,0,0,0,1,0,0,0,5.451750806451612,-37.13555500000001,33.94701999262189,9.608958096404512,-1.7138810198300285,-0.1300000000000001,0.0218758545255674,0.11678,-0.3238095238095237
0.74262863,,1.0,0.7097405090515772,0,0,0,1,0,0,0,4.761379032258063,0.0,-0.0370340026215479,0.0,2.3909348441926346,0.0,-0.6792452830188679,0.0,0.0
0.22571187,,1.0,0.6443829180210631,0,0,0,1,0,0,0,0.0887096774193547,0.0,-0.0263710047546329,-0.0789832160665858,-0.3711048158640226,0.0,-0.4167350287120591,0.0,0.2857142857142857
1.04915873,,1.0,0.1992463670566865,0,0,0,1,0,0,0,7.532258064516127,0.0,-0.2171934123937146,-0.2714423185073172,0.5835694050991501,0.0,-0.2384468143286847,0.0,-0.1904761904761904
0.81184762,,1.0,0.8787116745941814,0,0,0,1,0,0,0,5.387096774193547,0.0,0.0677680139847276,0.0159966007223464,-0.1643059490084986,0.0,-0.0525020508613617,0.0,0.8666666666666667
,,0.5,10.044186012763252,0,0,0,0,0,1,0,0.0,0.0,141.85941066093173,25.97548021045528,0.0,0.0,0.0,0.0,0.0
,,1.0,1.4585536952376308,0,0,0,1,0,0,0,0.0,0.0,0.3795418597293034,0.2084557031630777,0.0,0.0,-0.1607875307629204,-0.1807399999999999,0.0
0.10170416,,1.0,0.0628672277081814,0,0,0,1,0,0,0,-1.0322580645161288,0.0,-0.2958064740252618,-0.3609233037979429,2.9688385269121813,0.0,0.903472791905934,0.0,-2.380952380952381
,17.7,0.3,13.61510771551519,1,0,0,0,0,0,0,0.0,5429.5122489000005,1080.1805040302754,123.45476586225426,0.0,0.0,2.759639048400328,0.0,0.0
0.15701695,,1.0,1.1081817716250852,0,0,0,1,0,0,0,-0.5322580645161289,0.0,0.1705501286313932,0.1034780109226789,-0.3824362606232294,0.0,0.239540607054963,0.0,-0.4761904761904761
0.17842836,,1.0,0.2140227519090258,0,0,0,1,0,0,0,-0.3387096774193547,0.0,-0.2073766262901668,-0.2679430620993039,-0.1019830028328611,0.0,-0.9286300246103364,0.0,0.2857142857142857
0.37916026,,1.0,1.887328970370847,0,0,0,1,0,0,0,1.475806451612903,0.0,0.6236245410557819,0.4104127872827024,-0.5297450424929179,0.0,0.3347005742411812,0.0,-0.6666666666666667
0.22303545,,1.0,0.7994622555809849,0,0,0,1,0,0,0,0.0645161290322581,0.0,0.0460373664812533,-0.028993838809253,-0.2521246458923513,0.0,-0.2089144107191687,0.0,0.0
1.7,0.56,0.7,0.2765643034578151,0,0,1,0,0,0,0,13.415322580645157,-18.070555000000013,-0.2008279011114924,-0.1974080507892072,2.7223796033994336,-1.1840000000000002,0.9340989882417282,0.0,-0.2857142857142857
0.16058552,,1.0,0.5081457467374357,0,0,0,1,0,0,0,-0.4999999999999998,0.0,-0.0672271795767593,-0.152467600634865,-0.6373937677053825,0.0,-1.1791085589280832,0.0,-1.142857142857143
0.18824159,,1.0,0.5652033438580967,0,0,0,1,0,0,0,-0.25,0.0,-0.0356867285403526,-0.1389704687753852,0.0,0.0,-1.8608148755810772,0.0,0.0
1.18,0.705,0.5,0.0667546558926271,0,0,0,0,0,1,0,8.693548387096772,27.949445,-0.2762019802927466,-0.3887673869302773,-0.6175637393767706,-0.8,-2.421657095980312,-1.88855,-0.2857142857142857
1.08,0.27,0.7,0.2476003366848941,0,0,1,0,0,0,0,7.814516129032256,-110.240555,-0.2038832198427504,-0.2299511353837309,1.4702549575070822,-1.1800000000000002,0.5064260322668854,0.0,0.0476190476190476
1.02,1.463,1.0,0.0441530263501338,0,0,0,1,0,0,0,7.268693548387096,268.93473500000005,-0.3089757716875047,-0.3822187785095667,2.558073654390935,0.3699999999999999,0.0689089417555373,0.05949,0.7761904761904761
0.25069184,,1.0,1.001387899600347,0,0,0,1,0,0,0,0.3145161290322581,0.0,0.1272778364073638,0.0559881025282127,0.1699716713881019,0.0,-0.1181296144380639,0.0,0.0
0.21589831,,1.0,1.890047771977632,0,0,0,1,0,0,0,0.0,0.0,0.65190456042687,0.3874176737443292,-0.8130311614730878,0.0,-0.3303254033360678,0.0,0.380952380952381
0.26942682,,1.0,2.163857552247009,0,0,0,1,0,0,0,0.4838709677419355,0.0,0.8092604223267702,0.5568816626466876,-0.6005665722379604,0.0,0.948318293683347,0.0,-2.2857142857142856
,,1.0,7.332430943722396,0,0,0,1,0,0,0,0.0,0.0,28.1960529091825,8.239249159553594,0.0,0.0,-0.3084495488105004,-0.16713,1.666666666666667
0.969,0.526,1.0,0.1387004347056252,0,0,0,1,0,0,0,6.80767822580645,-28.871974999999992,-0.2545654271759969,-0.294387442668433,1.688385269121813,-0.6300000000000001,0.3314191960623462,0.14387,0.8095238095238095
,,1.0,0.2115604858750616,0,0,0,1,0,0,0,0.0,0.0,-0.2201778164928758,-0.2489470987415174,0.0,0.0,0.0,0.0,0.0
0.15068275,,1.0,1.330293632392098,0,0,0,1,0,0,0,-0.5895161290322578,0.0,0.5145909096439011,0.0,0.0,0.0,-1.2075471698113207,0.0,-1.0666666666666669
,,1.0,8.460268914869896,0,0,0,1,0,0,0,0.0,0.0,57.527898579109326,12.833272929502478,0.0,0.0,0.1330489472245013,0.0,-1.4557142857142855
0.21946688,0.02800253,1.0,0.0709516132325508,0,0,0,1,0,0,0,0.032258064516129,-187.150555,-0.2900821076318244,-0.3539247909819163,2.0594900849858355,1.97,0.0634399781241454,-0.41683,0.7428571428571429
0.32384747,,1.0,3.376753933194492,0,0,0,1,0,0,0,0.975806451612903,0.0,2.1666004378853243,1.3107214716872664,-0.9575070821529744,0.0,0.5676784249384742,0.0,0.0
0.33187674,,1.0,1.215086389969492,0,0,0,1,0,0,0,1.0483870967741935,0.0,0.1722825961850596,0.2059562343002111,-0.2152974504249291,0.0,0.2373530216024063,0.0,0.0
0.11419415,,1.0,0.231037775213594,0,0,0,1,0,0,0,-0.9193548387096772,0.0,-0.2009390228998527,-0.2564455053301173,0.2096317280453258,0.0,-0.159693738036642,0.0,-2.0
0.232849,,1.0,0.1241631096181936,0,0,0,1,0,0,0,0.1532258064516128,0.0,-0.2594820288223842,-0.3099341389954634,1.4079320113314449,0.0,0.2668854252119223,0.0,0.0
0.28280894,,1.0,2.9706783264312597,0,0,0,1,0,0,0,0.6048387096774193,0.0,1.5940905933536371,1.0287813839559092,-0.8186968838526912,0.0,0.6967459666393219,0.0,0.0
1.75,0.65,0.7,0.145284124877067,0,0,1,0,0,0,0,13.86754032258064,10.538944999999984,-0.2549078579739781,-0.2821900346176437,3.1359773371104818,-1.177,0.5403336067815149,0.73102,0.0
0.11151772,,1.0,0.0893335382521033,0,0,0,1,0,0,0,-0.943548387096774,0.0,-0.2794407081931755,-0.3359286151692766,1.4192634560906516,0.0,0.4298605414273995,0.0,-0.761904761904762
1.19903855,,1.0,2.2529061725851096,0,0,0,1,0,0,0,8.887096774193546,0.0,0.8968981542703255,0.5873751827736605,-0.9263456090651558,0.0,-0.0732841126606508,0.0,0.8571428571428571
0.18021264,,1.0,1.432051740567173,0,0,0,1,0,0,0,-0.3225806451612902,0.0,0.3617063424973218,0.2009572965744778,-0.8441926345609065,0.0,-0.4167350287120591,0.0,0.0
1.289,0.696,1.0,0.2532180967315504,0,0,0,1,0,0,0,9.700323387096772,25.15912499999999,-0.2011952204291138,-0.2274516665208643,1.246458923512748,-0.926,0.0196882690730106,0.0,1.809523809523809
0.15344839,,1.0,0.9382668578725424,0,0,0,1,0,0,0,-0.5645161290322579,0.0,0.0700759174719234,0.0689853406151192,0.1586402266288951,0.0,0.7569045665846322,0.0,1.0952380952380951
0.80203546,,1.0,0.1076953111838465,0,0,0,1,0,0,0,5.298387096774193,0.0,-0.2634886061913315,-0.3319294649886898,0.5949008498583569,0.0,-0.5928356576428767,0.0,-0.1904761904761904
,10.25,0.7,8.084319694658976,0,0,1,0,0,0,0,0.0,3061.69061675,41.598296440797526,12.128422710174084,0.0,0.0,0.5600218758545256,0.0,0.719047619047619
0.1409584,,1.0,0.0941878336981333,0,0,0,1,0,0,0,-0.6774193548387094,0.0,-0.2734566886594781,-0.3384280840321432,0.7393767705382436,0.0,-0.3095433415367787,0.0,-0.6666666666666667
,,0.9,2.689785492203053,0,0,0,0,1,0,0,0.0,0.0,1.3970340511621837,0.7578389592211655,0.0,0.0,-0.5928356576428767,0.0,-0.9047619047619048
0.83147614,,1.0,4.149366601187056,0,0,0,1,0,0,0,5.564516129032257,0.0,3.8046619858920776,1.93158953722334,-1.30028328611898,0.0,0.3948591741864916,0.0,-1.0476190476190477
0.14720339,,1.0,0.2500183740424477,0,0,0,1,0,0,0,-0.6209677419354838,0.0,-0.2072476440993293,-0.2204531537048377,1.679886685552408,0.0,1.2195788898003828,0.0,-0.5714285714285715
0.08475347,,1.0,0.019507250343369,0,0,0,1,0,0,0,-1.1854838709677418,0.0,-0.3307898502501072,-0.418910981416449,2.960339943342776,0.0,0.5381460213289582,0.0,0.0
0.1516641,,1.0,0.521445583832811,0,0,0,1,0,0,0,-0.5806451612903225,0.0,-0.0757094720389492,-0.1289725933239186,-0.0736543909348441,0.0,-0.2242275088870659,0.0,0.0
,16.0,0.5,9.090526692958424,0,0,0,0,0,1,0,0.0,4889.229445,0.0,3998.6312908506943,4.430594900849858,0.0,-2.995898277276456,-0.6721,0.0
,,1.0,4.788828904216421,0,0,0,1,0,0,0,0.0,0.0,6.065964475447588,2.5149655698164137,-1.575070821529745,0.0,-0.7761115668580808,-0.5585800000000001,-1.4433333333333334
0.22768446,,1.0,1.3853991759111457,0,0,0,1,0,0,0,0.1065444032258066,0.0,0.5821815278480015,0.0,0.0,0.0,-0.218758545255674,0.0,0.4285714285714286
1.4,1.88,1.0,0.0811703572807422,0,0,0,1,0,0,0,10.703709677419354,401.469845,-0.2879884071676287,-0.3344789232288138,2.960339943342776,-0.5000000000000001,0.5283018867924528,0.45175,1.1428571428571428
1.751,0.92,1.0,0.1663334922834431,0,0,0,1,0,0,0,13.876579838709674,96.35304499999998,-0.2466709432965888,-0.2643438269367759,2.759206798866856,-1.117,0.6814328684714247,0.66933,0.761904761904762
0.26764253,,1.0,0.5030747028366017,0,0,0,1,0,0,0,0.4677419354838709,0.0,-0.0954428166598893,-0.1189747178724521,-0.0169971671388102,0.0,0.1771944216570959,0.0,0.0
,,0.9,6.591809634981936,0,0,0,0,1,0,0,0.0,0.0,18.233441429463888,5.889748428458952,0.0,0.0,-0.5075198249931638,-0.3831299999999999,1.1904761904761905
0.33544531,,0.5,0.2199528373359752,0,0,0,0,0,1,0,1.0806451612903225,0.0,-0.1960860209004599,-0.2776909906644837,-0.5875354107648725,0.0,-2.044298605414274,-1.26132,1.761904761904762
0.77616335,,1.0,0.370131736902438,0,0,0,1,0,0,0,5.064516129032257,0.0,-0.1504787729630061,-0.1739630328555181,0.5977337110481586,0.0,0.4976756904566584,0.0,0.0
0.1409584,,1.0,0.0169358737032873,0,0,0,1,0,0,0,-0.6774193548387094,0.0,-0.3323114861093758,-0.4279090693227689,3.0169971671388103,0.0,-0.0853158326497128,0.0,0.6666666666666666
0.09079098,,1.0,0.532003259469484,0,0,0,1,0,0,0,-1.1309077983870963,0.0,-0.1414873031893131,0.0,-1.315665722379603,0.0,-2.45665846322122,0.0,0.0
,,1.0,0.2355336757263071,0,0,0,1,0,0,0,0.0,0.0,-0.2181035003249925,-0.2189534723871177,0.0,0.0,0.6529942575881871,0.0,1.0
0.20430047,,1.0,1.356290548747962,0,0,0,1,0,0,0,-0.1048387096774192,0.0,0.3828872700213121,0.1134758863741454,-1.3711048158640229,0.0,-2.023516543614985,0.0,0.2857142857142857
0.17396765,,1.0,0.2683722742587116,0,0,0,1,0,0,0,-0.379032258064516,0.0,-0.1907389534628704,-0.2264518789757176,1.0056657223796035,0.0,0.0109379272627837,0.0,0.761904761904762
0.25336827,,1.0,1.5684755368025447,0,0,0,1,0,0,0,0.3387096774193547,0.0,0.4213490259346825,0.2739417873701837,-0.1983002832861189,0.0,-0.6190866830735575,0.0,0.4285714285714286
0.87,0.42,1.0,0.1412433488983001,0,0,0,1,0,0,0,5.870967741935482,-61.050555,-0.2388557647645939,-0.3189322269017833,-0.3739376770538243,-0.53,-1.976483456385015,-1.21726,2.380952380952381
0.938,0.239,1.0,0.168165645023292,0,0,0,1,0,0,0,6.527438629032257,-120.08956573,-0.2428229640161262,-0.2695427221715385,1.9121813031161472,-0.972,0.1454744325950232,0.33115,2.1904761904761907
0.27656395,,1.0,2.8072123889942664,0,0,0,1,0,0,0,0.5483870967741936,0.0,1.418823833866908,0.9108064536286036,-0.9036827195467422,0.0,0.298605414273995,0.0,0.761904761904762
0.18931249,0.02139519,1.0,0.1977462146537524,0,0,0,1,0,0,0,-0.2403225806451613,-189.250555,-0.1731327056327102,-0.3304297836709699,-1.2096317280453257,0.0,-2.675417008476894,-2.25964,1.9523809523809528
0.2283883,,1.0,1.2854440047859268,0,0,0,1,0,0,0,0.1129032258064516,0.0,0.2805852926065554,0.1464688753639851,-0.7393767705382436,0.0,-0.3204812687995624,0.0,-1.0476190476190477
0.24266256,,1.0,1.219958198130187,0,0,0,1,0,0,0,0.2419354838709679,0.0,0.3899540755547395,0.0,-0.3909348441926346,0.0,0.4561115668580804,0.0,0.4761904761904762
0.10973344,,1.0,0.7513915600812106,0,0,0,1,0,0,0,-0.9596774193548384,0.0,0.0036724957344715,-0.0189959633577864,0.0424929178470254,0.0,0.5250205086136177,0.0,0.0
0.17802906,,1.0,1.326698511339113,0,0,0,1,0,0,0,-0.3423163629032257,0.0,0.5103093377084249,0.0,0.0,0.0,0.3423571233251299,0.0,-1.142857142857143
,,0.9,7.798278871168399,0,0,0,0,1,0,0,0.0,0.0,33.78868434524357,11.153629853656096,0.0,0.0,-0.593929450369155,0.0,0.6190476190476191
0.21768259,,1.0,2.6295647256203383,0,0,0,1,0,0,0,0.0161290322580645,0.0,1.2599862871096952,0.7788344976692452,-0.9971671388101984,0.0,0.1706316652994257,0.0,-0.4761904761904761
0.22303545,,1.0,1.095489468552372,0,0,0,1,0,0,0,0.0645161290322581,0.0,0.1721090795557568,0.089980879063199,-0.4674220963172804,0.0,0.0656275635767022,0.0,-0.761904761904762
0.14898768,0.01563737,1.0,0.0170883119317506,0,0,0,1,0,0,0,-0.6048387096774193,-191.080555,-0.3316181687362784,-0.4291088143769448,2.728045325779037,4.27,-0.345638501503965,0.0,0.2857142857142857
1.186,4.98,1.0,4.675253816114823,0,0,0,1,0,0,0,8.769234766129031,1386.73491186,5.064952210254576,2.685429346263919,0.0,0.0,0.64424391577796,0.43511,0.5238095238095238
,,1.0,0.450734159795649,0,0,0,1,0,0,0,0.0,0.0,-0.0966635034276666,-0.1689640951297848,0.0,0.0,-1.1670768389390211,0.0,0.1428571428571428
,,1.0,6.121474747605529,0,0,0,1,0,0,0,0.0,0.0,12.24984969277888,5.3798567804341575,0.0,0.0,-0.8105004101722724,1.8269,-0.8571428571428573
0.17396735,0.02753044,1.0,0.1561227625646203,0,0,0,1,0,0,0,-0.379032258064516,-187.300555,-0.2453233745216995,-0.2839396628216504,2.280453257790368,5.06,-0.1607875307629204,0.0,1.0476190476190477
0.20287304,,1.0,0.5089815214540511,0,0,0,1,0,0,0,-0.1177419354838708,0.0,-0.153708835231646,0.0,0.0,0.0,0.4036095159967186,0.0,-1.1285714285714288
,,1.0,7.386495631670257,0,0,0,1,0,0,0,0.0,0.0,27.73109174763644,8.879113188447453,0.0,0.0,-0.7033087229969921,0.0,0.0
0.07493991,,1.0,0.1908058120476467,0,0,0,1,0,0,0,-1.2741935483870963,0.0,-0.2275377603924119,-0.2649436994638639,1.13314447592068,0.0,0.7306535411539513,0.0,-1.3333333333333333
0.22035902,0.02277959,0.5,1.0706739423783456,0,0,0,0,0,1,0,0.0403225806451615,-188.810555,0.2292336685738458,0.0109976629966131,-1.2407932011331444,1.33,-2.043204812687996,-1.39794,0.0
,1.08,1.0,4.417613348998404,0,0,0,1,0,0,0,0.0,147.949445,25.47177342744784,0.0,0.0,0.0,0.2209461307082308,0.0,-0.8571428571428573
0.13828198,,1.0,0.950465635070305,0,0,0,1,0,0,0,-0.7016129032258063,0.0,0.0884061893979082,0.056487996300786,0.235127478753541,0.0,0.1246923707957342,0.0,1.3333333333333337
,,0.9,5.338307975563119,0,0,0,0,1,0,0,0.0,0.0,8.333370500347591,3.380281690140845,0.0,0.0,-0.6179928903472792,0.0,0.9523809523809524
1.47,3.62,1.0,0.0485473103876012,0,0,0,1,0,0,0,11.33647580645161,954.494045,-0.3059682751940241,-0.3762200532386868,2.087818696883853,0.0879999999999998,0.130161334427126,0.0,0.2380952380952381
0.13864665,,1.0,0.3749570547569764,0,0,0,1,0,0,0,-0.6983142338709675,0.0,-0.2195329284593089,0.0,0.0,0.0,-0.4287667487011211,0.0,-0.1428571428571428
0.13114484,,1.0,0.3277445118920566,0,0,0,1,0,0,0,-0.7661290322580644,0.0,-0.1601786083679026,-0.2059562343002112,0.206798866855524,0.0,-0.4418922614164616,0.0,1.3333333333333337
0.14274268,,1.0,0.1887303787815155,0,0,0,1,0,0,0,-0.6612903225806449,0.0,-0.2261917960609674,-0.2704425309621705,1.0963172804532575,0.0,0.0601585999453103,0.0,0.380952380952381
,0.86,1.0,3.5752435603552484,0,0,0,1,0,0,0,0.0,77.28187502,0.0,15.127785345614056,0.0,0.0,0.0,0.0,0.0
1.132,2.595,1.0,0.132142598328008,0,0,0,1,0,0,0,8.282258064516128,628.949445,-0.2457548322846193,-0.321731632028194,-0.2039660056657223,0.8900000000000001,-1.81241454744326,-1.06464,1.523809523809524
,0.263,1.0,2.988125727495121,0,0,0,1,0,0,0,0.0,-112.350555,0.0,7.979304397815464,0.0,0.0,0.0,0.0,0.0
,,1.0,1.8990922387140616,0,0,0,1,0,0,0,0.0,0.0,0.6209745800492839,0.4259094942324755,0.0,0.0,0.2362592288761279,0.06826,0.5238095238095238
1.37,2.8,0.7,0.2453093918641154,0,0,1,0,0,0,0,10.46774193548387,681.949445,-0.2113186364344911,-0.2189534723871177,2.1246458923512748,-0.03,1.1659830462127427,0.7872899999999999,0.0
0.27567181,,1.0,0.6558617341451927,0,0,0,1,0,0,0,0.5403225806451611,0.0,-0.0239680776132644,-0.0714848094779859,-0.0963172804532577,0.0,-0.0831282471971561,0.0,0.1904761904761905
0.33009246,,1.0,0.3994536320049777,0,0,0,1,0,0,0,1.032258064516129,0.0,-0.1230777178088918,-0.1839609083069847,-0.1898016997167138,0.0,-0.5676784249384742,0.0,0.0
0.20251618,,1.0,0.5322139236505192,0,0,0,1,0,0,0,-0.1209677419354837,0.0,-0.0512659346703172,-0.1499681317719984,-0.8951841359773371,0.0,-1.681159420289855,0.0,-0.5714285714285715
0.26764253,1.19246736,1.0,0.4743800300060145,0,0,0,1,0,0,0,0.4677419354838709,182.949445,-0.1104860456543242,-0.1254733369159053,0.7053824362606232,0.0,0.4528301886792453,0.0,0.0
0.16950694,,1.0,0.9691967819383028,0,0,0,1,0,0,0,-0.4193548387096774,0.0,0.1076369440743981,0.0499893772573327,-0.1246458923512747,0.0,0.2165709598031173,0.0,-0.0952380952380952
0.41930664,,1.0,1.712561147658878,0,0,0,1,0,0,0,1.8387096774193548,0.0,0.5028467621458509,0.3399277653498631,-0.6317280453257791,0.0,0.1771944216570959,0.0,0.0
,,1.0,0.8705399441171472,0,0,0,1,0,0,0,0.0,0.0,0.0501856386358384,0.0309934138995463,0.0,0.0,0.5972108285479901,0.14087,0.3333333333333333
0.10794897,,1.0,0.3901582435091952,0,0,0,1,0,0,0,-0.975806451612903,0.0,-0.1298196546513097,-0.1839609083069847,0.1926345609065155,0.0,-0.020782061799289,0.0,-1.6666666666666663
0.14720339,,0.5,0.4848761440852891,0,0,0,0,0,1,0,-0.6209677419354838,0.0,-0.0059757430613031,-0.2328505192646562,-1.3869688385269123,0.0,-2.5682253213016133,-2.20821,-0.761904761904762
0.1623698,,1.0,2.6824734742789373,0,0,0,1,0,0,0,-0.4838709677419353,0.0,1.3418890058023198,0.7888323731207117,-1.0509915014164306,0.0,0.1268799562482909,0.0,-1.3333333333333333
0.423,0.365,1.0,0.1757097948725454,0,0,0,1,0,0,0,1.8720958387096769,-80.04318645000001,-0.2310678290274162,-0.2806403639226664,0.7875354107648725,0.0,-0.4222039923434509,-0.24397,0.819047619047619
1.056,24.29,1.0,0.4723326461353675,0,0,0,1,0,0,0,7.594099693548387,7524.00145103,-0.12895626761556,-0.096729444992939,2.056657223796034,24.270000000000003,0.5283018867924528,0.84969,1.2857142857142858
0.21322152,,1.0,0.92053430014851,0,0,0,1,0,0,0,-0.0241935483870966,0.0,0.0850006206626566,0.0329929889898396,-0.1501416430594901,0.0,0.0907847962811047,0.0,0.2857142857142857
0.13382127,,1.0,0.7397744449662104,0,0,0,1,0,0,0,-0.7419354838709675,0.0,0.0033493149834533,-0.0294937325818263,0.4759206798866855,0.0,0.700027344818157,0.0,-1.4285714285714286
0.31938621,,0.9,0.6345454465755871,0,0,0,0,1,0,0,0.935483870967742,0.0,-0.0240644021763771,-0.0909806666083457,-0.509915014164306,0.0,-0.7733114574788078,0.0,0.0
0.3202789,,1.0,1.9938801130069117,0,0,0,1,0,0,0,0.943548387096774,0.0,0.6755868879723703,0.4808978092155417,-0.2266288951841359,0.0,0.3522012578616352,0.0,0.0
,,0.9,6.358881587578616,0,0,0,0,1,0,0,0.0,0.0,15.37032847414082,5.479835534948824,0.0,0.0,-1.3716160787530762,2.2668700000000004,-1.4428571428571428
,,0.5,2.030013611681005,0,0,0,0,0,1,0,0.0,0.0,0.7951058094226605,0.415911618781009,0.0,0.0,0.0,0.0,1.1904761904761905
,0.026,0.5,0.0731844809383721,0,0,0,0,0,1,0,0.0,-187.650555,-0.2764132317946833,-0.3754202232025694,0.0,0.0,0.0,-1.67213,0.0
0.09751835,,1.0,1.1753830609017892,0,0,0,1,0,0,0,-1.0700942177419352,0.0,0.34337387346613,0.0,0.0,0.0,0.0590648072190319,0.0,-0.8095238095238096
0.20965332,,1.0,0.448914473966892,0,0,0,1,0,0,0,-0.0564516129032256,0.0,-0.1198824202278884,-0.1374707874576652,0.5325779036827195,0.0,0.7087776866283839,0.0,-0.761904761904762
,2.02,1.0,8.894152920903979,0,0,0,1,0,0,0,0.0,445.96282714,71.28027096286604,16.132571828486444,0.0,0.0,0.4079846869018321,0.0,-0.5714285714285715
0.4228752,,0.7,0.3044371797541753,0,0,1,0,0,0,0,1.870967741935484,0.0,-0.1842975986218325,-0.193008985590562,1.7875354107648724,0.0,0.6267432321575062,0.32572,0.9523809523809524
0.10812758,0.00660734,1.0,0.1931577712089896,0,0,0,1,0,0,0,-0.9741935483870966,-193.950555,-0.2206267332199742,-0.2739917767474412,0.7223796033994334,4.97,-0.3347005742411812,0.0,-0.1904761904761904
0.273398,0.03492451,1.0,1.4273402345773862,0,0,0,1,0,0,0,0.5197685161290323,-184.950555,0.3377641170520767,0.2209530474774109,-0.5422379603399432,0.7799999999999998,-0.0700027344818157,-0.08777,0.6047619047619048
0.8198783,,1.0,0.51269070528498,0,0,0,1,0,0,0,5.459677419354837,0.0,-0.097852494709886,-0.1054775860129722,0.4674220963172804,0.0,0.6453377085042384,0.0,0.4285714285714286
0.08742989,,1.0,0.6961695515652974,0,0,0,1,0,0,0,-1.161290322580645,0.0,0.0108752637700336,-0.0784833222940125,-0.7620396600566572,0.0,-1.184577522559475,0.0,-0.0952380952380952
,,1.0,9.941423787253925,0,0,0,1,0,0,0,0.0,0.0,133.002227970917,24.97569266530862,0.0,0.0,0.1203171998906207,0.0,1.6190476190476193
,1.81,1.0,4.1567732306067295,0,0,0,1,0,0,0,0.0,379.21886167,0.0,27.82508716897659,0.0,0.0,0.0,0.0,0.0
,,1.0,6.441695861098124,0,0,0,1,0,0,0,0.0,0.0,15.416169715420008,5.979729307522152,0.0,0.0,-1.6210008203445447,2.7268700000000003,-3.2857142857142856
,0.00415318,1.0,11.873539639940496,0,0,0,1,0,0,0,0.0,-194.730555,464.5981211383081,49.97038129397503,0.0,0.0,0.0,0.0,0.0
0.16772265,,1.0,1.9136746083682696,0,0,0,1,0,0,0,-0.4354838709677419,0.0,0.616719793151087,0.446405138907982,-0.5609065155807366,0.0,0.5961170358217118,0.0,-0.380952380952381
0.30689677,,1.0,2.1415013277822217,0,0,0,1,0,0,0,0.8225806451612901,0.0,0.8409625417670274,0.5023932414361948,-1.056657223796034,0.0,-0.463768115942029,0.0,-0.0952380952380952
,6.28,1.0,11.22204896242182,0,0,0,1,0,0,0,0.0,1799.837765,284.2783241922409,42.471974705375104,0.0,0.0,0.0,0.0,0.0
1.4,1.42,0.7,0.13998238642341,0,0,1,0,0,0,0,10.703687887096772,255.26578294,-0.2583624637399008,-0.2839396628216504,4.388101983002833,-0.68,0.7689362865736943,0.6134599999999999,1.3333333333333337
,,0.5,0.0698401010199659,0,0,0,0,0,1,0,0.0,0.0,-0.2597895605196608,-0.4042141045027931,-1.1643059490084986,0.0,-2.605414273995078,-2.4229,-2.571428571428572
,,1.0,3.1017324745695056,0,0,0,1,0,0,0,0.0,0.0,6.336002130325783,0.0,0.0,0.0,0.1750068362045392,0.0,-1.761904761904762
1.04,0.3,1.0,0.257200082233321,0,0,0,1,0,0,0,7.449483870967741,-100.701555,-0.2002630060439577,-0.223952410112851,0.8753541076487252,-0.98,-0.0732841126606508,0.0,1.4761904761904765
,4.47,1.0,8.0495260305013,0,0,0,1,0,0,0,0.0,1224.64242429,44.332169839457045,10.948673406901031,0.0,0.0,0.0,-0.15424,-1.3333333333333333
0.34793529,,1.0,1.3843335374610697,0,0,0,1,0,0,0,1.193548387096774,0.0,0.2773168739890249,0.2459477361060774,0.5212464589235127,0.0,0.561115668580804,0.0,0.0
,12.5,0.9,7.8442736062721,0,0,0,0,1,0,0,0.0,3776.824445,0.0,1149.2367871827237,0.0,0.0,-1.6756904566584632,0.0,0.0
0.119547,,1.0,0.5371773621038908,0,0,0,1,0,0,0,-0.8709677419354837,0.0,-0.0851601082349407,-0.0999787545146656,0.7053824362606232,0.0,0.6573694284933005,0.0,-0.0952380952380952
0.31492551,0.04933455,0.9,0.4625856559867621,0,0,0,0,1,0,0,0.8951612903225804,-180.370555,-0.1293139930162565,-0.1069772673306922,-0.1971671388101983,0.6199999999999999,-0.6584632212195789,0.0,0.0
,,1.0,6.846305316665914,0,0,0,1,0,0,0,0.0,0.0,19.61064329246581,7.179474361698138,0.0,0.0,-0.7514356029532404,0.0,0.8571428571428571
,,1.0,1.063477563152921,0,0,0,1,0,0,0,0.0,0.0,0.2351877909411371,0.0,0.0,0.0,0.0251572327044025,0.0,1.523809523809524
1.44,0.84,0.7,0.1476163719467924,0,0,1,0,0,0,0,11.065290322580642,70.92664499999998,-0.254530260395187,-0.2789407250959171,2.745042492917847,-0.98,0.4954881050041017,0.0,0.5714285714285715
0.18913406,,1.0,0.3956131951964851,0,0,0,1,0,0,0,-0.2419354838709675,0.0,-0.1404862775780976,-0.1619655823137583,0.4929178470254957,0.0,0.5293956795187312,0.0,-0.380952380952381
0.21232974,,1.0,0.0582726318493068,0,0,0,1,0,0,0,-0.032258064516129,0.0,-0.2990419103281042,-0.3654223477511029,2.0651558073654392,0.0,0.1793820071096527,0.0,0.8571428571428571
0.19627119,,1.0,0.0347773155318446,0,0,0,1,0,0,0,-0.1774193548387094,0.0,-0.3157435827017378,-0.3964157616506492,2.801699716713881,0.0,-0.2975116215477167,0.0,1.238095238095238
0.18734977,,1.0,5.078256746065205,0,0,0,1,0,0,0,-0.2580645161290321,0.0,7.736264266034483,2.704425309621705,-1.7478753541076488,0.0,-1.0795734208367511,0.0,-2.952380952380953
,,0.7,7.670847744006439,0,0,1,0,0,0,0,0.0,0.0,33.54965501571637,9.828911356336777,0.0,0.0,0.6267432321575062,0.0,-0.8571428571428573
0.22303545,,1.0,1.4081384228779277,0,0,0,1,0,0,0,0.0645161290322581,0.0,0.2936072139524602,0.2509466738318107,0.065155807365439,0.0,1.0117582718074924,0.0,0.0
0.21411403,,1.0,1.754540998586476,0,0,0,1,0,0,0,-0.0161290322580645,0.0,0.519876034759087,0.3674219228413962,-0.6742209631728046,0.0,0.1936013125512715,0.0,0.4285714285714286
1.01,0.534,0.9,0.6480754021326349,0,0,0,0,1,0,0,7.178225806451612,-26.340554999999995,-0.0245184596712475,-0.0779834285214392,-0.0538243626062322,-0.6900000000000001,-0.3620453923981405,-0.29213,0.0
0.1025963,,1.0,0.2760202403505598,0,0,0,1,0,0,0,-1.0241935483870963,0.0,-0.1924108598252454,-0.2139545346613844,0.9405099150141644,0.0,0.6168990976210008,0.0,0.0
0.2150058,,0.9,0.2385548346794244,0,0,0,0,1,0,0,-0.008064516129032,0.0,-0.1972208502976956,-0.252946248922104,-0.0283286118980169,0.0,-0.7733114574788078,0.0,0.0
1.066,0.84,1.0,3.671456934042835,0,0,0,1,0,0,0,7.684511290322579,70.92664499999998,2.75654302867999,1.4911831235862378,-1.1076487252124645,-0.4700000000000001,0.0525020508613617,0.0,0.0476190476190476
0.18467335,,1.0,3.618069158985005,0,0,0,1,0,0,0,-0.282258064516129,0.0,2.785911318136734,1.3662096804429058,-1.388101983002833,0.0,-0.2592288761279737,0.0,-2.0
0.22303545,,1.0,0.5913849997895989,0,0,0,1,0,0,0,0.0645161290322581,0.0,-0.052364426992597,-0.0939800292437856,0.1586402266288951,0.0,0.2034454470877768,0.0,0.0
0.11776272,,1.0,1.371730400445722,0,0,0,1,0,0,0,-0.8870967741935482,0.0,0.372922466347948,0.1354712123673718,-1.1104815864022664,0.0,-1.1123872026251025,0.0,-3.238095238095238
0.21679045,,1.0,1.81010276404154,0,0,0,1,0,0,0,0.0080645161290324,0.0,0.5703435479131769,0.3774197982928626,-0.7252124645892352,0.0,0.1476620180475799,0.0,-0.380952380952381
,0.041,1.0,3.5210071339328275,0,0,0,1,0,0,0,0.0,-183.01959031,0.0,14.277965932239397,0.0,0.0,0.0,0.0,0.0
1.02,1.323,1.0,0.0871914847525861,0,0,0,1,0,0,0,7.268548387096772,224.420445,-0.2806332782356141,-0.3379281902595697,1.4277620396600563,0.2199999999999999,-0.1903199343724364,-0.16013,2.142857142857143
,,1.0,4.124924073136728,0,0,0,1,0,0,0,0.0,0.0,3.454749140953668,2.0905557569016584,0.0,0.0,0.4320481268799562,0.8042999999999999,0.2380952380952381
1.23,2.3,1.0,0.1110493048491681,0,0,0,1,0,0,0,9.16699193548387,534.958445,-0.2687817620371146,-0.3149330767211967,2.2917847025495752,0.29,0.3642329778506973,0.0,0.761904761904762
0.17842836,,1.0,0.2469273991029048,0,0,0,1,0,0,0,-0.3387096774193547,0.0,-0.1932057796927703,-0.2489470987415174,0.0906515580736544,0.0,-0.4331419196062346,0.0,0.0
0.48175656,,1.0,0.2211495595132531,0,0,0,1,0,0,0,2.403225806451613,0.0,-0.2129588556937067,-0.2489470987415174,0.6118980169971672,0.0,0.239540607054963,0.0,0.0
,1.45,1.0,3.905468380874318,0,0,0,1,0,0,0,0.0,264.80063514999995,0.0,21.42644688003799,0.0,0.0,0.0,0.0,0.0
0.1088413,,1.0,0.0124250654807495,0,0,0,1,0,0,0,-0.9677419354838708,0.0,-0.3337988943438934,-0.4489046077708487,0.2124645892351274,0.0,-2.1832102816516272,0.0,0.761904761904762
0.18824192,,1.0,1.5865443116917777,0,0,0,1,0,0,0,-0.25,0.0,0.4328910646389319,0.280440406413637,-0.7818696883852692,0.0,-0.218758545255674,0.0,0.4285714285714286
0.12695156,,1.0,0.2991612223574046,0,0,0,1,0,0,0,-0.804032258064516,0.0,-0.2530343460891439,0.0,1.1866855524079325,0.0,-0.398249931637955,0.0,0.0
,,0.5,0.566998071701265,0,0,0,0,0,1,0,0.0,0.0,0.0043476717310265,-0.1789619705812514,0.0,0.0,-2.345091605140826,-1.78213,-0.8095238095238096
,0.01157857,0.5,1.7781019112589775,0,0,0,0,0,1,0,0.0,-192.370555,0.7014259584942607,0.2374495419723307,-1.481586402266289,0.0,-2.2028985507246377,-1.55334,-0.4238095238095238
0.75832051,,1.0,0.6556082687085842,0,0,0,1,0,0,0,4.903225806451612,0.0,-0.0183701320967955,-0.0789832160665858,-0.2776203966005666,0.0,-0.2089144107191687,0.0,-0.8571428571428573
0.18021264,,1.0,0.8570987034056702,0,0,0,1,0,0,0,-0.3225806451612902,0.0,0.0334846921255167,0.0409912893510129,0.4759206798866855,0.0,1.2042657916324857,0.0,0.0
0.38718887,,1.0,0.7610606624488175,0,0,0,1,0,0,0,1.5483870967741933,0.0,0.0263832289764949,-0.0394916080332929,0.3172804532577903,0.0,0.2362592288761279,0.0,-2.0476190476190474
0.24177042,,1.0,0.8701248222528983,0,0,0,1,0,0,0,0.2338709677419354,0.0,0.0866864228150131,-0.0139970256320531,-0.5014164305949008,0.0,-0.4167350287120591,0.0,-1.3333333333333333
0.09278275,,1.0,0.1809417154047015,0,0,0,1,0,0,0,-1.1129032258064513,0.0,-0.2359451291767489,-0.2634440181461439,1.980169971671388,0.0,0.6048673776319388,0.0,0.4285714285714286
0.18824192,,1.0,0.1234742110405185,0,0,0,1,0,0,0,-0.25,0.0,-0.2580840698816123,-0.31393328917605,0.5325779036827195,0.0,-0.720809406617446,0.0,0.0
0.25872112,,1.0,0.955261497239244,0,0,0,1,0,0,0,0.3870967741935483,0.0,0.1236576749985612,0.0189959633577864,-0.5410764872521246,0.0,-0.4572053595843587,0.0,-0.6666666666666667
0.855,0.168,1.0,0.0841342353360651,0,0,0,1,0,0,0,5.77716008064516,-142.65538262,-0.2526687143840764,-0.3887173975530199,-1.1135977337110483,-0.996,-2.811047306535412,-2.3991,0.7714285714285714
0.22303545,,1.0,4.178920499405767,0,0,0,1,0,0,0,0.0645161290322581,0.0,4.063515042596149,1.858605046427634,-1.2691218130311614,0.0,0.1476620180475799,0.0,-2.0
1.28,1.044,1.0,0.2365792743923369,0,0,0,1,0,0,0,9.619354838709675,135.75044499999998,-0.2110479439047374,-0.2314508167014509,1.7478753541076488,-0.7200000000000001,0.1815695925622094,0.38287,1.3809523809523812
,0.4,1.0,8.675854881321017,0,0,0,1,0,0,0,0.0,-69.650555,62.47220388850757,14.742867140732592,0.0,0.0,0.0,0.0,0.0
0.15460817,,0.5,0.1353389960745915,0,0,0,0,0,1,0,-0.554032258064516,0.0,-0.2266788576123715,-0.3449267030755964,-0.8668555240793201,0.0,-2.3243095433415366,0.0,0.1428571428571428
0.29083822,,1.0,3.966113488587883,0,0,0,1,0,0,0,0.6774193548387094,0.0,3.446077742991434,1.706137445792769,-1.3824362606232294,0.0,-0.2439157779600765,0.0,0.0
0.07315563,,1.0,0.0106284968535454,0,0,0,1,0,0,0,-1.290322580645161,0.0,-0.3403213950909254,-0.4419060949548221,3.7507082152974505,0.0,0.0054689636313918,0.0,1.523809523809524
0.3657775,,1.0,1.4590492586380015,0,0,0,1,0,0,0,1.3548387096774188,0.0,0.6785348072240598,0.0,0.0,0.0,0.981132075471698,0.0,-0.6666666666666667
0.10348845,,1.0,0.0795317855966163,0,0,0,1,0,0,0,-1.0161290322580645,0.0,-0.2903721418910234,-0.3324293587612632,-0.1189801699716713,0.0,-1.7150669948044843,0.0,1.6190476190476193
0.96,0.43,1.0,0.149351404815964,0,0,0,1,0,0,0,6.726612903225805,-59.389555,-0.2458577239329827,-0.2938875488958596,1.7818696883852692,-0.7270000000000001,-0.0623461853978671,0.0,1.0476190476190477
0.2316348,,1.0,0.2006653541260681,0,0,0,1,0,0,0,0.14225,0.0,-0.29294239480206,0.0,1.291784702549575,0.0,-0.2242275088870659,0.0,0.0
0.13382127,,1.0,0.0823340952080628,0,0,0,1,0,0,0,-0.7419354838709675,0.0,-0.2803927754376172,-0.348925853256183,1.0991501416430596,0.0,-0.2023516543614985,0.0,0.0
,,1.0,9.76076663671374,0,0,0,1,0,0,0,0.0,0.0,119.41357430601454,23.17607508404464,0.0,0.0,0.3817336614711512,0.36333,0.0
,6.0,1.0,2.8683533442241607,0,0,0,1,0,0,0,0.0,1710.849445,4.875958595583612,0.0,0.0,0.0,-0.0393765381460213,0.0,-0.5238095238095238
0.26139754,,1.0,1.5173118360689877,0,0,0,1,0,0,0,0.4112903225806453,0.0,0.4256342684438355,0.2199532599322643,-0.8810198300283286,0.0,-0.6606508066721356,0.0,-0.2857142857142857
0.31314176,0.08180515,1.0,0.0263402269300646,0,0,0,1,0,0,0,0.8790322580645159,-170.050555,-0.3239205795369133,-0.4072134671382331,2.971671388101983,1.98,0.0623461853978671,0.02251,0.761904761904762
0.13649769,,1.0,0.1872810465019269,0,0,0,1,0,0,0,-0.7177419354838708,0.0,-0.2131714411757646,-0.2939375382731169,-0.5807365439093485,0.0,-1.6505332239540609,0.0,0.0
0.30332821,,1.0,1.3021021258479444,0,0,0,1,0,0,0,0.7903225806451611,0.0,0.2786550158400826,0.1639651574040516,-0.3966005665722379,0.0,-0.0087503418102269,0.0,0.0
0.1088413,,1.0,1.670927911421325,0,0,0,1,0,0,0,-0.9677419354838708,0.0,0.5160515916816468,0.284939450366797,-0.8158640226628895,0.0,-0.0831282471971561,0.0,-2.1904761904761902
,,1.0,6.787614967132074,0,0,0,1,0,0,0,0.0,0.0,20.06250695650353,6.579601834610144,0.0,0.0,0.3576702214930271,0.0,-0.6666666666666667
0.11597843,,1.0,1.0464389990228455,0,0,0,1,0,0,0,-0.9032258064516128,0.0,0.1607157933873964,0.0584875713910794,-0.5439093484419264,0.0,-0.4768936286573694,0.0,0.4285714285714286
0.08830419,,1.0,0.1520689516768472,0,0,0,1,0,0,0,-1.1533870967741933,0.0,-0.2577987408983931,-0.2634440181461439,0.0,0.0,0.1465682253213016,0.0,0.769047619047619
0.39521881,0.13843948,1.0,0.2590930196217448,0,0,0,1,0,0,0,1.620967741935483,-152.050555,-0.2697446081945683,0.0,0.2521246458923513,1.4699999999999998,-1.3967733114574787,0.0,1.885714285714286
,,1.0,7.337769900011509,0,0,0,1,0,0,0,0.0,0.0,25.700979633843783,9.129060074734118,0.0,0.0,-0.8558709324582987,0.0,0.5152380952380953
0.22303545,,1.0,0.3231143082825116,0,0,0,1,0,0,0,0.0645161290322581,0.0,-0.1708984821177476,-0.1939587837584513,0.8243626062322946,0.0,0.5501777413180202,0.0,0.0
1.091,6.01,1.0,0.4087508088433336,0,0,0,1,0,0,0,7.910482209677418,1714.09817107,-0.1343610645654795,-0.1574665383605983,1.045325779036827,4.41,0.3806398687448728,0.2542399999999999,-0.2333333333333333
0.24061064,0.05569043,1.0,1.6747198921378503,0,0,0,1,0,0,0,0.2233870967741936,-178.350555,0.4597836782141468,0.3439269155304497,-0.4929178470254957,0.02,0.3215750615258408,0.09282,0.3285714285714286
0.1302527,,1.0,0.1567585995161089,0,0,0,1,0,0,0,-0.7741935483870966,0.0,-0.2398243128848441,-0.2934376445005436,0.43342776203966,0.0,-0.3697019414820891,0.0,0.0
0.10170416,,1.0,0.2310043914736243,0,0,0,1,0,0,0,-1.0322580645161288,0.0,-0.2036968588250786,-0.2519464613769573,0.6827195467422096,0.0,0.0885972108285479,0.0,-0.8571428571428573
1.03,1.34,0.9,0.0985299879270175,0,0,0,0,1,0,0,7.359088709677418,229.841645,-0.2714043885663127,-0.3339290400789831,0.9886685552407932,0.26,-0.7186218211648893,0.0,1.0
,6.77,1.0,7.7431814488863475,0,0,0,1,0,0,0,0.0,1955.64776039,34.852856017796164,10.193833810315306,0.0,0.0,0.0700027344818157,0.0,0.761904761904762
1.142,1.293,1.0,0.032317322317174,0,0,0,1,0,0,0,8.37151451612903,214.903635,-0.31654344484446,-0.4032643063349038,1.6345609065155808,-0.25,-0.7295597484276729,0.0,1.0476190476190477
0.20697689,,1.0,2.3529991865085536,0,0,0,1,0,0,0,-0.0806451612903226,0.0,0.9289344738119236,0.6868540435157529,-0.509915014164306,0.0,0.9822258681979764,0.0,-0.1904761904761904
0.17753621,,1.0,2.022250789481126,0,0,0,1,0,0,0,-0.346774193548387,0.0,0.6629893776082882,0.5268880362922879,-0.3994334277620396,0.0,0.9198796828001092,0.0,0.4285714285714286
0.775,0.863,0.9,0.4395412481090837,0,0,0,0,1,0,0,5.054032258064515,78.22544500000001,-0.1037235457408182,-0.1704637764475049,-0.3994334277620396,1.0699999999999998,-1.0139458572600493,0.0,-0.6190476190476191
0.06780278,,1.0,0.1768150133175799,0,0,0,1,0,0,0,-1.3387096774193543,0.0,-0.2361270298416443,-0.2694427434170239,0.980169971671388,0.0,0.3314191960623462,0.0,1.0952380952380951
,,1.0,1.0153327035099629,0,0,0,1,0,0,0,0.0,0.0,0.1109580270745348,0.0889810915180523,0.0,0.0,0.1170358217117856,0.40887,1.2857142857142858
0.19448657,,1.0,1.2897234214917934,0,0,0,1,0,0,0,-0.1935483870967739,0.0,0.3491446636120483,0.0859817288826124,0.0,0.0,-2.1028493300519555,0.0,0.0
0.07583205,,1.0,0.2262154186946831,0,0,0,1,0,0,0,-1.2661290322580645,0.0,-0.2172183059558914,-0.2339502855643175,1.6062322946175638,0.0,1.1627016680339075,0.0,0.0
,,0.5,1.4203191468686085,0,0,0,0,0,1,0,0.0,0.0,0.4335821344487132,0.1259732306884786,0.0,0.0,-2.4129067541700846,-1.85919,0.0
0.10527273,,0.5,0.0211767075457577,0,0,0,0,0,1,0,-0.9999999999999998,0.0,-0.317563522481901,-0.4418561055775647,-0.5014164305949008,0.0,-2.5999453103636863,-2.17104,0.6190476190476191
,7.9,1.0,7.853934855715158,0,0,0,1,0,0,0,0.0,2314.7938603,37.29226492872444,10.673731831985702,0.0,0.0,0.4079846869018321,0.0,1.4761904761904765
0.33276888,,1.0,4.514410231394388,0,0,0,1,0,0,0,1.0564516129032258,0.0,4.832911404155384,2.3265056175562693,-1.1926345609065157,0.0,0.6004922067268252,0.0,-1.238095238095238
0.15612481,,1.0,0.8854502660413677,0,0,0,1,0,0,0,-0.5403225806451611,0.0,0.0699175065139344,0.0194958571303598,-0.2011331444759206,0.0,0.387202625102543,0.0,-1.238095238095238
,2.2,1.0,3.431913039084101,0,0,0,1,0,0,0,0.0,503.949445,0.0,12.978242123548746,0.0,0.0,0.0,0.0,0.0
0.13962019,0.02413252,1.0,0.0154078353097195,0,0,0,1,0,0,0,-0.6895161290322579,-188.380555,-0.3343162859667401,-0.4304085381856355,3.475920679886685,9.77,0.1115668580803937,-0.0222799999999999,0.1428571428571428
1.122,0.527,1.0,0.2464477699677154,0,0,0,1,0,0,0,8.190724193548386,-28.554145000000005,-0.1999214920708021,-0.2384493295174775,0.5949008498583569,-0.8660000000000001,-0.286573694284933,0.0,1.4761904761904765
0.77,0.273,0.5,0.0271593087951989,0,0,0,0,0,1,0,5.064516129032257,-109.350555,-0.3131795739571508,-0.4285089418498569,-0.3314447592067989,-0.5800000000000001,-2.534317746786984,0.0,1.3809523809523812
,,1.0,9.800765774567978,0,0,0,1,0,0,0,0.0,0.0,119.74101174372304,24.07588387467663,0.0,0.0,0.2461033634126333,0.0,1.0
0.12936034,,1.0,0.0361772682388127,0,0,0,1,0,0,0,-0.7822580645161289,0.0,-0.3514193348188161,0.0,0.0,0.0,-1.8419469510527755,0.0,0.0
0.28548537,,1.0,0.10052184635577,0,0,0,1,0,0,0,0.6290322580645162,0.0,-0.2742563359050099,-0.3239311646275166,1.5892351274787535,0.0,0.6343997812414548,0.0,0.0
0.24623113,,1.0,2.101446919991849,0,0,0,1,0,0,0,0.2741935483870966,0.0,0.7513948924850749,0.5353862304260344,-0.6458923512747875,0.0,0.5315832649712879,0.0,0.0
,,1.0,1.0346343374929454,0,0,0,1,0,0,0,0.0,0.0,0.1503978664465228,0.0594373695589687,0.0,0.0,0.2165709598031173,0.0,-2.095238095238096
0.33812173,,1.0,4.362267607688644,0,0,0,1,0,0,0,1.1048387096774193,0.0,4.556449302323123,2.0575627679118185,-1.473087818696884,0.0,-0.0689089417555373,0.0,-1.9047619047619049
1.35,0.205,1.0,0.2585615038182478,0,0,0,1,0,0,0,10.251712862903224,-130.89573157,-0.2079592052713998,-0.2074559156179312,2.5524079320113318,0.0,-0.2209461307082308,0.0,0.9047619047619048
,,1.0,0.062152865222084,0,0,0,1,0,0,0,0.0,0.0,-0.2930506554420896,-0.3689216041591162,0.0,0.0,0.4823625922887612,0.0,1.0476190476190477
1.207,0.96,1.0,0.1160578485560751,0,0,0,1,0,0,0,8.959083064516127,109.066245,-0.2629541549470052,-0.3176325030930927,1.6637393767705382,-0.66,0.0546896363139185,0.03886,0.480952380952381
0.20162404,,1.0,1.9619448300436613,0,0,0,1,0,0,0,-0.1290322580645162,0.0,0.7459198962228849,0.3834185235637426,-1.1813031161473089,0.0,-1.108012031719989,0.0,-0.1904761904761904
0.13953097,,1.0,0.1770467155813083,0,0,0,1,0,0,0,-0.690322580645161,0.0,-0.3019418261381384,0.0,0.0,0.0,-0.4900191413727098,0.0,0.9857142857142857
0.20519261,,1.0,2.8315121920349138,0,0,0,1,0,0,0,-0.0967741935483871,0.0,1.4848527719556015,0.8958096404514039,-1.0594900849858355,0.0,0.1367240907847962,0.0,0.0
0.34615041,0.03958091,0.5,0.29739289408035,0,0,0,0,0,1,0,1.1774193548387095,-183.470555,-0.2537860278430194,0.0,-0.5552407932011332,-0.4,-2.105550998085863,-1.51073,1.0476190476190477
0.27477967,,1.0,1.792075842590058,0,0,0,1,0,0,0,0.532258064516129,0.0,0.5612309476498776,0.3669220290688228,-0.6997167138810199,0.0,0.3139185124418923,0.0,-1.238095238095238
0.11359503,,1.0,0.5082186393732592,0,0,0,1,0,0,0,-0.9247687822580642,0.0,-0.1541090292680133,0.0,0.0,0.0,-0.0317199890620727,0.0,1.3333333333333337
0.12995045,0.00943906,1.0,0.004633565515694,0,0,0,1,0,0,0,-0.7769257580645159,-193.050555,-0.3484180684774627,-0.4669007835834885,3.750056657223796,3.97,-0.257041290675417,-0.24074,-1.3476190476190475
0.11508629,,1.0,0.2847386517275402,0,0,0,1,0,0,0,-0.9112903225806448,0.0,-0.1826680770711442,-0.2199532599322644,0.3399433427762039,0.0,-0.1378178835110746,0.0,0.8571428571428571
,0.84,1.0,0.9708629872833237,0,0,0,1,0,0,0,0.0,70.915445,0.1106081274285994,0.0479398127897821,0.0,0.0,-0.3576702214930271,-0.1700799999999999,1.761904761904762
,9.84,1.0,9.143351705014624,0,0,0,1,0,0,0,0.0,2931.38096988,79.72815685574517,18.592049189547215,0.0,0.0,0.5370522286026798,0.0,0.719047619047619
0.22035902,,1.0,1.3066843827351122,0,0,0,1,0,0,0,0.0403225806451615,0.0,0.289872704841661,0.1564667508154516,-0.6402266288951841,0.0,0.0350013672409078,0.0,-1.9047619047619049
0.242,,1.0,0.1696424785871547,0,0,0,1,0,0,0,0.2359462338709678,0.0,-0.2316096397555924,-0.2886386642838397,0.5439093484419264,0.0,-0.6278370248837846,-0.41804,0.0
1.383,2.71,1.0,0.0195271077470955,0,0,0,1,0,0,0,10.550016379032256,665.2644279699999,-0.3313119472799087,-0.4171613532124423,4.54957507082153,-0.059503,0.7219031993437244,0.0,0.0666666666666666
0.07850848,,1.0,0.4057653556826832,0,0,0,1,0,0,0,-1.2419354838709675,0.0,-0.1415995841851153,-0.1489683442268518,0.9263456090651558,0.0,1.0401968826907302,0.0,-0.6666666666666667
0.21500617,,1.0,0.6962561059593042,0,0,0,1,0,0,0,-0.008064516129032,0.0,-0.0049137089003438,-0.0589874651636527,-0.0963172804532577,0.0,-0.2657916324856439,0.0,0.8571428571428571
1.0,0.64,1.0,0.4217104681123311,0,0,0,1,0,0,0,7.087887661290321,7.359625480000005,-0.1277487765765223,-0.1539672819525851,0.8186968838526912,-0.54,0.277823352474706,0.14315,0.380952380952381
0.38183668,,1.0,0.5839746763482351,0,0,0,1,0,0,0,1.5,0.0,-0.04900474992399,-0.1054775860129722,0.7790368271954674,0.0,-0.1104730653541154,0.0,-2.571428571428572
0.22928044,,1.0,1.3001111901246118,0,0,0,1,0,0,0,0.1209677419354837,0.0,0.264949003031069,0.1769623954909581,-0.4844192634560906,0.0,0.2078206179928903,0.0,-0.1904761904761904
0.25961326,3.5,1.0,3.596798042373521,0,0,0,1,0,0,0,0.3951612903225807,916.3488695,2.6389970487668686,1.4156991639276653,-1.0509915014164306,0.0,0.0164068908941755,0.0,0.380952380952381
0.20876118,,1.0,0.0869871520478749,0,0,0,1,0,0,0,-0.0645161290322581,0.0,-0.2556094090561404,-0.3804191609283027,1.0056657223796035,0.0,-0.8050314465408805,0.0,-0.1904761904761904
0.22392759,,1.0,0.2339591906763976,0,0,0,1,0,0,0,0.0725806451612901,0.0,-0.2001909890937269,-0.2539460364672507,0.1189801699716713,0.0,-0.5490839485917418,0.0,0.0
0.17753621,,1.0,0.4669661181763617,0,0,0,1,0,0,0,-0.346774193548387,0.0,-0.0764616940645969,-0.1789619705812514,-0.8895184135977338,0.0,-1.6581897730380093,0.0,0.0
0.97,0.59,1.0,0.7779369186196761,0,0,0,1,0,0,0,6.81670264516129,-8.531794869999999,0.0262385016290278,-0.0239949010835197,1.0396600566572238,-0.5100000000000001,0.3587640142193054,0.22305,-1.142857142857143
0.31135695,,1.0,0.2981060307297309,0,0,0,1,0,0,0,0.8629032258064517,0.0,-0.1741358560643714,-0.2179536848419711,0.4702549575070821,0.0,0.0360951599671862,0.0,-0.8095238095238096
0.182,,1.0,1.0946467938094109,0,0,0,1,0,0,0,-0.3064516129032256,0.0,0.2641149239380562,0.0,0.2209631728045325,0.0,0.9494120864096254,0.0,-2.2857142857142856
0.14898768,,1.0,0.3091207528535058,0,0,0,1,0,0,0,-0.6048387096774193,0.0,-0.164701557031897,-0.2199532599322644,0.1983002832861189,0.0,-0.3029805851791086,0.0,-0.6666666666666667
,,1.0,4.7670117861501335,0,0,0,1,0,0,0,0.0,0.0,36.40818384691151,0.0,0.0,0.0,0.0,0.0,0.0
0.24096749,,0.9,2.613795196418095,0,0,0,0,1,0,0,0.2266129032258065,0.0,1.3297803660814855,0.7043503255558193,-1.24957507082153,0.0,-1.0445720535958436,-0.70106,0.0
,,1.0,1.0258265189424571,0,0,0,1,0,0,0,0.0,0.0,0.1464522453221355,0.0559881025282127,0.0,0.0,0.1181296144380639,0.02287,-1.380952380952381
1.101,1.8,1.0,0.4337211937037615,0,0,0,1,0,0,0,8.000877217741934,376.0405776,-0.1181439887287316,-0.1559668570428784,0.3059490084985836,0.3399999999999998,-0.2154771670768389,-0.17448,1.076190476190476
1.314,0.586,1.0,0.3808530324379414,0,0,0,1,0,0,0,9.926290838709676,-9.803108500000008,-0.2168189305131183,0.0,1.5042492917847026,-0.987841,0.5676784249384742,0.0,-0.0476190476190476
0.2283883,,1.0,2.201637759268809,0,0,0,1,0,0,0,0.1129032258064516,0.0,0.9032095250601978,0.5203894172488346,-0.8753541076487252,0.0,-0.1585999453103637,0.0,-0.6666666666666667
0.15612481,,1.0,0.9179483490593696,0,0,0,1,0,0,0,-0.5403225806451611,0.0,0.0810661717036438,0.0354924578527062,-0.2209631728045325,0.0,0.3018867924528302,0.0,-0.380952380952381
0.239094,,1.0,0.6785226411674489,0,0,0,1,0,0,0,0.2096774193548388,0.0,0.0053603866102432,-0.0874814102003324,0.2181303116147308,0.0,0.079846869018321,0.0,-0.2380952380952381
,7.899,1.0,13.402196851051391,0,0,0,1,0,0,0,0.0,2314.4760318900003,1069.349609342801,100.69460239699065,0.0,0.0,0.0,0.0,0.0
0.955,0.481,1.0,0.2679655402993079,0,0,0,1,0,0,0,6.681124999999999,-43.17432500000001,-0.1924942908843735,-0.223952410112851,0.0,-0.65,-0.4670494941208641,0.0,0.8095238095238095
0.12043914,,1.0,0.1395629309145611,0,0,0,1,0,0,0,-0.8629032258064513,0.0,-0.2479214294906971,-0.3059349888148768,0.6288951841359773,0.0,-0.5283018867924528,0.0,1.3333333333333337
0.15880124,,1.0,0.7773160183236978,0,0,0,1,0,0,0,-0.5161290322580644,0.0,0.0230615634651566,-0.0204956446755064,-0.1161473087818696,0.0,0.4025157232704403,0.0,-1.3333333333333333
0.32849463,,1.0,0.9077340432629096,0,0,0,1,0,0,0,1.0178145161290322,0.0,0.1034158429574805,0.0,0.5949008498583569,0.0,-0.8936286573694285,0.0,0.0
0.08564561,,1.0,0.0706296699648965,0,0,0,1,0,0,0,-1.1774193548387095,0.0,-0.2847296567953215,-0.3659222415236762,0.6203966005665722,0.0,-0.7022149302707137,0.0,-1.9047619047619049
1.0,5.98,1.0,1.521552445903125,0,0,0,1,0,0,0,7.087887661290321,1704.56331886,0.3787357087576651,0.2709424247347438,-0.0339943342776204,0.0,0.0043751709051134,0.01364,1.1428571428571428
0.43893376,,1.0,5.980295508839959,0,0,0,1,0,0,0,2.016129032258064,0.0,11.911811107843391,4.742492220403164,-1.498583569405099,0.0,0.0645337708504238,0.0,2.095238095238096
0.26228968,,1.0,5.734482533130954,0,0,0,1,0,0,0,0.4193548387096774,0.0,10.444738113444751,4.151117887448917,-1.4872521246458923,0.0,0.3893902105550998,0.0,-0.1904761904761904
,1.8,1.0,3.0424812292073904,0,0,0,1,0,0,0,0.0,373.949445,0.0,8.479198170388793,0.0,0.0,0.0,0.0,0.0
1.008,0.42,0.7,2.8269262096164613,0,0,1,0,0,0,0,7.160219354838708,-62.56195500000001,1.3716635436136542,0.9807915817888696,-0.1473087818696883,0.0,0.8936286573694285,0.44184,1.238095238095238
0.24444685,,1.0,1.1233581639700791,0,0,0,1,0,0,0,0.2580645161290324,0.0,0.2915706840648885,0.0,-0.3512747875354107,0.0,0.2318840579710145,0.0,0.0
1.63,0.63,0.7,0.1989269678160095,0,0,1,0,0,0,0,12.782798387096772,4.182344999999998,-0.2348079504158977,-0.2379494357449042,2.915014164305949,-1.137,0.9330051955154498,0.0,0.6190476190476191
0.26228968,,1.0,1.3546328407876511,0,0,0,1,0,0,0,0.4193548387096774,0.0,0.3099354688791201,0.1804616518989714,-0.3626062322946176,0.0,0.1071916871752802,0.0,-0.761904761904762
,,1.0,3.5693884765047046,0,0,0,1,0,0,0,0.0,0.0,2.418958435751886,1.5106789807165977,0.0,0.0,0.0,0.0,0.0
0.28726965,,1.0,1.9937063918484996,0,0,0,1,0,0,0,0.6451612903225807,0.0,0.7311834499125878,0.4299086444130621,-1.0254957507082152,0.0,-0.475799835931091,0.0,-0.4761904761904761
0.965,5.42,1.0,0.6239153430228815,0,0,0,1,0,0,0,6.771520161290321,1526.588045,-0.0527197620999982,-0.0619868277990927,1.0963172804532575,6.2,0.0743779053869291,0.48777,0.7999999999999999
0.33660509,0.07928807,1.0,1.0999161096573318,0,0,0,1,0,0,0,1.0911290322580645,-170.850555,0.2690949199281647,0.0,-0.4589235127478753,1.0299999999999998,-0.0481268799562482,0.0,-0.2380952380952381
0.12043914,,1.0,0.4261715171476826,0,0,0,1,0,0,0,-0.8629032258064513,0.0,-0.1373661891021614,-0.1334716372770786,1.0368271954674222,0.0,0.6420563303254033,0.0,1.9047619047619049
,,1.0,0.469505471435735,0,0,0,1,0,0,0,0.0,0.0,-0.1740215803986112,0.0,0.0,0.0,0.1771944216570959,0.12227,0.8571428571428571
0.35953314,,1.0,1.1774006440272269,0,0,0,1,0,0,0,1.2983870967741935,0.0,0.212840739841677,0.1194746116450254,-0.2974504249291784,0.0,-0.1575061525840853,0.0,0.8571428571428571
0.23998614,,1.0,0.7346374446992705,0,0,0,1,0,0,0,0.2177419354838709,0.0,-0.0046348468065194,-0.0234950073109464,0.3937677053824363,0.0,0.8487831555920153,0.0,-0.5714285714285715
,7.5,0.5,5.119847300233296,0,0,0,0,0,1,0,0.0,2187.549445,0.0,74.4651761500681,0.0,0.0,0.0,0.0,0.0
,,0.9,8.147991543480554,0,0,0,0,1,0,0,0.0,0.0,33.92293369470404,15.977604758988711,0.0,0.0,-1.571780147662018,3.28763,-0.7142857142857144
0.12400771,,1.0,1.1377411124586672,0,0,0,1,0,0,0,-0.8306451612903225,0.0,0.1800530958786793,0.1199745054175987,-0.3286118980169972,0.0,0.3314191960623462,0.0,-0.1904761904761904
0.6339,0.1452,0.9,0.2185528702436475,0,0,0,0,1,0,0,3.657983870967741,-149.881855,-0.2146457609827908,-0.2494469925140907,0.238243626062323,-0.5738000000000001,-0.6376811594202898,-0.49891,1.3904761904761906
0.18288907,,1.0,1.9157782532825232,0,0,0,1,0,0,0,-0.2983870967741935,0.0,0.721965653823676,0.354924578527063,-1.2861189801699715,0.0,-1.4569319114027892,0.0,0.0
0.13471341,,1.0,0.3332259467780693,0,0,0,1,0,0,0,-0.7338709677419353,0.0,-0.1668445768760664,-0.188959846032718,0.8583569405099151,0.0,0.6453377085042384,0.0,-0.1904761904761904
,0.84007174,1.0,4.187759006861526,0,0,0,1,0,0,0,0.0,70.949445,20.101799449028547,0.0,0.0,0.0,0.2362592288761279,0.0,0.6666666666666666
0.12043914,,1.0,0.2868136888258363,0,0,0,1,0,0,0,-0.8629032258064513,0.0,-0.1755113467393239,-0.2289513478385842,0.0169971671388102,0.0,-0.4889253486464315,0.0,-0.4761904761904761
0.1516641,,1.0,0.0174162924907364,0,0,0,1,0,0,0,-0.5806451612903225,0.0,-0.3301678586395532,-0.4314083257307822,1.728045325779037,0.0,-0.6869018321028165,0.0,-0.761904761904762
0.10348845,,1.0,0.9320719365529898,0,0,0,1,0,0,0,-1.0161290322580645,0.0,0.0924040564398563,0.0344926703075596,0.2804532577903683,0.0,0.7678424938474159,0.0,-2.4761904761904763
0.14006626,,1.0,0.8854604697411017,0,0,0,1,0,0,0,-0.6854838709677417,0.0,0.0671291242775821,0.022995113538373,-0.0453257790368272,0.0,0.2023516543614985,0.0,0.380952380952381
0.768,0.225,1.0,0.178817178047663,0,0,0,1,0,0,0,4.990723532258064,-124.53916342,-0.231418688065044,-0.2753914793106464,0.7932011331444759,-0.7200000000000001,-0.2964178288214383,-0.2249399999999999,1.7333333333333334
1.21,1.76,1.0,0.0320666580242838,0,0,0,1,0,0,0,8.986201612903225,363.330245,-0.3185079142653655,-0.3991151880225452,2.444759206798867,-0.096,-0.0842220399234345,0.0,0.0
,5.01,0.7,9.70403617451535,0,0,1,0,0,0,0,0.0,1396.26976407,112.30818190774023,23.28105277628504,0.0,0.0,0.8061252392671588,0.0,0.2857142857142857
0.14452697,,1.0,0.0175292466356472,0,0,0,1,0,0,0,-0.6451612903225804,0.0,-0.3328824211533739,-0.4229101315970356,4.393767705382436,0.0,0.2909488651900465,0.0,0.761904761904762
,,1.0,2.036358393719529,0,0,0,1,0,0,0,0.0,0.0,0.7477550815556354,0.4629016334029018,0.0,0.0,-0.0907847962811047,-0.1157999999999999,0.2857142857142857
0.07315563,,1.0,0.0104782024699723,0,0,0,1,0,0,0,-1.290322580645161,0.0,-0.3403496588029298,-0.4429058824999687,3.963172804532578,0.0,0.5753349740224227,0.0,-1.142857142857143
0.39066889,0.03775622,1.0,1.158661615936326,0,0,0,1,0,0,0,1.579838709677419,-184.050555,0.3264288878334841,0.0,-0.0339943342776204,-0.55,0.8608148755810774,0.0,-0.9523809523809524
0.09367489,,1.0,0.5275902390085291,0,0,0,1,0,0,0,-1.104838709677419,0.0,-0.088922718026644,-0.1039779046952522,0.5382436260623229,0.0,0.9133169264424392,0.0,-1.3333333333333333
0.20697689,,1.0,1.2270418583898488,0,0,0,1,0,0,0,-0.0806451612903226,0.0,0.3975494453348009,0.0,-0.43342776203966,0.0,0.4670494941208641,0.0,-0.761904761904762
0.16415409,,1.0,1.9871428303892216,0,0,0,1,0,0,0,-0.4677419354838708,0.0,0.6944803490168393,0.4554032268143018,-0.8923512747875354,0.0,-0.1804757998359311,0.0,0.761904761904762
0.15701695,,1.0,0.9891382682866708,0,0,0,1,0,0,0,-0.5322580645161289,0.0,0.1136961800805051,0.060987040253946,-0.1473087818696883,0.0,0.4178288214383374,0.0,-0.6666666666666667
1.0,,1.0,0.7658695990709582,0,0,0,1,0,0,0,7.08790322580645,0.0,0.0,0.0,2.235127478753541,0.0,-2.480721903199344,-1.81162,0.0
,,0.9,4.241149182849342,0,0,0,0,1,0,0,0.0,0.0,4.3383063228662655,1.8656035592436604,0.0,0.0,-0.6365873666940115,-0.36035,0.8095238095238095
,,1.0,7.4993365131691805,0,0,0,1,0,0,0,0.0,0.0,31.359098557446544,8.799130184835724,0.0,0.0,-0.3347005742411812,-0.19313,1.809523809523809
0.34154589,0.02611472,1.0,1.3893059243078083,0,0,0,1,0,0,0,1.1357913467741934,-187.750555,0.3171407319879575,0.2059562343002111,-0.4819263456090651,-0.52,0.0787530762920426,-0.0447299999999999,0.0095238095238095
0.23820186,,1.0,2.319746743872164,0,0,0,1,0,0,0,0.2016129032258064,0.0,0.9665813574575024,0.6103702963120335,-0.8215297450424929,0.0,-0.0426579163248564,0.0,0.761904761904762
0.13676533,0.00972223,0.5,0.2397821518429328,0,0,0,0,0,1,0,-0.7153225806451612,-192.960555,-0.1762085350450662,-0.2814901833360411,-0.7195467422096318,3.37,-1.9403882964178287,-1.4131,-1.9523809523809523
0.31671033,,1.0,3.392493676355881,0,0,0,1,0,0,0,0.9112903225806448,0.0,2.208853311930912,1.310221577914693,-0.8781869688385269,0.0,0.2526661197703035,0.0,0.761904761904762
0.22749615,,1.0,0.2632714528551044,0,0,0,1,0,0,0,0.1048387096774192,0.0,-0.1878759882145755,-0.2374495419723308,0.3059490084985836,0.0,-0.4287667487011211,0.0,0.8571428571428571
0.13962019,0.00943906,1.0,1.5960354999977235,0,0,0,1,0,0,0,-0.6895161290322579,-193.050555,0.4743808391871914,0.249946886286664,-1.1076487252124645,2.97,-1.1780147662018048,-0.74963,0.0
0.18288875,0.01431583,1.0,0.085200154382476,0,0,0,1,0,0,0,-0.2983870967741935,-191.500555,-0.2798385548305518,-0.3439269155304497,1.586402266288952,1.5699999999999998,0.1695378725731474,0.0,0.761904761904762
,,0.5,3.718729476082821,0,0,0,0,0,1,0,0.0,0.0,3.2944357714515893,1.2807278453328663,0.0,0.0,-2.6097894449001915,0.0,2.0000000000000004
,,1.0,0.1954154563051125,0,0,0,1,0,0,0,0.0,0.0,-0.2297078831173815,-0.2539460364672507,0.0,0.0,0.3357943669674597,0.40527,1.3333333333333337
1.6,4.9,1.0,6.396455126311779,0,0,0,1,0,0,0,12.511587999999998,1361.3086393,0.0,269.42374745366607,0.0,0.0,0.0,0.0,0.0
1.413,1.73,0.7,0.1114428031485914,0,0,1,0,0,0,0,10.82096774193548,353.77244499999995,-0.274909049693338,-0.2999362635439969,3.739376770538244,-0.5800000000000001,1.3595843587640142,0.8408699999999999,0.4476190476190476
,,0.7,0.1147744254352085,0,0,1,0,0,0,0,0.0,0.0,-0.2686729382046922,-0.3079345639051701,2.325779036827196,0.0,0.6770576975663112,0.0,0.0
1.396,0.593,1.0,0.1400407272154014,0,0,0,1,0,0,0,10.667529887096771,-7.578309649999994,-0.2526803010852472,-0.2959371133634103,2.7535410764872523,-1.064,0.1345365053322395,0.54062,0.0
0.09545917,,1.0,0.2900685593550081,0,0,0,1,0,0,0,-1.0887096774193543,0.0,-0.1796977172220987,-0.2184535786145444,0.9405099150141644,0.0,0.4670494941208641,0.0,-1.7142857142857142
,5.409,1.0,9.504493354226454,0,0,0,1,0,0,0,0.0,1523.08329846,107.99324999123536,19.751802741917334,0.0,0.0,0.0,0.0,0.0
,0.771,1.0,2.145985761616726,0,0,0,1,0,0,0,0.0,48.99514679999999,0.0,2.8853868552932505,0.0,0.0,0.0,0.0,0.0
,,0.9,8.501873644083405,0,0,0,0,1,0,0,0.0,0.0,59.1192445263726,13.028231500806076,-1.9943342776203965,0.0,-0.974569319114028,-0.54825,0.8095238095238095
0.21679045,,1.0,4.153471403474042,0,0,0,1,0,0,0,0.0080645161290324,0.0,4.096841710139852,1.7806216179061949,-1.586402266288952,0.0,-1.0139458572600493,0.0,-0.380952380952381
0.18199692,,1.0,1.015407173524127,0,0,0,1,0,0,0,-0.3064516129032256,0.0,0.1185380439680168,0.0794831098391591,0.0226628895184136,0.0,0.1082854799015586,0.0,1.6190476190476193
1.231,0.298,1.0,0.1790121396673571,0,0,0,1,0,0,0,9.176012290322578,-101.33768971,-0.2338869180192394,-0.2704425309621705,2.1274787535410766,-1.132,0.0284386108832376,0.41692,2.1904761904761907
0.10170416,,1.0,0.1796730511204477,0,0,0,1,0,0,0,-1.0322580645161288,0.0,-0.2270737399586244,-0.2819400877313571,0.4475920679886686,0.0,-0.0700027344818157,0.0,-1.619047619047619
1.202,1.87,1.0,0.041926387436235,0,0,0,1,0,0,0,8.913885483870965,398.2915449999999,-0.3103331832317716,-0.3859179924266093,2.3427762039660056,0.0899999999999998,-0.0842220399234345,-0.0488499999999999,-1.523809523809524
0.18467335,,1.0,1.568994531139978,0,0,0,1,0,0,0,-0.282258064516129,0.0,0.4092036631228968,0.2869390254570904,-0.4985835694050991,0.0,0.4331419196062346,0.0,-0.5714285714285715
0.28423637,0.05077268,1.0,0.1245399105591542,0,0,0,1,0,0,0,0.6177419354838709,-179.913555,-0.2587911382846001,-0.3106489870902433,1.43342776203966,1.412,0.0535958435876401,0.0,0.4761904761904762
0.19359477,,1.0,0.1538641683576239,0,0,0,1,0,0,0,-0.2016129032258064,0.0,-0.2469136025975505,-0.2844395565942237,1.1359773371104815,0.0,0.455017774131802,0.0,0.4285714285714286
0.08832204,,1.0,1.5747726549114018,0,0,0,1,0,0,0,-1.1532258064516123,0.0,0.4221622561037242,0.2794406188684905,-0.43342776203966,0.0,0.3325129887886245,0.0,-0.6666666666666667
0.37371755,,1.0,1.018504203413617,0,0,0,1,0,0,0,1.4266129032258064,0.0,0.1950069049832503,0.0,-0.2696883852691219,0.0,-0.398249931637955,0.0,0.0
0.34436673,,0.7,1.2741876996375303,0,0,1,0,0,0,0,1.161290322580645,0.0,0.2230693313715457,0.2004574028019045,0.4532577903682719,0.0,0.6267432321575062,0.32572,0.9523809523809524
0.13292913,,1.0,0.0205092479731315,0,0,0,1,0,0,0,-0.7499999999999998,0.0,-0.3253468871924483,-0.4289088568679155,0.4305949008498583,0.0,-1.6724090784796282,0.0,0.0
,1.02,1.0,0.1485850171358,0,0,0,1,0,0,0,0.0,128.136045,-0.2512248645952535,-0.2843895672169664,0.0,0.0,-0.1520371889526934,0.0,1.666666666666667
0.607,3.02,0.9,3.396443704152799,0,0,0,0,1,0,0,3.532258064516129,763.7912341399999,2.3444382590535606,1.2257395303498004,-1.3144475920679888,0.0,-0.4451736395952967,-0.3498799999999999,0.8571428571428571
0.09991988,,1.0,0.0905605399197223,0,0,0,1,0,0,0,-1.0483870967741933,0.0,-0.2717549103433796,-0.348925853256183,0.2719546742209632,0.0,-0.9526934645884604,0.0,0.0
0.33382696,,1.0,0.5364424846818948,0,0,0,1,0,0,0,1.0660161290322578,0.0,-0.1390981248974289,0.0,0.7903682719546742,0.0,-0.5381460213289582,0.0,0.0
0.25426041,,1.0,2.7414782010055925,0,0,0,1,0,0,0,0.3467741935483872,0.0,1.2970164783594682,0.9118062411737504,-0.71671388101983,0.0,0.8378452283292316,0.0,0.4285714285714286
1.16,0.731,1.0,0.6093453529065938,0,0,0,1,0,0,0,8.534225806451612,36.283175,-0.0617308403857359,-0.0629866153442393,0.6997167138810199,-0.7470000000000001,0.670494941208641,0.0,0.3333333333333333
0.18734977,,1.0,1.3404218634190523,0,0,0,1,0,0,0,-0.2580645161290321,0.0,0.3160684398669498,0.1609657947686117,-0.6855524079320113,0.0,-0.3784522832923161,0.0,0.0
,9.8,1.0,8.0531181930563,0,0,0,1,0,0,0,0.0,2918.6678336,41.843645312872496,11.668520439406626,0.0,0.0,0.0634399781241454,0.0,1.4285714285714288
1.14372576,,1.0,0.1021869219440781,0,0,0,1,0,0,0,8.387096774193548,0.0,-0.2708174945490381,-0.3279303148081033,1.2521246458923512,0.0,0.0831282471971561,0.0,0.1904761904761905
,,1.0,3.69910202513411,0,0,0,1,0,0,0,0.0,0.0,2.7271504106216247,1.568666658335104,0.0,0.0,0.019425758818704,0.0,1.8385714285714283
0.06779385,,1.0,0.0094254208347782,0,0,0,1,0,0,0,-1.3387903225806448,0.0,-0.3365376215441545,-0.4604021645400352,0.0,0.0,-1.598031173092699,0.0,-0.8809523809523809
0.13649769,,1.0,1.5552753817241354,0,0,0,1,0,0,0,-0.7177419354838708,0.0,0.397328880202386,0.2854393441393703,-0.3456090651558073,0.0,0.5961170358217118,0.0,-0.5714285714285715
,,1.0,8.502540888799109,0,0,0,1,0,0,0,0.0,0.0,55.68442580481051,13.868053038729268,-1.721813031161473,0.0,0.2843861088323762,0.0,0.9047619047619048
,,1.0,1.7129961649910157,0,0,0,1,0,0,0,0.0,0.0,0.4826322626174455,0.3609233037979428,0.0,0.0,0.4579819524200164,0.23991,0.2299999999999999
,,0.9,1.1275754442917607,0,0,0,0,1,0,0,0.0,0.0,0.1883642373488226,0.1009785420598122,-0.4787535410764872,0.0,-0.4145474432595023,0.0,1.3809523809523812
,6.4,1.0,0.7658695990709582,0,0,0,1,0,0,0,0.0,1838.0512498,0.0,0.0,0.0,0.0,0.0,0.0,0.0
0.12668413,,1.0,0.0828284842953999,0,0,0,1,0,0,0,-0.8064516129032256,0.0,-0.2735593559477092,-0.3609233037979429,-0.3512747875354107,0.0,-1.9163248564397048,0.0,0.4285714285714286
0.25961326,,1.0,0.2591900074801393,0,0,0,1,0,0,0,0.3951612903225807,0.0,-0.1960021460326287,-0.2289513478385842,0.6770538243626062,0.0,0.3193874760732841,0.0,-0.0952380952380952
,,1.0,4.32853592774283,0,0,0,1,0,0,0,0.0,0.0,4.450944801437987,2.0255695664671256,0.0,0.0,0.0,0.0,0.0
0.15505397,0.02174118,1.0,0.1243832772171697,0,0,0,1,0,0,0,-0.5499999999999998,-189.140555,-0.2502470840162659,-0.3266805803766699,-0.1614730878186968,6.07,-1.8649165983046208,-1.07004,0.3333333333333333
0.26032697,0.02325154,1.0,1.6413310889512025,0,0,0,1,0,0,0,0.4016129032258065,-188.660555,0.4720125496877335,0.2969369009085569,-0.1909348441926344,0.2999999999999998,0.1750068362045392,0.0,-1.761904761904762
1.72,0.452,0.7,0.196602832597258,0,0,1,0,0,0,0,13.596774193548384,-52.39755500000001,-0.233696375625488,-0.2439481610157841,2.246458923512748,-1.2120000000000002,0.6300246103363413,0.0,1.3333333333333337
0.728,0.127,1.0,4.3861550916057706,0,0,0,1,0,0,0,4.629032258064515,-155.687555,3.9413866608760304,2.4978192134171486,0.0,-0.9200000000000002,0.0317199890620727,-0.0001299999999999,-1.523809523809524
,,0.9,1.7582582856702238,0,0,0,0,1,0,0,0.0,0.0,0.5917016731181446,0.3044353074971568,0.0,0.0,-0.3511074651353568,-0.28293,-0.4285714285714285
0.06244992,,1.0,0.171401048325476,0,0,0,1,0,0,0,-1.387096774193548,0.0,-0.2391135005949373,-0.2719422122798905,1.4164305949008498,0.0,0.4812687995624829,0.0,0.761904761904762
0.80025118,,1.0,2.7366693449201773,0,0,0,1,0,0,0,5.282258064516129,0.0,1.2474262231458644,0.9482984865716034,-0.2974504249291784,0.0,0.3029805851791086,0.0,1.5714285714285716
,5.792,1.0,7.509476318725725,0,0,0,1,0,0,0,0.0,1644.81157834,34.06521213757458,8.15426721821613,0.0,0.0,0.0,0.0,0.0
0.07681341,0.01352931,1.0,1.713133713559266,0,0,0,1,0,0,0,-1.2572580645161289,-191.750555,0.5358929742851588,0.3089343514503168,-0.8951841359773371,35.67,-0.7306535411539513,0.0,0.6190476190476191
0.11508629,,1.0,0.7560622680090474,0,0,0,1,0,0,0,-0.9112903225806448,0.0,0.0014548241819851,-0.0114975567691865,0.5127478753541076,0.0,0.7033087229969921,0.0,0.1904761904761905
1.11,6.3,0.5,28.735420626278597,0,0,0,0,0,1,0,8.082232725806449,1806.2684091,13162984.63284102,37521.50767961808,-1.0679886685552409,0.0,-2.3746240087503416,-1.70513,0.0
1.24,0.764,1.0,0.1193666015981734,0,0,0,1,0,0,0,9.257367798387095,46.77034795,-0.2568678362629879,-0.3234312708549433,1.830028328611898,-0.8300000000000001,0.079846869018321,0.0,0.8095238095238095
,,1.0,3.0350391849151768,0,0,0,1,0,0,0,0.0,0.0,1.928072087637818,0.8958096404514039,0.0,0.0,0.0,0.0,0.0
0.14185054,,1.0,0.2988721518258084,0,0,0,1,0,0,0,-0.6693548387096772,0.0,-0.2531573152188753,0.0,-0.2521246458923513,0.0,-1.3158326497128794,0.0,-4.428571428571429
1.99,0.84,1.0,0.5962477472650294,0,0,0,1,0,0,0,16.04032258064516,70.91944500000002,-0.0814391818839326,-0.0449904395315995,2.6005665722379603,-1.199,0.6387749521465682,1.15587,-0.761904761904762
0.07940048,0.5,0.5,0.0010418041335698,0,0,0,0,0,1,0,-1.233870967741935,-37.13555500000001,-0.3571558658405018,-0.4898958971218616,1.8696883852691215,0.0,-2.280557834290402,0.0,0.4761904761904762
1.022,0.441,1.0,0.1323902332747993,0,0,0,1,0,0,0,7.286756677419353,-55.88822751000001,-0.249158387279629,-0.31543297049377,0.4305949008498583,-0.8170000000000001,-0.877221766475253,0.0,-2.2857142857142856
,,1.0,7.723942762629811,0,0,0,1,0,0,0,0.0,0.0,34.8888741359441,9.978879488108776,0.0,0.0,0.3336067815149029,0.0,0.2857142857142857
0.2221433,,1.0,0.4370534672561907,0,0,0,1,0,0,0,0.056451612903226,0.0,-0.1284244856412259,-0.1364709999125186,0.6317280453257791,0.0,0.6529942575881871,0.0,0.5714285714285715
,,0.9,10.032364379457016,0,0,0,0,1,0,0,0.0,0.0,142.8908385897135,25.47558643788195,0.0,0.0,-0.2898550724637681,0.0,2.0476190476190474
,2.0,0.7,4.992828633420756,0,0,1,0,0,0,0,0.0,439.609445,0.0,65.4670882437482,-0.3144475920679886,0.0,0.0,0.8768699999999999,-0.0333333333333333
0.1579091,,1.0,1.0523830694779908,0,0,0,1,0,0,0,-0.5241935483870966,0.0,0.1869569112415515,0.0359923516252796,-1.0226628895184136,0.0,-1.210828547990156,0.0,0.0
0.14898768,,1.0,3.4161940797068997,0,0,0,1,0,0,0,-0.6048387096774193,0.0,2.3315978326775664,1.2702300761088268,-1.141643059490085,0.0,0.4670494941208641,0.0,-2.1904761904761902
0.19894762,,1.0,0.9336000458385236,0,0,0,1,0,0,0,-0.1532258064516128,0.0,0.1239044776928596,0.0,-0.2379603399433427,0.0,0.2340716434235712,0.0,-0.1428571428571428
0.13382127,,1.0,2.156697288411467,0,0,0,1,0,0,0,-0.7419354838709675,0.0,0.7938971265113497,0.5623804941449941,-0.3881019830028329,0.0,0.2712605961170358,0.0,0.1904761904761905
1.089,0.495,1.0,0.6097901800137574,0,0,0,1,0,0,0,7.89242016129032,-38.724705,-0.062754082378575,-0.060987040253946,2.1954674220963173,0.0,-0.7645611156685808,0.97036,-0.4285714285714285
0.3309846,,1.0,6.277001943188635,0,0,0,1,0,0,0,1.040322580645161,0.0,14.48768808431006,5.335866128447705,-1.5325779036827196,0.0,0.581897730380093,0.0,-0.2857142857142857
0.1793205,,1.0,1.4451680949178618,0,0,0,1,0,0,0,-0.3306451612903226,0.0,0.3080956558730625,0.2719422122798905,0.1473087818696883,0.0,1.2195788898003828,0.0,-0.5714285714285715
0.42198306,,1.0,5.81450658051288,0,0,0,1,0,0,0,1.862903225806452,0.0,11.490194837295176,4.0951297849207045,-1.6855524079320112,0.0,-0.2920426579163248,0.0,0.0
,0.82,1.0,3.3273154352447434,0,0,0,1,0,0,0,0.0,63.949445,8.111040480143526,0.0,0.0,0.0,0.0,0.0,0.0
,,1.0,7.586992665349362,0,0,0,1,0,0,0,0.0,0.0,30.22943939735224,10.028868865366109,0.0,0.0,-0.6989335520918786,0.0,0.0
0.20403247,0.02428971,0.9,0.9487950824054212,0,0,0,0,1,0,0,-0.107258064516129,-188.330555,0.1357095141470763,0.0004998937725733,-0.8215297450424929,2.27,-1.3792726278370249,-0.8525600000000001,-1.0000000000000002
0.16058552,,1.0,0.712620038913814,0,0,0,1,0,0,0,-0.4999999999999998,0.0,-0.0132822422948189,-0.0324930952172663,0.0396600566572237,0.0,0.3926715887339349,0.0,0.4285714285714286
1.86,1.47,1.0,0.0708243938286726,0,0,0,1,0,0,0,14.86188709677419,271.159545,-0.2922970385329572,-0.349075821387955,2.3881019830028327,-1.04,0.2220399234345091,0.18221,1.4285714285714288
1.60585244,,1.0,0.1747034206758927,0,0,0,1,0,0,0,12.564516129032256,0.0,-0.2472894726164202,-0.2489470987415174,3.379603399433428,0.0,1.7172545802570414,0.0,0.3571428571428571
0.25426041,,1.0,0.6507636944089598,0,0,0,1,0,0,0,0.3467741935483872,0.0,-0.0370235452520998,-0.0584875713910794,0.3824362606232294,0.0,0.6431501230516817,0.0,-0.2857142857142857
0.24177042,,1.0,3.8714138482126743,0,0,0,1,0,0,0,0.2338709677419354,0.0,3.0797923123539857,1.7161353212442354,-1.161473087818697,0.0,0.5468963631391851,0.0,-0.0952380952380952
1.057,0.26,0.9,0.1612964480892765,0,0,0,0,1,0,0,5.397580645161289,-113.418555,-0.2363830816612456,-0.2926878038416836,0.4305949008498583,-1.039,-0.9428493300519551,0.0,0.7809523809523808
,,1.0,3.8127935452685993,0,0,0,1,0,0,0,0.0,0.0,2.7818324627189432,1.7856205556319282,0.0,0.0,0.0634399781241454,0.0,0.0
0.8,0.243,1.0,0.111570456737571,0,0,0,1,0,0,0,5.279999999999999,-118.817865,-0.2604979190261531,-0.3304797730482272,0.4067988668555241,-0.7410000000000001,-1.1277003007929998,-0.68198,0.9809523809523808
0.18913406,,1.0,0.5074847544958639,0,0,0,1,0,0,0,-0.2419354838709675,0.0,-0.0910913401058366,-0.1209742929627454,0.0566572237960339,0.0,0.1290675417008477,0.0,0.0
,0.79,1.0,3.534035814662273,0,0,0,1,0,0,0,0.0,55.03388652999999,0.0,14.477923441268729,0.0,0.0,0.0,0.0,0.0
0.15969338,,1.0,0.9898148702251997,0,0,0,1,0,0,0,-0.5080645161290321,0.0,0.1017877693351417,0.0764837472037191,0.0679886685552408,0.0,0.6836204539239814,0.0,0.0
0.11240986,,1.0,0.7778849450737865,0,0,0,1,0,0,0,-0.9354838709677415,0.0,0.0400443969363523,-0.0409912893510129,-0.490084985835694,0.0,-0.4375170905113481,0.0,-0.9523809523809524
0.93942529,,1.0,0.2741372704568772,0,0,0,1,0,0,0,6.54032258064516,0.0,-0.1988555956215464,-0.2044565529824912,1.339943342776204,0.0,0.9822258681979764,0.0,1.0952380952380951
,0.024,1.0,3.2645456726145854,0,0,0,1,0,0,0,0.0,-188.42267323,0.0,10.828698901483431,0.0,0.0,0.0,0.0,0.0
,0.07079256,1.0,2.019453982520888,0,0,0,1,0,0,0,0.0,-173.550555,1.698178262622685,0.0,0.0,0.0,-0.0360951599671862,0.0,-0.2857142857142857
,,0.9,7.08785770866721,0,0,0,0,1,0,0,0.0,0.0,24.587692345634903,7.329442493470138,-1.8045325779036827,0.0,-0.6748701121137545,0.0,1.8571428571428568
0.13203698,,1.0,0.1366036319732826,0,0,0,1,0,0,0,-0.7580645161290321,0.0,-0.2555780303990473,-0.2959371133634103,1.4362606232294617,0.0,0.6923707957342083,0.0,-0.380952380952381
,,0.9,0.2477067116235572,0,0,0,0,1,0,0,0.0,0.0,-0.1890565252258721,-0.254445930239824,0.0,0.0,-0.3511074651353568,-0.28293,-0.4285714285714285
0.27299491,0.03429506,1.0,0.6153128174892044,0,0,0,1,0,0,0,0.5161290322580645,-185.150555,-0.0614165004455358,-0.0574877838459327,1.1869688385269122,2.77,0.7929997265518184,0.0,-0.1904761904761904
0.12936056,,1.0,1.251333426229406,0,0,0,1,0,0,0,-0.7822580645161289,0.0,0.2629798718833628,0.1334716372770786,-0.3909348441926346,0.0,0.3784522832923161,0.0,-2.952380952380953
0.09456703,,1.0,0.3962441319445219,0,0,0,1,0,0,0,-1.0967741935483868,0.0,-0.110325175641178,-0.2039566592099179,-0.8271954674220963,0.0,-1.6461580530489472,0.0,0.0
0.15701695,,1.0,0.3834793185732285,0,0,0,1,0,0,0,-0.5322580645161289,0.0,-0.1376529201724889,-0.1794618643538248,0.1473087818696883,0.0,0.1268799562482909,0.0,-1.3333333333333333
0.21322189,,1.0,0.7814548843436406,0,0,0,1,0,0,0,-0.0241935483870966,0.0,0.0179991062856105,-0.0099978754514665,-0.0566572237960339,0.0,0.3401695378725731,0.0,0.1904761904761905
,,1.0,8.926878714364856,0,0,0,1,0,0,0,0.0,0.0,70.49442111236566,16.877413549620705,0.0,0.0,0.0590648072190319,0.54274,1.1428571428571428
1.07,2.171,1.0,0.2431801708399154,0,0,0,1,0,0,0,7.71774193548387,493.929445,-0.1991440540880765,-0.2439481610157841,1.8101983002832864,0.8500000000000001,0.5337708504238446,0.37487,0.0
0.17039908,,1.0,0.169876936258323,0,0,0,1,0,0,0,-0.4112903225806451,0.0,-0.2297920868961189,-0.2914380694102503,0.0906515580736544,0.0,-0.8433141919606235,0.0,0.0
0.28013252,,1.0,0.8083742569113278,0,0,0,1,0,0,0,0.5806451612903226,0.0,0.0352158374868096,-0.0074984065885999,0.2011331444759206,0.0,0.0109379272627837,0.0,0.761904761904762
1.33,0.57,1.0,0.2813313920013662,0,0,0,1,0,0,0,10.070943548387095,-14.887455000000015,-0.19337215065487,-0.2054563405276378,1.8951841359773367,-1.01,0.4626743232157506,0.0,0.6666666666666666
0.10973344,,1.0,0.1997162414427032,0,0,0,1,0,0,0,-0.9596774193548384,0.0,-0.2274934348590319,-0.2519464613769573,1.4957507082152974,0.0,1.028165162701668,0.0,-0.5714285714285715
0.19270229,0.02281094,1.0,0.178344140684428,0,0,0,1,0,0,0,-0.2096774193548385,-188.800555,-0.2325755801968325,-0.2739417873701838,1.4164305949008498,2.64,0.3128247197156139,0.09875,0.1809523809523809
0.08468083,,1.0,1.3575465226376582,0,0,0,1,0,0,0,-1.1861404999999996,0.0,0.5475529480092013,0.0,-1.5243626062322946,0.0,-2.2914957615531857,0.0,0.0
,1.62,1.0,2.6129733880790726,0,0,0,1,0,0,0,0.0,318.83146434,0.0,5.179899271404826,0.0,0.0,0.0,0.0,0.0
,0.00786588,1.0,3.0940339049565484,0,0,0,1,0,0,0,0.0,-193.550555,0.0,8.97909194296212,0.0,0.0,0.0,0.0,0.0
1.004,1.307,1.0,3.582378491171027,0,0,0,1,0,0,0,7.124045661290322,219.35117295,2.718217917320937,1.3382156291787994,-1.339943342776204,0.27,-0.7733114574788078,-0.4945599999999999,0.4761904761904762
,,1.0,13.389027614493608,0,0,0,1,0,0,0,0.0,0.0,1047.436760259426,101.45943986902782,0.0,0.0,0.5256986601039102,0.0,0.05
2.7,11.0,1.0,0.7658695990709582,0,0,0,1,0,0,0,22.455080645161285,3300.0794450000003,0.0,0.0,3.9348441926345608,0.0,-1.3191140278917146,-0.18466,0.0
0.13292913,,1.0,0.457996322491618,0,0,0,1,0,0,0,-0.7499999999999998,0.0,-0.1185552511328057,-0.1299723808690653,0.9150141643059492,0.0,0.7033087229969921,0.0,0.1904761904761905
,,1.0,8.37083473983545,0,0,0,1,0,0,0,0.0,0.0,51.24109977510625,13.178199632578076,0.0,0.0,-0.8520645337708505,0.0,0.0
,,0.9,3.396190301130231,0,0,0,0,1,0,0,0.0,0.0,2.4367887139848645,1.1677518527312944,0.0,0.0,-0.3511074651353568,-0.28293,-0.4285714285714285
0.22571187,,1.0,1.3984101344745308,0,0,0,1,0,0,0,0.0887096774193547,0.0,0.349505962010065,0.1814614394441181,-0.9206798866855525,0.0,-0.7853431774678699,0.0,0.0
0.18288907,,1.0,5.141621115997396,0,0,0,1,0,0,0,-0.2983870967741935,0.0,7.234828571296067,3.1433320419410875,-1.3711048158640229,0.0,0.3565764287667487,0.0,-0.380952380952381
0.2497997,,1.0,2.194079606679664,0,0,0,1,0,0,0,0.3064516129032256,0.0,0.865310665208805,0.5433845307872076,-0.9121813031161472,0.0,0.0404703308722997,0.0,-0.5714285714285715
0.227,0.0233,1.0,0.4113233674824513,0,0,0,1,0,0,0,0.0967741935483871,-188.650555,-0.1229763104344335,-0.1719634577652248,-0.0339943342776204,1.16,-0.7951873120043752,0.0,1.0476190476190477
0.22392759,,1.0,1.7643491368117323,0,0,0,1,0,0,0,0.0725806451612901,0.0,0.5131031288838106,0.3849182048814626,-0.4447592067988669,0.0,0.6781514902925896,0.0,-0.2857142857142857
0.54153006,,1.0,3.515013982042749,0,0,0,1,0,0,0,2.943548387096774,0.0,2.535149489370893,1.3232188160015996,-1.1161473087818696,0.0,0.0021875854525567,0.0,-0.4761904761904761
,,1.0,3.866554817380999,0,0,0,1,0,0,0,0.0,0.0,3.040671757227507,1.730632240648862,0.0,0.0,0.4779874213836478,0.0,0.6190476190476191
0.24355471,,1.0,1.1808592267782907,0,0,0,1,0,0,0,0.25,0.0,0.1844281119101287,0.1559668570428784,-0.0821529745042493,0.0,0.6037735849056604,0.0,0.0
0.21685067,,1.0,0.4510624462270985,0,0,0,1,0,0,0,0.0086088629032258,0.0,-0.1832402463489792,0.0,0.7989518413597733,0.0,0.324856439704676,0.0,0.0
0.15612481,,1.0,0.5234862287379971,0,0,0,1,0,0,0,-0.5403225806451611,0.0,-0.0757383566050792,-0.1269730182336254,-0.1133144475920679,0.0,-0.4714246650259776,0.0,1.0476190476190477
,,1.0,2.18564894862398,0,0,0,1,0,0,0,0.0,0.0,1.0049932069938048,0.4259094942324755,0.0,0.0,-2.0246103363412637,-1.33113,-0.5238095238095238
1.25,6.0,1.0,9.408949679419033,0,0,0,1,0,0,0,9.347782258064514,1710.929445,0.0,5498.312608570678,0.0,0.0,0.0,0.0,0.0
0.1409584,,1.0,0.0245747448715619,0,0,0,1,0,0,0,-0.6774193548387094,0.0,-0.323107176808342,-0.4169114063261557,1.28328611898017,0.0,-0.800656275635767,0.0,-0.0952380952380952
,,0.7,5.091710084373881,0,0,1,0,0,0,0,0.0,0.0,6.790485293865171,3.180324181111513,0.0,0.0,0.4189226141646158,0.0,-0.7142857142857144
1.87,6.78,1.0,0.1222650112503646,0,0,0,1,0,0,0,14.952282258064514,1958.836845,-0.2731809488453409,-0.2819900771086144,4.960339943342777,0.2099999999999999,3.142466502597758,1.24959,-0.1857142857142857
1.35,1.76,0.7,0.1243179682444608,0,0,1,0,0,0,0,10.25173387096774,363.330245,-0.2649530197061174,-0.2979866778309609,2.6373937677053823,-0.3900000000000001,0.6070549630844955,0.49787,1.238095238095238
0.23106472,,1.0,1.112085104938723,0,0,0,1,0,0,0,0.1370967741935483,0.0,0.1416415737798148,0.1429696189559717,0.376770538243626,0.0,0.6879956248290949,0.0,1.1428571428571428
,,1.0,0.7424571429442082,0,0,0,1,0,0,0,0.0,0.0,0.001140094591234,-0.0239949010835197,0.0,0.0,0.0,0.0,0.0
0.19537905,,1.0,0.3071026649584332,0,0,0,1,0,0,0,-0.1854838709677418,0.0,-0.1767945465529587,-0.2029568716647712,0.546742209631728,0.0,0.3401695378725731,0.0,0.1904761904761905
0.1516641,,1.0,0.8147674529287801,0,0,0,1,0,0,0,-0.5806451612903225,0.0,0.0943727462018964,-0.0684854468425459,-1.1869688385269122,0.0,-1.9447634673229424,0.0,-0.8571428571428573
,,1.0,6.341082710436347,0,0,0,1,0,0,0,0.0,0.0,15.99180473091154,5.149905645050425,0.0,0.0,-0.434235712332513,0.0,-1.142857142857143
,,0.9,0.2044693568581414,0,0,0,0,1,0,0,0.0,0.0,-0.2138697342554217,-0.2699426371895972,0.0,0.0,-0.6125239267158873,0.0,0.0
1.429,0.729,1.0,0.100894458561083,0,0,0,1,0,0,0,10.96585564516129,35.647515,-0.2740928070998696,-0.3235312496094579,2.3002832861189804,-0.998,0.3204812687995624,0.27238,-1.619047619047619
0.22303545,,1.0,2.992104567787635,0,0,0,1,0,0,0,0.0645161290322581,0.0,1.6355398638908525,1.0312808528187758,-0.8555240793201133,0.0,0.8695652173913043,0.0,-1.4285714285714286
,,1.0,6.461830610666467,0,0,0,1,0,0,0,0.0,0.0,15.989185231409872,5.879750553007487,0.0,0.0,0.5458025704129068,0.37322,0.0476190476190476
0.12757627,,1.0,0.4128008881851149,0,0,0,1,0,0,0,-0.7983870967741934,0.0,-0.1260220221512691,-0.1659647324943449,0.0991501416430594,0.0,-0.1487558107738583,0.0,0.2857142857142857
0.94,0.12,0.9,0.2735947732582562,0,0,0,0,1,0,0,6.545532258064515,-157.910955,-0.1756974052048033,-0.2439481610157841,-0.1161473087818696,-1.14,-1.2545802570412907,0.0,0.1904761904761905
0.24087828,,1.0,1.8898489619494545,0,0,0,1,0,0,0,0.2258064516129033,0.0,0.6103269694498791,0.4259094942324755,-0.8385269121813032,0.0,0.0010937927262783,0.0,0.0
1.699,0.902,0.7,0.1213860821650818,0,0,1,0,0,0,0,13.406524999999998,90.632105,-0.2651499340324065,-0.3030855943112088,2.86685552407932,-1.102,0.6879956248290949,0.56216,-0.4571428571428572
,,1.0,3.5188263313738357,0,0,0,1,0,0,0,0.0,0.0,2.5184090440824605,1.3412149918142393,-1.1543909348441923,0.0,-0.1443806398687449,-0.18567,0.5904761904761905
0.63877351,0.16046394,1.0,0.4306646519595273,0,0,0,1,0,0,0,3.82258064516129,-145.050555,-0.1932399314175233,0.0,-0.2691218130311614,-0.6300000000000001,-1.149576155318567,0.0,0.2857142857142857
0.38272882,,1.0,0.4160637840860771,0,0,0,1,0,0,0,1.508064516129032,0.0,-0.1325465362783618,-0.152467600634865,0.7138810198300283,0.0,0.6125239267158873,0.0,-0.0952380952380952
,,1.0,9.300409569065051,0,0,0,1,0,0,0,0.0,0.0,90.33712983750034,19.22691428071535,0.0,0.0,-0.0342247744052501,0.11037,1.856666666666667
0.12668413,,1.0,0.1747136169927744,0,0,0,1,0,0,0,-0.8064516129032256,0.0,-0.2288998906375935,-0.2859392379119437,0.3597733711048159,0.0,-0.632212195788898,0.0,0.9523809523809524
0.2497997,,1.0,1.7554739351490172,0,0,0,1,0,0,0,0.3064516129032256,0.0,0.5725880005736934,0.31843233312921,-0.5750708215297451,0.0,0.2034454470877768,0.0,-2.571428571428572
0.16147766,,1.0,1.152883970001739,0,0,0,1,0,0,0,-0.4919354838709676,0.0,0.1983993113883809,0.1129759926015722,-0.3541076487252124,0.0,0.4386108832376265,0.0,-1.9047619047619049
,,0.7,0.2423627876082012,0,0,1,0,0,0,0,0.0,0.0,-0.21185890820671,-0.2219528350225577,0.0,0.0,0.5600218758545256,0.0,0.719047619047619
0.22749615,,1.0,2.8527675206525527,0,0,0,1,0,0,0,0.1048387096774192,0.0,1.444026235034918,0.9607958308859366,-0.6883852691218131,0.0,0.8137817883511075,0.0,0.0
0.09635131,,1.0,0.2611772530558039,0,0,0,1,0,0,0,-1.0806451612903225,0.0,-0.1732806844339338,-0.2614444430558506,-0.7422096317280453,0.0,-1.831009023789992,0.0,-0.8571428571428573
0.26585825,,1.0,5.740755975525016,0,0,0,1,0,0,0,0.4516129032258064,0.0,11.580503097671237,3.733706587350188,-1.8271954674220965,0.0,-1.302707136997539,0.0,-1.142857142857143
1.096,4.31,1.0,0.0906398624048146,0,0,0,1,0,0,0,7.955696774193547,1173.796745,-0.2809217047769941,-0.3297799217666246,2.464589235127479,2.67,0.4703308722996992,0.30562,-0.1
0.22571187,,1.0,4.4543078515686,0,0,0,1,0,0,0,0.0887096774193547,0.0,4.6788203675745725,2.240523888673657,-1.3626062322946175,0.0,0.307355756084222,0.0,-0.8571428571428573
0.21411403,,1.0,0.2771501327669816,0,0,0,1,0,0,0,-0.0161290322580645,0.0,-0.1887539533871832,-0.2189534723871177,1.0084985835694051,0.0,0.1104730653541154,0.0,1.0476190476190477
1.098,,1.0,0.0986719800706856,0,0,0,1,0,0,0,7.975806451612902,0.0,-0.2707669333625818,-0.3349288276241299,0.0,0.0,-0.8061252392671588,0.0,0.380952380952381
0.25693683,,1.0,0.5944867997708796,0,0,0,1,0,0,0,0.3709677419354837,0.0,-0.0494647189743607,-0.0949798167889323,0.0991501416430594,0.0,-0.2089144107191687,0.0,0.9523809523809524
0.15077196,,1.0,2.109980918165112,0,0,0,1,0,0,0,-0.5887096774193548,0.0,0.775230104826928,0.5233887798842745,-0.7110481586402266,0.0,0.5042384468143287,0.0,-0.9523809523809524
0.11687057,,1.0,0.5398919319852705,0,0,0,1,0,0,0,-0.8951612903225804,0.0,-0.0926981541976572,-0.0854818351100391,1.6912181303116147,0.0,1.0642603226688545,0.0,-1.238095238095238
,,0.9,1.7523993240879194,0,0,0,0,1,0,0,0.0,0.0,0.6084992136725902,0.2844895459714809,-1.1855524079320112,0.0,-1.57724911129341,-0.96889,0.0476190476190476
0.09724345,,1.0,0.8442992270839886,0,0,0,1,0,0,0,-1.07258064516129,0.0,0.0486142500004035,0.0084981941337465,0.2776203966005666,0.0,0.9614438063986874,0.0,-2.4761904761904763
0.23731199,,1.0,0.2246102854035351,0,0,0,1,0,0,0,0.1935689758064516,0.0,-0.283599049881971,0.0,1.1983852691218129,0.0,-0.3347005742411812,0.0,0.0
0.29797535,,1.0,0.3364898952917263,0,0,0,1,0,0,0,0.7419354838709675,0.0,-0.1654792160348931,-0.187460164714998,2.229461756373938,0.0,-0.7142466502597757,0.0,-0.2857142857142857
1.34,0.711,1.0,0.1113301990379631,0,0,0,1,0,0,0,10.161290322580642,29.917444999999987,-0.2710110052286497,-0.3094342452228901,2.320113314447592,-0.96,0.7951873120043752,0.33887,0.7142857142857143
,6.15,1.0,11.727823637827004,0,0,0,1,0,0,0,0.0,1758.59414805,395.3598986510221,50.76021345464088,0.0,0.0,0.0,0.0,0.0
0.932,2.01,1.0,0.7295585679474645,0,0,0,1,0,0,0,6.473201620967741,442.7845430699999,0.0099413214975188,-0.0474899083944662,-0.311614730878187,1.75,-0.7186218211648893,-0.41804,2.0476190476190474
0.2819168,,1.0,0.3454011772235704,0,0,0,1,0,0,0,0.5967741935483871,0.0,-0.1564862174037409,-0.191959208668158,-0.0028328611898017,0.0,-0.4889253486464315,0.0,2.380952380952381
,11.6,1.0,3.885175445200073,0,0,0,1,0,0,0,0.0,3493.949445,0.0,20.976542484722,0.0,0.0,0.0,0.0,0.0
0.12043893,,1.0,0.0491221891382791,0,0,0,1,0,0,0,-0.8629032258064513,0.0,-0.3059952724107632,-0.3744204356574228,2.4957507082152977,0.0,0.4375170905113481,0.0,0.0476190476190476
0.18913406,,1.0,3.733474945646572,0,0,0,1,0,0,0,-0.2419354838709675,0.0,3.2703841819021493,1.3202194533661595,-1.6203966005665722,0.0,-1.242548537052229,0.0,-4.0
,,1.0,2.007116517590694,0,0,0,1,0,0,0,0.0,0.0,1.6690363306666292,0.0,-0.5835694050991501,0.0,0.8126879956248291,0.0,-0.380952380952381
0.1088413,,1.0,0.3429420488625341,0,0,0,1,0,0,0,-0.9677419354838708,0.0,-0.1594683222372145,-0.1899596335778647,0.4674220963172804,0.0,0.4189226141646158,0.0,-0.8571428571428573
0.903,0.173,1.0,0.2267555430454138,0,0,0,1,0,0,0,6.211070161290322,-141.065965,-0.2077573646488603,-0.2505967481910094,0.6883852691218131,-1.05,-0.0896910035548263,-0.20301,-0.1904761904761904
0.18734977,,1.0,0.7719139977081477,0,0,0,1,0,0,0,-0.2580645161290321,0.0,0.0339447417254972,-0.0389917142607196,-0.4419263456090651,0.0,-0.3686081487558107,0.0,0.0
0.20876118,,1.0,1.8091722081912252,0,0,0,1,0,0,0,-0.0645161290322581,0.0,0.5867870133394816,0.3609233037979428,-0.8895184135977338,0.0,-0.3117309269893355,0.0,0.0
0.31492605,,1.0,2.986616229517974,0,0,0,1,0,0,0,0.8951612903225804,0.0,1.6854582349925356,0.9847907319694564,-1.1104815864022664,0.0,0.1115668580803937,0.0,-0.5714285714285715
,,1.0,9.35106706621987,0,0,0,1,0,0,0,0.0,0.0,92.46547318260556,19.776797430546004,0.0,0.0,0.2887612797374898,0.08687,1.1428571428571428
0.19627119,,1.0,2.7131886833171808,0,0,0,1,0,0,0,-0.1774193548387094,0.0,1.4822066111880057,0.729844907957059,-1.3541076487252124,0.0,-1.0511348099535138,0.0,-1.0476190476190477
,0.14473219,1.0,3.2344383721872965,0,0,0,1,0,0,0,0.0,-150.050555,0.0,10.478773260682106,0.0,0.0,-1.1014492753623188,0.0,0.0
0.29708321,,1.0,0.6267943460173963,0,0,0,1,0,0,0,0.7338709677419355,0.0,-0.0476869504511874,-0.0664858717522526,0.8016997167138811,0.0,0.9351927809680064,0.0,-1.523809523809524
0.20519261,,1.0,0.3075692674955372,0,0,0,1,0,0,0,-0.0967741935483871,0.0,-0.1870476638017867,-0.1839609083069847,1.4419263456090652,0.0,1.1769209734755264,0.0,0.0
,,1.0,6.051241751143842,0,0,0,1,0,0,0,0.0,0.0,11.29373237467008,5.42984615769149,0.0,0.0,-0.5928356576428767,1.17609,0.761904761904762
0.1510396,,1.0,0.8467202620379604,0,0,0,1,0,0,0,-0.586290322580645,0.0,0.0571350070950446,0.0,0.0,0.0,-1.5061525840853158,0.0,0.0571428571428571
,,1.0,4.551780168696764,0,0,0,1,0,0,0,0.0,0.0,4.878250657647572,2.410487771348588,0.0,0.0,0.1629751162154771,-0.08313,0.761904761904762
0.7538,0.333,1.0,5.089084886049953,0,0,0,1,0,0,0,4.8623387096774175,-90.217555,7.127942317167546,3.004361573165702,0.0,-0.3660000000000001,-1.2327044025157232,0.0,-1.3333333333333333
0.21500617,,1.0,1.30136884211155,0,0,0,1,0,0,0,-0.008064516129032,0.0,0.2780089359342425,0.1639651574040516,-0.1586402266288951,0.0,0.286573694284933,0.0,-1.238095238095238
0.19359477,,1.0,4.6629711780904,0,0,0,1,0,0,0,-0.2016129032258064,0.0,5.687081802944756,2.320506892285389,-1.586402266288952,0.0,-0.3904840032813781,0.0,-2.4761904761904763
,,0.7,5.90741967478013,0,0,1,0,0,0,0,0.0,0.0,11.184040833037733,4.680005498831498,0.0,0.0,0.7240907847962811,0.0,0.3333333333333333
1.248,11.83,1.0,0.1350066048595589,0,0,0,1,0,0,0,9.329703225806451,3563.878345,-0.2585378032134194,-0.2924878463326543,2.6005665722379603,6.76,0.9319114027891716,0.0,-0.761904761904762
,,1.0,0.9044348720933664,0,0,0,1,0,0,0,0.0,0.0,0.0920714356675089,0.0099978754514665,0.0,0.0,-0.6836204539239814,0.0,0.6190476190476191
0.9,0.84,1.0,0.1054155211449967,0,0,0,1,0,0,0,6.1839516129032255,70.92664499999998,-0.26970207407141,-0.3239311646275166,0.0,0.1099999999999998,-0.3467322942302434,0.0,1.0476190476190477
0.24355429,0.04499261,1.0,1.2335224220592835,0,0,0,1,0,0,0,0.25,-181.750555,0.2748732083914065,0.1054775860129722,-0.9090651558073654,0.8799999999999999,-1.4131802023516544,-0.7964600000000001,-0.4761904761904761
0.17753621,,1.0,4.576976683560298,0,0,0,1,0,0,0,-0.346774193548387,0.0,5.175022105846193,2.325005936238549,-1.5099150141643058,0.0,-0.2154771670768389,0.0,-0.5714285714285715
,,1.0,0.0032888186715711,0,0,0,1,0,0,0,0.0,0.0,-0.3524653573873026,-0.4679005711286351,0.0,0.51,0.0,0.0,0.0
1.1,0.87,1.0,0.0803755311616542,0,0,0,1,0,0,0,7.991854838709676,80.46154499999997,-0.2836759906255203,-0.3462764162615444,1.4900849858356942,-0.519,-0.1717254580257041,-0.1709,0.0809523809523809
1.042,12.89,0.7,0.496793986372162,0,0,1,0,0,0,0,7.467546685483869,3900.75761123,-0.1257795678261435,-0.0749840658859992,2.453257790368272,12.77,0.7514356029532404,1.0439,1.723809523809524
0.16074268,,1.0,0.8272955172228518,0,0,0,1,0,0,0,-0.4985768548387094,0.0,0.0429835539622088,0.0,0.0,0.0,0.1870385561936013,0.0,-0.4285714285714285
,,1.0,6.547932528752674,0,0,0,1,0,0,0,0.0,0.0,17.187606253422956,5.979729307522152,0.0,0.0,-1.1452009844134536,0.0,1.4761904761904765
0.15523267,,1.0,1.6221291333762389,0,0,0,1,0,0,0,-0.5483870967741934,0.0,0.4337620253026158,0.3159328642663434,-0.4645892351274787,0.0,0.5622094613070823,0.0,-0.5714285714285715
0.17396765,,1.0,1.1081135933115551,0,0,0,1,0,0,0,-0.379032258064516,0.0,0.1479231335848145,0.1309721684142119,0.8441926345609065,0.0,0.7306535411539513,0.0,-1.238095238095238
0.15344839,,1.0,0.7458270495036148,0,0,0,1,0,0,0,-0.5645161290322579,0.0,0.015333964952063,-0.0394916080332929,-0.2577903682719547,0.0,0.0546896363139185,0.0,-1.0476190476190477
,,1.0,6.548917998878721,0,0,0,1,0,0,0,0.0,0.0,16.938753800764502,6.079708062036818,0.0,0.0,0.3347005742411812,0.01687,0.380952380952381
0.76188908,0.22968369,1.0,0.8988670973133954,0,0,0,1,0,0,0,4.93548387096774,-123.050555,0.0553953974759869,0.0509891648024794,0.6487252124645893,-0.6900000000000001,0.7197156138911677,0.0,0.4761904761904762
1.55,0.48,1.0,0.302265219576524,0,0,0,1,0,0,0,12.059637096774193,-43.492155,-0.2517116789313923,0.0,2.178470254957507,0.0,0.700027344818157,0.36259,-0.2857142857142857
,,1.0,2.783963903847453,0,0,0,1,0,0,0,0.0,0.0,1.3279447518056915,0.95079795543447,0.0,0.0,0.5775225594749795,0.5168699999999999,0.8095238095238095
,,1.0,0.8194035404403952,0,0,0,1,0,0,0,0.0,0.0,0.0776445421620727,-0.0474899083944662,0.0,0.0,0.0,0.0,0.0
,,0.7,9.123107879633263,0,0,1,0,0,0,0,0.0,0.0,77.37060730424402,18.77700988539935,0.0,0.0,0.8236259228876128,0.56687,1.2857142857142858
,,1.0,6.915358286332756,0,0,0,1,0,0,0,0.0,0.0,19.7350691913576,7.679368134271467,0.0,0.0,-0.5447087776866284,0.0,-0.7142857142857144
,,1.0,0.365967613827854,0,0,0,1,0,0,0,0.0,0.0,-0.157504326290844,-0.1669645200394915,0.0,0.0,0.4189226141646158,0.0,1.6380952380952385
,3.8,0.9,10.108813305477364,0,0,0,0,1,0,0,0.0,1011.6973916,155.16974250378198,25.325618306109952,0.0,0.0,-0.4922067268252666,0.0,-0.3333333333333333
1.039,1.071,1.0,0.1003448033503615,0,0,0,1,0,0,0,7.440444354838708,144.34537500000002,-0.2724461929874954,-0.3281802616943899,1.3172804532577904,-0.139,-0.2526661197703035,0.0,1.666666666666667
0.2497997,,1.0,2.867775751279544,0,0,0,1,0,0,0,0.3064516129032256,0.0,1.5372224608678224,0.9108064536286036,-1.1076487252124645,0.0,0.0393765381460213,0.0,0.0
0.03300925,,1.0,2.6098416343629216,0,0,0,1,0,0,0,-1.6532258064516123,0.0,1.3136652051472242,0.7108489445992726,-1.161473087818697,0.0,-0.316106097894449,0.0,0.0
0.67802775,,1.0,4.381764985446708,0,0,0,1,0,0,0,4.177419354838709,0.0,4.49799428686232,2.1405451341589914,-1.13314447592068,0.0,-0.3565764287667487,0.0,0.0
0.10616487,,1.0,0.0201251465979045,0,0,0,1,0,0,0,-0.9919354838709676,0.0,-0.3305697583957648,-0.4164115125535823,3.6572237960339935,0.0,0.5906480721903199,0.0,0.761904761904762
0.14452697,,1.0,0.3833784503992745,0,0,0,1,0,0,0,-0.6451612903225804,0.0,-0.120199706450153,-0.2039566592099179,-0.660056657223796,0.0,-1.337708504238447,0.0,0.0
0.2007319,,1.0,0.4406594824026101,0,0,0,1,0,0,0,-0.1370967741935483,0.0,-0.1122624874009999,-0.1574665383605983,0.1331444759206798,0.0,0.0875034181022696,0.0,-1.142857142857143
1.51,0.85,1.0,0.1544261582070335,0,0,0,1,0,0,0,11.6980564516129,74.10494500000001,-0.244535517479706,-0.288238749265781,2.339943342776204,-1.031,0.5283018867924528,0.42999,-1.761904761904762
0.41127736,,1.0,1.1723679908625309,0,0,0,1,0,0,0,1.7661290322580645,0.0,0.1230213560027391,0.2319507104740242,2.4390934844192635,0.0,2.9138638228055784,0.0,-0.380952380952381
0.3693467,,1.0,2.385753616658242,0,0,0,1,0,0,0,1.387096774193548,0.0,0.980371997454604,0.6833547871077396,-0.3399433427762039,0.0,0.3532950505879136,0.0,0.0
0.8796518,,1.0,0.0519200550135679,0,0,0,1,0,0,0,5.999999999999998,0.0,-0.2984120993478191,-0.383918417336316,0.4872521246458923,0.0,-1.007383100902379,0.0,0.0
1.263,0.295,1.0,0.2013406334036068,0,0,0,1,0,0,0,9.465295967741934,-102.290705,-0.2215053788403211,-0.2609445492832773,1.498583569405099,-1.148,0.2439157779600765,0.0,-2.095238095238096
1.426,2.34,1.0,0.123765566799255,0,0,0,1,0,0,0,10.938737096774192,547.671645,-0.2649948334669127,-0.2989364759988502,2.6175637393767706,-0.33,0.9439431227782336,0.0,-0.0476190476190476
1.02378917,,1.0,2.262603672780867,0,0,0,1,0,0,0,7.302929919354837,0.0,2.3523789909825203,0.0,-1.779603399433428,0.0,-0.3347005742411812,0.0,0.0
0.17575193,,1.0,2.010364507314235,0,0,0,1,0,0,0,-0.3629032258064515,0.0,0.7188313375361964,0.4594023769948886,-0.7677053824362606,0.0,0.3937653814602133,0.0,-1.809523809523809
,4.681,1.0,0.5150140400913861,0,0,0,1,0,0,0,0.0,1291.70421817,-0.1505335106794678,0.0,0.0,0.0,0.0,0.0,0.0
,,1.0,1.33581126474906,0,0,0,1,0,0,0,0.0,0.0,0.2879052184122045,0.1859604833972779,0.0,0.0,0.2931364506426032,0.16675,-0.761904761904762
1.89936985,,1.0,0.0756592959363324,0,0,0,1,0,0,0,15.217741935483868,0.0,-0.2831181866741116,-0.3579239411625029,0.4957507082152974,0.0,-0.8465955701394585,0.0,-0.2857142857142857
,,1.0,0.9856204842103806,0,0,0,1,0,0,0,0.0,0.0,0.1029957309017773,0.0709849157054125,0.0,0.0,0.0,0.0,0.0
0.22660362,,1.0,2.6008825275919034,0,0,0,1,0,0,0,0.0967741935483871,0.0,1.3043011493036367,0.7058500068735393,0.0,0.0,-0.9305004101722724,0.0,0.0
0.1845,,1.0,0.3392262052517463,0,0,0,1,0,0,0,-0.2838709677419353,0.0,-0.159908044521062,-0.1934588899858779,0.3427762039660056,0.0,0.1673502871205906,0.0,-1.3333333333333333
0.14845239,,1.0,0.9218012613792484,0,0,0,1,0,0,0,-0.6096774193548387,0.0,0.1072437404998885,0.0079983003611732,-0.5382436260623229,0.0,-0.7087776866283839,-0.53317,-0.2380952380952381
0.13560555,,1.0,0.9187316224754288,0,0,0,1,0,0,0,-0.725806451612903,0.0,0.0893969266763059,0.025994476173813,-0.0906515580736544,0.0,0.1673502871205906,0.0,0.0
0.24266256,,1.0,1.405267351511546,0,0,0,1,0,0,0,0.2419354838709679,0.0,0.3509209095511362,0.1864603771698514,-0.7422096317280453,0.0,-0.0721903199343724,0.0,-2.2857142857142856
,,1.0,13.706812255867511,0,0,0,1,0,0,0,0.0,0.0,1276.6429666553713,114.45667795593435,0.0,0.0,0.0772217664752533,0.0,1.3876190476190475
0.10527273,,1.0,0.0470512018482222,0,0,0,1,0,0,0,-0.9999999999999998,0.0,-0.3092024555778305,-0.3724208605671295,3.076487252124646,0.0,0.7875307629204266,0.0,0.761904761904762
,23.3,1.0,1.0202800147018136,0,0,0,1,0,0,0,0.0,7209.3513281,0.0,0.2809403001862104,0.0,0.0,0.0,0.0,0.0
0.11151772,,1.0,0.4554185174062016,0,0,0,1,0,0,0,-0.943548387096774,0.0,-0.1132034004891262,-0.1409700438656785,0.5779036827195467,0.0,0.5097074104457205,0.0,-0.6666666666666667
0.32494411,,1.0,1.6337557946852423,0,0,0,1,0,0,0,0.9857246612903224,0.0,0.9375864776547216,0.0,0.0,0.0,0.4397046759639048,0.0,0.5714285714285715
0.25069184,,1.0,1.1641789290062137,0,0,0,1,0,0,0,0.3145161290322581,0.0,0.2081711362060197,0.1124760988289988,-0.3739376770538243,0.0,-0.0098441345365053,0.0,-0.0952380952380952
,,1.0,4.190651215079172,0,0,0,1,0,0,0,0.0,0.0,3.814406422532677,2.0305685041928587,0.0,0.0,-0.8608148755810774,0.0,-1.857142857142857
,0.0563,1.0,3.402822121257663,0,0,0,1,0,0,0,0.0,-178.150555,0.0,12.578327105490082,0.0,0.0,0.0,0.0,0.0
0.22660401,,1.0,2.043449203145582,0,0,0,1,0,0,0,0.0967741935483871,0.0,0.7301289212725759,0.4868965344864215,-0.6543909348441926,0.0,0.2800109379272628,0.0,-0.0952380952380952
,6.78,1.0,11.99496929758478,0,0,0,1,0,0,0,0.0,1958.82604446,483.3908270636948,54.27446667583138,0.0,0.0,0.0,0.0,0.0
0.29529893,,1.0,2.3274142089542376,0,0,0,1,0,0,0,0.717741935483871,0.0,0.9500304493298876,0.6343651973955533,-0.6458923512747875,0.0,0.5720535958435876,0.0,-0.4761904761904761
0.10402373,0.00446782,0.9,0.0064966753596771,0,0,0,0,1,0,0,-1.0112903225806449,-194.630555,-0.3450910405232071,-0.4594523663721459,2.28328611898017,3.56,-1.243642329778507,0.0,0.6666666666666666
1.462,0.311,0.7,0.2577209656366026,0,0,1,0,0,0,0,11.264516129032256,-97.209555,-0.2026082308503035,-0.2189534723871177,1.6090651558073654,-1.198,0.3970467596390484,0.0,0.0571428571428571
0.35284207,0.1761957,0.9,1.95888718194984,0,0,0,0,1,0,0,1.2379032258064515,-140.050555,0.6243668319039438,0.4908956846670083,-0.6373937677053825,3.67,-0.6694011484823625,0.6761999999999999,1.1428571428571428
0.12832521,,1.0,0.5259728112992406,0,0,0,1,0,0,0,-0.7916151370967739,0.0,-0.1447159297237011,0.0,0.0,0.0,0.1925075198249931,0.0,0.7142857142857143
0.10973344,,1.0,0.1113470656897594,0,0,0,1,0,0,0,-0.9596774193548384,0.0,-0.2696590690932162,-0.3124336078583301,1.6628895184135977,0.0,0.5972108285479901,0.0,0.761904761904762
0.25872112,,1.0,1.8491007081118944,0,0,0,1,0,0,0,0.3870967741935483,0.0,0.6163638876476693,0.3759201169751427,-0.7648725212464589,0.0,-0.3303254033360678,0.0,0.9523809523809524
0.21215132,0.02740472,0.5,0.0292634050626954,0,0,0,0,0,1,0,-0.0338709677419353,-187.340555,-0.3130223417739376,-0.4217103865428596,-0.0481586402266288,2.26,-2.248837845228329,-1.58219,0.6666666666666666
,,0.9,4.3221392535287455,0,0,0,0,1,0,0,0.0,0.0,4.611389145915148,1.927590387042753,-1.3087818696883853,0.0,-1.0762920426579163,0.0,-0.9047619047619048
1.319,0.525,1.0,0.2217948980129249,0,0,0,1,0,0,0,9.97150887096774,-29.189805000000007,-0.216829776550805,-0.2408988090030868,1.4475920679886685,-1.048,0.4407984686901832,0.0,0.7142857142857143
0.22481973,,1.0,3.4965581328316664,0,0,0,1,0,0,0,0.0806451612903226,0.0,2.36930495498856,1.398202881887599,-0.9405099150141644,0.0,0.8148755810773858,0.0,-0.4761904761904761
,,1.0,10.190655492844629,0,0,0,1,0,0,0,0.0,0.0,153.00865541490597,27.92506592349126,0.0,0.0,0.3171998906207274,0.27712,1.3809523809523812
1.146,0.37,1.0,0.1558849826258035,0,0,0,1,0,0,0,8.407654741935483,-78.45404441000001,-0.2467540862107718,-0.2814401939587838,1.8696883852691215,-1.026,0.3642329778506973,0.27238,1.204761904761905
0.19448691,,1.0,0.6259540508236476,0,0,0,1,0,0,0,-0.1935483870967739,0.0,-0.0436680589788014,-0.0729844907957059,0.0056657223796034,0.0,0.2504785343177468,0.0,-0.0952380952380952
0.17485979,,1.0,2.005983708188628,0,0,0,1,0,0,0,-0.3709677419354837,0.0,0.7183440189464038,0.4549033330417286,-0.7875354107648725,0.0,0.3018867924528302,0.0,-1.619047619047619
0.12043914,,1.0,0.0681081004051617,0,0,0,1,0,0,0,-0.8629032258064513,0.0,-0.2897765184244032,-0.3614231975705163,0.9008498583569404,0.0,-0.3817336614711512,0.0,-0.5714285714285715
0.1900262,,1.0,0.909054757849965,0,0,0,1,0,0,0,-0.2338709677419354,0.0,0.0837866764865966,0.0239949010835197,-0.3682719546742209,0.0,-0.0021875854525567,0.0,-0.2857142857142857
0.15969338,,1.0,3.093151135495046,0,0,0,1,0,0,0,-0.5080645161290321,0.0,1.7541308276426766,1.1082644937950683,-0.9178470254957508,0.0,0.6781514902925896,0.0,-0.2857142857142857
,0.11,1.0,3.769388992020666,0,0,0,1,0,0,0,0.0,-161.050555,0.0,18.57705237637002,0.0,0.0,0.0,0.0,0.0
0.48978584,,1.0,0.4901370908053228,0,0,0,1,0,0,0,2.475806451612903,0.0,-0.1146983449254788,-0.1019783296049589,1.1643059490084986,0.0,0.7536231884057971,0.0,1.3333333333333337
0.1409584,,1.0,0.0375158921452603,0,0,0,1,0,0,0,-0.6774193548387094,0.0,-0.3121565013149546,-0.3959158678780759,1.4589235127478757,0.0,-0.1793820071096527,0.0,-1.238095238095238
0.21768222,,0.5,0.0282273189847878,0,0,0,0,0,1,0,0.0161290322580645,0.0,-0.3019696249217251,-0.4421560418411087,-1.0056657223796035,0.0,-2.596663932184851,0.0,-1.4761904761904765
0.13703298,0.01195614,1.0,0.1349680269390855,0,0,0,1,0,0,0,-0.7129032258064514,-192.250555,-0.2589145887473649,-0.2917380056737943,2.212464589235128,4.47,0.3029805851791086,0.0,1.623809523809524
0.09010632,,1.0,0.3694166629173557,0,0,0,1,0,0,0,-1.137096774193548,0.0,-0.1406564730094697,-0.1899596335778647,0.5184135977337111,0.0,0.2132895816242822,0.0,-1.7142857142857142
16.12278626,,1.0,0.0238071439096873,0,0,0,1,0,0,0,143.79032258064515,0.0,-0.3233977771413834,-0.4194108751890223,1.5439093484419264,0.0,-0.6103363412633306,0.0,-0.9523809523809524
0.19537905,,1.0,2.7261205579237404,0,0,0,1,0,0,0,-0.1854838709677418,0.0,1.489391045019118,0.7423422522713924,-1.3994334277620395,0.0,-1.1627016680339075,0.0,-0.8571428571428573
0.4826487,,1.0,3.00525586041935,0,0,0,1,0,0,0,2.411290322580645,0.0,1.7527767035702844,0.96579476861167,-1.2124645892351276,0.0,-0.5840853158326497,0.0,1.523809523809524
0.06244992,,1.0,0.1858850492378768,0,0,0,1,0,0,0,-1.387096774193548,0.0,-0.2268078817152011,-0.2734418935976105,0.4929178470254957,0.0,-0.1050041017227235,0.0,-0.1904761904761904
0.26585825,,1.0,1.762163933782938,0,0,0,1,0,0,0,0.4516129032258064,0.0,0.5376979322308472,0.3579239411625029,-0.4192634560906516,0.0,0.3565764287667487,0.0,-0.6666666666666667
0.747,0.97,1.0,4.15364212481031,0,0,0,1,0,0,0,4.800905645161289,112.244545,3.750635689476884,1.9745804016646464,-1.1994334277620395,1.5699999999999998,0.2657916324856439,0.0,0.0476190476190476
1.37,0.18,1.0,0.1966017937886638,0,0,0,1,0,0,0,10.432524193548383,-138.841155,-0.2262350161655577,-0.258944974192984,1.6685552407932012,-1.24,0.0470330872299699,0.0,-0.761904761904762
0.27745609,,1.0,0.4933311616208505,0,0,0,1,0,0,0,0.5564516129032256,0.0,-0.0963387274014518,-0.1274729120061987,0.5155807365439093,0.0,0.5042384468143287,0.0,-1.0476190476190477
0.12668413,,1.0,0.0065829038498934,0,0,0,1,0,0,0,-0.8064516129032256,0.0,-0.3458769200395393,-0.4559031205868752,3.4957507082152977,0.0,-0.197976483456385,0.0,2.0000000000000004
0.14720339,,1.0,0.1311311118259931,0,0,0,1,0,0,0,-0.6209677419354838,0.0,-0.2538031821594059,-0.3089343514503168,0.4645892351274787,0.0,-0.5283018867924528,0.0,1.0952380952380951
,19.8,1.0,9.716434821366272,0,0,0,1,0,0,0,0.0,6096.9519036,111.6205632885524,23.7259582338753,0.0,0.0,0.6923707957342083,0.34887,0.8571428571428571
0.2221433,0.01541712,1.0,0.3745675310621493,0,0,0,1,0,0,0,0.056451612903226,-191.150555,-0.1508075528942092,-0.1684642013572116,1.3172804532577904,0.3699999999999999,0.4079846869018321,0.0,0.0
0.07137134,,1.0,0.0385972192078601,0,0,0,1,0,0,0,-1.3064516129032255,0.0,-0.3125100461254214,-0.391416823924916,2.0509915014164304,0.0,0.5512715340442986,0.0,-2.2857142857142856
0.21946688,,1.0,2.8757235476518663,0,0,0,1,0,0,0,0.032258064516129,0.0,1.4841894491942915,0.96429508729395,-0.7422096317280453,0.0,0.7995624829094886,0.0,-0.2857142857142857
0.1623698,0.01755664,1.0,0.2641908260569699,0,0,0,1,0,0,0,-0.4838709677419353,-190.470555,-0.1878024398394485,-0.2364497544271842,1.4107648725212465,3.67,0.2165709598031173,0.0,-2.095238095238096
,0.53802617,1.0,3.207890408811928,0,0,0,1,0,0,0,0.0,-25.050555000000003,0.0,10.178836997138108,0.0,0.0,0.0,0.0,0.0
0.11151772,0.01290004,0.5,1.0239422036867754,0,0,0,0,0,1,0,-0.943548387096774,-191.950555,0.21537258696077,-0.0139970256320531,-1.3144475920679888,0.0,-1.9885151763740767,-1.43205,-1.0476190476190477
0.16058524,,1.0,0.1066852795305454,0,0,0,1,0,0,0,-0.4999999999999998,0.0,-0.2689990004051623,-0.32293137708237,1.0254957507082152,0.0,-0.1017227235438884,0.0,1.1904761904761905
0.36845456,,1.0,3.78820502531946,0,0,0,1,0,0,0,1.3790322580645158,0.0,2.8574099021598856,1.675643925665796,-0.7337110481586402,0.0,0.8630024610336341,0.0,-0.8571428571428573
0.25158355,,1.0,0.1890280317007459,0,0,0,1,0,0,0,0.3225806451612902,0.0,-0.2265043662018167,-0.2694427434170239,0.6968838526912181,0.0,-0.0590648072190319,0.0,0.8095238095238095
,,1.0,3.34005185336416,0,0,0,1,0,0,0,0.0,0.0,2.0991254050967347,1.2907257207843332,0.0,0.0,-0.0601585999453103,0.44687,1.0
0.21857474,,1.0,0.3652247683460611,0,0,0,1,0,0,0,0.0241935483870969,0.0,-0.1516980822014829,-0.1774622892635315,0.5325779036827195,0.0,0.5633032540333607,0.0,-0.9523809523809524
0.17485979,,1.0,0.8637178603861569,0,0,0,1,0,0,0,-0.3709677419354837,0.0,0.0623687137270748,0.0089980879063198,0.1246458923512747,0.0,0.1575061525840853,0.0,-0.1904761904761904
0.74672138,,1.0,0.1375625683939469,0,0,0,1,0,0,0,4.798387096774192,0.0,-0.2455505178722379,-0.3134333954034767,-0.0056657223796034,0.0,-1.095980311730927,0.0,-0.4285714285714285
,0.43,1.0,2.976890873115218,0,0,0,1,0,0,0,0.0,-56.050555,0.0,7.879325643300798,0.0,0.0,0.0,0.0,0.0
,,0.7,7.315975255619672,0,0,1,0,0,0,0,0.0,0.0,26.68001757259217,8.579176924903459,0.0,0.0,1.071916871752803,0.0,0.4285714285714286
0.17842836,,1.0,0.259926394858237,0,0,0,1,0,0,0,-0.3387096774193547,0.0,-0.1837142629326809,-0.2479473111963707,-0.2011331444759206,0.0,-1.0139458572600493,0.0,-0.0952380952380952
0.22038647,,1.0,0.4172117413094003,0,0,0,1,0,0,0,0.0405707096774193,0.0,-0.1997242528028034,0.0,-0.3205665722379602,0.0,-1.3573967733114576,0.0,0.0
,,1.0,0.1196250767232146,0,0,0,1,0,0,0,0.0,0.0,-0.2023884679396111,-0.3894172488346226,-1.5127478753541077,0.0,-2.7815149029258954,-3.11459,-0.4285714285714285
1.093,0.74,1.0,0.2429549314348285,0,0,0,1,0,0,0,7.928561217741935,39.14246617999999,-0.2104150695507601,-0.223952410112851,1.742209631728045,-0.65,0.4987694831829368,0.40654,1.280952380952381
0.2221433,,1.0,0.8066941365182838,0,0,0,1,0,0,0,0.056451612903226,0.0,0.0407195654018462,-0.0159966007223465,-0.3966005665722379,0.0,-0.2198523379819524,0.0,0.0
,5.237,0.7,11.00352881972793,0,0,1,0,0,0,0,0.0,1468.41681246,245.86991274903465,39.422622692677805,1.6685552407932012,0.0,0.5720535958435876,0.0,0.0
0.18645763,,1.0,1.4646299665768387,0,0,0,1,0,0,0,-0.2661290322580645,0.0,0.3382074945200414,0.2574452928752639,-0.178470254957507,0.0,0.6333059885151764,0.0,0.0
,,1.0,6.347608099883436,0,0,0,1,0,0,0,0.0,0.0,14.571381126132096,5.729782421235487,0.0,0.0,0.7951873120043752,0.24698,-0.0476190476190476
1.4499846,,1.0,0.1444497348303515,0,0,0,1,0,0,0,11.15552368548387,0.0,-0.3140182862270392,0.0,2.883342776203966,0.0,0.5512715340442986,0.0,0.0
0.11419415,,1.0,0.3856371462926684,0,0,0,1,0,0,0,-0.9193548387096772,0.0,-0.1364580446430513,-0.1789619705812514,0.4249291784702549,0.0,0.2603226688542521,0.0,-1.3333333333333333
0.22856672,0.02775082,1.0,3.84115247939354,0,0,0,1,0,0,0,0.1145161290322579,-187.230555,3.1485623929524555,1.60565879750553,-1.0764872521246458,1.548108,0.0951599671862182,0.04307,-1.0476190476190477
1.208,0.99,0.7,0.126601592760317,0,0,1,0,0,0,0,8.96812258064516,118.601145,-0.2626713144883126,-0.2987865078670782,2.152974504249292,-0.5900000000000001,0.7131528575334974,0.0,0.8095238095238095
0.11419415,,1.0,0.3663609705333396,0,0,0,1,0,0,0,-0.9193548387096772,0.0,-0.1527600662645142,-0.1744629266280915,0.6373937677053825,0.0,0.682526661197703,0.0,-0.8571428571428573
0.2283879,,1.0,0.5150040073104349,0,0,0,1,0,0,0,0.1129032258064516,0.0,-0.08937209382103,-0.1159753552370121,0.1048158640226629,0.0,0.0984413453650533,0.0,0.4761904761904762
0.33722959,,1.0,2.046881453374183,0,0,0,1,0,0,0,1.0967741935483868,0.0,0.7062789742460258,0.5133909044328079,-0.1246458923512747,0.0,0.9942575881870386,0.0,-1.523809523809524
,2.067,1.0,4.634064689962489,0,0,0,1,0,0,0,0.0,460.949445,31.79131597522176,0.0,0.0,0.0,-0.4189226141646158,0.0,0.9047619047619048
0.22481973,,1.0,4.314758344437875,0,0,0,1,0,0,0,0.0806451612903226,0.0,4.304416548063436,2.069060324681005,-1.396600566572238,0.0,0.071096527208094,0.0,-0.5714285714285715
0.35418029,,1.0,0.0579870836518877,0,0,0,1,0,0,0,1.25,0.0,-0.2985240930038447,-0.3674219228413962,2.2322946175637397,0.0,-0.7590921520371889,0.0,2.7619047619047623
0.352396,,1.0,0.7561085651233773,0,0,0,1,0,0,0,1.2338709677419355,0.0,0.0095627632172855,-0.0224952197657997,-0.0141643059490084,0.0,0.1498496035001367,0.0,0.8571428571428571
0.13917412,,1.0,0.3319944855834978,0,0,0,1,0,0,0,-0.693548387096774,0.0,-0.2388333680438546,0.0,-0.7592067988668555,0.0,-2.0869565217391304,0.0,-0.0952380952380952
0.22571187,,1.0,0.46219618076343,0,0,0,1,0,0,0,0.0887096774193547,0.0,-0.1102308582695584,-0.1384705750028119,0.5949008498583569,0.0,0.3390757451462948,0.0,-0.1904761904761904
0.15969338,,1.0,0.1337702756497006,0,0,0,1,0,0,0,-0.5080645161290321,0.0,-0.2555491671163508,-0.3009360510891435,1.858356940509915,0.0,0.0689089417555373,0.0,0.761904761904762
1.26,0.613,1.0,0.2004388991216368,0,0,0,1,0,0,0,9.438177419354838,-1.220765,-0.2222867362491762,-0.2607945811515053,1.320113314447592,-0.95,0.1509433962264151,0.09506,0.1904761904761905
,13.5,0.9,7.966830697698004,0,0,0,0,1,0,0,0.0,4094.449445,0.0,1299.2049189547222,0.0,0.0,0.0,0.0,0.0
0.07226348,,1.0,0.8389085880649804,0,0,0,1,0,0,0,-1.2983870967741933,0.0,0.0645942676809992,-0.0159966007223465,-0.5127478753541076,0.0,-0.4473612250478534,0.0,-0.4761904761904761
1.218,1.03,1.0,0.1623602508299809,0,0,0,1,0,0,0,9.058498782258065,131.31270421000002,-0.2416738059566164,-0.2811402576952397,1.3626062322946175,-0.6300000000000001,0.3423571233251299,0.04806,0.4333333333333333
0.23463329,,1.0,4.453796875590541,0,0,0,1,0,0,0,0.1693548387096773,0.0,4.60955287676448,2.277516027844083,-1.396600566572238,0.0,0.1487558107738583,0.0,0.4285714285714286
,5.9,1.0,7.645274784175198,0,0,0,1,0,0,0,0.0,1679.1370463,31.76184660582799,10.128847619880773,0.0,0.0,0.4867377631938747,0.0,1.8571428571428568
,,0.9,0.6709069244101603,0,0,0,0,1,0,0,0.0,0.0,-0.0072799591194397,-0.0790332054438432,0.0,0.0,-0.7022149302707137,0.0,-0.380952380952381
0.10081185,,1.0,0.9243427091224882,0,0,0,1,0,0,0,-1.040322580645161,0.0,0.1165107111431954,0.0,-1.113314447592068,0.0,-1.13426305715067,0.0,0.2857142857142857
0.14809528,,1.0,0.4938489317507685,0,0,0,1,0,0,0,-0.6129032258064515,0.0,-0.1335067639186262,-0.0634865091168127,-1.0056657223796035,0.0,-1.8878862455564671,0.0,0.0
0.23552543,,1.0,2.106227628829702,0,0,0,1,0,0,0,0.1774193548387098,0.0,0.7617460706977478,0.5313870802454478,-0.6657223796033994,0.0,0.5622094613070823,0.0,-0.5714285714285715
1.281,2.83,0.7,0.1578829047755336,0,0,1,0,0,0,0,9.627987322580644,703.4038368099999,-0.2524532854353095,-0.2657435294999812,2.807365439093485,0.3399999999999998,1.151763740771124,0.6800799999999999,1.438095238095238
0.24311761,,1.0,0.6698959617778675,0,0,0,1,0,0,0,0.2460488790322582,0.0,-0.0620900670664558,0.0,-0.1198300283286117,0.0,-0.1050041017227235,0.0,0.0
,26.28,1.0,8.472490646395604,0,0,0,1,0,0,0,0.0,8156.479980960001,0.0,2154.8231000912306,4.4872521246458925,0.0,0.5009570686354936,0.36929,0.0
0.46837443,0.0742539,0.5,0.0482458017453749,0,0,0,0,0,1,0,2.282258064516129,-172.450555,-0.2983013439619516,-0.3939162927877826,-0.4985835694050991,-0.42,-2.256494394312278,-1.58752,0.9047619047619048
0.22392759,,1.0,4.820144707861411,0,0,0,1,0,0,0,0.0725806451612901,0.0,6.142492465770199,2.5754527162977867,-1.481586402266289,0.0,-0.1903199343724364,0.0,-0.5714285714285715
0.14363483,,1.0,0.3258735616333295,0,0,0,1,0,0,0,-0.6532258064516127,0.0,-0.1579313551349813,-0.2114550657985178,-0.0056657223796034,0.0,-0.5961170358217118,0.0,0.4761904761904762
,,1.0,6.640214181809159,0,0,0,1,0,0,0,0.0,0.0,17.876534622361625,6.339652823774949,0.0,0.0,0.2887612797374898,0.08687,1.1428571428571428
0.25693683,,1.0,0.9971456029179644,0,0,0,1,0,0,0,0.3709677419354837,0.0,0.0731689507746941,0.1229738680530386,1.3824362606232294,0.0,1.550998085862729,0.0,-0.4761904761904761
0.16772265,,1.0,3.83201714874227,0,0,0,1,0,0,0,-0.4354838709677419,0.0,3.075475082481543,1.6306534861341964,-1.1529745042492918,0.0,0.3018867924528302,0.0,0.0
,,0.9,1.996459309501008,0,0,0,0,1,0,0,0.0,0.0,1.6441510854007837,0.0,0.0,0.0,-1.243642329778507,0.0,0.6666666666666666
0.2114376,0.0169903,1.0,0.6968738399069905,0,0,0,1,0,0,0,-0.0403225806451611,-190.650555,-0.0168161357265331,-0.0425909494232475,0.2974504249291784,0.8999999999999999,0.1203171998906207,0.0,1.6190476190476193
0.15701695,,1.0,1.8492697644704803,0,0,0,1,0,0,0,-0.5322580645161289,0.0,0.6068077406312501,0.3849182048814626,-0.6572237960339944,0.0,0.0426579163248564,0.0,-0.0952380952380952
0.81,3.8,1.0,0.2078268472023164,0,0,0,1,0,0,0,5.370161290322581,1011.649445,-0.2255166839147128,-0.2439481610157841,0.0,0.0,0.0,0.0,0.0
0.14720339,,1.0,0.1328762818695733,0,0,0,1,0,0,0,-0.6209677419354838,0.0,-0.2522506331281057,-0.3089343514503168,0.9121813031161472,0.0,-0.3029805851791086,0.0,0.9523809523809524
,7.485,1.0,9.439274580394072,0,0,0,1,0,0,0,0.0,2182.8950714,80.87655427808721,24.810727720359424,0.0,0.0,0.0,0.0,0.0
,6.2,1.0,3.568450420891524,0,0,0,1,0,0,0,0.0,1774.4855684,10.507882524169696,0.0,0.0,0.0,0.0,0.0,0.0
0.14006626,,1.0,0.0505489193699266,0,0,0,1,0,0,0,-0.6854838709677417,0.0,-0.3068249099131647,-0.3679218166139695,3.719546742209632,0.0,0.3478260869565217,0.0,0.761904761904762
0.28013204,0.01258534,1.0,0.8668214235385227,0,0,0,1,0,0,0,0.5806451612903226,-192.050555,0.0720715569722741,0.0,0.0,-0.6300000000000001,0.1356302980585179,0.0,-0.0952380952380952
0.1516641,,1.0,0.402631827760733,0,0,0,1,0,0,0,-0.5806451612903225,0.0,-0.1360066940734784,-0.161465688541185,0.830028328611898,0.0,0.3106371342630571,0.0,0.0
,,0.9,4.6529693831213645,0,0,0,0,1,0,0,0.0,0.0,4.361881818381278,3.080345426596848,0.0,0.0,-0.69127700300793,1.89687,0.2380952380952381
,,0.5,0.7394886347991556,0,0,0,0,0,1,0,0.0,0.0,0.0741540590761001,-0.1089768424209855,0.0,0.0,-2.395406070549631,-1.67866,0.6666666666666666
0.03568567,,1.0,0.2985067529681698,0,0,0,1,0,0,0,-1.6290322580645158,0.0,-0.1603760708244624,-0.2379494357449042,-0.254957507082153,0.0,-0.5961170358217118,0.0,-4.476190476190476
0.18734977,,1.0,0.1602325920190137,0,0,0,1,0,0,0,-0.2580645161290321,0.0,-0.233714636811389,-0.2989364759988502,0.3286118980169972,0.0,-0.5458025704129068,0.0,0.0
0.21768259,,1.0,0.2104847780195402,0,0,0,1,0,0,0,0.0161290322580645,0.0,-0.1944451991563589,-0.2914380694102503,-0.9121813031161472,0.0,-2.2882143833743505,0.0,1.523809523809524
0.20430047,,1.0,1.766874501578802,0,0,0,1,0,0,0,-0.1048387096774192,0.0,0.5428323755487612,0.3579239411625029,-0.4815864022662889,0.0,0.5020508613617719,0.0,-1.4285714285714286
,0.88,1.0,3.929724325543572,0,0,0,1,0,0,0,0.0,83.63844315999998,0.0,21.97633002986865,0.0,0.0,0.0,0.0,0.0
1.15,1.0,0.7,0.3044521827096224,0,0,1,0,0,0,0,8.443830645161288,121.77944499999998,-0.1872800788950722,-0.187460164714998,1.951841359773371,0.0,0.9001914137270988,0.0,0.0
1.249,0.92,1.0,0.10722188846491,0,0,0,1,0,0,0,9.338742741935482,96.35304499999998,-0.2709435596652305,-0.3177324818476074,1.773371104815864,-0.7500000000000001,0.1345365053322395,0.08377,1.9523809523809528
1.128,2.13,1.0,0.0488657771107015,0,0,0,1,0,0,0,8.244961290322578,480.927345,-0.3048506657316375,-0.3780196708199507,2.263456090651558,0.6299999999999999,0.2504785343177468,0.0,0.0476190476190476
1.49,3.12,0.3,0.1150333939651903,1,0,0,0,0,0,0,11.51724293548387,795.57407484,-0.2762617264922555,-0.2889386005473837,4.4164305949008495,-0.1600000000000001,2.311184030626196,1.09506,0.5238095238095238
0.71192914,,1.0,2.2868377545539973,0,0,0,1,0,0,0,4.483870967741935,0.0,0.9109490874823905,0.6173688091280602,-0.8158640226628895,0.0,0.2209461307082308,0.0,0.6666666666666666
,,0.9,9.286577326951114,0,0,0,0,1,0,0,0.0,0.0,81.2405903805207,21.126510616493995,0.0,0.0,-0.7765928356576429,1.79037,0.0
,,0.7,5.700711096131715,0,0,1,0,0,0,0,0.0,0.0,10.2459325740029,4.080132971743504,0.0,0.0,1.0933552091878591,0.0,0.4285714285714286
0.08296919,,1.0,0.1338673949194287,0,0,0,1,0,0,0,-1.201612903225806,0.0,-0.2513677059030795,-0.3089343514503168,0.4759206798866855,0.0,-0.316106097894449,0.0,0.0
0.10616487,,1.0,0.479630049532297,0,0,0,1,0,0,0,-0.9919354838709676,0.0,-0.0975198600541913,-0.1394703625479585,-0.0339943342776204,0.0,-0.0196882690730106,0.0,-0.761904761904762
,,1.0,6.350133322043999,0,0,0,1,0,0,0,0.0,0.0,12.561897570915074,6.719572090930676,0.0,0.0,-0.7219031993437244,1.67032,1.0476190476190477
0.13471341,,1.0,0.3390575848743237,0,0,0,1,0,0,0,-0.7338709677419353,0.0,-0.1624916002328804,-0.1894597398052913,0.9320113314447592,0.0,0.5195515449822259,0.0,-0.4761904761904761
0.26139754,,1.0,2.562856820540149,0,0,0,1,0,0,0,0.4112903225806453,0.0,1.2082426749502446,0.7283452266393391,-0.9008498583569404,0.0,0.0700027344818157,0.0,-0.1904761904761904
,,1.0,7.150498299702458,0,0,0,1,0,0,0,0.0,0.0,26.201958913537773,7.329442493470138,0.0,0.0,-0.7364615805304899,0.0,0.33
0.25782897,,1.0,3.222646168836073,0,0,0,1,0,0,0,0.3790322580645162,0.0,2.173750767797549,1.0357798967719358,-1.473087818696884,0.0,-1.1244189226141643,0.0,-0.8571428571428573
0.42555163,,1.0,1.4893079569882646,0,0,0,1,0,0,0,1.89516129032258,0.0,0.3499771245092439,0.2694427434170239,0.1189801699716713,0.0,0.3532950505879136,0.0,0.0
1.381,1.071,0.7,0.1587720762769951,0,0,1,0,0,0,0,10.532258064516128,144.331445,-0.2468704836711284,-0.2764412562330505,2.3711048158640224,-0.8200000000000001,0.8465955701394585,0.48287,-0.6523809523809525
1.3,1.3,0.7,0.2124172941480642,0,0,1,0,0,0,0,9.799758064516128,217.128445,-0.2244132197496352,-0.2394491170626242,1.9235127478753544,0.0,0.9001914137270988,0.0,0.5238095238095238
0.13828198,,1.0,0.2289033384967391,0,0,0,1,0,0,0,-0.7016129032258063,0.0,-0.2032232840942961,-0.2554457177849707,0.1926345609065155,0.0,-0.7087776866283839,0.0,1.809523809523809
,0.0073,1.0,2.3786294833842185,0,0,0,1,0,0,0,0.0,-193.730555,0.0,3.895172275891373,0.0,0.0,0.0,0.0,0.0
,1.9,0.9,9.987874655796292,0,0,0,0,1,0,0,0.0,407.8234183,142.13773248298395,24.47579889273529,0.0,0.0,0.0,0.0,0.0
0.08921418,,1.0,0.4625240573924929,0,0,0,1,0,0,0,-1.1451612903225803,0.0,-0.1136122552457209,-0.1329717435045052,0.5920679886685553,0.0,0.6836204539239814,0.0,-0.4761904761904761
0.85,0.188,1.0,0.7897754118980431,0,0,0,1,0,0,0,5.7319625725806445,-136.29881448,0.0178832150435326,-0.0019995750902933,0.6657223796033994,-0.95,-0.1443806398687449,0.35525,1.809523809523809
1.21,0.409,1.0,0.1281258087459479,0,0,0,1,0,0,0,8.986182782258064,-66.05873654000001,-0.263131059571476,-0.2949373258182636,1.614730878186969,-1.05,0.0360951599671862,0.0,0.8095238095238095
0.07493991,,1.0,0.5134222478993129,0,0,0,1,0,0,0,-1.2741935483870963,0.0,-0.0852774244847476,-0.123473761825612,0.2776203966005666,0.0,0.2417281925075198,0.0,-0.6666666666666667
,0.02010519,1.0,3.44260759191761,0,0,0,1,0,0,0,0.0,-189.660555,0.0,13.128210255320743,0.0,0.0,0.0,0.0,0.0
1.126,7.68,1.0,0.4210224514999969,0,0,0,1,0,0,0,8.226882258064514,2244.8838450000003,-0.1407063600677292,-0.1334716372770786,2.249291784702549,5.37,0.8947224500957068,0.0,0.6666666666666666
,28.5,0.5,4.496354820313968,0,0,0,0,0,0,1,0.0,8861.719445,7.70370830763416,1.2807278453328663,0.0,0.0,0.0,0.0,0.0
0.08564561,,1.0,0.9608450768298448,0,0,0,1,0,0,0,-1.1774193548387095,0.0,0.1222238264588357,0.0254945824012397,-0.7337110481586402,0.0,-0.8225321301613344,0.0,0.4761904761904762
0.13471341,0.00660734,1.0,1.3798456729538005,0,0,0,1,0,0,0,-0.7338709677419353,-193.950555,0.3930879465273039,0.124973443143332,-1.320113314447592,2.27,-1.8988241728192508,-1.22494,-0.761904761904762
0.13114484,,1.0,1.5112230666448547,0,0,0,1,0,0,0,-0.7661290322580644,0.0,0.4296927376067548,0.2104552782533711,-1.019830028328612,0.0,-1.0139458572600493,0.0,-0.0952380952380952
0.21946688,,1.0,1.871617874414316,0,0,0,1,0,0,0,0.032258064516129,0.0,0.5860970116306221,0.4294087506404889,-0.3512747875354107,0.0,0.8487831555920153,0.0,-0.5714285714285715
1.528,1.49,0.7,0.0182052823177315,0,0,1,0,0,0,0,11.86048387096774,277.496445,-0.3327346976551205,-0.4196608220753089,4.807365439093484,-0.78,0.5829915231063714,0.43987,0.380952380952381
,29.365,1.0,12.074827137937223,0,0,0,1,0,0,0,0.0,9136.98061655,477.1655098776205,59.60333429146306,0.0,0.0,0.0,0.0,0.0
0.22303545,,1.0,1.4098828112496309,0,0,0,1,0,0,0,0.0645161290322581,0.0,0.3082010121430196,0.2359498606546108,-0.2181303116147308,0.0,0.7175280284386109,0.0,-0.2857142857142857
0.26853468,,1.0,2.413526225907673,0,0,0,1,0,0,0,0.475806451612903,0.0,1.0460613010610345,0.6628591424322331,-0.6147308781869688,0.0,0.079846869018321,0.0,0.1904761904761905
0.30689677,,1.0,2.412112170868959,0,0,0,1,0,0,0,0.8225806451612901,0.0,0.9732178080373004,0.7253458640038991,-0.5325779036827195,0.0,0.6628383921246924,0.0,1.3333333333333337
,,0.5,0.3217843209415093,0,0,0,0,0,1,0,0.0,0.0,-0.1329569964607136,-0.2488471199870027,-0.923512747875354,0.0,-2.185397867104184,-1.54386,-0.3333333333333333
0.10616487,,1.0,0.1181554571611072,0,0,0,1,0,0,0,-0.9919354838709676,0.0,-0.2652620908505074,-0.3089343514503168,1.5439093484419264,0.0,0.6519004648619087,0.0,-0.0952380952380952
,,1.0,6.514821721965461,0,0,0,1,0,0,0,0.0,0.0,16.88046993685239,5.879750553007487,0.0,0.0,0.1214109926168991,0.11287,1.0476190476190477
0.20786903,,1.0,0.4077068023337867,0,0,0,1,0,0,0,-0.0725806451612901,0.0,-0.1051046084186482,-0.1994576152567579,-0.8810198300283286,0.0,-1.836477987421384,0.0,-0.3333333333333333
0.20519261,,1.0,0.4588165268386018,0,0,0,1,0,0,0,-0.0967741935483871,0.0,-0.1026111697109985,-0.1529674944074384,-0.2804532577903683,0.0,-0.64424391577796,0.0,0.5714285714285715
,,1.0,1.6646833866600788,0,0,0,1,0,0,0,0.0,0.0,0.4621019352731229,0.3309296774435433,0.0,0.0,0.0,0.0,0.0
0.1409584,,1.0,0.7433075555616112,0,0,0,1,0,0,0,-0.6774193548387094,0.0,0.0170901288256588,-0.0439906519864528,-0.4504249291784702,0.0,-0.3095433415367787,0.0,0.0
,14.2,1.0,3.413830626617143,0,0,0,1,0,0,0,0.0,4317.1128244,0.0,12.72829523726208,0.0,0.0,0.0,0.0,0.0
0.26942682,0.03460987,0.9,0.0304097716177762,0,0,0,0,1,0,0,0.4838709677419355,-185.050555,-0.3188908719950118,-0.4044140620118224,1.7847025495750708,0.8700000000000001,-0.6748701121137545,0.0,1.8571428571428568
0.03568567,,1.0,0.0649719779316002,0,0,0,1,0,0,0,-1.6290322580645158,0.0,-0.3418645047557714,0.0,0.0,0.0,-0.131528575334974,0.0,0.0
0.978,0.25,0.9,0.1622732955626298,0,0,0,0,1,0,0,6.888709677419354,-116.600555,-0.2387118180279782,-0.2869390254570904,0.7337110481586402,-1.06,-0.4451736395952967,-0.29613,1.238095238095238
0.133,0.014,1.0,0.9538713766194236,0,0,0,1,0,0,0,-0.7532258064516127,-191.600555,0.0901294042244598,0.0574877838459327,0.4730878186968839,6.13,0.3653267705769756,0.48887,-0.8571428571428573
0.22303506,,1.0,0.8906813219114739,0,0,0,1,0,0,0,0.0645161290322581,0.0,0.090195251893183,0.0,0.0,0.0,0.1290675417008477,0.0,0.761904761904762
,,1.0,10.33781542782937,0,0,0,1,0,0,0,0.0,0.0,175.47086364170858,28.22500218703525,0.0,0.0,0.0382827454197429,0.0,0.0
0.23730971,5.2,0.5,0.7668510710836808,0,0,0,0,0,1,0,0.1935483870967743,1456.6571614,0.0659681231333878,-0.0789832160665858,-1.0311614730878187,0.0,-2.002734481815696,-1.24316,0.0
,,1.0,3.272941629295368,0,0,0,1,0,0,0,0.0,0.0,2.117789339046119,1.156254295962108,-1.1628895184135977,0.0,-0.3106371342630571,-0.12617,0.8571428571428571
0.09278275,,1.0,0.4711626324344853,0,0,0,1,0,0,0,-1.1129032258064513,0.0,-0.118536665456404,-0.1159753552370121,0.6345609065155807,0.0,0.6387749521465682,0.0,1.809523809523809
0.384,0.384,1.0,3.910290641752313,0,0,0,1,0,0,0,1.5161290322580645,-74.050555,3.0946661907056376,1.796618218628541,-0.9518413597733713,0.0,0.050314465408805,0.0,-0.4285714285714285
1.11110014,,1.0,0.2485721562386919,0,0,0,1,0,0,0,8.092177419354837,0.0,-0.2740224276970085,0.0,1.6345609065155808,0.0,0.9297238173366148,0.0,0.0
0.06209307,0.00110122,0.5,0.0107040119345125,0,0,0,0,0,1,0,-1.3903225806451611,-195.700555,-0.334873185012046,-0.4563530249821913,0.0,4.67,-2.282745419742959,-1.81176,0.0
0.07850848,,1.0,0.0716039169060312,0,0,0,1,0,0,0,-1.2419354838709675,0.0,-0.2907022901832787,-0.3509254283464764,1.971671388101983,0.0,0.4528301886792453,0.0,0.0
0.14809554,,1.0,3.338532968176149,0,0,0,1,0,0,0,-0.6129032258064515,0.0,2.4800955894961896,1.0457777722234023,-1.651558073654391,0.0,-1.7106918238993711,0.0,0.0
,6.31,0.9,5.755362156944155,0,0,0,0,1,0,0,0.0,1809.44669317,0.0,141.45094167489407,-1.518413597733711,0.0,-0.8936286573694285,0.0,1.1428571428571428
0.1900262,,1.0,1.2099977203868426,0,0,0,1,0,0,0,-0.2338709677419354,0.0,0.2031730244122326,0.1614656885411849,-0.0056657223796034,0.0,0.3926715887339349,0.0,0.761904761904762
0.08386133,,1.0,0.2166464951432922,0,0,0,1,0,0,0,-1.193548387096774,0.0,-0.2149866600284384,-0.251446567604384,0.7648725212464589,0.0,0.3981405523653267,0.0,-0.5714285714285715
0.13721141,0.01617225,1.0,0.3595680331673266,0,0,0,1,0,0,0,-0.711290322580645,-190.910555,-0.1525120513968214,-0.1824612269892647,0.3087818696883853,0.0,-0.3150123051681706,0.0,1.238095238095238
0.32563175,0.04845382,0.5,1.4165401789626488,0,0,0,0,0,1,0,0.9919354838709676,-180.650555,0.4308508478058115,0.124973443143332,-1.363739376770538,0.4099999999999999,-2.2138364779874213,-1.45991,0.2904761904761905
,,1.0,2.553671983167898,0,0,0,1,0,0,0,0.0,0.0,1.2957265451223643,0.6508616918904733,0.0,0.0,0.0,0.0,0.0
0.20162404,,1.0,0.3119784348380917,0,0,0,1,0,0,0,-0.1290322580645162,0.0,-0.1563453942238185,-0.2289513478385842,-0.4872521246458923,0.0,-1.1419196062346186,0.0,0.0
0.08207704,,1.0,0.0627458737380852,0,0,0,1,0,0,0,-1.2096774193548383,0.0,-0.2653279122914918,-0.4104127872827024,-1.161473087818697,0.0,-2.646978397593656,0.0,1.3333333333333337
,26.572,1.0,12.65194204024141,0,0,0,1,0,0,0,0.0,8249.2858758,665.1398494603044,76.3097841708637,0.0,0.0,0.0,0.0,0.0
,,1.0,6.458902387530985,0,0,0,1,0,0,0,0.0,0.0,16.46724389046427,5.6797930439781545,0.0,0.0,-0.9319114027891716,1.49687,-2.0476190476190474
0.548,0.02,1.0,4.86962992111491,0,0,0,1,0,0,0,2.999999999999999,-189.650555,5.898604652286023,2.860392166664584,-1.1558073654390937,-1.1780000000000002,0.0251572327044025,0.0,-0.7142857142857144
1.134,4.59,1.0,0.3142078441495435,0,0,0,1,0,0,0,8.299180733870966,1262.78183313,-0.1812637447243661,-0.1864603771698514,1.6430594900849858,2.57,0.9286300246103364,0.4662,0.7523809523809524
0.13738983,,1.0,0.0744552103388503,0,0,0,1,0,0,0,-0.7096774193548385,0.0,-0.2786738700479271,-0.3689216041591162,-0.3314447592067989,0.0,-1.92616899097621,0.0,-0.1428571428571428
0.21500617,,1.0,2.696369877348667,0,0,0,1,0,0,0,-0.008064516129032,0.0,1.3111789857802012,0.8328230251071645,-0.7620396600566572,0.0,0.5403336067815149,0.0,-0.5714285714285715
0.09545917,,1.0,0.0355891442898923,0,0,0,1,0,0,0,-1.0887096774193543,0.0,-0.3091173883793136,-0.4089131059649825,0.1926345609065155,0.0,-1.6461580530489472,0.0,0.0
0.30065178,,1.0,4.157491162862642,0,0,0,1,0,0,0,0.7661290322580645,0.0,3.727390447361545,1.998575302748166,-1.144475920679887,0.0,0.4298605414273995,0.0,0.5714285714285715
0.2839132,0.01919275,1.0,1.772773881294294,0,0,0,1,0,0,0,0.6148206451612904,-189.950555,0.5727721546630351,0.3359286151692766,-0.726600566572238,-0.3,-0.2100082034454471,-0.1509599999999999,-0.5619047619047619
0.35002826,,1.0,0.4644658708392011,0,0,0,1,0,0,0,1.2124677419354837,0.0,-0.1765575080430528,0.0,-0.3144475920679886,0.0,-0.1759912496581893,0.0,0.0
0.1209,,1.0,0.1100736283973314,0,0,0,1,0,0,0,-0.8588709677419353,0.0,-0.2640775338570443,-0.3264306334903832,0.9263456090651558,0.0,-0.4211101996171725,0.0,0.1904761904761905
0.992,1.002,0.9,0.1192103614310272,0,0,0,0,1,0,0,7.015587096774192,122.415105,-0.2606803213252029,-0.3164327580389167,1.0169971671388105,-0.0550000000000001,-0.5217391304347826,0.0,2.4761904761904763
,,1.0,7.680323435518978,0,0,0,1,0,0,0,0.0,0.0,32.44619085063874,10.278815751652774,0.0,0.0,-0.8286136177194426,0.0,1.8242857142857145
0.25782897,,1.0,0.6135808199186865,0,0,0,1,0,0,0,0.3790322580645162,0.0,-0.0363614117435637,-0.094479923016359,-0.0254957507082152,0.0,-0.0842220399234345,0.0,-0.6666666666666667
0.762,0.28,1.0,1.448338111026963,0,0,0,1,0,0,0,4.9364865241935485,-107.05860104,0.3406876094709132,0.2384493295174775,-0.2645892351274787,-0.55,0.0689089417555373,0.03547,0.8809523809523809
,0.18,1.0,5.119847300233296,0,0,0,1,0,0,0,0.0,-139.050555,0.0,74.4651761500681,0.0,0.0,0.0,0.0,0.0
,,1.0,6.21192049003614,0,0,0,1,0,0,0,0.0,0.0,13.330393237216906,5.42984615769149,0.0,0.0,0.4856439704675964,0.0,1.3809523809523812
0.20697689,,1.0,4.609041184817179,0,0,0,1,0,0,0,-0.0806451612903226,0.0,5.454496769629097,2.277516027844083,-1.6373937677053825,0.0,-0.9362865736942848,0.0,0.0
0.14274268,,1.0,2.5164758489206496,0,0,0,1,0,0,0,-0.6612903225806449,0.0,1.110411690064054,0.7458415086794056,-0.6317280453257791,0.0,0.6070549630844955,0.0,0.0
0.21946688,,1.0,0.6428475397035918,0,0,0,1,0,0,0,0.032258064516129,0.0,-0.0420489034425161,-0.0589874651636527,-0.0283286118980169,0.0,0.375170905113481,0.0,0.0
,,0.7,6.0586557966483054,0,0,1,0,0,0,0,0.0,0.0,12.341532175337258,4.979941762375495,0.0,0.0,0.7361225047853431,0.0,-0.4761904761904761
0.62449925,0.02517081,1.0,0.4247594690039563,0,0,0,1,0,0,0,3.6935483870967736,-188.050555,-0.109325509143854,-0.1774622892635315,-0.3286118980169972,-1.249,-1.1014492753623188,0.0,0.0
0.08564561,,1.0,0.1654536221677906,0,0,0,1,0,0,0,-1.1774193548387095,0.0,-0.2324079431651362,-0.2934376445005436,0.254957507082153,0.0,-0.4036095159967186,0.0,-1.7142857142857142
0.13917412,,1.0,0.4748446593833383,0,0,0,1,0,0,0,-0.693548387096774,0.0,-0.0987577693763171,-0.1424697251833985,0.1274787535410765,0.0,0.2067268252666119,0.0,-1.4285714285714286
0.14720339,,1.0,0.4560807096065872,0,0,0,1,0,0,0,-0.6209677419354838,0.0,-0.1006010319357809,-0.158466325905745,0.0679886685552408,0.0,0.0546896363139185,0.0,-2.1904761904761902
0.25604425,,1.0,0.6960796676137245,0,0,0,1,0,0,0,0.3629032258064517,0.0,-0.0096491326999795,-0.0529887398927727,-0.0679886685552408,0.0,-0.0634399781241454,0.0,0.5238095238095238
0.85787329,,1.0,0.3892774315000964,0,0,0,1,0,0,0,5.803133169354839,0.0,-0.2129131943717685,0.0,2.362011331444759,0.0,0.7601859447634673,0.0,0.0
1.03,1.09,0.9,0.0448770205619223,0,0,0,0,1,0,0,7.359088709677418,150.38414500000002,-0.3071700524497737,-0.3844183111088893,1.8356940509915012,-0.02,-0.4506426032266885,0.0,1.1428571428571428
,,1.0,10.059251216519025,0,0,0,1,0,0,0,0.0,0.0,133.88630905272996,27.975055300748597,0.0,0.0,-0.8837845228329232,1.87687,-1.0952380952380951
7.78,20.0,0.5,6.669751626623347,0,0,0,0,0,1,0,68.37570149193547,6160.5175850000005,0.0,354.4056887911318,3.651558073654391,0.0,0.0,0.0,0.0
0.45312862,,1.0,0.9575697915549338,0,0,0,1,0,0,0,2.1444435483870965,0.0,0.143370047251616,0.0,-0.405099150141643,0.0,-0.105222860267979,0.0,0.0
0.17842836,,1.0,2.6650056691299,0,0,0,1,0,0,0,-0.3387096774193547,0.0,1.2887308442657224,0.805828761388205,-0.9915014164305948,0.0,0.2209461307082308,0.0,0.0
,,1.0,5.951340257832723,0,0,0,1,0,0,0,0.0,0.0,9.839910478681809,5.629803666720821,0.0,0.0,-0.8017500683620454,0.0,0.0
0.14363483,,1.0,2.4732556079787584,0,0,0,1,0,0,0,-0.6532258064516127,0.0,1.1218437785510953,0.6783558493820062,-0.7932011331444759,0.0,0.0360951599671862,0.0,-0.0952380952380952
0.29529893,,1.0,1.3719749256141818,0,0,0,1,0,0,0,0.717741935483871,0.0,0.3253103615462719,0.1809615456715448,-0.8186968838526912,0.0,-0.404703308722997,0.0,0.0
1.309,0.61,1.0,0.1779381529512489,0,0,0,1,0,0,0,9.881093338709675,-2.1752267299999914,-0.2360107099839604,-0.2679430620993039,1.813031161473088,-0.993,0.484550177741318,0.29638,0.7904761904761904
,,0.5,0.5991027348761131,0,0,0,0,0,1,0,0.0,0.0,0.01165607534068,-0.1604659009960383,-0.7393767705382436,0.0,-2.198523379819524,-1.63613,-1.4285714285714286
0.2545923,0.06544412,1.0,0.4244157987531395,0,0,0,1,0,0,0,0.3497743387096773,-175.250555,-0.1382154452478494,-0.1339715310496519,1.0989801699716717,3.58,0.6529942575881871,0.48882,0.8761904761904762
0.614,0.074,1.0,0.1991180833325765,0,0,0,1,0,0,0,3.5986499999999992,-172.531135,-0.219785841136195,-0.2671432320631866,1.368271954674221,-0.927,0.1695378725731474,0.09838,-0.3904761904761904
0.11687057,,1.0,0.0091227784381852,0,0,0,1,0,0,0,-0.8951612903225804,0.0,-0.3422014755999662,-0.4469050326805553,2.93201133144476,0.0,-0.2559474979491386,0.0,2.1904761904761907
0.81,0.17,1.0,3.820014982696943,0,0,0,1,0,0,0,5.370382556451612,-142.01972581,3.070272101596355,1.6076583725958231,0.0,0.0,-0.3522012578616352,-0.31132,1.1428571428571428
,0.017,1.0,9.052750451401412,0,0,0,1,0,0,0,0.0,-190.550555,107.20015787948776,12.478348350975416,-2.155807365439093,0.0,0.0,0.0,0.0
1.36,3.16,0.7,0.193438082954516,0,0,1,0,0,0,0,10.342107862903225,808.2872111199999,-0.295718812147001,0.0,0.0,0.0,1.0314465408805031,0.0,-0.1428571428571428
,,0.5,0.1682722846638421,0,0,0,0,0,1,0,0.0,0.0,-0.2030250063185164,-0.3314295712161165,0.0,0.0,-2.4446267432321576,-1.96453,-0.3333333333333333
,,1.0,0.2051260546837497,0,0,0,1,0,0,0,0.0,0.0,-0.2215776115390796,-0.2554457177849707,0.0,0.0,-0.0010937927262783,0.0917,1.7285714285714289
0.1302527,,1.0,2.5405070395756013,0,0,0,1,0,0,0,-0.7741935483870966,0.0,1.2103424853970282,0.6968519189672194,-1.0169971671388105,0.0,-0.2384468143286847,0.0,-0.0952380952380952
,1.681,1.0,6.260127200783203,0,0,0,1,0,0,0,0.0,338.199445,14.092340154764573,5.395153529874902,0.0,0.0,0.3915777960076566,0.22092,1.3333333333333337
0.15344839,,1.0,0.3448470451061288,0,0,0,1,0,0,0,-0.5645161290322579,0.0,-0.1664949089903495,-0.1759626079458115,1.0538243626062322,0.0,0.8870659010117583,0.0,0.1904761904761905
0.16504623,,1.0,0.5970057713801851,0,0,0,1,0,0,0,-0.4596774193548385,0.0,-0.0625811954114649,-0.0739842783408526,0.4929178470254957,0.0,0.7744052502050861,0.0,0.0
,3.58,0.7,11.382098982204944,0,0,1,0,0,0,0,0.0,941.77514206,326.09208498761546,43.47176225052176,0.0,0.0,0.4495488105004102,0.0,-2.1904761904761902
0.33544531,,1.0,0.0481021781693279,0,0,0,1,0,0,0,1.0806451612903225,0.0,-0.3062255583093662,-0.3769199045202894,2.41643059490085,0.0,0.168444079846869,0.0,0.8571428571428571
1.227,3.33,1.0,0.1226945462395549,0,0,0,1,0,0,0,9.13985429032258,862.31804031,-0.2645533823133941,-0.3019358386342902,2.592067988668555,0.8999999999999999,0.4626743232157506,0.47247,0.4952380952380953
1.177,3.65,1.0,0.3544195660450158,0,0,0,1,0,0,0,8.687879258064516,964.02313055,-0.1711994626104892,-0.1559668570428784,2.3909348441926346,1.44,0.7251845775225595,0.8431099999999999,0.2380952380952381
,,0.7,5.413746077399885,0,0,1,0,0,0,0,0.0,0.0,8.286219509317569,3.710211580039241,0.0,0.0,0.5600218758545256,0.0,0.8095238095238095
0.17307551,,1.0,1.3320810628094948,0,0,0,1,0,0,0,-0.3870967741935483,0.0,0.2461636444743472,0.2304510291563042,0.0623229461756373,0.0,1.0883237626469784,0.0,0.4285714285714286
,0.06450021,0.5,0.1940913041119951,0,0,0,0,0,1,0,0.0,-175.550555,-0.1872523449440983,-0.3194321206743567,0.0,0.0,-2.271807492480175,-1.88094,-0.2857142857142857
0.23106472,,1.0,0.4286645579165195,0,0,0,1,0,0,0,0.1370967741935483,0.0,-0.1246098319608608,-0.1514678130897184,0.7790368271954674,0.0,-0.6639321848509707,0.0,1.6190476190476193
0.19805548,,1.0,1.6080610617500677,0,0,0,1,0,0,0,-0.1612903225806449,0.0,0.4198920111962392,0.3159328642663434,-0.2521246458923513,0.0,0.8050314465408805,0.0,-0.4761904761904761
,7.3,1.0,7.035083370859766,0,0,0,1,0,0,0,0.0,2124.049445,21.754376197143312,7.879325643300798,0.0,0.0,0.9330051955154498,0.0,0.9333333333333332
,,0.5,6.739476262578137,0,0,0,0,0,1,0,0.0,0.0,22.292355907298365,5.5798142894634895,0.0,0.0,-2.0158599945310365,-1.35404,0.4761904761904762
,,1.0,10.35045922079602,0,0,0,1,0,0,0,0.0,0.0,182.4780248086703,27.47516152817526,0.0,0.0,-0.2625540060158599,-0.26206,0.339047619047619
0.23195686,,1.0,1.0718887254597875,0,0,0,1,0,0,0,0.1451612903225807,0.0,0.1637365144241112,0.0779834285214392,-0.2606232294617563,0.0,-0.0689089417555373,0.0,0.1904761904761905
0.24890756,,1.0,1.98018472355333,0,0,0,1,0,0,0,0.2983870967741935,0.0,0.6521263688392357,0.4878963220315682,-0.5722379603399433,0.0,0.5808039376538146,0.0,0.4285714285714286
1.072,1.946,1.0,0.7164933225777284,0,0,0,1,0,0,0,7.738709677419354,422.420445,-0.0073286818101708,-0.0369921391704263,0.263456090651558,0.6299999999999999,-0.0098441345365053,0.0,1.1428571428571428
0.07672419,,1.0,0.073752996200784,0,0,0,1,0,0,0,-1.258064516129032,0.0,-0.2870939106283597,-0.3539247909819163,1.2181303116147308,0.0,-0.0284386108832376,0.0,-0.380952380952381
1.89,0.51,1.0,0.3272685840772579,0,0,0,1,0,0,0,15.133072580645155,-33.957255,-0.240906243487012,0.0,2.631728045325779,0.0,1.0620727372162977,0.63959,-0.2380952380952381
0.1424748,0.0295441,1.0,0.2602266346562937,0,0,0,1,0,0,0,-0.6637096774193547,-186.660555,-0.202548519359163,-0.2157541522426484,1.6090651558073654,11.32,0.3029805851791086,0.0,1.623809523809524
0.24712327,,1.0,2.0678576601950813,0,0,0,1,0,0,0,0.282258064516129,0.0,0.7462745338885438,0.5003936663459014,-0.8101983002832861,0.0,0.1531309816789718,0.0,0.0
0.2497997,,1.0,0.3682121564151192,0,0,0,1,0,0,0,0.3064516129032256,0.0,-0.1486899396739377,-0.1789619705812514,0.1841359773371104,0.0,-0.1946951052775499,0.0,0.0
0.07940062,,1.0,0.8528517774300017,0,0,0,1,0,0,0,-1.233870967741935,0.0,0.0540252148893372,0.0094979816788932,-0.2719546742209632,0.0,0.079846869018321,0.0,0.1904761904761905
,10.904,1.0,11.990375412323452,0,0,0,1,0,0,0,0.0,3269.55039493,487.58399842205074,53.55461964332579,0.0,0.0,0.0,0.0,0.0
0.30422035,,1.0,3.439998486914469,0,0,0,1,0,0,0,0.7983870967741936,0.0,2.294750606919236,1.340215204269093,-1.1303116147308785,0.0,0.3150123051681706,0.0,0.2857142857142857
,,1.0,1.947394760759504,0,0,0,1,0,0,0,0.0,0.0,0.7551584420222244,0.3609233037979428,0.0,0.0,0.0,0.0,0.0
1.55,0.39,1.0,0.1483900322552984,0,0,0,1,0,0,0,12.059637096774193,-72.096855,-0.2539183125678536,-0.2789407250959171,2.518413597733711,-1.1800000000000002,0.3686081487558107,0.0,1.7142857142857146
0.1516641,0.01189321,0.5,0.0671508215515476,0,0,0,0,0,1,0,-0.5806451612903225,-192.270555,-0.3411302492223307,0.0,0.7308781869688386,2.88,-2.3439978124145475,-1.49169,-0.5238095238095238
0.99,1.53,1.0,0.6942054553895506,0,0,0,1,0,0,0,6.997508064516127,290.229345,-0.0247611890438208,-0.0339927765349863,1.5835694050991502,0.0,0.1728192507519825,0.46144,1.3333333333333337
0.08832204,,1.0,0.8989351631673671,0,0,0,1,0,0,0,-1.1532258064516123,0.0,0.0956822611800875,0.0009997875451466,-0.5495750708215298,0.0,-0.463768115942029,0.0,-0.761904761904762
0.29975912,,1.0,0.2527733124827702,0,0,0,1,0,0,0,0.7580645161290321,0.0,-0.2723196187715748,0.0,0.0,0.0,-1.365053322395406,0.0,0.0
0.32563175,,1.0,1.8992037226785825,0,0,0,1,0,0,0,0.9919354838709676,0.0,0.6252869998657666,0.421910344051889,-0.5014164305949008,0.0,0.1706316652994257,0.0,0.380952380952381
0.18824192,,1.0,0.4804737921447413,0,0,0,1,0,0,0,-0.25,0.0,-0.0848357293903379,-0.1559668570428784,-0.3087818696883853,0.0,-0.5293956795187312,0.0,-1.7142857142857142
0.239094,,1.0,0.3864098558652597,0,0,0,1,0,0,0,0.2096774193548388,0.0,-0.1375685526422889,-0.1764625017183848,0.3824362606232294,0.0,0.0426579163248564,0.0,0.0
,,1.0,2.5150186970195607,0,0,0,1,0,0,0,0.0,0.0,1.1942520459893138,0.6758563805191395,0.0,0.0,-1.0303527481542247,-0.5947300000000001,1.6571428571428573
0.09099846,,1.0,0.1153659190934817,0,0,0,1,0,0,0,-1.1290322580645158,0.0,-0.2629394860772333,-0.3189322269017833,1.1274787535410764,0.0,0.484550177741318,0.0,-2.1904761904761902
,,1.0,0.1626450016803433,0,0,0,1,0,0,0,0.0,0.0,-0.307325912670123,0.0,0.0,0.0,-0.1289581624282194,0.0,0.861904761904762
0.12043893,,1.0,0.0904163750701295,0,0,0,1,0,0,0,-0.8629032258064513,0.0,-0.3331893543605019,0.0,0.0,0.0,0.0776592835657642,0.0,0.0
0.21768259,,1.0,2.710609458005372,0,0,0,1,0,0,0,0.0161290322580645,0.0,1.3090986152940949,0.8553182448729643,-0.8838526912181303,0.0,0.4670494941208641,0.0,0.0
,,1.0,0.2248770878710803,0,0,0,1,0,0,0,0.0,0.0,-0.2042528967099232,-0.258944974192984,0.1586402266288951,0.0,-0.7951873120043752,0.0,1.0476190476190477
0.17575193,,1.0,0.4285113399784018,0,0,0,1,0,0,0,-0.3629032258064515,0.0,-0.1294811291996481,-0.1439694065011185,1.1076487252124645,0.0,0.6814328684714247,0.0,-0.380952380952381
0.06869492,,1.0,0.1032225351343675,0,0,0,1,0,0,0,-1.3306451612903225,0.0,-0.2717457162275662,-0.3239311646275166,1.6175637393767706,0.0,0.7306535411539513,0.0,-1.3333333333333333
1.13,4.23,1.0,0.1887595929542771,0,0,0,1,0,0,0,8.263022733870965,1148.36360661,-0.2279891610599127,-0.2670932426859292,1.575070821529745,2.303781,0.1290675417008477,0.20871,0.2857142857142857
0.33849993,,1.0,0.2472997925687937,0,0,0,1,0,0,0,1.108257379032258,0.0,-0.2745367312144858,0.0,-0.4359773371104815,0.0,-2.1668033907574515,0.0,0.0
0.29312909,,1.0,1.2132946217851424,0,0,0,1,0,0,0,0.6981322661290323,0.0,0.3828580806109275,0.0,0.0,0.0,-0.0765654908394859,0.0,0.7142857142857143
0.07324484,0.00239123,1.0,0.328205085086206,0,0,0,1,0,0,0,-1.289516129032258,-195.290555,-0.1633530727419319,-0.2004574028019045,0.546742209631728,6.17,-0.0896910035548263,0.0,0.4285714285714286
0.43714947,,1.0,0.5858261915683786,0,0,0,1,0,0,0,2.0,0.0,-0.0615425998771717,-0.0864816226551858,0.4560906515580736,0.0,0.1104730653541154,0.0,1.0476190476190477
0.07940062,,1.0,1.6349878083983915,0,0,0,1,0,0,0,-1.233870967741935,0.0,0.462428865182803,0.2999362635439969,-0.3342776203966006,0.0,0.4670494941208641,0.0,-1.7142857142857142
0.17396735,,0.5,0.6852425545236495,0,0,0,0,0,1,0,-0.379032258064516,0.0,0.0225557901739371,-0.1010785208143269,-1.0311614730878187,0.0,-1.7435056056877225,0.0,-0.8571428571428573
,,1.0,6.286705479262575,0,0,0,1,0,0,0,0.0,0.0,13.147028272100153,5.979729307522152,0.0,0.0,-0.6201804757998359,0.0,0.3333333333333333
0.27244276,,1.0,0.7212311485783003,0,0,0,1,0,0,0,0.5111336129032258,0.0,-0.0296207445889262,0.0,0.4141643059490086,0.0,0.6300246103363413,0.0,0.0
,,1.0,0.1887467045863892,0,0,0,1,0,0,0,0.0,0.0,-0.2269999755075323,-0.2689428496444505,0.0,0.0,0.3532950505879136,0.0643,1.1904761904761905
1.15,0.43,1.0,0.3913504946265496,0,0,0,1,0,0,0,8.443830645161288,-59.383655000000005,-0.2119470216211974,0.0,0.0,0.0,-0.4123598578069455,0.0,-0.2380952380952381
0.10616487,0.02894644,1.0,1.1628391987600015,0,0,0,1,0,0,0,-0.9919354838709676,-186.850555,0.3306358040331629,0.0,-0.0736543909348441,8.67,0.463768115942029,0.0,0.0
0.1579091,,1.0,1.4272658294891734,0,0,0,1,0,0,0,-0.5241935483870966,0.0,0.3004843300666616,0.2624442306009972,-0.0509915014164305,0.0,0.7820617992890347,0.0,0.8571428571428571
,,1.0,5.099766563752582,0,0,0,1,0,0,0,0.0,0.0,0.0,72.96549483234811,0.0,0.0,-1.512715340442986,0.0,0.0
,,1.0,3.7649966207696126,0,0,0,1,0,0,0,0.0,0.0,12.937468311966716,0.0,0.0,0.0,-0.6365873666940115,0.0,-0.2380952380952381
0.20786903,,1.0,0.1554996969691852,0,0,0,1,0,0,0,-0.0725806451612901,0.0,-0.2411629906200123,-0.2929377507279703,0.6657223796033994,0.0,0.0437517090511348,0.0,-0.9523809523809524
,2.3,1.0,9.99415058743337,0,0,0,1,0,0,0,0.0,534.9547811,132.4128405830417,26.475373983028607,0.0,0.0,0.0,0.0,0.0
0.1900262,,1.0,2.876080818979829,0,0,0,1,0,0,0,-0.2338709677419354,0.0,1.4867593386497726,0.96279540597623,-0.7960339943342776,0.0,0.9133169264424392,0.0,-1.3333333333333333
0.18645763,,1.0,0.1410611075610099,0,0,0,1,0,0,0,-0.2661290322580645,0.0,-0.2035383556934508,-0.3634227726608096,-1.271954674220963,0.0,-2.461033634126333,0.0,-1.7142857142857142
0.232,12.7,1.0,0.3536228911603635,0,0,0,1,0,0,0,0.1451612903225807,3840.249445,-0.1587685622378364,-0.1789619705812514,0.0,0.0,0.670494941208641,0.0,0.1428571428571428
0.18824192,,1.0,0.5748404629331542,0,0,0,1,0,0,0,-0.25,0.0,-0.0709981558206648,-0.0834822600197458,0.8611898016997167,0.0,0.6814328684714247,0.0,-0.380952380952381
0.14006626,,1.0,0.8615703017916697,0,0,0,1,0,0,0,-0.6854838709677417,0.0,0.0572092437109219,0.0134971318594798,-0.0453257790368272,0.0,0.7339349193327864,0.0,-2.2857142857142856
0.12320478,0.01227077,1.0,0.0455697000753385,0,0,0,1,0,0,0,-0.8379032258064514,-192.150555,-0.308085665756838,-0.380019245910244,2.909348441926346,6.869999999999999,0.4670494941208641,0.0,-0.5714285714285715
0.21768259,,1.0,0.6295142069533533,0,0,0,1,0,0,0,0.0161290322580645,0.0,-0.0437256509674077,-0.0694852343876926,0.1643059490084986,0.0,0.5490839485917418,0.0,-0.8571428571428573
0.13203698,,1.0,0.3210064054568139,0,0,0,1,0,0,0,-0.7580645161290321,0.0,-0.1693844876987065,-0.1989577214841846,0.5127478753541076,0.0,0.4298605414273995,0.0,-0.761904761904762
0.12311535,,1.0,0.0374054167878346,0,0,0,1,0,0,0,-0.8387096774193548,0.0,-0.3125145517955393,-0.3954159741055025,1.1104815864022664,0.0,-0.7656549083948592,0.0,1.3333333333333337
1.07,2.9,0.7,0.2289233440854544,0,0,1,0,0,0,0,7.720669354838708,725.656445,-0.2178130633177451,-0.2289513478385842,1.8045325779036827,1.6,0.8236259228876128,0.0,1.5714285714285716
0.23998614,,1.0,4.120356306775206,0,0,0,1,0,0,0,0.2177419354838709,0.0,3.7143586469007066,1.9130934676381264,-1.2889518413597734,0.0,-0.0875034181022696,0.0,1.9047619047619049
0.24266256,,1.0,4.87342333130224,0,0,0,1,0,0,0,0.2419354838709679,0.0,6.619842124540727,2.522963870177587,-1.725212464589235,0.0,-1.2031719989062073,0.0,-0.8571428571428573
0.06405578,0.00171791,0.5,0.0022833214364382,0,0,0,0,0,1,0,-1.37258064516129,-195.504555,-0.3524981665203298,-0.4833972780784084,2.6458923512747874,6.776,-2.2477440525020507,-1.51374,0.0476190476190476
0.15166384,,1.0,0.383822403948456,0,0,0,1,0,0,0,-0.5806451612903225,0.0,-0.2154460180805504,0.0,0.0,0.0,0.0,0.0,0.0
0.09046318,0.01352931,1.0,0.4471485810493047,0,0,0,1,0,0,0,-1.1338709677419352,-191.750555,-0.1019025024310024,-0.1654648387217716,-0.5694050991501416,22.67,-1.1780147662018048,-0.74963,0.0
,2.47,1.0,0.0137043212576398,0,0,0,1,0,0,0,0.0,588.98561029,-0.3586876172572773,0.0,0.0,0.0,0.0,0.0,0.0
0.27745609,,1.0,0.9607352834646944,0,0,0,1,0,0,0,0.5564516129032256,0.0,0.1053627705725356,0.0449904395315995,-0.3286118980169972,0.0,0.1728192507519825,0.0,-0.6666666666666667
0.944,0.76,1.0,0.1453460621082704,0,0,0,1,0,0,0,6.581690322580644,45.50024500000001,-0.2386191912158495,-0.3130834697626754,0.0198300283286118,-0.2119999999999999,-1.2983319660924255,-0.87483,-0.5095238095238095
0.24444685,,1.0,4.396628364220162,0,0,0,1,0,0,0,0.2580645161290324,0.0,4.92560906392251,1.9625829511228865,-1.7223796033994334,0.0,-1.5750615258408531,0.0,0.0
0.94,1.45,1.0,3.5292799795045777,0,0,0,1,0,0,0,6.548387096774192,264.779445,2.474128402375134,1.390704475298999,-0.8498583569405099,0.77,-0.0623461853978671,0.0,1.3809523809523812
0.5486672,,1.0,4.539073205112948,0,0,0,1,0,0,0,3.008064516129032,0.0,4.92599136677728,2.347001262231776,-1.396600566572238,0.0,0.3204812687995624,0.0,-0.8571428571428573
0.11776272,,1.0,0.1450633794499206,0,0,0,1,0,0,0,-0.8870967741935482,0.0,-0.2438861212874968,-0.3044353074971568,0.9688385269121812,0.0,0.3325129887886245,0.0,-3.047619047619048
1.197,3.328,1.0,0.314186220634928,0,0,0,1,0,0,0,8.868548387096773,861.6434449999999,-0.1845001023051833,-0.1804616518989714,2.008498583569405,1.0699999999999998,0.9461307082307904,0.58687,0.0
0.0962621,0.00453075,1.0,0.0244226613002151,0,0,0,1,0,0,0,-1.0814516129032257,-194.610555,-0.3552414229662043,0.0,0.0,0.0,-2.3582171178561664,0.0,-0.5714285714285715
,,0.5,0.8216007277211497,0,0,0,0,0,1,0,0.0,0.0,0.084599313339001,-0.0529887398927727,-0.9671388101983002,0.0,-1.7981952420016407,-1.12679,-0.0476190476190476
0.22392759,,1.0,0.4705905838604182,0,0,0,1,0,0,0,0.0725806451612901,0.0,-0.0982085660931097,-0.1474686629091318,-0.2209631728045325,0.0,-0.4112660650806672,0.0,-0.380952380952381
0.4210902,0.09225057,1.0,0.013210903542565,0,0,0,1,0,0,0,1.8548387096774188,-166.730555,-0.3371056600110912,-0.4349575715160528,3.305949008498584,0.2059999999999999,-0.1465682253213016,-0.14062,1.3809523809523812
0.19983941,,1.0,1.323374156468195,0,0,0,1,0,0,0,-0.1451612903225803,0.0,0.3084191738846416,0.1529674944074383,0.0,0.0,-0.7415914684167351,0.0,0.0
0.14452672,0.01076047,0.9,0.0225689408300603,0,0,0,0,1,0,0,-0.6451612903225804,-192.630555,-0.3234538698594498,-0.4245097916692702,1.0226628895184136,3.17,-1.4306808859721083,0.0,-2.2857142857142856
,,1.0,1.9414182756805245,0,0,0,1,0,0,0,0.0,0.0,0.6569763263253326,0.438906732319382,0.0,0.0,0.0360951599671862,0.162,1.0476190476190477
0.11865486,,1.0,0.6831950169520377,0,0,0,1,0,0,0,-0.8790322580645159,0.0,0.0322210943540903,-0.1129759926015722,-1.178470254957507,0.0,-2.0246103363412637,0.0,-0.4761904761904761
,6.768,1.0,7.601354965905633,0,0,0,1,0,0,0,0.0,1955.01210358,32.576790582418525,9.418998462826648,0.0,0.0,0.0,0.0,0.0
0.11776272,,1.0,0.4112239575083305,0,0,0,1,0,0,0,-0.8870967741935482,0.0,-0.1329915496237653,-0.156966644588025,0.3909348441926346,0.0,0.4495488105004102,0.0,-0.4761904761904761
1.092,17.9,1.0,1.4458160585152025,0,0,0,1,0,0,0,7.919538709677418,5493.106445,0.3274324180925731,0.2504467800592374,0.1133144475920679,15.87,0.7470604320481269,0.0,-1.2857142857142856
,19.9,1.0,13.08839492693925,0,0,0,1,0,0,0,0.0,6128.7347443,883.7180414051794,88.96209555469461,0.0,0.0,0.2078206179928903,0.0,0.9523809523809524
1.464,0.139,0.7,0.3522416800701556,0,0,1,0,0,0,0,11.282215919354837,-151.87240643,-0.1585120313772637,-0.1809615456715448,1.254957507082153,-1.271,0.5479901558654635,0.30103,-0.1904761904761904
0.26228968,,1.0,0.4913045328299305,0,0,0,1,0,0,0,0.4193548387096774,0.0,-0.1033632746777622,-0.1189747178724521,0.1898016997167138,0.0,0.0853158326497128,0.0,2.1904761904761907
0.20608475,,1.0,0.1513302643140701,0,0,0,1,0,0,0,-0.0887096774193547,0.0,-0.2350571628860189,-0.3099341389954634,-0.065155807365439,0.0,-1.158326497128794,0.0,-1.0476190476190477
0.14720339,,1.0,0.1823780085338585,0,0,0,1,0,0,0,-0.6209677419354838,0.0,-0.2265619297033658,-0.2789407250959171,0.8838526912181303,0.0,-0.0251572327044025,0.0,0.0
,,1.0,0.9067089730899563,0,0,0,1,0,0,0,0.0,0.0,0.068522135147514,0.0409912893510129,0.0,0.0,0.4375170905113481,0.2337,0.1904761904761905
,11.3,0.9,11.410380980571883,0,0,0,0,1,0,0,0.0,3395.4104441000004,335.4567957060784,43.47176225052176,0.0,0.0,0.0,0.0,0.0
,,0.5,5.41019222770752,0,0,0,0,0,1,0,0.0,0.0,12.397196539747702,2.3375032805528826,0.0,0.0,-2.5124418922614167,-2.45265,-0.4761904761904761
0.19627119,,1.0,0.6490992278105864,0,0,0,1,0,0,0,-0.1774193548387094,0.0,-0.0413010363347899,-0.0539885274379194,0.2521246458923513,0.0,0.6683073557560842,0.0,0.0
1.07,2.98,1.0,2.888214095705254,0,0,0,1,0,0,0,7.720652701612901,751.07809786,1.4113152350078395,1.0457777722234023,-0.348441926345609,0.0,0.4407984686901832,0.0,0.8095238095238095
1.07057014,0.26838381,0.5,0.1241803538661564,0,0,0,0,0,1,0,7.725806451612902,-110.750555,-0.2504427606290406,-0.3266805803766699,-0.1473087818696883,-1.06,-1.820071096527208,-1.03361,0.0
0.58881358,0.10068326,1.0,0.40079516286809,0,0,0,1,0,0,0,3.370967741935483,-164.050555,-0.1419028819526036,-0.1539672819525851,1.045325779036827,-0.7300000000000001,0.2526661197703035,0.0,1.0476190476190477
,,0.9,8.852117087118923,0,0,0,0,1,0,0,0.0,0.0,73.21215184534614,15.02780659109939,0.0,0.0,-0.7262783702488378,-0.48177,0.4761904761904762
0.06780278,,1.0,0.2280377874399989,0,0,0,1,0,0,0,-1.3387096774193543,0.0,-0.2116550924815463,-0.2419485859254908,0.6855524079320113,0.0,0.1312551271534044,0.0,1.4285714285714288
,3.59,1.0,3.6148202194879056,0,0,0,1,0,0,0,0.0,944.95342613,0.0,15.77764724995938,0.0,0.0,0.0,0.0,0.0
0.14898768,,1.0,1.1316511203438873,0,0,0,1,0,0,0,-0.6048387096774193,0.0,0.1890233230696885,0.1039779046952522,-0.1303116147308781,0.0,0.6869018321028165,0.0,-2.6666666666666665
0.26198044,,1.0,1.09295232084867,0,0,0,1,0,0,0,0.4165594112903227,0.0,0.2625190565984391,0.0,-1.0630878186968835,0.0,-1.5116215477167076,0.0,0.0
,0.06,1.0,3.4671255505418843,0,0,0,1,0,0,0,0.0,-176.050555,0.0,13.478135896122073,0.0,0.0,0.0,0.0,0.0
,,1.0,7.989316351747863,0,0,0,1,0,0,0,0.0,0.0,40.37017684318428,11.328592674056765,0.0,0.0,-0.0098441345365053,0.0,2.666666666666667
0.10527273,,1.0,0.0362514269599164,0,0,0,1,0,0,0,-0.9999999999999998,0.0,-0.3126743596998688,-0.3989152305135159,1.2152974504249292,0.0,-0.5086136177194421,0.0,-0.8571428571428573
0.30600463,,1.0,3.994553160606022,0,0,0,1,0,0,0,0.8145161290322581,0.0,3.454310833199551,1.7666245922741417,-1.246458923512748,0.0,0.1761006289308176,0.0,-0.1904761904761904
,11.0,0.9,11.798471675091127,0,0,0,0,1,0,0,0.0,3300.0619220000003,0.0,59986.73381906344,0.0,0.0,0.0,0.0,-2.9047619047619047
0.0811849,,1.0,0.1185092913648512,0,0,0,1,0,0,0,-1.2177419354838706,0.0,-0.2665595983704203,-0.3054350950423035,1.9490084985835692,0.0,0.992070002734482,0.0,-0.2857142857142857
0.23998614,,1.0,0.1323122437389363,0,0,0,1,0,0,0,0.2177419354838709,0.0,-0.257765789657518,-0.2989364759988502,2.7422096317280453,0.0,0.2209461307082308,0.0,-1.4285714285714286
0.18378121,,1.0,0.5445456791214114,0,0,0,1,0,0,0,-0.2903225806451611,0.0,-0.0740069751613937,-0.1089768424209855,0.2521246458923513,0.0,0.257041290675417,0.0,-0.380952380952381
1.364,1.249,1.0,0.0305488021068145,0,0,0,1,0,0,0,10.37828709677419,200.919115,-0.3192217003748253,-0.4030143594486171,2.441926345609065,-0.7180000000000001,-0.0404703308722997,0.0,-0.0476190476190476
,,0.5,5.074314696296814,0,0,0,0,0,1,0,0.0,0.0,7.554396836039087,2.7654123498756515,0.0,0.0,-1.837571780147662,-1.05313,-0.1904761904761904
1.31,15.0,0.9,9.821633472016057,0,0,0,0,1,0,0,9.890132838709675,4571.37555,0.0,8307.715610432782,1.3937677053824362,0.0,-0.6387749521465682,0.38282,0.0
0.07940062,,1.0,0.3528769664103552,0,0,0,1,0,0,0,-1.233870967741935,0.0,-0.1511793551577903,-0.191959208668158,0.1444759206798866,0.0,-0.0371889526934645,0.0,-0.5714285714285715
0.07404777,,1.0,0.1040135814121332,0,0,0,1,0,0,0,-1.2822580645161288,0.0,-0.2683379628297302,-0.3294299961258232,1.71671388101983,0.0,0.168444079846869,0.0,-1.0476190476190477
0.11330201,,1.0,0.4159583949136065,0,0,0,1,0,0,0,-0.9274193548387094,0.0,-0.1357191473564937,-0.1474686629091318,0.5439093484419264,0.0,0.5808039376538146,0.0,0.4285714285714286
0.16950694,,1.0,0.4138248878762893,0,0,0,1,0,0,0,-0.4193548387096774,0.0,-0.1225792522664071,-0.1699638826749315,0.0764872521246459,0.0,0.1717254580257041,0.0,-2.1904761904761902
0.09010616,,1.0,0.3278702741678017,0,0,0,1,0,0,0,-1.137096774193548,0.0,-0.108943127704098,-0.2689428496444505,0.0,0.0,-2.424424391577796,0.0,0.0
0.16326195,,1.0,1.6227090109708908,0,0,0,1,0,0,0,-0.475806451612903,0.0,0.5734025146249283,0.1919592086681579,-1.453257790368272,0.0,-1.9928903472791903,0.0,-1.142857142857143
0.23374115,0.07393927,0.9,2.0477439368986685,0,0,0,0,1,0,0,0.1612903225806452,-172.550555,0.7822095222197928,0.4459052451354087,-0.9688385269121812,5.87,-0.7744052502050861,0.0,-0.3333333333333333
,21.0,0.5,11.121861066064644,0,0,0,0,0,1,0,0.0,6478.3459920000005,0.0,30493.001237237087,0.0,0.0,0.0,0.0,-4.428571428571429
1.281,0.662,1.0,0.1377059468728464,0,0,0,1,0,0,0,9.628225806451612,14.344445000000007,-0.2539157585558395,-0.2974367946811302,1.5580736543909348,-0.94,0.0743779053869291,0.07187,1.1904761904761905
0.25515255,,1.0,0.8920803796757049,0,0,0,1,0,0,0,0.3548387096774192,0.0,0.0707918816952188,0.024494794856093,-0.0141643059490084,0.0,0.2428219852337982,0.0,0.0
0.22660401,,1.0,0.5108475463842683,0,0,0,1,0,0,0,0.0967741935483871,0.0,-0.0707999939904817,-0.1454690878188385,-0.5297450424929179,0.0,-1.0784796281104732,0.0,0.0
0.10438059,,1.0,0.1520286953323434,0,0,0,1,0,0,0,-1.008064516129032,0.0,-0.2400126143622592,-0.3004361573165702,0.2719546742209632,0.0,-0.6278370248837846,0.0,-0.1904761904761904
,9.277,1.0,0.4582346456457367,0,0,0,1,0,0,0,0.0,2752.44357674,-0.1796754426355238,0.0,0.0,0.0,0.0,0.0,0.0
1.865,1.183,0.7,0.031919222721967,0,0,1,0,0,0,0,14.907084677419354,179.942335,-0.321294573853358,-0.3917167601884599,4.38243626062323,-1.0870000000000002,0.9647251845775224,0.54538,0.7142857142857143
0.09099846,,1.0,0.5162609269320402,0,0,0,1,0,0,0,-1.1290322580645158,0.0,-0.0861118673607536,-0.1194746116450254,0.4844192634560906,0.0,0.3565764287667487,0.0,-0.6666666666666667
,,1.0,2.0629411559772133,0,0,0,1,0,0,0,0.0,0.0,0.991895709485465,0.3109339265406101,0.0,0.0,-2.504785343177468,-1.84221,0.0
,1.07,1.0,3.0371767204065923,0,0,0,1,0,0,0,0.0,144.02584048999998,0.0,8.429208793131458,0.0,0.0,0.0,0.0,0.0
1.211,1.44,1.0,0.1810876200437049,0,0,0,1,0,0,0,8.995222282258062,261.62235108000004,-0.2385613919593452,-0.2578452078933226,2.15014164305949,-0.32,0.6836204539239814,0.4662,0.9619047619047618
0.19743098,,1.0,0.9954330626377192,0,0,0,1,0,0,0,-0.1669354838709676,0.0,0.1750850120625546,0.0,0.0,0.0,0.2318840579710145,0.0,-1.295238095238095
0.07940062,,1.0,0.0526472233727887,0,0,0,1,0,0,0,-1.233870967741935,0.0,-0.3002725870156435,-0.3779196920654361,1.2322946175637397,0.0,-0.5403336067815149,0.0,0.9523809523809524
,0.1,1.0,2.942408524767321,0,0,0,1,0,0,0,0.0,-164.2677143,0.0,7.579389379756801,0.0,0.0,0.0,0.0,0.0
0.17485979,,1.0,0.922977728046365,0,0,0,1,0,0,0,-0.3709677419354837,0.0,0.0872301559283861,0.0324930952172662,-0.2436260623229461,0.0,0.2592288761279737,0.0,-0.761904761904762
1.09,1.22,1.0,0.165125371444878,0,0,0,1,0,0,0,7.9014596774193535,191.702045,-0.2440354648479608,-0.2719422122798905,2.2067988668555243,-0.1300000000000001,0.7601859447634673,0.0,-0.3333333333333333
,,1.0,0.426083350412395,0,0,0,1,0,0,0,0.0,0.0,-0.1954579271330731,0.0,0.0,0.0,0.1618813234891988,0.0,0.0
0.11597823,,1.0,0.707661751187576,0,0,0,1,0,0,0,-0.9032258064516128,0.0,-0.0383660508618898,0.0,0.0,0.0,-0.9647251845775224,-0.63051,0.761904761904762
0.17157492,,1.0,0.4245772117797989,0,0,0,1,0,0,0,-0.4006612903225806,0.0,-0.1961848939091504,0.0,-0.4759206798866855,0.0,-1.509433962264151,0.0,0.0
0.99,0.222,1.0,0.2265442825871434,0,0,0,1,0,0,0,6.997492653225804,-125.49264865,-0.2113944382013206,-0.2444480547883575,1.13314447592068,-1.05,0.1235985780694558,0.05625,0.4285714285714286
,,0.9,4.942863890599166,0,0,0,0,1,0,0,0.0,0.0,6.250868396521575,2.925378357099116,0.0,0.0,0.0251572327044025,0.0,1.761904761904762
0.62093068,,1.0,0.2456146201330342,0,0,0,1,0,0,0,3.661290322580645,0.0,-0.1990821140249912,-0.2409487983803442,0.5297450424929179,0.0,0.3150123051681706,0.0,-1.523809523809524
0.1409584,,1.0,2.9569053518803865,0,0,0,1,0,0,0,-0.6774193548387094,0.0,1.6955312943943674,0.9313020983041104,-1.2294617563739376,0.0,-0.6890894175553732,0.0,1.809523809523809
0.15344839,,1.0,0.9544368012137922,0,0,0,1,0,0,0,-0.5645161290322579,0.0,0.1010106191699238,0.0444905457590261,-0.0198300283286118,0.0,0.3598578069455838,0.0,-0.6666666666666667
0.388,0.211,1.0,3.200422142216954,0,0,0,1,0,0,0,1.5540322580645165,-129.050555,1.8066255419917376,1.2572328380219202,0.0,1.87,-0.9592562209461308,0.0,-0.8571428571428573
,,0.5,0.8173199803448232,0,0,0,0,0,1,0,0.0,0.0,0.1021499600001763,-0.0739842783408526,0.0,0.0,-2.243368881596937,-1.51113,-0.3333333333333333
,0.94,1.0,3.6586203717832655,0,0,0,1,0,0,0,0.0,102.70814757999996,0.0,16.527487908819374,0.0,0.0,0.0,0.0,0.0
0.16058552,,1.0,0.4289094752976296,0,0,0,1,0,0,0,-0.4999999999999998,0.0,-0.1228080730789389,-0.1539672819525851,0.2124645892351274,0.0,0.24829094886519,0.0,0.0
0.12489985,,1.0,1.435816178051865,0,0,0,1,0,0,0,-0.8225806451612901,0.0,0.3287843712547534,0.2389492232900509,-0.2946175637393767,0.0,0.5567404976756904,0.0,-0.2857142857142857
0.08653775,,1.0,0.0373374842835075,0,0,0,1,0,0,0,-1.1693548387096773,0.0,-0.3145703852988387,-0.3904170363797692,2.8640226628895182,0.0,0.3500136724090785,0.0,0.1904761904761905
0.1409584,,1.0,0.1964918330882245,0,0,0,1,0,0,0,-0.6774193548387094,0.0,-0.2291515597070911,-0.2534461426946773,1.5099150141643058,0.0,1.0041017227235438,0.0,-0.380952380952381
1.10795061,5.55960374,1.0,0.7603314628015697,0,0,0,1,0,0,0,8.063707249999998,1570.949445,-0.0270526944641361,0.0359923516252796,1.564957507082153,3.73,0.6814328684714247,1.03351,1.4523809523809523
0.16326195,,1.0,0.166350712431828,0,0,0,1,0,0,0,-0.475806451612903,0.0,-0.2395779280334599,-0.2789407250959171,1.1274787535410764,0.0,0.573147388569866,0.0,0.0
0.3202789,,1.0,1.1171098035316505,0,0,0,1,0,0,0,0.943548387096774,0.0,0.1776939746274771,0.1034780109226789,-0.1388101983002833,0.0,0.3347005742411812,0.0,-0.6666666666666667
0.33633745,,1.0,0.8069880516417034,0,0,0,1,0,0,0,1.0887096774193548,0.0,0.0393340345127412,-0.0139970256320531,0.4220963172804532,0.0,-0.5917418649165983,0.0,0.0
0.2194665,,1.0,0.2706210829297812,0,0,0,1,0,0,0,0.032258064516129,0.0,-0.1860657116698427,-0.2314508167014509,0.2181303116147308,0.0,-0.3215750615258408,0.0,0.7333333333333334
0.22035902,,1.0,0.1165390808076717,0,0,0,1,0,0,0,0.0403225806451615,0.0,-0.2589999641954856,-0.32443105840009,0.5580736543909348,0.0,-0.2854799015586546,0.0,-1.7142857142857142
0.12489985,,1.0,0.0903483216343964,0,0,0,1,0,0,0,-0.8225806451612901,0.0,-0.2767980613859298,-0.3394278715772898,0.8895184135977338,0.0,-0.1936013125512715,0.0,-0.1904761904761904
0.17842836,,1.0,0.9744123468717856,0,0,0,1,0,0,0,-0.3387096774193547,0.0,0.1175147292840666,0.0429908644413062,-0.546742209631728,0.0,-0.7109652720809406,0.0,0.4285714285714286
1.08805612,,1.0,0.7729615790159926,0,0,0,1,0,0,0,7.883870967741934,0.0,0.0048289458257191,0.0,0.8781869688385269,0.0,0.4806125239267155,0.0,0.0
0.08734068,0.00409026,1.0,0.6233794547509055,0,0,0,1,0,0,0,-1.162096774193548,-194.750555,-0.0485358647521904,-0.0685854255970606,0.6827195467422096,6.17,0.2953240360951599,0.0,0.6190476190476191
0.92,0.104,1.0,0.2763213814881891,0,0,0,1,0,0,0,6.364727612903225,-162.99640067,-0.1976213717715007,-0.2039566592099179,2.0141643059490084,-1.1700000000000002,0.7908121410992617,0.0,0.0
0.15523267,,1.0,5.1550076672831615,0,0,0,1,0,0,0,-0.5483870967741934,0.0,7.576240842383495,3.0333554119749557,-1.4872521246458923,0.0,0.0656275635767022,0.0,-1.3333333333333333
1.0,0.3,1.0,1.9525752648830728,0,0,0,1,0,0,0,7.087887661290321,-100.7020329,0.6220105921021934,0.485896746941275,0.263456090651558,0.0,0.7022149302707137,0.3886,0.5714285714285715
,,0.5,7.2068638941302225,0,0,0,0,0,1,0,0.0,0.0,21.37454876940146,9.628953847307445,0.0,0.0,-1.9414820891441071,3.25085,-0.0476190476190476
0.13114484,,1.0,0.10766109499465,0,0,0,1,0,0,0,-0.7661290322580644,0.0,-0.2624460931955336,-0.3339290400789831,0.1133144475920679,0.0,-1.0544161881323488,0.0,0.0
,,0.7,0.3068165353993997,0,0,1,0,0,0,0,0.0,0.0,-0.1824259171122751,-0.1934588899858779,1.424929178470255,0.0,0.6770576975663112,0.0,0.0
,,1.0,11.26128595814273,0,0,0,1,0,0,0,0.0,0.0,281.8847565225918,44.57152855018308,0.0,0.0,0.5709598031173093,0.0,1.9047619047619049
0.07404777,,1.0,0.0568300634379661,0,0,0,1,0,0,0,-1.2822580645161288,0.0,-0.298788039110863,-0.3699213917042628,1.8045325779036827,0.0,0.1629751162154771,0.0,-0.380952380952381
0.995,0.64,1.0,0.5207965883864791,0,0,0,1,0,0,0,7.042690161290321,7.359625480000005,-0.1010260178977443,-0.0919804541534923,1.2691218130311614,-0.53,0.573147388569866,0.51117,0.9571428571428572
0.61200926,,1.0,4.979416296730214,0,0,0,1,0,0,0,3.580645161290322,0.0,6.532893879803588,2.908381968831623,-1.3314447592067988,0.0,0.7229969920700028,0.0,-1.809523809523809
0.18756258,,1.0,0.3602612840511932,0,0,0,1,0,0,0,-0.2561408225806452,0.0,-0.2262283494361832,0.0,-0.9016430594900848,0.0,-2.3352474706043207,0.0,0.0
0.24707713,0.02391227,1.0,0.350101999390187,0,0,0,1,0,0,0,0.2818409435483873,-188.450555,-0.1581660773524528,-0.1839609083069847,0.4373654390934843,0.5999999999999999,0.2493847415914684,0.0,0.4523809523809524
1.616,0.975,1.0,0.0606237182983796,0,0,0,1,0,0,0,12.656220008064514,113.83214181999998,-0.2987875803710128,-0.3596735693665095,3.0651558073654392,-1.043,0.7689362865736943,0.36333,-0.4047619047619047
0.928,0.96,1.0,3.716147747763721,0,0,0,1,0,0,0,6.43704362096774,109.06471572,2.8556165600573,1.520676856168064,-0.8810198300283286,0.0,-0.1334427126059611,0.0,-0.0476190476190476
1.41168567,,1.0,2.4731011838138843,0,0,0,1,0,0,0,10.809320548387095,0.0,3.0624874631125905,0.0,-0.7053541076487252,0.0,0.5887448728465958,0.0,0.0
,,1.0,6.4988682427504525,0,0,0,1,0,0,0,0.0,0.0,15.944653739881518,6.139695314745617,0.0,0.0,0.1706316652994257,0.0,0.0
,0.03819671,1.0,3.4065051047122674,0,0,0,1,0,0,0,0.0,-183.910555,0.0,12.628316482747412,0.0,0.0,0.0,0.0,0.0
0.08097753,,1.0,0.0033227860049799,0,0,0,1,0,0,0,-1.218821209677419,0.0,-0.349961099393605,-0.4772368221752877,1.5635410764872524,0.0,-2.050861361771944,0.0,0.0
,0.066,1.0,3.1897919487074096,0,0,0,1,0,0,0,0.0,-175.050555,0.0,9.978879488108776,0.0,0.0,0.0,0.0,0.0
0.09456703,,1.0,3.952813297436282,0,0,0,1,0,0,0,-1.0967741935483868,0.0,3.8918705892334393,1.4461926840546384,-1.7903682719546743,0.0,-1.9863275909215203,0.0,-0.9047619047619048
1.1,1.16,0.9,0.0465008323718043,0,0,0,0,1,0,0,7.991837717741935,172.63039711999997,-0.303325164178723,-0.3884174612894759,1.0623229461756374,-0.2299999999999999,-0.9176920973475526,-0.5581600000000001,0.4761904761904762
0.26318183,,1.0,0.9986950149858664,0,0,0,1,0,0,0,0.4274193548387098,0.0,0.1251935333976304,0.0559881025282127,-0.3059490084985836,0.0,-0.050314465408805,0.0,0.0
0.09688643,0.00267439,1.0,0.0166464505307854,0,0,0,1,0,0,0,-1.075806451612903,-195.200555,-0.3135688410787844,-0.4633515377982179,-1.1640226628895185,2.27,-3.3010664479081213,-3.2538,0.2857142857142857
1.25,5.89,1.0,3.770626815116981,0,0,0,1,0,0,0,9.347762798387096,1675.95876223,2.9748745138697363,1.5606683579739304,-1.0878186968838528,2.4,-0.0350013672409078,0.0,-0.1904761904761904
0.11240986,,1.0,0.7647790568065237,0,0,0,1,0,0,0,-0.9354838709677415,0.0,0.0732337476966796,-0.0879813039729057,-1.226628895184136,0.0,-1.997265518184304,0.0,-1.0476190476190477
,,0.9,1.5670209174098926,0,0,0,0,1,0,0,0.0,0.0,0.4375768711887568,0.2564455053301173,-0.8838526912181303,0.0,-0.5490839485917418,0.0,-0.6190476190476191
0.15880124,,1.0,1.8663116360460517,0,0,0,1,0,0,0,-0.5161290322580644,0.0,0.5937789362229673,0.415911618781009,-0.6345609065155807,0.0,0.4287667487011211,0.0,0.0
0.13649769,,1.0,0.7853531097519083,0,0,0,1,0,0,0,-0.7177419354838708,0.0,0.0133490018768062,0.0,0.8328611898016998,0.0,0.4987694831829368,0.0,-0.380952380952381
,,0.7,0.3451254040321483,0,0,1,0,0,0,0,0.0,0.0,-0.1702419700551421,-0.1689640951297848,0.0,0.0,0.9975389663658736,0.57087,1.4285714285714288
,68.0,1.0,2.3959469369331905,0,0,0,1,0,0,0,0.0,21416.281121,0.0,3.980154217228839,0.0,0.0,0.0,0.0,0.0
,2.74,1.0,3.859800358210213,0,0,0,1,0,0,0,0.0,674.949445,0.0,20.426659334891337,0.0,0.0,0.0,0.0,0.0
0.09472825,,1.0,0.2302334876516051,0,0,0,1,0,0,0,-1.0953153709677417,0.0,-0.2813722390450346,0.0,0.0,0.0,-1.1473885698660105,0.0,-1.0476190476190477
0.37737597,,1.0,3.220383086020387,0,0,0,1,0,0,0,1.459677419354839,0.0,2.0520704089003248,1.110264068885362,-1.2351274787535411,0.0,-0.5993984140005469,0.0,2.380952380952381
0.18734977,0.0286318,1.0,5.465396120303842,0,0,0,1,0,0,0,-0.2580645161290321,-186.950555,9.12818807641696,3.54024769736431,-1.5070821529745042,3.87,0.020782061799289,0.0,-1.119047619047619
0.13828174,,1.0,1.127774682220661,0,0,0,1,0,0,0,-0.7016129032258063,0.0,0.1934634533100007,0.0954797105615056,-0.6543909348441926,0.0,-0.3904840032813781,0.0,-0.2380952380952381
1.116,1.037,1.0,0.5516116151088593,0,0,0,1,0,0,0,8.13646972580645,133.53750305999998,-0.0940561780499326,-0.0709849157054126,1.56657223796034,-0.41,0.7579983593109105,0.6924499999999999,0.680952380952381
0.46926658,,1.0,2.785364175461192,0,0,0,1,0,0,0,2.2903225806451606,0.0,1.4823715689301242,0.8298236624717246,-1.1104815864022664,0.0,-0.1432868471424665,0.0,-0.8571428571428573
,,0.9,9.618890383539592,0,0,0,0,1,0,0,0.0,0.0,103.89958850738611,23.10109101815864,0.0,0.0,-0.7426852611430134,1.14513,0.0476190476190476
0.12489985,,1.0,0.0432966982556336,0,0,0,1,0,0,0,-0.8225806451612901,0.0,-0.3116632962513691,-0.3779196920654361,2.736543909348442,0.0,0.8378452283292316,0.0,0.4285714285714286
0.14095816,,1.0,0.8252522752549962,0,0,0,1,0,0,0,-0.6774193548387094,0.0,0.0510860915895368,-0.0119974505417598,0.0,0.0,-0.3981405523653267,0.0,0.0
,0.47,0.5,2.9306450194900417,0,0,0,0,0,1,0,0.0,-46.050555,0.0,7.479410625242135,0.0,0.0,0.0,0.0,0.0
,12.8,1.0,13.086323679453214,0,0,0,1,0,0,0,0.0,3872.1530546,867.3461695197548,90.4617768724146,0.0,0.0,0.5972108285479901,0.0,1.523809523809524
0.11883308,0.0082434,0.5,0.0092628721124979,0,0,0,0,0,1,0,-0.8774193548387094,-193.430555,-0.3378785433390583,-0.4583526000724846,0.2294617563739376,4.77,-2.45665846322122,0.0,1.4285714285714288
0.02763855,0.00248562,1.0,0.8595507736223945,0,0,0,1,0,0,0,-1.7017741935483868,-195.260555,0.0746458701075383,-0.0094979816788932,-0.263456090651558,138.67,-0.2406343997812414,0.0,-1.619047619047619
0.14185054,,1.0,1.7012776011447803,0,0,0,1,0,0,0,-0.6693548387096772,0.0,0.5139645381974367,0.3174325455840633,-0.8158640226628895,0.0,-0.366420563303254,0.0,0.761904761904762
,,0.9,7.452065967705256,0,0,0,0,1,0,0,0.0,0.0,26.493378233098337,9.978879488108776,0.0,0.0,-1.6494394312277822,3.0416800000000004,-0.8571428571428573
0.40681665,,1.0,0.3588939102960323,0,0,0,1,0,0,0,1.7258064516129026,0.0,-0.1475382067773927,-0.1909594211230113,0.1983002832861189,0.0,-0.425485370522286,0.0,1.6190476190476193
,,0.9,0.8732187914561952,0,0,0,0,1,0,0,0.0,0.0,0.0917865650967025,-0.0169963882674931,0.0,0.0,-0.3511074651353568,-0.28293,-0.4285714285714285
0.71371342,,1.0,3.743945516902209,0,0,0,1,0,0,0,4.499999999999999,0.0,2.869379410439063,1.570666233425397,-1.226628895184136,0.0,0.316106097894449,0.0,0.0
0.08832204,,1.0,0.0167119273727304,0,0,0,1,0,0,0,-1.1532258064516123,0.0,-0.3313272398197682,-0.4319082195033555,2.86685552407932,0.0,0.3029805851791086,0.0,-3.523809523809524
,1.09,1.0,3.8783185781359695,0,0,0,1,0,0,0,0.0,150.38240863,0.0,20.82657435295,0.0,0.0,0.0,0.0,0.0
,,0.9,6.798088616277993,0,0,0,0,1,0,0,0.0,0.0,19.99112559508308,6.67958058912481,0.0,0.0,-0.0360951599671862,0.0,0.9047619047619048
0.13738983,,1.0,0.0864781832004154,0,0,0,1,0,0,0,-0.7096774193548385,0.0,-0.2785357467533973,-0.3439269155304497,1.1161473087818696,0.0,-0.1421930544161881,0.0,0.0
,,1.0,7.439958759307222,0,0,0,1,0,0,0,0.0,0.0,30.939978637179674,8.379219415874127,0.0,0.0,0.2231337161607875,0.31487,-2.428571428571429
2.04746539,,1.0,0.0083955005218004,0,0,0,1,0,0,0,16.556451612903224,0.0,-0.3416406158059264,-0.4544034392691553,1.773371104815864,0.0,-1.1233251298878864,0.0,-0.761904761904762
,,0.7,5.790724863155068,0,0,1,0,0,0,0,0.0,0.0,10.394916608160266,4.445055425722034,0.0,0.0,0.4976756904566584,0.35687,1.238095238095238
0.15701695,,1.0,0.3068588716054331,0,0,0,1,0,0,0,-0.5322580645161289,0.0,-0.1763755281382976,-0.2039566592099179,0.5184135977337111,0.0,0.3904840032813781,0.0,0.0
0.13738983,,1.0,3.663385346193059,0,0,0,1,0,0,0,-0.7096774193548385,0.0,2.628152540213047,1.5601684642013571,-1.065155807365439,0.0,0.6453377085042384,0.0,0.4285714285714286
0.3060041,0.03240726,1.0,1.932304797430018,0,0,0,1,0,0,0,0.8145161290322581,-185.750555,0.6754405234377145,0.4119124686004224,-0.7762039660056658,0.0499999999999998,-0.3303254033360678,0.0,0.0
,0.03398043,0.9,1.9258254242819528,0,0,0,0,1,0,0,0.0,-185.250555,0.6687060521688765,0.4109126810552757,-0.8725212464589235,0.0,0.0,0.0,0.0
0.3800524,0.06324167,1.0,0.1701454485241586,0,0,0,1,0,0,0,1.483870967741935,-175.950555,-0.2390971418205494,-0.2739417873701838,1.7960339943342776,0.0899999999999998,0.7262783702488378,0.0,0.1428571428571428
0.14006626,,1.0,0.5136901184178247,0,0,0,1,0,0,0,-0.6854838709677417,0.0,-0.080447728827296,-0.1299723808690653,-0.1983002832861189,0.0,-0.2439157779600765,0.0,-0.761904761904762
,,1.0,6.67572233382201,0,0,0,1,0,0,0,0.0,0.0,16.696450096860218,7.079495607183473,0.0,0.0,-0.7437790538692918,1.10242,1.4285714285714288
,,0.9,4.451345154798227,0,0,0,0,1,0,0,0.0,0.0,4.842920158118825,2.1455440718847245,0.0,0.0,-0.7251845775225595,0.0,0.0
0.11419395,,1.0,0.3127308689182168,0,0,0,1,0,0,0,-0.9193548387096772,0.0,-0.1697609644591483,-0.2079558093905045,0.3881019830028329,0.0,-0.0809406617445994,0.0,0.4285714285714286
0.40235525,,1.0,0.3077091350016613,0,0,0,1,0,0,0,1.6854838709677415,0.0,-0.2493819943058401,0.0,0.3634560906515579,0.0,-1.8992616899097623,0.0,0.0
0.22660401,,1.0,1.1317951277581533,0,0,0,1,0,0,0,0.0967741935483871,0.0,0.1895841955683009,0.1034780109226789,-0.4787535410764872,0.0,-0.0875034181022696,0.0,0.0
,,1.0,0.4213066155501634,0,0,0,1,0,0,0,0.0,0.0,-0.0804023053961874,-0.2154542159791044,0.0,0.0,0.0,0.0,0.0
0.24087828,,1.0,0.3918963582390716,0,0,0,1,0,0,0,0.2258064516129033,0.0,-0.1320119465279994,-0.1789619705812514,0.1501416430594901,0.0,-0.1421930544161881,0.0,0.0
,,1.0,3.780771982212395,0,0,0,1,0,0,0,0.0,0.0,2.9617593347397606,1.59066198432833,0.0,0.0,-1.3967733114574787,1.93687,-0.2380952380952381
0.05174422,,1.0,0.592116814828625,0,0,0,1,0,0,0,-1.483870967741935,0.0,-0.0576043575554431,-0.0859817288826124,0.0396600566572237,0.0,0.2504785343177468,0.0,-0.0952380952380952
0.21054546,,1.0,1.1182302665042283,0,0,0,1,0,0,0,-0.0483870967741935,0.0,0.1633734311646215,0.1214741867353186,-0.2492917847025495,0.0,0.4156412359857807,0.0,0.4285714285714286
0.24533899,,1.0,0.8438376563324572,0,0,0,1,0,0,0,0.2661290322580645,0.0,0.0530134286226938,0.0024994688628666,-0.3229461756373937,0.0,-0.0043751709051134,0.0,-0.0952380952380952
0.85,0.21,0.7,3.5060491079085976,0,0,1,0,0,0,0,5.7319625725806445,-129.30658953,2.269196410242526,1.4906832298136643,-0.6005665722379604,-0.9200000000000002,0.9001914137270988,0.5671999999999999,1.0476190476190477
,,0.9,1.7881069736464803,0,0,0,0,1,0,0,0.0,0.0,0.5578773858028572,0.3659222415236761,0.0,0.0,-0.1279737489745693,0.0,1.2857142857142858
0.14006626,,1.0,1.0841002565365965,0,0,0,1,0,0,0,-0.6854838709677417,0.0,0.1785677630408731,0.0724845970231325,-0.6827195467422096,0.0,-0.561115668580804,0.0,0.0
0.16683051,,1.0,3.637079154771092,0,0,0,1,0,0,0,-0.4435483870967739,0.0,3.086782476243556,1.2357374058012671,-1.7195467422096318,0.0,-1.8528848783155591,0.0,-1.238095238095238
1.086,0.791,1.0,0.0764812750927289,0,0,0,1,0,0,0,7.865301612903225,55.35297499999999,-0.2891886061749286,-0.3427271704762738,2.5609065155807365,-0.5700000000000001,0.3314191960623462,0.27948,1.238095238095238
0.04549923,0.3121181,1.0,0.0032905800980658,0,0,0,1,0,0,0,-1.540322580645161,-96.850555,-0.34954998531869,-0.4788982341252483,1.045325779036827,0.0,-2.2554006015859995,0.0,0.5714285714285715
0.17753621,,1.0,0.4435270339600333,0,0,0,1,0,0,0,-0.346774193548387,0.0,-0.0861110189703525,-0.188959846032718,-0.773371104815864,0.0,-1.347552638774952,0.0,-4.0
0.43893376,0.03775622,1.0,3.67128049695218,0,0,0,1,0,0,0,2.016129032258064,-184.050555,11.71940104369112,0.0,-1.348441926345609,-0.78,0.8126879956248291,0.0,-0.380952380952381
,,0.5,0.1246482803761894,0,0,0,0,0,1,0,0.0,0.0,-0.2105770233818251,-0.3763700213704587,-1.2869688385269122,0.0,-2.653541153951326,-2.6317,-0.761904761904762
0.3631017,,1.0,1.360395185507519,0,0,0,1,0,0,0,1.3306451612903227,0.0,0.2811051286808496,0.2174537910693976,0.2747875354107649,0.0,0.9942575881870386,0.0,-1.523809523809524
0.05888136,,1.0,0.3770692931270954,0,0,0,1,0,0,0,-1.419354838709677,0.0,-0.1375244775985487,-0.1864603771698514,-0.0963172804532577,0.0,-0.3707957342083675,0.0,-0.6666666666666667
,0.0045,1.0,2.629100258387945,0,0,0,1,0,0,0,0.0,-194.620555,0.0,5.279878025919492,0.0,0.0,0.0,0.0,0.0
,,1.0,0.1949369686403579,0,0,0,1,0,0,0,0.0,0.0,-0.2951446505999791,0.0,0.0,0.0,0.5921793820071093,0.0,0.1428571428571428
0.4478544,0.15291193,1.0,1.9769928690171392,0,0,0,1,0,0,0,2.0967741935483866,-147.450555,0.6709631111707448,0.4659009960383418,-0.4532577903682719,0.7999999999999998,0.168444079846869,0.0,1.0
,0.07,1.0,2.435548501270993,0,0,0,1,0,0,0,0.0,-173.80256651,0.0,4.180111726258169,0.0,0.0,0.0,0.0,0.0
0.2837006,0.06481452,1.0,0.0250922061081002,0,0,0,1,0,0,0,0.6129032258064517,-175.450555,-0.3192505358253396,-0.4239099191421823,2.376770538243626,2.12,-0.4747060432048127,0.0,-1.238095238095238
,,1.0,7.313332380818769,0,0,0,1,0,0,0,0.0,0.0,27.52808053625717,8.279240661359461,0.0,0.0,0.1750068362045392,0.0,-0.761904761904762
,0.58,1.0,3.4740216703848352,0,0,0,1,0,0,0,0.0,-11.710078940000017,0.0,13.578114650636737,0.0,0.0,0.0,0.0,0.0
0.24177042,,1.0,5.01451126596632,0,0,0,1,0,0,0,0.2338709677419354,0.0,6.673149561530804,2.960870814951823,-1.5439093484419264,0.0,-0.2209461307082308,0.0,1.523809523809524
0.16772265,,1.0,0.4263100448777134,0,0,0,1,0,0,0,-0.4354838709677419,0.0,-0.1297102607503082,-0.1459689815914118,1.0764872521246458,0.0,0.8903472791905934,0.0,-0.9523809523809524
0.19181015,,1.0,0.0662527259548522,0,0,0,1,0,0,0,-0.2177419354838709,0.0,-0.2764443056075218,-0.3894172488346226,-0.7847025495750708,0.0,-2.383374350560569,0.0,0.0476190476190476
1.22,22.1,1.0,0.2209545014599201,0,0,0,1,0,0,0,9.076577782258065,6827.9572397,-0.2309615035426435,-0.2124548533436644,4.189801699716714,13.67,2.32212195788898,1.24959,0.0476190476190476
1.3,1.9,1.0,0.0334865343405662,0,0,0,1,0,0,0,9.799758064516128,407.8264449999999,-0.3171539997529334,-0.3974155491957958,0.0,-0.1700000000000001,0.1071916871752802,0.0,0.1904761904761905
0.12846842,,0.5,0.7038497036930809,0,0,0,0,0,1,0,-0.7903225806451611,0.0,-0.0285565163843,-0.0189959633577864,-1.254957507082153,0.0,-2.1077385835384197,0.0,-3.238095238095238
0.1409584,,1.0,0.1571192489349949,0,0,0,1,0,0,0,-0.6774193548387094,0.0,-0.2400633320965544,-0.292437856955397,0.4702549575070821,0.0,-0.2909488651900465,0.0,-0.0952380952380952
0.12936056,,1.0,0.50226227788864,0,0,0,1,0,0,0,-0.7822580645161289,0.0,-0.0976512017592049,-0.1164752490095854,0.4192634560906516,0.0,0.682526661197703,0.0,-0.8571428571428573
,0.35,1.0,1.6928463686927588,0,0,0,1,0,0,0,0.0,-84.81061255,0.0,1.480685354362198,0.0,0.0,0.0,0.0,0.0
0.29083822,,1.0,0.3965305054177799,0,0,0,1,0,0,0,0.6774193548387094,0.0,-0.2095240500696421,0.0,0.2747875354107649,0.0,-0.5468963631391851,0.0,0.7142857142857143
0.1088413,,1.0,0.2028881356688553,0,0,0,1,0,0,0,-0.9677419354838708,0.0,-0.2266472926433765,-0.2489470987415174,1.3087818696883853,0.0,0.5993984140005469,0.0,0.0
,0.51,1.0,3.569013385409193,0,0,0,1,0,0,0,0.0,-36.050555,0.0,15.02780659109939,0.0,0.0,0.0,0.0,0.0
0.19091834,0.02038836,1.0,0.7147472986560631,0,0,0,1,0,0,0,-0.225806451612903,-189.570555,-0.0338143102965603,0.0,-0.9858356940509916,2.37,-1.8386655728739405,0.0,-1.4285714285714286
1.212,0.626,1.0,0.1322232770392757,0,0,0,1,0,0,0,9.004032258064516,2.902445,-0.256386994385713,-0.3019358386342902,1.6232294617563738,-0.8900000000000001,0.1126606508066721,0.07987,0.6666666666666666
0.24444685,,1.0,1.952972919929748,0,0,0,1,0,0,0,0.2580645161290324,0.0,0.604181387864011,0.5048927102990615,-0.2152974504249291,0.0,1.1364506426032266,0.0,0.4285714285714286
0.17851757,0.0223391,1.0,0.7768959893488788,0,0,0,1,0,0,0,-0.3379032258064516,-188.950555,0.0046885668474248,0.0039991501805866,0.7082152974504249,3.5700000000000003,0.8498769483182936,0.39048,0.2142857142857142
0.20340833,,1.0,1.6240644893699765,0,0,0,1,0,0,0,-0.1129032258064516,0.0,0.3978678520479774,0.3574240473899296,0.2606232294617563,0.0,1.1211375444353295,0.0,-0.4761904761904761
0.27832688,0.05789287,1.0,0.1589414125603535,0,0,0,1,0,0,0,0.5643230403225805,-177.650555,-0.2436849136015244,-0.2826399390129597,1.1372521246458924,1.98,0.3620453923981405,0.09468,0.6190476190476191
0.17307551,,1.0,0.8141119393848283,0,0,0,1,0,0,0,-0.3870967741935483,0.0,0.0893163115791421,-0.063986402889386,-1.1274787535410764,0.0,-1.775225594749795,0.0,0.0
0.16326195,,1.0,2.2477340622242337,0,0,0,1,0,0,0,-0.475806451612903,0.0,0.8919034541454331,0.5853756076833673,-0.9575070821529744,0.0,-0.1410992616899097,0.0,1.0952380952380951
,,1.0,2.9068912424767808,0,0,0,1,0,0,0,0.0,0.0,1.5397506053243697,0.9692940250196832,0.0,0.0,-0.0513863822805573,0.0,0.4580952380952381
0.13292913,,1.0,0.1122326546558609,0,0,0,1,0,0,0,-0.7499999999999998,0.0,-0.2553097554708713,-0.3384280840321432,-0.0254957507082152,0.0,-1.1955154498222589,0.0,-2.571428571428572
0.26942682,,1.0,0.1926923475665433,0,0,0,1,0,0,0,0.4838709677419355,0.0,-0.2276636895565802,-0.2619443368284239,0.9886685552407932,0.0,0.5129887886245557,0.0,-0.2857142857142857
0.09902774,,1.0,0.7964022881398215,0,0,0,1,0,0,0,-1.0564516129032255,0.0,0.0425251546469144,-0.027494157491533,-0.3739376770538243,0.0,-0.4987694831829368,0.0,0.9523809523809524
0.20697689,,1.0,3.6182024399424377,0,0,0,1,0,0,0,-0.0806451612903226,0.0,2.6474344664848646,1.453191196870665,-1.0226628895184136,0.0,0.7229969920700028,0.0,-1.809523809523809
1.7,1.88,0.7,0.0690856850996348,0,0,1,0,0,0,0,13.415564516129033,401.469845,-0.2965036141977007,-0.342927127985303,3.518413597733711,-0.8280000000000001,0.8859721082854799,0.5903499999999999,1.4095238095238098
0.37469955,,1.0,0.5029602905697644,0,0,0,1,0,0,0,1.435483870967742,0.0,-0.0814402493299795,-0.1389704687753852,-0.1388101983002833,0.0,-0.3511074651353568,0.0,0.0
0.17396765,,1.0,0.2728933360228974,0,0,0,1,0,0,0,-0.379032258064516,0.0,-0.1688309459021932,-0.254445930239824,-0.7053824362606232,0.0,-1.7413180202351657,0.0,-0.9523809523809524
1.164,0.59,1.0,0.1656778786450777,0,0,0,1,0,0,0,8.570161290322579,-8.538555000000002,-0.2414622224331179,-0.2762912881012785,1.631728045325779,-0.8310000000000001,0.2034454470877768,0.0,0.0666666666666666
0.14809554,,1.0,1.3827926845553564,0,0,0,1,0,0,0,-0.6129032258064515,0.0,0.3140607097392117,0.2029568716647712,-0.4532577903682719,0.0,0.4943943122778234,0.0,-1.809523809523809
0.11508629,,1.0,0.6805961307401847,0,0,0,1,0,0,0,-0.9112903225806448,0.0,-0.0219405827069113,-0.0509891648024794,-0.0084985835694051,0.0,0.2996992070002734,0.0,-0.0952380952380952
0.71793227,0.30204978,1.0,0.5984212456513287,0,0,0,1,0,0,0,4.538136258064515,-100.050555,-0.0277263020353645,-0.1189747178724521,-0.2920963172804533,-0.32,-0.3204812687995624,-0.28918,0.8666666666666667
0.18378121,,1.0,1.4390238995887037,0,0,0,1,0,0,0,-0.2903225806451611,0.0,0.3633237714559981,0.2059562343002111,-0.6458923512747875,0.0,0.2909488651900465,0.0,-3.238095238095238
0.04549923,,1.0,0.0682761361068368,0,0,0,1,0,0,0,-1.540322580645161,0.0,-0.3407503988739683,0.0,0.0,0.0,-0.0125458025704131,0.0,0.0
0.26228968,,1.0,0.6735514736268406,0,0,0,1,0,0,0,0.4193548387096774,0.0,-0.0341693340109583,-0.0404913955784396,0.3966005665722379,0.0,0.8181569592562209,0.0,-0.0952380952380952
,,0.9,7.443044825776401,0,0,0,0,1,0,0,0.0,0.0,26.637778143127782,9.828911356336777,0.0,0.0,-0.7765928356576429,1.79037,0.0
0.16772265,,1.0,0.3030088605025499,0,0,0,1,0,0,0,-0.4354838709677419,0.0,-0.1779145715213234,-0.2059562343002112,0.5920679886685553,0.0,0.4495488105004102,0.0,-0.4761904761904761
0.22035902,,1.0,0.720511509715495,0,0,0,1,0,0,0,0.0403225806451615,0.0,0.0085779669637576,-0.0539885274379194,-0.4815864022662889,0.0,-0.4014219305441618,0.0,0.0
0.11776272,,1.0,0.8456601950805263,0,0,0,1,0,0,0,-0.8870967741935482,0.0,0.1239093283510618,-0.0719847032505593,-1.3371104815864023,0.0,-2.172272354388843,0.0,-0.380952380952381
0.11865486,,1.0,0.8433574356722553,0,0,0,1,0,0,0,-0.8790322580645159,0.0,0.0498915998167762,0.0059987252708799,0.1869688385269121,0.0,0.3467322942302434,0.0,0.0
,,0.9,1.0187827477173774,0,0,0,0,1,0,0,0.0,0.0,0.1952502466638322,0.0,0.0,0.0,-0.7087776866283839,0.0,1.523809523809524
0.166,0.022,1.0,0.014322527667423,0,0,0,1,0,0,0,-0.4510532258064514,-189.058295,-0.3350908392256395,-0.4344076883662222,3.113314447592068,4.67,-0.3576702214930271,0.0,0.6666666666666666
,,1.0,4.856022285189154,0,0,0,1,0,0,0,0.0,0.0,5.963050888775809,2.780409163052852,0.0,0.0,-0.9822258681979764,1.69687,-1.7142857142857142
,,0.5,0.7038098319100446,0,0,0,0,0,1,0,0.0,0.0,0.0608600991051353,-0.1244735493707587,-1.2490084985835694,0.0,-2.1613344271260595,-1.6831,-0.3333333333333333
0.2987089,,1.0,0.8558973888915641,0,0,0,1,0,0,0,0.7485663467741934,0.0,0.0639170098814195,0.0,0.5567422096317279,0.0,0.3426852611430136,0.0,0.0
1.09,0.93,0.9,0.0838718287616768,0,0,0,0,1,0,0,7.9014596774193535,99.53134500000002,-0.2811908714482879,-0.3439269155304497,1.5127478753541077,-0.44,-0.3675143560295324,0.0,1.238095238095238
0.23463329,,1.0,0.5974341403480625,0,0,0,1,0,0,0,0.1693548387096773,0.0,-0.046278789771375,-0.0964794981066523,-0.2124645892351274,0.0,-0.4211101996171725,0.0,0.9523809523809524
0.09055239,0.02359764,0.5,0.1029943749735063,0,0,0,0,0,1,0,-1.133064516129032,-188.550555,-0.2314770472395668,-0.383918417336316,-1.1291784702549577,0.0,-2.629477713973202,-2.42782,-0.5238095238095238
0.17129122,,1.0,0.6177666637569331,0,0,0,1,0,0,0,-0.4032258064516128,0.0,-0.0933994433298694,0.0,0.2096317280453258,0.0,0.2340716434235712,0.0,-0.1428571428571428
0.26318183,,1.0,2.2149772051977603,0,0,0,1,0,0,0,0.4274193548387098,0.0,0.8146953828134517,0.6153692340377669,-0.3881019830028329,0.0,0.3347005742411812,0.0,1.0476190476190477
0.11,,1.0,1.06733790365564,0,0,0,1,0,0,0,-0.9838709677419352,0.0,0.131128173237378,0.1129759926015722,0.4504249291784702,0.0,0.5414273995077933,0.0,-0.3333333333333333
1.05,10.1,0.9,0.5462617433402313,0,0,0,0,1,0,0,7.54032258064516,3013.8494450000003,-0.072115138895233,-0.1099766299661322,-0.1246458923512747,9.67,-0.4123598578069455,0.0,1.523809523809524
0.16593837,,1.0,0.8038346947069199,0,0,0,1,0,0,0,-0.4516129032258062,0.0,0.0700654718902231,-0.0524888461201995,-0.6515580736543909,0.0,-0.54361498496035,0.0,-4.0
0.14961218,,1.0,1.156131212542432,0,0,0,1,0,0,0,-0.5991935483870966,0.0,0.3238892503228733,0.0,0.0,0.0,-0.2646978397593656,0.0,-0.7190476190476192
,,1.0,1.406055320881324,0,0,0,1,0,0,0,0.0,0.0,0.3137727759911756,0.2259519852031442,0.0,0.0,0.1039103089964451,0.22277,1.523809523809524
0.07226348,,1.0,1.092137178905445,0,0,0,1,0,0,0,-1.2983870967741933,0.0,0.162514570951448,0.0979791794243722,-0.5127478753541076,0.0,-0.1629751162154771,0.0,1.0952380952380951
0.59773499,,1.0,4.192313930521364,0,0,0,1,0,0,0,3.451612903225806,0.0,3.9051550535187114,1.980579126935526,-1.2804532577903682,0.0,0.3423571233251299,0.0,0.0
0.18378089,0.01422144,1.0,0.3507302117406178,0,0,0,1,0,0,0,-0.2903225806451611,-191.530555,-0.1577914889237143,-0.1838609295524701,0.9518413597733713,1.4899999999999998,0.3204812687995624,0.0,0.3333333333333333
0.12400771,,1.0,0.05165924638355,0,0,0,1,0,0,0,-0.8306451612903225,0.0,-0.3043927541344066,-0.3709211792494095,2.087818696883853,0.0,0.5064260322668854,0.0,0.0
0.23998573,,1.0,0.5675092824041875,0,0,0,1,0,0,0,0.2177419354838709,0.0,-0.0576447158568279,-0.1094767361935588,-0.348441926345609,0.0,-0.5567404976756904,0.0,0.2380952380952381
0.20251618,,1.0,0.214411165876126,0,0,0,1,0,0,0,-0.1209677419354837,0.0,-0.2166838057269244,-0.251446567604384,0.830028328611898,0.0,0.4495488105004102,0.0,-0.4761904761904761
0.1088413,,1.0,0.1666201779460299,0,0,0,1,0,0,0,-0.9677419354838708,0.0,-0.2328513584848686,-0.290938175637677,0.4844192634560906,0.0,-0.4003281378178835,0.0,-0.0952380952380952
1.223,0.46,1.0,0.1668926871038961,0,0,0,1,0,0,0,9.103715322580644,-49.84875500000001,-0.3057459680944407,0.0,1.4107648725212465,-0.996,-0.6311184030626197,0.0,0.2380952380952381
0.17396765,,1.0,2.0398451289132926,0,0,0,1,0,0,0,-0.379032258064516,0.0,0.7239898491429694,0.4883962158041416,-0.6147308781869688,0.0,0.484550177741318,0.0,-0.761904761904762
0.15701695,,1.0,0.4415566930910649,0,0,0,1,0,0,0,-0.5322580645161289,0.0,-0.0876326849211217,-0.188959846032718,-0.923512747875354,0.0,-1.831009023789992,0.0,-0.8571428571428573
,3.34,1.0,3.5752435603552484,0,0,0,1,0,0,0,0.0,865.49632438,0.0,15.127785345614056,0.0,0.0,0.0,0.0,0.0
,,1.0,7.078963631742918,0,0,0,1,0,0,0,0.0,0.0,23.025815440327957,7.779346888786133,0.0,0.0,-1.1287940935192782,0.0,-0.2857142857142857
0.86,0.514,1.0,0.2058716945775544,0,0,0,1,0,0,0,5.82258064516129,-32.692555,-0.2220785548006555,-0.2534461426946773,1.4419263456090652,-0.2299999999999999,0.3532950505879136,0.0,-0.0952380952380952
0.08760832,0.00440489,0.5,0.115361952264479,0,0,0,0,0,1,0,-1.1596774193548385,-194.650555,-0.2420769305580511,-0.353424897209343,0.0,9.27,-2.282745419742959,-1.81176,0.0
,0.72,1.0,2.2075867649489056,0,0,0,1,0,0,0,0.0,33.949445,0.0,3.1303348038541805,0.0,0.0,0.0,0.0,0.0
0.09545917,,1.0,0.3598229370347097,0,0,0,1,0,0,0,-1.0887096774193543,0.0,-0.1630331012052406,-0.1644650511766249,1.4164305949008498,0.0,1.2556740497675691,0.0,-0.5714285714285715
1.065,0.574,1.0,0.1898272554739508,0,0,0,1,0,0,0,7.675471774193547,-13.616135000000014,-0.2336495586206445,-0.254445930239824,1.4957507082152974,-0.6900000000000001,0.2854799015586546,0.0,1.7142857142857146
,9.836,1.0,4.456056764512255,0,0,0,1,0,0,0,0.0,2929.949445,26.49665260747542,0.0,0.0,0.0,-0.8706590101175827,0.0,1.7142857142857146
0.21500617,,1.0,1.4221663326569516,0,0,0,1,0,0,0,-0.008064516129032,0.0,0.3020005723437126,0.2554457177849707,0.3399433427762039,0.0,0.5337708504238446,0.0,0.0
,0.85,1.0,2.988125727495121,0,0,0,1,0,0,0,0.0,73.949445,0.0,7.979304397815464,0.0,0.0,0.0,0.0,0.0
0.25907753,0.00512853,1.0,0.8470625681081463,0,0,0,1,0,0,0,0.3903225806451612,-194.420555,0.0546905229038319,0.0033492882762412,0.0,-0.93,-0.2414000546896361,0.0,0.761904761904762
0.1025963,,1.0,0.4033876890226027,0,0,0,1,0,0,0,-1.0241935483870963,0.0,-0.1335630582726668,-0.1644650511766249,0.7082152974504249,0.0,0.7229969920700028,0.0,-1.809523809523809
,6.284,1.0,10.915930075285546,0,0,0,1,0,0,0,0.0,1801.18315459,242.513858120801,36.57822712673557,0.0,0.0,0.0,0.0,0.0
,,1.0,4.614718455827542,0,0,0,1,0,0,0,0.0,0.0,31.169184843575614,0.0,0.0,0.0,0.0,0.0,0.0
0.21322189,,1.0,0.6820478184212263,0,0,0,1,0,0,0,-0.0241935483870966,0.0,-0.0142289323616587,-0.0599872527087993,-0.1926345609065155,0.0,0.0404703308722997,0.0,-0.5714285714285715
,,1.0,11.148185975538317,0,0,0,1,0,0,0,0.0,0.0,294.9121824192619,37.97293075221516,0.0,0.0,-0.8356576428766749,-0.53393,0.9047619047619048
0.19627119,,1.0,1.0430699856290844,0,0,0,1,0,0,0,-0.1774193548387094,0.0,0.2167307974523848,0.0,-1.5439093484419264,0.0,-2.4741591468416737,0.0,0.5238095238095238
,,0.5,0.0906891556630423,0,0,0,0,0,1,0,0.0,0.0,-0.243489724870532,-0.3889173550620493,0.0,0.0,-2.560568772217665,-2.41203,-0.0952380952380952
0.585,0.11,1.0,2.8648240902198063,0,0,0,1,0,0,0,3.338709677419354,-161.050555,1.415609904440824,1.0037866953272427,-0.6430594900849859,-0.7300000000000001,0.661744599398414,0.5058699999999999,0.2038095238095238
0.26853468,,1.0,1.480479285334271,0,0,0,1,0,0,0,0.475806451612903,0.0,0.3588212912336723,0.2509466738318107,-0.5297450424929179,0.0,0.3314191960623462,0.0,0.0
0.1641538,,1.0,0.9761809048113816,0,0,0,1,0,0,0,-0.4677419354838708,0.0,0.158809013858891,0.0,0.0,0.0,-1.0970741044572054,0.0,0.0
0.96,0.82,1.0,0.4977754899840992,0,0,0,1,0,0,0,6.726307637096773,64.56873873999999,-0.0814189986402722,-0.1439694065011185,1.0679886685552409,-0.1900000000000001,0.1050041017227235,0.0,2.333333333333333
1.56124812,,1.0,0.1226743213464777,0,0,0,1,0,0,0,12.161290322580642,0.0,-0.2612883071595401,-0.3089343514503168,8.654390934844193,0.0,-1.6111566858080393,0.0,0.0
1.267,0.8,1.0,0.3200685078572644,0,0,0,1,0,0,0,9.501434314516128,58.21217060000001,-0.1758939809607818,-0.188959846032718,1.5495750708215297,-0.8400000000000001,0.998632759092152,0.41781,-1.0476190476190477
1.239,0.99,1.0,0.3118658155705296,0,0,0,1,0,0,0,9.24834758064516,118.601145,-0.1884589191583103,-0.1757626504367821,2.2889518413597734,-0.6900000000000001,0.4057971014492754,0.7592599999999999,1.6619047619047622
0.15523267,,1.0,0.1664395509824024,0,0,0,1,0,0,0,-0.5483870967741934,0.0,-0.2446844284953148,-0.2684429558718772,2.3909348441926346,0.0,0.1990702761826633,0.0,1.523809523809524
0.08653775,,1.0,0.0767155463306702,0,0,0,1,0,0,0,-1.1693548387096773,0.0,-0.2886580979322271,-0.3434270217578765,2.0141643059490084,0.0,0.762373530216024,0.0,-0.380952380952381
1.255,1.1,1.0,0.1358023608992019,0,0,0,1,0,0,0,9.392960306451611,153.56069269999998,-0.2556501684683863,-0.2971868477948436,2.033994334277621,-0.6400000000000001,0.2898550724637681,0.27972,0.8238095238095238
,,1.0,12.260565565651518,0,0,0,1,0,0,0,0.0,0.0,523.5368599258369,65.4670882437482,0.0,0.0,0.3351490292589553,0.0,1.548571428571429
0.0981356,,1.0,0.7984531492301118,0,0,0,1,0,0,0,-1.0645161290322578,0.0,0.0331592193124345,-0.0139970256320531,-0.2492917847025495,0.0,0.109379272627837,0.0,0.0
0.31224962,,1.0,0.2666872691133576,0,0,0,1,0,0,0,0.8709677419354838,0.0,-0.1833718580022574,-0.2404489046077708,0.1246458923512747,0.0,-0.5151763740771124,0.0,-0.2857142857142857
1.663,1.4,1.0,0.0449671038119404,0,0,0,1,0,0,0,13.08107653225806,248.9092148,-0.3105848958504484,-0.3753702338253121,3.305949008498584,-0.953,0.7251845775225595,0.34909,1.4476190476190476
0.23106472,,1.0,1.64462936255244,0,0,0,1,0,0,0,0.1370967741935483,0.0,0.447617481540512,0.3249309521726633,-0.4730878186968839,0.0,0.5786163522012578,0.0,-0.6666666666666667
0.16326195,,1.0,0.5773600742107922,0,0,0,1,0,0,0,-0.475806451612903,0.0,-0.0819013139860168,-0.063986402889386,0.9121813031161472,0.0,1.1769209734755264,0.0,0.0
,0.41,1.0,3.6840082226573703,0,0,0,1,0,0,0,0.0,-66.050555,0.0,16.97739230413537,0.0,0.0,0.0,0.0,0.0
,,1.0,5.500228701189949,0,0,0,1,0,0,0,0.0,0.0,8.810774284526575,3.83018608545684,0.0,0.0,0.3084495488105004,0.14687,1.0476190476190477
0.37469955,,1.0,1.5474946340721558,0,0,0,1,0,0,0,1.435483870967742,0.0,0.4445689702335839,0.2309509229288775,-0.886685552407932,0.0,-0.5676784249384742,0.0,0.0
0.26318137,,1.0,0.1977694476735542,0,0,0,1,0,0,0,0.4274193548387098,0.0,-0.2189670183357173,-0.2704425309621705,0.1048158640226629,0.0,-0.7656549083948592,0.0,1.3333333333333337
,4.0,1.0,6.236402426846572,0,0,0,1,0,0,0,0.0,1074.949445,0.0,229.43224564779985,0.9603399433427762,0.0,-3.010117582718075,-2.53399,0.0
0.04549923,,1.0,0.5546037320259024,0,0,0,1,0,0,0,-1.540322580645161,0.0,-0.0441004895583486,-0.1384705750028119,-0.5410764872521246,0.0,-0.5961170358217118,0.0,-4.476190476190476
0.29529625,,1.0,0.6192640537850681,0,0,0,1,0,0,0,0.7177177419354837,0.0,-0.0925226772004149,0.0,-0.0481586402266288,0.0,-0.3237626469783976,0.0,0.0
0.26853468,,1.0,3.4767678338837085,0,0,0,1,0,0,0,0.475806451612903,0.0,2.42912523721776,1.3192196658210131,-1.0424929178470257,0.0,0.3773584905660377,0.0,-1.238095238095238
0.08475347,,1.0,0.5007103945984789,0,0,0,1,0,0,0,-1.1854838709677418,0.0,-0.095031244499999,-0.121974080507892,0.2294617563739376,0.0,0.4451736395952967,0.0,-0.8571428571428573
0.12400771,,1.0,2.7728070114817007,0,0,0,1,0,0,0,-0.8306451612903225,0.0,1.629943489844878,0.7133484134621392,-1.6062322946175638,0.0,-1.934919332786437,0.0,0.0
0.29975964,,1.0,1.4078255949361471,0,0,0,1,0,0,0,0.7580645161290321,0.0,0.6107732994212195,0.0,-0.5807365439093485,0.0,-0.0492206726825266,0.0,0.4761904761904762
0.332,0.019,1.0,1.812271371073353,0,0,0,1,0,0,0,1.0483870967741935,-190.150555,0.5342331284259269,0.415911618781009,0.0,-0.7100000000000001,0.6529942575881871,0.36887,-0.2528571428571428
0.23641757,,1.0,0.3466192117022866,0,0,0,1,0,0,0,0.1854838709677418,0.0,-0.1565713761537653,-0.190459527350438,0.8895184135977338,0.0,-0.7033087229969921,0.0,1.4285714285714288
