Planet_Name,Planet_Radius,Planet_Mass,Orbital_Period,Semi_Major_Axis,Equilibrium_Temp,Planet_Density,Stellar_Temp,Stellar_Luminosity,Stellar_Metallicity,Stellar_Flux,Habitability_Score_Index,Stellar_Compatibility_Index,Orbital_Stability_Factor,StarType_A,StarType_F,StarType_G,StarType_K,StarType_M,Target_Habitable,Habitability_Probability
K2-32 c,3.134,8.1,20.66093,0.13843,634.0,1.43,5271.0,0.9413067829119812,-0.06,49.11883838796949,0.2293295549454973,0.9444788359194438,0.0814006460116249,False,False,False,True,False,1,1.0
K2-37 d,2.31,12.5,14.09229,0.054235,646.0,4.7,5352.0,0.9413067829119812,-0.08,319.9073933435463,0.1324268231340952,0.9604743518934166,0.9675215448438306,False,False,False,True,False,1,1.0
TOI-912 b,1.93,5.1,4.6780691,0.041,551.0,4.0,3572.0,0.0256998151730473,-0.19,15.27931936566431,0.3861347464142065,0.3391101757394381,0.3729846207512252,False,False,False,False,True,1,1.0
K2-38 c,2.29,8.3,10.56103,0.09514,916.0,3.8,5731.0,1.0900087895662276,0.26,120.40810701536908,0.1685792564876196,0.999509231577349,0.0128422024521323,False,False,True,False,False,1,1.0
Kepler-10 c,2.355,11.29,22.733983275,0.16794,579.0,4.75,5708.0,0.9413067829119812,-0.15,33.37394088269226,0.2845643617511474,0.9989117037354972,0.0872714161312798,False,False,False,True,False,1,1.0
Kepler-102 e,2.17,4.7,16.1456994,0.1162,590.0,2.5,4909.0,0.9413067829119812,0.11,69.708665563144,0.2270659524225151,0.8455114609045353,0.0952603778785767,False,False,False,True,False,1,1.0
Kepler-102 f,0.861,4.3,22.733983275,0.1656,495.0,6.840423374999999,4909.0,0.9413067829119812,0.11,34.32374658558964,0.3377823168418318,0.8455114609045353,0.0689939081178935,False,False,False,True,False,1,1.0
Kepler-107 e,2.903,14.1,14.749143,0.12638,955.0,3.18,5854.0,0.9413067829119812,0.321,58.93147290808184,0.1993666973423113,0.9987172678495436,0.0926307750933165,False,False,False,True,False,1,1.0
Kepler-109 c,2.65,8.2,21.22265,0.1546,859.0,2.4,5950.0,0.9413067829119812,-0.02,39.38166186286014,0.2388621487692553,0.9934473406976726,0.0391985924904293,False,False,False,True,False,1,1.0
Kepler-111 c,7.0840758,222.4798849,22.733983275,0.16794,352.2,3.42,5914.0,1.4399917369273318,0.237,51.05476766151371,0.2044993687874849,0.9958982131800524,0.0872714161312798,False,False,False,True,False,1,1.0
K2-222 b,2.35,8.7,15.38857,0.1206,871.0,3.68,5942.0,0.9413067829119812,-0.315,64.71526197440154,0.2082392844245115,0.9940409371790152,0.0051712255205736,False,False,False,True,False,1,1.0
K2-233 c,1.272,4.6,7.06024,0.0664,794.0,6.840423374999999,4796.0,0.9413067829119812,-0.082,213.45018614952997,0.1634958824945585,0.8071108801280549,0.1056340625315747,False,False,False,True,False,1,1.0
K2-233 d,2.363,10.3,22.733983275,0.1516,525.0,4.3,4796.0,0.9413067829119812,-0.082,40.95565625655821,0.2718263254844305,0.8071108801280549,0.046060476314324,False,False,False,True,False,1,1.0
K2-263 b,2.41,14.9,22.733983275,0.16794,470.0,5.8,5368.0,0.9413067829119812,-0.08,33.37394088269226,0.2959896474848872,0.9633335558520044,0.0872714161312798,False,False,False,True,False,1,1.0
TOI-5788 c,2.272,6.4,16.213362,0.1197,667.0,3.032489,5615.0,0.712000010431996,-0.32,49.68912962595643,0.2441089249095163,0.9941131734450028,0.0602504575979486,False,False,False,True,False,1,1.0
TOI-5789 c,2.86,5.0,12.927748,0.1009,718.0,1.16,5185.0,0.4689969301267545,-0.12,46.06223550888835,0.2327420626316035,0.9248310357376572,0.0861157708121084,False,False,False,True,False,1,1.0
TOI-6041 b,4.55,28.9,22.733983275,0.1651,605.6,1.79,5445.0,0.6129993302249013,0.104,22.4879527989058,0.2704375889240863,0.9756591354841077,0.0650550018563028,False,False,True,False,False,1,1.0
GJ 143 b,2.61,22.7,22.733983275,0.16794,422.0,6.840423374999999,4640.0,0.2059681176597364,0.003,7.302579676766455,0.4766152755044441,0.7499208918445293,0.0872714161312798,False,False,False,True,False,1,1.0
GJ 3090 b,2.18,4.52,2.85310198,0.0316,723.0,2.4,3707.0,0.0454998536757912,0.12,45.51988242405783,0.2488218588807128,0.3855361861764012,0.2799030148401634,False,False,False,False,True,1,1.0
GJ 3929 b,1.09,1.75,2.616235,0.0252,568.0,6.840423374999999,3384.0,0.0109000878956622,-0.02,17.13742515511961,0.4140908144410158,0.2798202069764939,0.4880305533788536,False,False,False,True,False,1,1.0
GJ 414 A b,2.63,7.6,22.733983275,0.16794,308.6,1.42,4120.0,0.1190008326045319,0.24,4.219163002362187,0.5885236412340563,0.5428724480799696,0.0872714161312798,False,False,False,True,False,1,1.0
GJ 414 A c,8.4,53.83,22.733983275,0.16794,124.7,1.42,4120.0,0.1190008326045319,0.24,4.219163002362187,0.3666044669746471,0.5428724480799696,0.0872714161312798,False,False,False,True,False,1,1.0
GJ 486 b,1.289,2.77,1.46712127,0.01714,696.3,6.66,3324.375,0.0115101239373584,-0.15,39.0465416784556,0.2944747487085952,0.2624121207096917,0.4531629436815502,False,False,False,True,False,1,1.0
Gliese 12 b,0.958,3.87,12.761408,0.0668,314.6,1.42,3324.375,0.0072799768788612,-0.32,1.6310968890002044,0.8925305890824181,0.2624121207096917,0.6111884281090767,False,False,False,False,True,1,1.0
TOI-7510 b,7.31,18.1,11.530869,0.1019,878.0,0.255,5720.0,1.026006235060247,0.25,98.80065164317648,0.1335620802119168,0.9992527237944844,0.0259536475155572,False,False,True,False,False,1,1.0
TOI-7510 c,10.81,131.0,22.5687423,0.1595,702.0,0.573,5720.0,1.026006235060247,0.25,40.32845222071427,0.1683123875212586,0.9992527237944844,0.0264410774520237,False,False,True,False,False,1,1.0
TOI-4515 b,12.17,637.0,15.266446,0.118,705.0,1.941,5433.0,0.581005174118754,0.05,41.723890421454506,0.1603585865512531,0.9738967374550572,0.0266336978725926,False,False,True,False,False,1,1.0
TOI-4600 b,6.8,733.625075,22.733983275,0.16794,347.0,1.42,5170.0,0.4200006862466315,0.16,14.891083680628228,0.30819118359109,0.9211360299294344,0.0872714161312798,False,False,False,True,False,1,1.0
TOI-469.01,3.41,9.1,13.6308205,0.111,716.0,1.42,5289.0,0.9413067829119812,0.24,76.39236998149498,0.1887429225096665,0.9482491450706348,0.0078888957410623,False,False,False,True,False,1,1.0
TOI-4940 b,6.61,89.0,22.733983275,0.165,643.0,1.42,5504.0,1.1159892212474951,0.326,40.98983402804287,0.1978493645123151,0.9834548442217678,0.064265790237883,False,False,True,False,False,1,1.0
TOI-5076 b,3.48935569,16.14568308,22.733983275,0.1481,550.0,2.08,4780.0,0.3360005590612465,0.082,15.318282798793616,0.3348060740553583,0.801448773532406,0.0764838595066695,False,False,False,True,False,1,1.0
TOI-561 d,2.615,13.33,22.733983275,0.1587,600.0,4.1,5599.0,0.9413067829119812,0.07,37.37318333262453,0.2654469825717822,0.9929050665039784,0.0135567119112341,False,False,False,True,False,1,1.0
TOI-561 e,2.517,12.4,22.733983275,0.16794,416.0,4.3,5599.0,0.9413067829119812,0.07,33.37394088269226,0.3002636137842691,0.9929050665039784,0.0872714161312798,False,False,False,True,False,1,1.0
TOI-5788 b,1.528,3.72,6.340758,0.064,910.0,5.734161,5615.0,0.712000010431996,-0.32,173.78569939760703,0.1632729464372661,0.9941131734450028,0.0603471109511983,False,False,False,True,False,1,1.0
Kepler-138 b,0.64,0.07,10.3134,0.0753,452.0,1.7,3841.0,0.0560002544078001,-0.18,9.87468977000896,0.4816408729500561,0.4344080892434147,0.2707667150714996,False,False,False,True,False,1,1.0
Kepler-138 c,1.51,2.3,13.7815,0.0913,410.0,3.6,3841.0,0.0560002544078001,-0.18,6.717324790510396,0.5544071859898209,0.4344080892434147,0.27173486224718,False,False,False,True,False,1,1.0
Kepler-138 d,1.51,2.1,22.733983275,0.1288,345.0,3.6,3841.0,0.0560002544078001,-0.18,3.3754532373945545,0.6920338407943242,0.4344080892434147,0.2583319163067768,False,False,False,True,False,1,1.0
Kepler-1661 b,3.87,17.0,22.733983275,0.16794,243.0,1.6,5100.0,0.9413067829119812,-0.12,33.37394088269226,0.2796497814070773,0.902892301608292,0.0872714161312798,False,False,False,True,False,1,1.0
Kepler-167 e,10.16,321.00669107,22.733983275,0.16794,134.4,1.68,4884.0,0.289001435534947,0.02,10.246517925557544,0.2727057890101049,0.8372705692311392,0.0872714161312798,False,False,False,True,False,1,1.0
Kepler-1704 b,11.94877343,733.625075,22.733983275,0.16794,253.8,4.07,5746.0,1.9784731875085524,0.196,70.14657537432869,0.1596320131436248,0.999772470333246,0.0872714161312798,False,False,False,True,False,1,1.0
Kepler-19 b,2.209,6.1,9.28699,0.0846,851.0,3.1,5541.0,0.9413067829119812,-0.13,131.50122139096936,0.1681859518017805,0.9875955770542788,0.0284129967530353,False,False,False,True,False,1,1.0
K2-136 b,1.014,4.3,7.9752,0.0707,610.0,6.840423374999999,4500.0,0.1673015636398645,-0.02,33.463726028027764,0.3331154794205121,0.6956198224492314,0.1297272527623586,False,False,False,True,False,1,1.0
K2-136 c,3.0,18.1,17.30713,0.1185,470.0,3.69,4500.0,0.1673015636398645,-0.02,11.913308076112331,0.3889602809446347,0.6956198224492314,0.1300470794089716,False,False,False,True,False,1,1.0
K2-136 d,1.565,3.0,22.733983275,0.1538,420.0,4.3,4500.0,0.1673015636398645,-0.02,7.072435077929834,0.5396585915461533,0.6956198224492314,0.0272943451971587,False,False,False,True,False,1,1.0
K2-18 b,2.37,8.92,22.733983275,0.1429,284.0,4.11,3457.0,0.9413067829119812,0.12,46.09411313479241,0.2925085678735541,0.3020628344300751,0.123037220819225,False,False,False,True,False,1,1.0
K2-199 c,2.85,12.4,7.3744897,0.0662,694.0,2.9,4491.0,0.1849992637393874,-0.01,42.20412820510546,0.2416174725750713,0.6920604304066663,0.1472792089806629,False,False,False,True,False,1,1.0
TOI-2589 b,12.10569916,733.625075,22.733983275,0.16794,592.0,1.42,5579.0,0.9900109542601704,0.12,35.10074256395346,0.1768782737123743,0.9912383863955458,0.0872714161312798,False,False,False,True,False,1,1.0
TOI-283 b,2.34,6.54,17.61745,0.123,661.0,2.81,5213.0,0.4600022966650681,-0.09,30.403324300401067,0.2849911609198077,0.931518816538117,0.0969436231600235,False,False,False,True,False,1,1.0
TOI-286 c,1.88,3.72,22.733983275,0.16794,475.0,3.09,5152.0,0.3857980249576848,-0.05,13.678431634972256,0.4149176710626292,0.9166005053689772,0.0872714161312798,False,False,False,True,False,1,1.0
TOI-406 c,1.32,2.08,3.307441,0.0322,584.0,4.9,3392.0,0.0193001195877751,-0.02,18.596430651907035,0.3873471307652548,0.2822081888124952,0.3826833327606415,False,False,False,False,True,1,1.0
TOI-406.01,2.08,6.57,13.175682,0.0809,368.0,4.1,3392.0,0.0193001195877751,-0.02,2.9484692632042786,0.6609973511085631,0.2822081888124952,0.3900343522934385,False,False,False,False,True,1,1.0
TOI-411 c,2.328,9.72,9.573083,0.1017,931.0,3.15,6169.0,0.9413067829119812,-0.08,91.00123676024988,0.1834427681713402,0.9665970654219316,0.1848205909971113,False,False,False,True,False,1,1.0
TOI-431 d,3.29,9.9,12.46103,0.098,633.0,1.36,4850.0,0.9413067829119812,0.2,98.00174730994075,0.1805957660056868,0.8258234888177327,0.0921609885448804,False,False,False,True,False,1,1.0
TOI-4438 b,2.52,5.4,7.44628,0.0534,435.0,1.85,3422.0,0.0170600382281466,-0.19,5.980606272312113,0.5061774461136299,0.2912722480430846,0.4342754293085112,False,False,False,False,True,1,1.0
TOI-2141 b,3.147,20.1,18.261608,0.1322,728.0,3.54,5635.0,0.9413067829119812,-0.14,53.85715757278822,0.2152156307380496,0.9954660871336672,0.0341889875539408,False,False,False,True,False,1,1.0
TOI-2322 b,0.994,2.31,11.30717,0.0924,603.1,6.840423374999999,4664.0,0.1810005939497543,-0.12,21.19752680128665,0.3872316893247473,0.7589822492450642,0.0844142444475832,False,False,False,True,False,1,1.0
TOI-2322 c,1.874,18.1,20.225528,0.1362,496.8,6.840423374999999,4664.0,0.1810005939497543,-0.12,9.756687025360533,0.45623233405487,0.7589822492450642,0.0840577171403084,False,False,False,True,False,1,1.0
TOI-2328 b,9.97599282,50.85254512,17.10197,0.127,842.0,0.29,5525.0,0.6760051429434254,0.09,41.90980427423592,0.1629800929457081,0.985876464066632,0.0294867513492955,False,False,False,True,False,1,1.0
TOI-2338 b,11.2089807,733.625075,22.65398,0.158,799.0,1.42,5581.0,0.9699961265109994,0.22,38.85424099783695,0.1633176016521295,0.9914128597047522,0.0108598965299939,False,False,False,True,False,1,1.0
TOI-2345 c,2.451,7.27,21.064302,0.1257,544.0,2.71,4687.0,0.2309989469033987,-0.1,14.61880790377355,0.3717538160191638,0.7675843610459832,0.2238198120056139,False,False,False,True,False,1,1.0
TOI-238 c,2.18,6.7,8.465651,0.0749,696.0,1.83,5059.0,0.3381971940282224,-0.114,60.2738533754569,0.229048975953589,0.8914729161570787,0.1064701606631463,False,False,False,True,False,1,1.0
TOI-244 b,1.52,2.68,7.397225,0.0559,458.0,4.2,3433.0,0.0227698411058189,-0.39,7.284461021565279,0.5288830100279556,0.2946386597710665,0.3693001444109733,False,False,False,False,True,1,1.0
HATS-17 b,8.709393,425.25654,16.254611,0.1308,814.0,3.5,5846.0,1.239995188524827,0.3,72.47348211445869,0.1431065106412204,0.9989729721988732,0.0530253168880296,False,False,True,False,False,1,1.0
Kepler-20 d,2.606,13.4,22.733983275,0.16794,430.0,4.1,5495.0,0.9413067829119812,0.07,33.37394088269226,0.295824628275829,0.9823598855305324,0.0872714161312798,False,False,False,True,False,1,1.0
Kepler-22 b,2.1,9.1,22.733983275,0.16794,279.0,5.2,5596.0,0.9413067829119812,-0.255,33.37394088269226,0.3330479033263423,0.9926661361037512,0.0872714161312798,False,False,False,True,False,1,1.0
Kepler-37 c,0.755,1.3,21.301848,0.139,615.0,6.840423374999999,5357.0,0.9413067829119812,-0.36,48.71684002235694,0.2805349744196946,0.961378690452707,0.1025756952589252,False,False,False,True,False,1,1.0
Kepler-37 d,2.03,2.0,22.733983275,0.16794,499.0,1.3,5357.0,0.9413067829119812,-0.36,33.37394088269226,0.3040501785076448,0.961378690452707,0.0872714161312798,False,False,False,True,False,1,1.0
Kepler-409 b,1.199,6.0,22.733983275,0.16794,438.0,6.840423374999999,5421.0,0.9413067829119812,0.05,33.37394088269226,0.3475605157359773,0.9720753081522844,0.0872714161312798,False,False,False,True,False,1,1.0
Kepler-411 d,3.319,15.2,22.733983275,0.16794,410.0,2.3,5599.0,0.9413067829119812,0.07,33.37394088269226,0.281193217292687,0.9929050665039784,0.0872714161312798,False,False,False,True,False,1,1.0
HIP 8152 b,2.53625843,8.9,10.751014,0.093,794.96,2.97,5618.0,0.8309980410444321,0.007,96.06913769299793,0.1836883573635779,0.9943272621977464,0.0322309419900586,False,False,False,True,False,1,1.0
HIP 8152 c,2.52442508,10.7,19.60562,0.139,650.68,3.63,5618.0,0.8309980410444321,0.007,43.00786880470096,0.2510626430939417,0.9943272621977464,0.030525335801301,False,False,False,True,False,1,1.0
HIP 9618 c,3.42855926,7.0,22.733983275,0.16794,470.31,1.0,5649.0,0.8480080988896919,-0.018,30.06604507070168,0.2805621543537007,0.9963088291813024,0.0872714161312798,False,False,False,True,False,1,1.0
HIP 97166 b,2.4801338,19.1,10.288914,0.091,701.66,6.840423374999999,5216.0,0.4729987575981305,0.248,57.11165872954969,0.2257940090158168,0.932218960663483,0.0224054706944927,False,False,False,True,False,1,1.0
K2-110 b,2.592,15.9,13.86375,0.10207,638.0,5.02,5010.0,0.9413067829119812,-0.34,90.34274347484072,0.1964658340171908,0.8771546169849813,0.1317797681324682,False,False,False,True,False,1,1.0
TOI-1803 c,4.29,8.0,12.885779,0.097,588.0,0.419035,4687.0,0.2219984795437013,0.014,23.591761906875803,0.2724233633071348,0.7675843610459832,0.1345989107851778,False,False,False,True,False,1,1.0
TOI-1824 b,2.7438269,16.0,22.733983275,0.151,528.67,4.24,5165.0,0.4240040452115673,0.124,18.59503750598927,0.3375395530479543,0.9198872026948478,0.0512257469665978,False,False,False,True,False,1,1.0
TOI-2076 d,3.43087751,29.0,22.733983275,0.16794,457.68,4.0,5192.0,0.4189961187278658,0.02,14.855466836478604,0.3529829545796176,0.9265287321689696,0.0872714161312798,False,False,False,True,False,1,1.0
TOI-2088 b,3.6831179,37.0,22.733983275,0.16794,300.33,2.0,5081.0,0.435000744253088,0.339,15.422909285449398,0.3706455283482002,0.8976656965436467,0.0872714161312798,False,False,False,True,False,1,1.0
TOI-2093 c,2.3,15.8,22.733983275,0.16794,329.0,6.840423374999999,4426.0,0.1838019014942603,-0.08,6.516678628002048,0.5319683522208796,0.6661763265597185,0.0872714161312798,False,False,False,True,False,1,1.0
TOI-2095 b,1.25,4.1,17.66484,0.101,347.0,1.42,3759.0,0.0347600185866661,-0.24,3.4071768855779387,0.7152456907260036,0.4041949370276089,0.3558391600857779,False,False,False,False,True,1,1.0
TOI-2095 c,1.33,7.4,22.733983275,0.137,297.0,1.42,3759.0,0.0347600185866661,-0.24,1.851892306162287,0.8399998116760027,0.4041949370276089,0.1779521448198731,False,False,False,False,True,1,1.0
TOI-2128 b,2.08874836,4.5,16.34136,0.127,780.53,2.68,5968.0,1.4330125702369627,-0.07,88.84144886775961,0.1980670165656099,0.992009869928342,0.010010273179211,False,False,False,True,False,1,1.0
TOI-2134 b,2.69,9.13,9.2292005,0.078,666.0,2.607,4580.0,0.1919994567954288,0.12,31.55290990886258,0.2719188443712199,0.7269233631372192,0.1286293679883312,False,False,False,True,False,1,1.0
TOI-2136 b,2.19,6.37,7.851928,0.057,395.0,3.34,3342.0,0.0129998996537545,0.03,3.999969124232166,0.5958010375460169,0.267486013498487,0.3957475527926995,False,False,False,False,True,1,1.0
Kepler-51 b,7.1,2.1,22.733983275,0.16794,543.0,0.03,6018.0,0.9413067829119812,0.07,33.37394088269226,0.2151405966837299,0.9872815715902904,0.0872714161312798,False,False,False,True,False,1,1.0
Kepler-51 d,9.7,7.6,22.733983275,0.16794,381.0,0.046,6018.0,0.9413067829119812,0.07,33.37394088269226,0.2107727286244766,0.9872815715902904,0.0872714161312798,False,False,False,True,False,1,1.0
Kepler-538 b,2.215,12.9,22.733983275,0.16794,417.0,6.5,5534.0,0.9413067829119812,-0.09,33.37394088269226,0.3092390650737256,0.9868569124740464,0.0872714161312798,False,False,False,True,False,1,1.0
Kepler-553 c,11.57887706,733.625075,22.733983275,0.16794,251.0,6.840423374999999,5191.0,0.5359940886627048,0.152,19.00361853673618,0.24555088414453,0.9262872484875244,0.0872714161312798,False,False,False,True,False,1,1.0
Kepler-62 d,1.95,14.0,18.16406,0.12,510.0,1.42,4925.0,0.2098939883623524,-0.37,14.574959264103356,0.3975668968588799,0.8507041259997818,0.1556259834483851,False,False,False,True,False,1,1.0
Kepler-62 e,1.61,36.0,22.733983275,0.16794,270.0,1.42,4925.0,0.2098939883623524,-0.37,7.441771042557825,0.5600779717937266,0.8507041259997818,0.0872714161312798,False,False,False,True,False,1,1.0
Kepler-62 f,1.41,35.0,22.733983275,0.16794,208.0,1.42,4925.0,0.2098939883623524,-0.37,7.441771042557825,0.5483699878535828,0.8507041259997818,0.0872714161312798,False,False,False,True,False,1,1.0
HD 88986 b,2.49,17.2,22.733983275,0.16794,460.0,6.1,5861.0,0.9413067829119812,0.06,33.37394088269226,0.2950136028351167,0.9984702823237644,0.0872714161312798,False,False,True,False,False,1,1.0
HD 97658 b,2.12,8.3,9.4897116,0.054235,751.0,4.8,5212.0,0.3510023305013026,-0.23,119.28973916538897,0.1807845239621317,0.9312847242277263,0.6244156744215319,False,False,False,True,False,1,1.0
HIP 116454 b,2.469,9.7,9.1004157,0.0792,753.2,3.53,5048.0,0.3364031083450256,0.0,53.62167869769792,0.2268783163999818,0.8883209045958905,0.0965921758514514,False,False,False,True,False,1,1.0
TOI-1452 b,1.672,4.82,11.06201,0.061,326.0,5.6,3324.375,0.0070000315913089,-0.07,1.8807177838014424,0.7870318573834348,0.2624121207096917,0.605062206640648,False,False,False,False,True,1,1.0
TOI-1468 c,2.126,4.1,15.532477,0.08608,338.1,2.31,3376.0,0.0161398687982425,-0.01,2.177894690924618,0.7181857194465873,0.2774445398344001,0.4521539405300765,False,False,False,True,False,1,1.0
TOI-1470 c,2.47,7.24,18.08816,0.106,373.0,2.66,3709.0,0.0376001865805907,0.0,3.346105417868716,0.6136919521810265,0.3862462257950891,0.3135032943785567,False,False,False,False,True,1,1.0
TOI-1472 c,3.334,21.13,15.5381747,0.116,662.0,3.14,5100.0,0.9413067829119812,0.27,69.94922961373122,0.1990554591753597,0.902892301608292,0.0642073462068633,False,False,False,True,False,1,1.0
TOI-1695 b,1.9,6.36,3.1342791,0.033548,698.0,5.0,3690.0,0.0442996199100363,0.0,39.32611308523456,0.2713566064716223,0.379526065769695,0.2846004747754645,False,False,False,False,True,1,1.0
TOI-1710 b,5.20315158,22.4,22.733983275,0.166,602.99,0.87,5684.0,0.8639925546191204,0.147,31.352925014302,0.2344379418607926,0.9980383709585088,0.0721364853914563,False,False,False,True,False,1,1.0
TOI-1742 b,2.36507598,9.7,21.269084,0.154,694.09,4.0,5815.0,1.3219955705065185,0.193,55.74042123820543,0.2307532989076007,0.9996958240486656,0.0322358766149541,False,False,False,True,False,1,1.0
TOI-1759 b,3.14,10.8,18.85019,0.1177,443.0,1.91,4065.0,0.0876697968094917,0.05,6.327989150616292,0.4701033142562298,0.5209600081311523,0.2130183806739024,False,False,False,False,True,1,1.0
TOI-1775 b,8.04728896,96.0,10.2405549,0.08,707.89,1.01,5284.0,0.4830031910412297,0.162,75.45745837232145,0.1495469620207791,0.947214011682935,0.1859012964737052,False,False,False,True,False,1,1.0
TOI-1801 b,2.079,5.738,10.64387,0.054235,493.7,3.701,3863.0,0.0588802980881764,-0.19,20.01073722470013,0.3571608058939065,0.4426663783690178,0.7239769835728759,False,False,False,False,True,1,1.0
TOI-125 c,2.759,6.63,9.15059,0.0814,827.8,1.73,5320.0,0.5190031574907782,-0.02,78.31692925425507,0.1906130511840798,0.9544555343113368,0.0657314481652522,False,False,False,True,False,1,1.0
TOI-125 d,2.93,13.6,19.98,0.137,638.1,2.98,5320.0,0.5190031574907782,-0.02,27.6506743468715,0.2806073639201527,0.9544555343113368,0.0658250639701555,False,False,False,True,False,1,1.0
TOI-1260 b,2.41,8.56,3.127463,0.0367,871.0,3.35,4227.0,0.12900008605085,-0.1,95.70520298455368,0.1819972977119863,0.5859164947417362,0.1683910057075529,False,False,False,True,False,1,1.0
TOI-1260 c,2.76,13.2,7.493134,0.0657,651.0,3.45,4227.0,0.12900008605085,-0.1,29.878490986858125,0.2764761392923439,0.5859164947417362,0.1709524120405477,False,False,False,True,False,1,1.0
TOI-1260 d,3.12,11.84,16.608164,0.1116,499.0,2.14,4227.0,0.12900008605085,-0.1,10.356827477114642,0.396994508471041,0.5859164947417362,0.1723678693262081,False,False,False,True,False,1,1.0
TOI-1266 b,2.52,4.46,10.8945,0.073,415.0,1.54,3563.0,0.0262899645200974,-0.109,4.932451129474202,0.5394072412586504,0.3361249805621897,0.3586384921609517,False,False,False,False,True,1,1.0
TOI-1266 c,1.98,3.17,18.8027,0.105,346.0,2.25,3563.0,0.0262899645200974,-0.109,2.384361012161936,0.7115958770721857,0.3361249805621897,0.3594809378244264,False,False,False,False,True,1,1.0
TOI-1279 b,2.66146528,10.6,9.61419,0.085,759.0,3.05,5457.0,0.5710051168082259,-0.079,79.02091292668499,0.1958359670955384,0.9773621696305144,0.0523079370149731,False,False,False,True,False,1,1.0
TOI-1386 b,6.2163865,45.8,22.733983275,0.16794,615.03,1.04,5735.0,1.0240001022367002,0.149,36.30582451578282,0.2116222313559341,0.99958919551439,0.0872714161312798,False,False,False,True,False,1,1.0
TOI-1422 b,3.83,9.5,12.99894,0.107,870.0,0.93,5599.0,0.9413067829119812,0.07,82.21019938095905,0.1704315814969627,0.9929050665039784,0.0144724770277527,False,False,True,False,False,1,1.0
TOI-1422 c,2.61,14.0,22.733983275,0.16794,628.0,4.3,5599.0,0.9413067829119812,0.07,33.37394088269226,0.2726571083326607,0.9929050665039784,0.0872714161312798,False,False,True,False,False,1,1.0
TOI-1438 c,2.75,10.6,9.428089,0.083,794.0,2.9,5230.0,0.4499973953258031,0.03,65.31166840722831,0.2045869826053399,0.9354437884721812,0.066325061210896,False,False,False,True,False,1,1.0
TOI-1443 b,2.30381001,30.0,22.733983275,0.147,520.66,6.840423374999999,5224.0,0.379996853036855,-0.294,17.58430601743892,0.3593505937920302,0.9340703190216456,0.0861940079080677,False,False,False,True,False,1,1.0
TOI-1064 c,2.651,2.5,12.226574,0.09429,634.0,0.771906,4734.0,0.2380016675852849,0.05,26.76701131860841,0.2910293981259092,0.7848929028480566,0.125901846680062,False,False,False,True,False,1,1.0
TOI-1203.01,2.918,7.39,22.733983275,0.1632,743.6,1.63,5737.0,0.9413067829119812,-0.39,35.34065331913589,0.2503252506324176,0.999626514207634,0.0499776544698724,False,False,True,False,False,1,1.0
HD 110067 c,2.388,6.3,13.673694,0.1039,699.0,1.42,5266.0,0.9413067829119812,-0.2,87.18863220630027,0.198428068299381,0.9434100811411243,0.0966673611168982,False,False,False,True,False,1,1.0
HD 110067 d,2.852,8.52,20.519617,0.1362,602.0,1.42,5266.0,0.9413067829119812,-0.2,50.74036209113584,0.2350673124362307,0.9434100811411243,0.0965924525697371,False,False,False,True,False,1,1.0
HD 110067 e,1.94,3.9,22.733983275,0.16794,533.0,1.42,5266.0,0.9413067829119812,-0.2,33.37394088269226,0.3028220909179205,0.9434100811411243,0.0872714161312798,False,False,False,True,False,1,1.0
HD 110067 f,2.601,5.04,22.733983275,0.16794,489.0,1.42,5266.0,0.9413067829119812,-0.2,33.37394088269226,0.2882723595985018,0.9434100811411243,0.0872714161312798,False,False,False,True,False,1,1.0
HD 110067 g,2.607,8.4,22.733983275,0.16794,440.0,1.42,5266.0,0.9413067829119812,-0.2,33.37394088269226,0.2944366554010167,0.9434100811411243,0.0872714161312798,False,False,False,True,False,1,1.0
HD 136352 c,2.916,11.24,22.733983275,0.16794,677.0,2.497668,5664.0,1.0380063253450658,-0.24,36.80241380048162,0.2526567946750899,0.997116166260315,0.0872714161312798,False,False,False,True,False,1,1.0
TOI-1238 c,2.11,8.32,3.294736,0.037,695.0,4.9,4089.0,0.0827008550924309,0.31,60.36558765870871,0.2307178645949872,0.5304985787542605,0.2026700356947128,False,False,False,True,False,1,1.0
TOI-1243 b,2.33,7.7,4.6594779,0.054235,450.0,3.3,3515.0,0.0358500693397993,-0.2,12.183809191517309,0.414298782317151,0.3204472651235654,0.0086017437568844,False,False,False,False,True,1,1.0
TOI-1246 e,3.5141875,14.5,22.733983275,0.16794,463.98,1.83,5213.0,0.4999999950079739,0.168,17.727451429937155,0.3309324113489579,0.931518816538117,0.0872714161312798,False,False,False,True,False,1,1.0
TOI-1249 b,3.2710301,11.9,13.079151,0.109,726.89,1.84,5497.0,0.7920087871305074,0.297,66.65618474419352,0.198796067270962,0.9826061612737756,0.0042975005387362,False,False,False,True,False,1,1.0
L 98-59 d,1.627,1.64,7.450729,0.0494,416.0,2.2,3415.0,0.0122000047566076,-0.425,4.997216615578076,0.5922430901792798,0.2891419440527083,0.5354910301241694,False,False,False,False,True,1,1.0
LHS 1140 b,1.73,5.6,22.733983275,0.0946,226.0,5.9,3324.375,0.0037999685303685,-0.15,0.4245698993502406,0.7268520713991594,0.2624121207096917,0.6600966118836932,False,False,False,False,True,1,1.0
LHS 1478 b,1.242,2.33,1.9495378,0.01848,595.0,6.67,3381.0,0.0071500651660392,-0.13,20.875468791719097,0.3761054252298221,0.2789278870289606,0.6056820709752173,False,False,False,False,True,1,1.0
LP 791-18 d,1.032,0.9,2.753436,0.01992,395.5,1.42,3324.375,0.0023000114603619,-0.09,5.781735689425576,0.6254027657815358,0.2624121207096917,0.8125413447054134,False,False,False,False,True,1,1.0
LP 890-9 b,1.32,13.2,2.7299025,0.01875,396.0,1.42,3324.375,0.0014409867916197,-0.028,4.087181114326464,0.6583958167151069,0.2624121207096917,0.8744749408869305,False,False,False,False,True,1,1.0
LTT 3780 c,2.39,8.04,12.252284,0.0757,359.0,3.24,3358.0,0.016499850149526,0.06,2.878806409768852,0.6469838854592375,0.2721444677582922,0.4133518082492156,False,False,False,True,False,1,1.0
HD 35843 c,2.54,11.32,22.733983275,0.16794,479.0,3.8,5666.0,0.7499978182030022,-0.27,26.591100054992047,0.3133080913306862,0.9972163260698456,0.0872714161312798,False,False,False,True,False,1,1.0
HD 260655 c,1.533,3.09,5.70588,0.04749,557.0,4.7,3803.0,0.0363103136179867,-0.425,16.092856450250917,0.3978554487437131,0.4202920065649512,0.3553981960862852,False,False,False,False,True,1,1.0
Ross 176 b,1.84,4.57,5.0066338,0.0464,682.0,4.03,4041.0,0.0778197802330274,-0.19,36.12870259105435,0.2824191937792347,0.5114619936835921,0.272336730906297,False,False,False,True,False,1,1.0
TIC 139270665 b,7.22979255,147.15455244,22.733983275,0.163,703.0,2.13,5844.0,1.077010655375921,0.156,40.534838365672606,0.1894679702141564,0.9990324683608632,0.0483803725742945,False,False,True,False,False,1,1.0
TIC 393818343 b,12.18416202,733.625075,16.24921,0.1291,805.5,4.22,5756.0,1.1679923546071067,0.318,70.07473414966374,0.1310082475699233,0.9998924502283358,0.0362770888057956,False,False,False,True,False,1,1.0
HD 136352 d,2.562,8.82,22.733983275,0.16794,431.0,2.878108,5664.0,1.0380063253450658,-0.24,36.80241380048162,0.2876382994513094,0.997116166260315,0.0872714161312798,False,False,False,True,False,1,1.0
HD 183579 b,3.49,20.4,17.471291,0.1322,752.0,2.65,5784.0,0.9249963094617256,-0.038,52.9239488095626,0.2091576252381423,0.999992000032,0.0042229832797344,False,False,False,True,False,1,1.0
HD 191939 c,3.195,8.0,22.733983275,0.16794,600.0,1.35,5348.0,0.6499949761981433,-0.15,23.04550897059905,0.295189693345425,0.95974381559472,0.0872714161312798,False,False,True,False,False,1,1.0
HD 207897 b,2.34302132,14.8,16.20166,0.117,581.75,6.29,5106.0,0.3790006894454923,-0.03,27.68449155920324,0.3022970517354224,0.904518971314722,0.0893305835505129,False,False,False,True,False,1,1.0
HD 21520 b,2.697,17.7,22.733983275,0.16794,637.0,1.35,5871.0,1.163992012163208,0.049,41.26922413295026,0.2516647204662869,0.9980798458592302,0.0872714161312798,False,False,False,True,False,1,1.0
HD 21749 c,0.892,3.7,7.78993,0.0695,701.0,6.840423374999999,4640.0,0.2059681176597364,0.003,42.63246937329602,0.2930713541346549,0.7499208918445293,0.1315942008662196,False,False,False,True,False,1,1.0
HD 219134 c,1.511,4.36,6.76458,0.0653,782.0,6.840423374999999,4699.0,0.264600097572747,0.11,62.03857306006369,0.2387161876927064,0.7720389921842027,0.0902690641256692,False,False,False,True,False,1,1.0
TOI-1064 b,2.587,13.5,6.443868,0.06152,784.0,4.30062,4734.0,0.2380016675852849,0.05,62.868429551633135,0.2109065293581375,0.7848929028480566,0.1255956686924583,False,False,False,True,False,1,1.0
HD 63935 b,2.91575244,10.5,9.058807,0.083,825.22,2.32,5513.0,0.7679978425171763,0.107,111.46557946548276,0.1675028525286157,0.9845155801777972,0.0316738682288364,False,False,False,True,False,1,1.0
HD 63935 c,3.06451296,11.1,21.4027,0.148,619.59,2.11,5513.0,0.7679978425171763,0.107,35.06038998024088,0.2587326759726914,0.9845155801777972,0.0249640492300994,False,False,False,True,False,1,1.0
NGTS-35 b,10.9,152.0,22.733983275,0.16,451.0,1.42,4717.0,0.2529996963871099,0.085,9.882414608300843,0.2887499619305979,0.7786760118750988,0.0241832532354151,False,False,False,True,False,1,1.0
HD 219134 d,1.61,16.17,22.733983275,0.16794,410.5,1.42,4699.0,0.264600097572747,0.11,9.381370849819108,0.4956102547294569,0.7720389921842027,0.0872714161312798,False,False,False,True,False,1,1.0
HD 219134 f,1.31,7.3,22.717,0.1463,522.6,1.42,4699.0,0.264600097572747,0.11,12.36178134664632,0.4515784185001646,0.7720389921842027,0.0917621138920492,False,False,False,True,False,1,1.0
HD 224018 c,2.42,10.4,22.733983275,0.16794,641.0,4.0,5784.0,1.3299949746492488,0.05,47.15484310110653,0.2469449944657727,0.999992000032,0.0872714161312798,False,False,True,False,False,1,1.0
HD 23472 b,2.0,8.32,17.667087,0.1162,543.0,6.15,4684.0,0.2370009026049562,-0.2,17.551150122113793,0.3679564770559893,0.7664670604582189,0.1734399349337529,False,False,False,True,False,1,1.0
HD 23472 c,1.87,3.41,22.733983275,0.1646,467.0,3.1,4684.0,0.2370009026049562,-0.2,8.74730578858899,0.4778112216817734,0.7664670604582189,0.0611041566105191,False,False,False,True,False,1,1.0
HD 23472 e,0.818,0.72,7.90754,0.068,723.0,6.840423374999999,4684.0,0.2370009026049562,-0.2,51.243438401071614,0.2697447477555426,0.7664670604582189,0.1729221870149064,False,False,False,True,False,1,1.0
K2-416 b,2.66,733.625075,13.102,0.088,447.0,1.42,3746.0,0.0536994700809239,0.07,6.933437066613806,0.4761577855396844,0.3994922597173087,0.2757472840337769,False,False,False,False,True,1,1.0
K2-285 d,2.48,6.5,10.45582,0.1178,619.9,1.42,4975.0,0.9413067829119812,0.0,67.82804693756242,0.2196341778981851,0.8665019764346735,0.2996360731175781,False,False,False,True,False,1,1.0
K2-285 e,1.95,10.7,14.76289,0.16794,500.9,1.42,4975.0,0.9413067829119812,0.0,33.37394088269226,0.3065276993862186,0.8665019764346735,0.4621260487982032,False,False,False,True,False,1,1.0
K2-292 b,2.63,24.5,16.9841,0.13,795.0,6.840423374999999,5725.0,0.9413067829119812,0.07,55.69533062611567,0.2178378625149171,0.9993759725639372,0.0069222536409515,False,False,True,False,False,1,1.0
K2-3 b,2.078,5.11,10.0546535,0.0747,501.3,3.11,3844.0,0.0587002566392466,-0.157,10.517704720627457,0.4350460922795242,0.4355305995084893,0.25912404133475,False,False,False,False,True,1,1.0
K2-3 c,1.582,2.68,22.733983275,0.1357,371.8,3.7,3844.0,0.0587002566392466,-0.157,3.187547908811913,0.686095723427771,0.4355305995084893,0.1903694045073411,False,False,False,False,True,1,1.0
TOI-757 b,2.5,10.5,17.46819,0.122,641.0,3.6,5278.0,0.4200006862466315,-0.27,28.21637126279016,0.2894615037463578,0.9459594689067654,0.1001866037618458,False,False,False,True,False,1,1.0
TOI-763 c,2.63,9.32,12.2737,0.1011,800.0,2.82,5450.0,0.9413067829119812,0.01,92.08446929890712,0.1843698528646608,0.9763759661197524,0.0384814562849879,False,False,True,False,False,1,1.0
TOI-782 b,2.734,19.1,8.0240015,0.0578,435.0,1.42,3370.0,0.0198399238087285,0.34,5.936826361743399,0.497358655182267,0.2756708891049099,0.3964737278905799,False,False,False,True,False,1,1.0
TOI-815 b,2.94,7.6,11.197259,0.0903,686.0,1.64,4869.0,0.9413067829119812,-0.09,115.42567683642744,0.1727664892859702,0.8322536640111635,0.105852185579696,False,False,False,True,False,1,1.0
EPIC 229004835 b,2.332,10.4,16.141132,0.1237,804.0,4.49,5868.0,0.9413067829119812,-0.12,61.51250420102485,0.2163694705148957,0.9982016190284372,0.0135713711599079,False,False,False,True,False,1,1.0
G 9-40 b,1.9,4.0,5.7459982,0.0418,440.6,3.2,3395.0,0.0109599860153368,-0.07,6.2691541294884185,0.5313375116133897,0.2831068505297182,0.5258668891244322,False,False,False,True,False,1,1.0
EPIC 220674823 c,2.84,7.32,13.33989,0.1073,804.0,1.72,5578.0,0.9413067829119812,-0.005,81.75117900556448,0.1879539572581202,0.9911505004882848,0.0332989354620934,False,False,False,True,False,1,0.9995454545454545
TOI-1451 b,2.61143902,15.2,16.537944,0.127,723.33,4.67,5801.0,1.058010554122454,0.019,65.5927187924646,0.2115895349466397,0.999882451353828,0.0003712407785195,False,False,False,True,False,1,0.9995454545454545
Kepler-102 d,1.154,3.0,10.311767,0.08618,686.0,6.840423374999999,4909.0,0.9413067829119812,0.11,126.72425229083176,0.2048651801701699,0.8455114609045353,0.0951328058833988,False,False,False,True,False,1,0.9995454545454545
Kepler-20 f,0.952,1.4,19.578328,0.1387,681.0,6.840423374999999,5495.0,0.9413067829119812,0.07,48.92780032902351,0.2853149093673853,0.9823598855305324,0.0321297610540874,False,False,False,True,False,1,0.9995454545454545
Kepler-20 c,2.894,11.1,10.8540774,0.0936,828.0,2.51,5495.0,0.9413067829119812,0.07,107.43107511469822,0.1697290536236596,0.9823598855305324,0.0321400557993959,False,False,False,True,False,1,0.9995454545454545
Kepler-102 c,0.567,1.7,7.071392,0.06702,777.0,6.840423374999999,4909.0,0.9413067829119812,0.11,209.5200858071233,0.1549236773264525,0.8455114609045353,0.0949329278014311,False,False,False,True,False,1,0.9995454545454545
HD 224018 b,0.91,4.1,10.6413,0.0952,968.0,6.840423374999999,5784.0,1.3299949746492488,0.05,146.73313165533787,0.1808593582285994,0.999992000032,0.0070936311215787,False,False,True,False,False,1,0.999375
HD 73583 c,2.39,9.7,18.87974,0.1242,498.0,3.88,4511.0,0.9413067829119812,0.0,61.01826340097267,0.240683809291211,0.6999608396303131,0.1443826717100696,False,False,False,True,False,1,0.9992857142857143
TOI-776 b,1.798,5.0,8.24662,0.0653,520.0,4.8,3725.0,0.9413067829119812,-0.21,220.70033291489304,0.1662719612534491,0.3919487364043025,0.2619261665668832,False,False,False,True,False,1,0.9992857142857143
TOI-776 c,2.047,6.9,15.665323,0.1001,420.0,4.4,3725.0,0.9413067829119812,-0.21,93.93332437668272,0.2240711920130481,0.3919487364043025,0.2631992781770094,False,False,False,True,False,1,0.9992857142857143
TOI-270 d,2.0,4.2,11.38194,0.054235,383.0,2.9,3506.0,0.9413067829119812,0.07,319.9073933435463,0.1527869726070614,0.3175539494503061,0.7821463403811829,False,False,False,True,False,1,0.9991666666666668
K2-266 e,2.73,14.3,19.482,0.1249,490.1,2.21,4285.0,0.1502000232866065,-0.12,9.627583296633135,0.4211478326470108,0.6093611155535592,0.1643291010575929,False,False,False,True,False,1,0.9990000000000001
K2-266 d,2.93,8.9,14.697,0.1035,538.3,2.03,4285.0,0.1502000232866065,-0.12,14.02002410908049,0.3614879686259772,0.6093611155535592,0.1643325047793049,False,False,False,True,False,1,0.9990000000000001
K2-266 c,0.705,0.29013072,7.814,0.0679,664.5,1.42,4285.0,0.1502000232866065,-0.12,32.57138777220124,0.3100066260755454,0.6093611155535592,0.1645197975613269,False,False,False,True,False,1,0.9990000000000001
HD 63433 c,2.692,15.539,20.5438281,0.054235,678.92,4.63,5553.0,0.7479972479493335,-0.07,254.21026828189005,0.1362419021164537,0.9888130446112332,1.2947667569892327,False,False,True,False,False,1,0.9988888888888888
TOI-4529 b,1.77,4.9,5.879577,0.054235,511.0,4.8,3697.0,0.0386696285163702,-0.24,13.1420492073433,0.4190969762476614,0.3819953325564237,0.209631689000285,False,False,False,False,True,1,0.9988888888888888
HD 136352 b,1.664,4.72,11.57797,0.0964,905.0,5.623888,5664.0,1.0380063253450658,-0.24,111.6861193016826,0.1859855182572916,0.997116166260315,0.049800769944732,False,False,False,True,False,1,0.99875
Kepler-1655 b,2.213,5.4,11.8728787,0.1029,938.0,2.72,6148.0,0.9413067829119812,-0.24,88.89133416422455,0.1866900409300476,0.970035876368056,0.0133021139234272,False,False,False,True,False,1,0.99875
TOI-4600 c,9.42,733.625075,22.733983275,0.16794,191.0,1.42,5170.0,0.4200006862466315,0.16,14.891083680628228,0.2680745192068624,0.9211360299294344,0.0872714161312798,False,False,False,True,False,1,0.99875
HD 23472 f,1.137,0.77,12.1621839,0.0906,630.0,3.0,4684.0,0.2370009026049562,-0.2,28.8695955110942,0.3400441516944044,0.7664670604582189,0.1732660122671755,False,False,False,True,False,1,0.99875
Kepler-62 c,0.54,4.0,12.4417,0.0929,578.0,1.42,4925.0,0.2098939883623524,-0.37,24.31746242645784,0.3327661554485095,0.8507041259997818,0.1603646500940004,False,False,False,True,False,1,0.99875
TOI-220 b,3.03,13.8,10.695264,0.08911,805.0,2.73,5298.0,0.9413067829119812,-0.217,118.5287246006983,0.1635667383977357,0.9500886338026268,0.0833161097587018,False,False,False,True,False,1,0.99875
TOI-561 c,2.865,5.93,10.778838,0.0889,802.0,1.3,5599.0,0.9413067829119812,0.07,119.08929328952308,0.1657552895805456,0.9929050665039784,0.0931388606867534,False,False,False,True,False,1,0.9985454545454546
Kepler-539 b,8.373123,308.2951,22.733983275,0.16794,387.6,2.9,5820.0,0.9413067829119812,-0.01,33.37394088269226,0.2195632904590553,0.9996080768219616,0.0872714161312798,False,False,True,False,False,1,0.9984615384615384
TOI-2447 b,9.60609646,124.90656395,22.733983275,0.16794,414.0,1.42,5730.0,0.9413067829119812,0.18,33.37394088269226,0.2080272149250133,0.9994881310496332,0.0872714161312798,False,False,False,True,False,1,0.9984615384615384
KOI-1257 b,10.54,460.83,22.733983275,0.16794,511.0,2.1,5520.0,0.9413067829119812,0.27,33.37394088269226,0.1937166069906025,0.9853168641979192,0.0872714161312798,False,False,True,False,False,1,0.9984615384615384
NGTS-30 b,10.40193409,305.11527072,22.733983275,0.16794,500.0,1.42,5455.0,0.9413067829119812,-0.03,33.37394088269226,0.1953962097472605,0.9770824668888864,0.0872714161312798,False,False,False,True,False,1,0.9984615384615384
K2-287 b,9.494023,100.11645,14.893291,0.1206,804.0,1.42,5695.0,0.9413067829119812,0.2,64.71526197440154,0.1451723343812543,0.9984702823237644,0.0232274191947648,False,False,False,True,False,1,0.9984615384615384
Kepler-38 b,4.3,122.0,22.733983275,0.16794,475.0,1.42,5623.0,0.9413067829119812,-0.11,33.37394088269226,0.2549671603772692,0.9946753376491664,0.0872714161312798,False,False,True,False,False,1,0.9984615384615384
TOI-2449 b,11.24,222.0,22.733983275,0.16794,400.0,1.42,6021.0,0.9413067829119812,-0.03,33.37394088269226,0.1996615466517533,0.9869637181013964,0.0872714161312798,False,False,True,False,False,1,0.9983333333333334
K2-32 d,3.484,6.7,22.733983275,0.16794,550.0,0.87,5271.0,0.9413067829119812,-0.06,33.37394088269226,0.2612850184163109,0.9444788359194438,0.0872714161312798,False,False,False,True,False,1,0.9983333333333334
CoRoT-9 b,11.948794,266.9772,22.733983275,0.16794,420.0,0.86,5625.0,0.9413067829119812,-0.01,33.37394088269226,0.1940871829210666,0.9948115069707631,0.0872714161312798,False,False,False,True,False,1,0.9983333333333333
TOI-421 c,5.09,14.1,16.067541,0.117,635.0,0.589957,5291.0,0.9413067829119812,-0.044,68.75871314185399,0.1804492190607059,0.948660563703242,0.0821140873418173,False,False,True,False,False,1,0.9983333333333333
TOI-1448 b,2.749,19.5,8.112245,0.0567,426.0,1.42,3412.0,0.0175800457119695,0.37,5.466619104499687,0.5105800566678208,0.2882318113101786,0.4308560042196906,False,False,False,True,False,1,0.9983333333333333
TOI-5678 b,4.91,20.0,22.733983275,0.16794,513.0,1.42,5485.0,0.9413067829119812,0.0,33.37394088269226,0.2419233108168443,0.9811032692830216,0.0872714161312798,False,False,True,False,False,1,0.9983333333333333
Kepler-68 c,0.979,1.3,9.605027,0.09008,1052.0,6.840423374999999,5847.0,0.9413067829119812,0.11,115.99009790957372,0.1937262580432882,0.998942559484671,0.0240345920135159,False,False,False,True,False,1,0.9983333333333333
TOI-7510 d,10.52,190.0,22.733983275,0.16794,542.4,0.89,5720.0,1.026006235060247,0.25,36.37695176087581,0.1860856676735873,0.9992527237944844,0.0872714161312798,False,False,True,False,False,1,0.9983333333333333
TOI-4994 b,8.54124329,88.99195396,21.491984,0.1515,717.6,0.78,5640.0,1.0199995965937203,0.165,44.43813388490607,0.1741849324368575,0.995776942292958,0.001864793132191,False,False,False,True,False,1,0.998
Kepler-454 b,2.37,5.4,10.5737534,0.09528,916.0,2.23,5687.0,0.9413067829119812,0.32,103.67638720187072,0.1757083716406822,0.9981614699485422,0.0137112346914686,False,False,False,True,False,1,0.998
TOI-1774.01,2.78,8.5,16.70988,0.054235,824.0,1.42,5746.0,0.9413067829119812,-0.02,319.9073933435463,0.1195369181742516,0.999772470333246,1.1154208680179194,False,False,False,True,False,1,0.998
K2-280 b,7.5,37.1,19.89526,0.1461,787.0,0.48,5500.0,0.9413067829119812,0.33,44.09713869169192,0.1774878787675992,0.9829724140774104,0.0216247490115065,False,False,False,True,False,1,0.998
GJ 1132 b,1.19151465,1.83704819,1.62892911,0.0157,583.8,5.97,3324.375,0.004770017803572,-0.17,19.273577936773272,0.3903584728595703,0.2624121207096917,0.6324086775383954,False,False,False,True,False,1,0.998
TOI-6628 b,10.98480109,235.19302118,18.18424,0.134,833.0,0.98,5463.0,0.8169961312356584,0.36,45.497362100331806,0.1545038261650999,0.9781913242622374,0.0128901865194722,False,False,False,True,False,1,0.9978571428571428
TOI-512 b,1.54,3.57,7.18886,0.054235,1009.0,5.623888,5277.0,0.5534010769913609,-0.11,188.0758741227212,0.1546527172829999,0.9457490688802636,0.3837064638005353,False,False,False,True,False,1,0.9978571428571428
HD 17156 b,12.26262489,733.625075,21.2164294,0.1632,888.0,3.08,6046.0,1.9784731875085524,0.208,74.28028384608331,0.1251953329575703,0.9841658111209566,0.1099675281079094,False,False,False,True,False,1,0.9975
Kepler-51 c,9.0,4.0,22.733983275,0.16794,439.0,0.03,6018.0,0.9413067829119812,0.07,33.37394088269226,0.2096876790669014,0.9872815715902904,0.0872714161312798,False,False,False,True,False,1,0.9975
HD 224018 d,2.4,4.2,22.733983275,0.16794,411.0,1.7,5784.0,1.3299949746492488,0.05,47.15484310110653,0.2720375176628375,0.999992000032,0.0872714161312798,False,False,True,False,False,1,0.9975
TOI-6692 b,11.67975789,197.05361234,22.733983275,0.16794,467.0,1.42,5890.0,1.9784731875085524,-0.008,70.14657537432869,0.1501148029772484,0.9972163260698456,0.0872714161312798,False,False,False,True,False,1,0.9974999999999998
Kepler-849 b,8.08167508,298.75870258,22.733983275,0.16794,362.7,3.09,5950.0,1.9784731875085524,0.145,70.14657537432869,0.1763033519281708,0.9934473406976726,0.0872714161312798,False,False,False,True,False,1,0.9972727272727272
TOI-1803 b,2.99,10.32,6.293287,0.06,747.0,2.15031,4687.0,0.2219984795437013,0.014,61.64911956226084,0.2072771454584389,0.7675843610459832,0.1375753176280302,False,False,False,True,False,1,0.9971428571428572
TOI-1470 b,2.18,7.32,2.527093,0.0285,734.0,3.86,3709.0,0.0376001865805907,0.0,46.23447473789211,0.2466693122339248,0.3862462257950891,0.3061395415671565,False,False,False,False,True,1,0.9966666666666667
TOI-771 b,1.36,2.47,2.3260155,0.0208,543.0,5.4,3370.0,0.0062599375406248,-0.13,14.435793609041747,0.4237862174760409,0.2756708891049099,0.6186708858593437,False,False,False,False,True,1,0.9966666666666667
TOI-1648 b,2.54,7.4,7.331602,0.0694,799.0,2.49,4850.0,0.9413067829119812,0.2,195.39888713153695,0.1450007389057216,0.8258234888177327,0.0809180878884308,False,False,False,True,False,1,0.9966666666666667
TOI-2537 b,11.25381662,415.40172795,22.733983275,0.16794,338.0,1.6,4870.0,0.3010024288370056,0.08,10.67201198155219,0.2952321709229508,0.8325897773991572,0.0872714161312798,False,False,False,True,False,1,0.9966666666666667
TOI-1201 b,2.415,6.28,2.4919863,0.0287,703.0,2.45,3476.0,0.0340000847825859,0.05,41.22771560536194,0.2526233605426857,0.3080168194520862,0.2855028795288151,False,False,False,False,True,1,0.9966666666666667
HD 3167 c,3.0,11.13,22.733983275,0.16794,564.0,2.11,5261.0,0.9413067829119812,0.04,33.37394088269226,0.2699300204795318,0.9423320653314904,0.0872714161312798,False,False,False,True,False,1,0.9966666666666666
PH2 b,9.33708092,87.08498352,22.733983275,0.16794,295.1,0.58,5734.0,0.8739971168862254,0.017,30.987483188391987,0.2286232963490566,0.9995698703100876,0.0872714161312798,False,False,False,True,False,1,0.9966666666666666
HD 191939 b,3.41,10.0,8.8803256,0.0804,880.0,1.4,5348.0,0.6499949761981433,-0.15,100.53811138442718,0.1639295778247262,0.95974381559472,0.0558084266411723,False,False,True,False,False,1,0.9966666666666666
TOI-2529 b,11.54525012,733.625075,22.733983275,0.16794,636.0,1.42,5802.0,1.9784731875085524,0.1,70.14657537432869,0.1408399059149251,0.9998720081916505,0.0872714161312798,False,False,False,True,False,1,0.9966666666666666
HD 260655 b,1.24,2.14,2.76953,0.02933,709.0,6.2,3803.0,0.0363103136179867,-0.425,42.16006965928988,0.2880618333400905,0.4202920065649512,0.348303830786504,False,False,False,False,True,1,0.99625
L 98-59 b,0.837,0.46,2.253114,0.0223,620.0,4.3,3415.0,0.0122000047566076,-0.425,24.483743917412934,0.3566562989486218,0.2891419440527083,0.5092407141826583,False,False,False,False,True,1,0.99625
LHS 1140 c,1.272,1.91,3.77794,0.027,422.0,5.1,3324.375,0.0037999685303685,-0.15,5.205436342970616,0.6128410171422732,0.2624121207096917,0.7177566103615962,False,False,False,False,True,1,0.99625
LP 791-18 c,2.438,7.1,4.9899093,0.02961,324.4,1.42,3324.375,0.0023000114603619,-0.09,2.620342873986751,0.6711154530612133,0.2624121207096917,0.8425955207378568,False,False,False,False,True,1,0.99625
K2-415 b,1.015,7.5,4.0179694,0.027,412.4,1.42,3324.375,0.003510023305013,-0.13,4.8082511027575725,0.6550462545699693,0.2624121207096917,0.7707933403009756,False,False,False,False,True,1,0.99625
KOI-3503 b,1.19,9.2,21.185,0.054235,785.0,6.840423374999999,6001.0,0.9413067829119812,0.07,319.9073933435463,0.1451063122476048,0.9890099478773904,1.3214527674481458,False,False,False,True,False,1,0.9962121212121211
TOI-2134 c,7.27,41.89,22.733983275,0.16794,306.0,0.599,4580.0,0.1919994567954288,0.12,6.807322157795224,0.3916482046007381,0.7269233631372192,0.0872714161312798,False,False,False,True,False,1,0.996
HD 22946 d,2.607,26.57,22.733983275,0.16794,546.0,6.840423374999999,6169.0,0.9413067829119812,-0.08,33.37394088269226,0.2813932348139552,0.9665970654219316,0.0872714161312798,False,False,False,True,False,1,0.996
TOI-1439 b,4.2427861,38.5,22.733983275,0.16794,748.4,2.76,5841.0,1.9784731875085524,0.226,70.14657537432869,0.1813063341516249,0.9991183888476703,0.0872714161312798,False,False,False,True,False,1,0.996
EPIC 249893012 c,3.67,14.67,15.624,0.13,990.0,1.62,5430.0,0.9413067829119812,0.2,55.69533062611567,0.1895377915526984,0.9734469010825562,0.0793863964560423,False,False,True,False,False,1,0.99575
KOI-3680 b,11.09691,613.4119,22.733983275,0.16794,347.0,2.46,5830.0,0.9413067829119812,0.16,33.37394088269226,0.205874073664805,0.9993992916086848,0.0872714161312798,False,False,False,True,False,1,0.9957142857142857
TOI-815 c,2.62,23.5,22.733983275,0.16794,469.0,6.840423374999999,4869.0,0.9413067829119812,-0.09,33.37394088269226,0.2902794108706126,0.8322536640111635,0.0872714161312798,False,False,False,True,False,1,0.995
K2-329 b,8.675766,82.6358,12.4551225,0.1016,650.0,0.694,5282.0,0.4729987575981305,0.098,45.81740771576186,0.1756826898208703,0.9467973291946644,0.0447938535235594,False,False,False,True,False,1,0.995
Kepler-1654 b,9.180171,158.915,22.733983275,0.16794,206.0,1.2,5597.0,1.230013845359849,-0.088,43.61002183893865,0.194393131764082,0.9927462144018449,0.0872714161312798,False,False,True,False,False,1,0.995
CoRoT-24 c,5.0,28.0,11.759,0.098,850.0,1.3,4950.0,0.9413067829119812,0.3,98.00174730994075,0.1504926769839617,0.8586859700761011,0.041839726732579,False,False,False,True,False,1,0.995
TOI-2076 c,3.69441587,55.0,21.015327,0.142,543.16,6.0,5192.0,0.4189961187278658,0.02,20.77838426619717,0.3004209449797762,0.9265287321689696,0.0630063390613983,False,False,False,True,False,1,0.995
K2-3 d,1.458,2.2,22.733983275,0.16794,305.2,1.42,3844.0,0.0587002566392466,-0.157,2.081211917773112,0.800434799436924,0.4355305995084893,0.0872714161312798,False,False,False,False,True,1,0.995
HIP 9618 b,3.82838127,8.3,20.772858,0.145,640.88,0.81,5649.0,0.8480080988896919,-0.018,40.33140392322324,0.2316400853280542,0.9963088291813024,0.0256998634498138,False,False,False,True,False,1,0.995
TOI-1453 c,2.224,2.95,6.5886982,0.054235,819.8,1.472135,4975.0,0.9413067829119812,-0.31,319.9073933435463,0.1262066151965348,0.8665019764346735,0.3081985828109533,False,False,False,True,False,1,0.995
TOI-1823 b,7.5406241,67.4,22.733983275,0.16794,423.63,0.86,4927.0,0.3460031080840723,0.243,12.267506708814809,0.3057147791709882,0.8513486366150869,0.0872714161312798,False,False,False,True,False,1,0.995
TOI-260 b,1.71,4.23,13.475853,0.0943,493.0,4.66,4026.0,0.0872991469528128,-0.425,9.816072987411331,0.4651548071970393,0.505548146376381,0.2101983350059687,False,False,False,True,False,1,0.995
TOI-1751 b,2.9507845,19.5,22.733983275,0.16794,651.64,4.13,5970.0,1.9784731875085524,-0.373,70.14657537432869,0.2058549015691322,0.991841462993374,0.0872714161312798,False,False,False,True,False,1,0.995
TOI-1231 b,3.65,15.4,22.733983275,0.1288,329.6,1.74,3553.0,0.0326001801496556,0.041,1.9649979234821764,0.6467939471094933,0.3328248548135349,0.2583319163067768,False,False,False,False,True,1,0.995
GJ 1214 b,2.733,8.41,1.580404531,0.01505,567.0,2.26,3324.375,0.0038999586287443,0.24,17.142486912206813,0.3413924014344557,0.2624121207096917,0.6506280348586272,False,False,False,True,False,1,0.995
K2-115 b,11.80305668,321.00669107,20.2729914,0.1415,696.0,1.07,5870.0,0.7799917335363439,-0.198,38.954302300393,0.1660364295183752,0.9981208788741216,0.0363735880326463,False,False,False,True,False,1,0.9948333333333333
TOI-836.01,2.587,9.6,8.59545,0.075,665.0,3.06,4552.0,0.9413067829119812,-0.284,167.31368341841116,0.1587984495104694,0.7160416889765631,0.1179282707863366,False,False,False,True,False,1,0.9948214285714286
NGTS-11 b,9.157753,109.33352,22.733983275,0.16794,435.0,0.78,5050.0,0.9413067829119812,0.22,33.37394088269226,0.2089804858571604,0.8888967230871108,0.0872714161312798,False,False,False,True,False,1,0.9947777777777778
Kepler-117 c,12.341,584.78,22.733983275,0.16794,704.0,1.74,6150.0,0.9413067829119812,-0.04,33.37394088269226,0.1717319221541123,0.9697160328339264,0.0872714161312798,False,True,False,False,False,1,0.9946944444444444
HD 207496 b,2.25,6.1,6.441008,0.0629,743.0,3.17,4819.0,0.9413067829119812,0.095,237.85930265299305,0.1422545270658269,0.815157807577445,0.0964279513687385,False,False,False,True,False,1,0.9945454545454545
HD 332231 b,9.07303305,74.1,18.712024,0.145,798.3,0.55,6128.0,1.9784731875085524,0.043,94.09650848989595,0.1303374704649178,0.973144963058051,0.0650199167666799,False,False,False,True,False,1,0.9945454545454545
TOI-2180 b,11.32107051,733.625075,22.733983275,0.16794,348.0,3.32,5695.0,1.9784731875085524,0.253,70.14657537432869,0.1604750939608794,0.9984702823237644,0.0872714161312798,False,False,True,False,False,1,0.9944444444444446
TOI-1221 b,2.91,733.625075,22.733983275,0.16794,440.0,1.42,5592.0,0.9413067829119812,0.06,33.37394088269226,0.2866256179839688,0.9923414770836892,0.0872714161312798,False,False,False,True,False,1,0.9942948717948716
TOI-257 b,7.16253867,43.86032017,18.38818,0.1528,1027.0,0.65,6095.0,1.9784731875085524,0.175,84.73539531336685,0.1357866597615479,0.9779165997733792,0.148423419355948,False,False,False,True,False,1,0.9942045454545455
Kepler-46 b,9.057,733.625075,22.733983275,0.16794,543.0,6.840423374999999,5155.0,0.5559042572704036,0.41,19.709531637693733,0.2369995790220425,0.9173640458997064,0.0872714161312798,False,False,False,True,False,1,0.9940277777777777
K2-79 b,4.09,9.2,10.9947,0.0988,1022.0,0.73,5897.0,0.9413067829119812,0.035,96.42126178619088,0.1525035250042012,0.9968580573761414,0.0270555688170602,False,False,False,True,False,1,0.9940000000000001
TOI-2443 b,2.363,4.8,15.66858,0.105,519.0,2.0,4375.0,0.1364991666672267,-0.29,12.379753915039611,0.3988515789348452,0.6456974540922417,0.2011718666720415,False,False,False,True,False,1,0.9940000000000001
HIP 41378 b,2.595,6.89,15.57208,0.054235,959.0,2.17,6320.0,0.9413067829119812,-0.1,319.9073933435463,0.1169981876943793,0.9368042885019808,1.054198872577805,False,False,False,True,False,1,0.9938333333333332
TOI-5388.01,0.99,2.2,2.5946748,0.054235,488.0,6.840423374999999,3440.0,0.0113399202417835,-0.36,3.853923493518381,0.6726203174057999,0.2967928409141899,0.4940455828443254,False,False,False,False,True,1,0.99375
TOI-4406 b,11.2089807,95.3485221,22.733983275,0.16794,904.0,1.42,6219.0,1.9784731875085524,0.1,70.14657537432869,0.1305542268821064,0.9577025881442326,0.0872714161312798,False,False,False,True,False,1,0.9936666666666667
HD 23472 d,0.75,0.55,3.97664,0.04298,909.0,6.840423374999999,4684.0,0.2370009026049562,-0.2,128.227785462074,0.1855034021439656,0.7664670604582189,0.1722654955967339,False,False,False,True,False,1,0.9935833333333334
K2-419 A b,10.55,196.0,20.35847252,0.1208,377.0,0.916,3711.0,0.052900527177961,-0.11,3.624902846579817,0.4017834809215105,0.3869568851654052,0.2460025974206739,False,False,False,True,False,1,0.9935714285714287
K2-73 b,2.58,9.2,7.49556,0.054235,968.0,2.8,5867.0,0.9413067829119812,0.04,319.9073933435463,0.1168808501782163,0.99824132606034,0.4199049353854812,False,False,False,True,False,1,0.9935
HD 191939 d,2.995,2.8,22.733983275,0.16794,540.0,0.57,5348.0,0.6499949761981433,-0.15,23.04550897059905,0.3071145979250627,0.95974381559472,0.0872714161312798,False,False,True,False,False,1,0.9934999999999999
Wolf 503 b,2.043,6.26,6.00127,0.05706,790.0,2.92,4716.0,0.2109988071081483,-0.425,64.78628789793538,0.2201956795353724,0.7783087364796047,0.1615848896783875,False,False,False,True,False,1,0.9933333333333333
TOI-2120 b,2.122,6.8,5.7998164,0.0377,384.0,1.42,3324.375,0.0051699935348155,0.39,3.634978474724256,0.6187912925375427,0.2624121207096917,0.6663125628720801,False,False,False,True,False,1,0.9933333333333333
TOI-5720 b,1.09,4.3,1.4344555,0.018288,708.0,1.42,3325.0,0.0161499060417366,0.03,48.143868218587045,0.2824029121258616,0.2625910091390182,0.3632131091313617,False,False,False,False,True,1,0.9933333333333333
K2-285 c,3.53,15.68,7.138048,0.0824,741.4,1.95,4975.0,0.9413067829119812,0.0,138.61582251647548,0.1523895394491188,0.8665019764346735,0.1654430824815893,False,False,False,True,False,1,0.9932954545454545
KOI-94 d,11.27,106.0,22.342989,0.16794,806.0,0.363,6182.0,1.9784731875085524,0.0228,70.14657537432869,0.134118554255081,0.9643796614552418,0.1023359882482325,False,False,False,True,False,1,0.9930454545454545
EPIC 249893012 d,3.94,10.18,22.733983275,0.16794,752.0,0.91,5430.0,0.9413067829119812,0.2,33.37394088269226,0.2354132774147789,0.9734469010825562,0.0872714161312798,False,False,True,False,False,1,0.993
GJ 806 b,1.331,1.9,0.9263237,0.01406,940.0,4.4,3600.0,0.0259848371862989,-0.28,130.7850128863126,0.1827925972597869,0.3484878197132323,0.2936784241484361,False,False,False,False,True,1,0.993
TOI-4010 d,6.18,38.15,14.70886,0.113,650.0,0.9,4960.0,0.9413067829119812,0.37,73.71235574878474,0.1660558782646243,0.8618326038707972,0.0507090805055889,False,False,False,True,False,1,0.99275
KOI-134 b,12.03844527,346.43296363,22.733983275,0.16794,659.0,1.42,6160.0,1.9784731875085524,0.427,70.14657537432869,0.1379063388868436,0.9680925802201416,0.0872714161312798,False,True,False,False,False,1,0.9923611111111111
TOI-1898 b,9.39553231,129.0,22.733983275,0.16794,674.54,0.85,6241.0,1.9784731875085524,-0.095,70.14657537432869,0.1479179860637854,0.9534793077356823,0.0872714161312798,False,False,False,True,False,1,0.9918333333333332
TOI-5817 b,3.08,10.3,15.61031,0.1223,950.0,1.93,5770.0,1.9784731875085524,-0.24,132.2660001583438,0.1507049213461675,0.9999857778789132,0.0006364168420585,False,False,True,False,False,1,0.991702380952381
TOI-1468 b,1.401,3.04,1.8805201,0.02107,683.5,6.1,3376.0,0.0161398687982425,-0.01,36.27385952337593,0.2981359735753036,0.2774445398344001,0.4243528518941947,False,False,False,True,False,1,0.9916666666666667
TOI-2406 b,2.86,15.6,3.0766891,0.02267,449.0,1.42,3324.375,0.0034500071886717,-0.26,6.699968070682598,0.4720408524478976,0.2624121207096917,0.7549478003913079,False,False,False,True,False,1,0.9916666666666667
TOI-4127 b,12.28504285,731.0053361,22.733983275,0.16794,605.1,2.17,6096.0,1.9784731875085524,0.14,70.14657537432869,0.1397510700426662,0.9777786146112598,0.0872714161312798,False,True,False,False,False,1,0.9916666666666666
TOI-1728 b,5.05,26.78,3.49151,0.0391,767.0,1.14,3980.0,0.087999458550589,0.25,57.523129375928384,0.183392836003854,0.4875312495835143,0.18183751075535,False,False,False,False,True,1,0.991577380952381
TOI-5218 b,9.86,657.0,4.291452,0.0469,783.0,1.42,4230.0,0.1499995651382039,0.41,68.16272085385594,0.1420137415090591,0.5871282495315538,0.1254546147585717,False,False,False,True,False,1,0.9915277777777777
TOI-2010 b,11.81426566,408.7273314,22.733983275,0.16794,400.2,1.36,5929.0,1.2990025391923234,0.168,46.056009301619504,0.1770732656168948,0.9949459261393732,0.0872714161312798,False,True,False,False,False,1,0.99125
L 98-59 c,1.329,2.0,3.6906764,0.0309,526.0,4.7,3415.0,0.0122000047566076,-0.425,12.76404803947196,0.445294639617623,0.2891419440527083,0.5289128435709906,False,False,False,False,True,1,0.99125
TOI-5688 A b,10.3,124.0,2.94815527,0.03379,742.0,0.61,3713.0,0.0591003428096736,0.47,51.717010369571135,0.1554313710260312,0.3876681628985271,0.2230575139821388,False,False,False,True,False,1,0.9911944444444444
K2-290 c,11.276254,246.00042,22.733983275,0.16794,676.0,1.01,6302.0,0.9413067829119812,-0.06,33.37394088269226,0.1782529598135056,0.940807350451026,0.0872714161312798,False,False,False,True,False,1,0.9911666666666666
K2-199 b,1.73,6.9,3.2253993,0.0382,913.0,6.840423374999999,4491.0,0.1849992637393874,-0.01,126.69099856146076,0.1765518119275403,0.6920604304066663,0.1436083340611517,False,False,False,True,False,1,0.9910119047619047
Kepler-62 b,1.31,9.0,5.714932,0.0553,750.0,1.42,4925.0,0.2098939883623524,-0.37,68.61321123679015,0.2398798808319396,0.8507041259997818,0.1598761141293001,False,False,False,True,False,1,0.991
NGTS-20 b,11.99360935,733.625075,22.733983275,0.16794,688.0,1.42,5980.0,0.9413067829119812,0.15,33.37394088269226,0.1741905171664331,0.9909734307508984,0.0872714161312798,False,False,True,False,False,1,0.9907142857142857
K2-25 b,3.44,24.5,3.48456408,0.0287,494.0,1.42,3324.375,0.0081599970171592,0.15,9.89462345506708,0.3934535870070053,0.2624121207096917,0.572223087030086,False,False,False,False,True,1,0.9905357142857143
TOI-286 b,1.42,4.53,4.5117244,0.0503,979.0,6.840423374999999,5152.0,0.3857980249576848,-0.05,152.42366923249858,0.1698241213580605,0.9166005053689772,0.0782385050277313,False,False,False,True,False,1,0.9904166666666667
TOI-1749 d,2.52,15.0,9.0497,0.0707,533.0,1.42,3985.0,0.9413067829119812,-0.26,188.2805611996386,0.1614966605681122,0.4894803852090567,0.2393093583186271,False,False,False,False,True,1,0.9903749999999999
TOI-1670 c,11.06326395,200.23189641,22.733983275,0.16794,684.0,0.81,6170.0,0.9413067829119812,0.09,33.37394088269226,0.1788026774877406,0.9664288921640458,0.0872714161312798,False,True,False,False,False,1,0.9902976190476189
Kepler-87 c,6.14,6.4,22.733983275,0.16794,403.0,0.152,5600.0,0.9413067829119812,-0.17,33.37394088269226,0.2386120086285851,0.9929838400972322,0.0872714161312798,False,False,False,True,False,1,0.9901666666666666
CoRoT-22 b,4.88,12.2,9.75598,0.092,885.0,0.249,5939.0,0.9413067829119812,0.17,111.19985622114368,0.1438594112898444,0.994256336049439,0.0379511953632351,False,False,True,False,False,1,0.99
WASP-130 b,9.97601,390.9309,11.55098,0.1012,833.0,2.34,5625.0,0.9413067829119812,0.26,91.90259185428287,0.1263188546598653,0.9948115069707631,0.0154691283312385,False,False,True,False,False,1,0.9898901098901098
TOI-521 b,1.98,5.3,1.54285047,0.0195,794.0,3.8,3544.0,0.0251999686210923,-0.12,66.09827835040625,0.2200100523303189,0.3298699184037524,0.3501017631662709,False,False,False,False,True,1,0.9898809523809524
KOI-3503 c,1.21,10.36,22.733983275,0.054235,686.0,6.840423374999999,6001.0,0.9413067829119812,0.07,319.9073933435463,0.1494114362229959,0.9890099478773904,1.3827299153624846,False,False,False,True,False,1,0.9897121212121212
TOI-2373 b,10.42435205,733.625075,13.33668,0.112,860.0,6.840423374999999,5651.0,1.1249934658505203,0.3,89.6766413591487,0.124663082437332,0.9964221934349112,0.0227224512482948,False,False,False,True,False,1,0.9895833333333333
KOI-1831 d,1.13,2.23,22.733983275,0.054235,475.0,6.840423374999999,5233.0,0.9413067829119812,0.07,319.9073933435463,0.1640839882433122,0.9361256635790416,1.3827299153624846,False,False,False,True,False,1,0.9893333333333334
HIP 29442 d,1.538,5.14,6.429575,0.0673,920.0,1.42,5289.0,0.9413067829119812,0.24,207.7806901792117,0.1532537809682657,0.9482491450706348,0.0071157382874989,False,False,False,True,False,1,0.9890357142857142
K2-32 b,5.299,15.0,8.992,0.0795,837.0,0.55,5271.0,0.9413067829119812,-0.06,148.91149423167587,0.1294417781749603,0.9444788359194438,0.0812832524445451,False,False,False,True,False,1,0.9890000000000001
K2-114 b,10.59248676,638.83509807,11.390931,0.0944,701.4,2.96,4899.0,0.3599979270433567,0.42,40.39310878862128,0.1693045533729459,0.8422334892785965,0.062952353135397,False,False,False,True,False,1,0.9887301587301587
TOI-1347 c,1.6,6.4,4.841962,0.054235,1000.0,4.1,5464.0,0.549996593976402,0.04,186.91884507887576,0.1541254329941365,0.978328063228096,0.0417737845883308,False,False,False,True,False,1,0.9883333333333334
K2-12 b,2.44,5.2,8.28246,0.0792,1026.0,1.6,5672.0,0.9413067829119812,0.0,150.04156803896635,0.1499952111807615,0.997506225745335,0.0149331531226774,False,False,False,True,False,1,0.9883333333333334
HD 110067 b,2.2,5.69,9.113678,0.0793,800.0,1.42,5266.0,0.9413067829119812,-0.2,149.663451712616,0.1637690749974137,0.9434100811411243,0.096214322155289,False,False,False,True,False,1,0.9883333333333333
GJ 3473 b,1.264,1.86,1.1980035,0.01589,773.0,5.03,3347.0,0.0149999565138203,0.11,59.17327014853872,0.251668591237884,0.268936436666552,0.3703176032041895,False,False,False,True,False,1,0.9883333333333333
HATS-72 b,8.0973816,39.855882,7.3279474,0.066517,739.3,0.411,4656.1,0.2193006909449796,0.099,49.55375246473121,0.1695788916067785,0.7560088960911099,0.1355907261841296,False,False,False,True,False,1,0.9882857142857143
KOI-1833 d,2.58,11.02,7.685,0.054235,613.0,4.5,4413.0,0.9413067829119812,0.07,319.9073933435463,0.1305664646140162,0.6609679020445866,0.4415344108616653,False,False,False,True,False,1,0.9877380952380953
Kepler-1514 b,12.419572,733.625075,22.733983275,0.16794,387.9,4.82,6145.0,1.9784731875085524,0.119,70.14657537432869,0.1528395631676471,0.9705126044352496,0.0872714161312798,False,False,False,True,False,1,0.9875
TOI-530 b,9.30345398,127.1313628,6.387597,0.052,565.0,0.93,3659.0,0.0490004422793235,0.376,18.114766092171376,0.2393649404274416,0.3686846691041016,0.3358244663575124,False,False,False,False,True,1,0.9875
HD 73583 b,2.79,10.2,6.398042,0.0604,714.0,2.58,4511.0,0.9413067829119812,0.0,257.9516335024995,0.1328165809321571,0.6999608396303131,0.1432494973129503,False,False,False,True,False,1,0.987224025974026
LP 890-9 c,1.367,25.3,8.457463,0.03984,272.0,1.42,3324.375,0.0014409867916197,-0.028,0.9072935177595198,0.9208755886032316,0.2624121207096917,0.92233682092169,False,False,False,False,True,1,0.9870357142857143
TOI-1052 b,2.87,16.9,9.139703,0.09103,1135.0,3.93,6146.0,0.9413067829119812,0.14,113.58204814118412,0.153986746424951,0.97035410032138,0.0807522419776017,False,False,False,True,False,1,0.9869166666666668
TOI-1246 d,3.43139739,5.4,18.654874,0.132,587.77,0.73,5213.0,0.4999999950079739,0.168,28.694404304618292,0.2714099084637549,0.931518816538117,0.0546600670017606,False,False,False,True,False,1,0.9866666666666666
K2-182 b,2.71257333,20.97667486,4.7369696,0.05174,965.8,5.7,5128.0,0.3879984583519935,0.022,144.8821731157638,0.1502653964618731,0.9103839103891423,0.0837916483528846,False,False,False,True,False,1,0.9866190476190476
TOI-5344 b,10.60369574,130.94530368,3.792622,0.04041,689.0,0.604,3747.0,0.0612999330224901,0.425,37.5159912990285,0.1740938780133274,0.3998531197235349,0.2107094972167667,False,False,False,True,False,1,0.9866111111111111
TOI-5349 b,10.2,127.4,3.317921,0.0369,719.0,0.66,3751.0,0.0629999202947419,0.5,46.23474089779316,0.1629262824022319,0.4012980387796098,0.2121449766683152,False,False,False,False,True,1,0.9863333333333333
TOI-733 b,1.992,5.72,4.884765,0.0618,1055.8,3.98,5585.0,0.8199927262703794,-0.04,214.6442962406496,0.1385105193677441,0.9917566090758984,0.1198732439189055,False,False,True,False,False,1,0.9863055555555555
LTT 3780 b,1.325,2.46,0.76837931,0.01195,903.0,5.8,3358.0,0.016499850149526,0.06,114.73966133777978,0.1929990551754326,0.2721444677582922,0.3020403189516995,False,False,False,True,False,1,0.98625
TOI-6008 b,1.03,4.0,0.8574347,0.010777,707.0,1.42,3324.375,0.0046910493309457,0.3,40.04524502498766,0.3029006238737547,0.2624121207096917,0.4611334325159406,False,False,False,False,True,1,0.98625
CoRoT-10 b,10.87,733.625075,13.2406,0.1055,600.0,3.7,5075.0,0.9413067829119812,0.26,84.56433760017799,0.136702146044641,0.8959916168705633,0.0488381670725346,False,False,False,True,False,1,0.9861202686202685
TOI-5110 b,11.98240037,733.625075,22.733983275,0.16794,976.0,2.95,6160.0,1.9784731875085524,0.065,70.14657537432869,0.125432131011678,0.9680925802201416,0.0872714161312798,False,False,False,True,False,1,0.9858333333333335
TOI-5153 b,11.88151954,733.625075,20.33003,0.158,906.0,1.42,6300.0,0.9413067829119812,0.12,37.70505839823677,0.157005346405759,0.9412448230150238,0.1048456053925339,False,True,False,False,False,1,0.9852500000000001
GJ 9827 d,1.98,3.02,6.20183,0.053,675.0,1.42,4236.0,0.099001095426017,-0.29,35.23170655730145,0.2808775604402441,0.5895522078449806,0.285628015017007,False,False,False,True,False,1,0.985
TOI-654.01,2.378,8.71,1.527561,0.01944,794.0,3.59,3521.0,0.0246002771528074,0.12,64.92318341914209,0.2122523297254766,0.3223843251192175,0.3454506211123347,False,False,False,False,True,1,0.9848809523809524
Kepler-278 c,3.268,34.9,22.733983275,0.16794,492.0,5.5,4965.0,1.9784731875085524,0.22,70.14657537432869,0.2134698215404798,0.8633958521161437,0.0872714161312798,False,False,False,True,False,1,0.9845227272727273
WASP-132 b,10.09929161,136.0305582,7.1335164,0.0674,682.0,0.73,4686.0,0.2659989975855976,0.15,58.54160377872019,0.1531786779130491,0.7672120876480062,0.0951681553454035,False,False,False,True,False,1,0.9844166666666666
TOI-5786 b,8.54,73.0,12.779107,0.114,1040.0,0.64,6235.0,0.9413067829119812,0.08,72.42492751496354,0.1352999074480446,0.954649626668701,0.0828323887653402,False,False,False,True,False,1,0.9838690476190476
TOI-532 b,5.82,61.5,2.3266508,0.0296,867.0,1.72,3927.0,0.080300823671429,0.338,91.54638112935956,0.1467525168506601,0.4670224264917534,0.1885488554309369,False,False,False,True,False,1,0.9836607142857143
TOI-1246 c,2.45109846,9.1,5.904137,0.061,862.49,3.39,5213.0,0.4999999950079739,0.168,134.33637695001983,0.1624585515835248,0.931518816538117,0.0608926567376472,False,False,False,True,False,1,0.9836388888888888
TOI-270 b,1.28,1.48,3.35992,0.054235,600.0,3.89,3506.0,0.9413067829119812,0.07,319.9073933435463,0.1524936102522412,0.3175539494503061,0.2729732196530959,False,False,False,True,False,1,0.9834444444444445
TOI-5205 b,11.6,343.0,1.630757,0.0199,737.0,1.21,3430.0,0.0193999227239098,0.0,48.86507323218515,0.1529433273948749,0.2937182741581934,0.3724133874386878,False,False,False,False,True,1,0.9832916666666667
TOI-1438 b,3.04,9.4,5.13967,0.0553,971.0,1.8,5230.0,0.4499973953258031,0.03,147.1017182645176,0.1451571482363091,0.9354437884721812,0.0681418698524373,False,False,False,True,False,1,0.9824761904761904
HATS-77 b,13.05846252,436.69623122,3.0876262,0.03607,828.3,1.077,4071.0,0.1018990182969876,0.253,78.260756059171,0.1228104069983691,0.5233410103274386,0.1795086663625404,False,False,False,True,False,1,0.9824047619047619
TOI-1453 b,1.173,2.32,4.3135225,0.054235,944.2,6.840423374999999,4975.0,0.9413067829119812,-0.31,319.9073933435463,0.1389271970772936,0.8665019764346735,0.057966348135668,False,False,False,True,False,1,0.9823333333333335
TOI-1269 b,2.40144286,6.4,4.2529913,0.0496,1004.9,2.53,5499.0,0.6030037319942385,-0.049,245.0079360928337,0.1286574918582401,0.9828507514660983,0.0454103060737373,False,False,False,True,False,1,0.9821964285714286
KOI-94 e,6.56,35.0,22.733983275,0.16794,584.0,0.6,6182.0,1.9784731875085524,0.0228,70.14657537432869,0.169992618908118,0.9643796614552418,0.0872714161312798,False,False,False,True,False,1,0.9821060606060605
HATS-75 b,9.90873894,156.05374784,2.7886556,0.032742,772.3,0.878,3790.4,0.0635901720477607,0.522,59.26177695861517,0.1489632287505482,0.415654523730395,0.2154809899470881,False,False,False,True,False,1,0.9819444444444444
LP 714-47 b,4.7,30.8,4.052037,0.0417,700.0,1.7,3950.0,0.0749997818203002,0.41,43.106047980217255,0.2101119933519334,0.4758872977478944,0.2273242800375315,False,False,False,False,True,1,0.9818154761904762
TOI-2015 b,3.309,9.2,3.348237,0.029322,530.9,1.4,3324.375,0.0322003060873015,-0.31,37.40830166630835,0.2571283730288466,0.2624121207096917,0.5111149010603725,False,False,False,False,True,1,0.9817261904761905
Kepler-278 b,3.955,56.0,22.733983275,0.16794,586.0,5.0,4965.0,1.9784731875085524,0.22,70.14657537432869,0.1955499883203683,0.8633958521161437,0.0872714161312798,False,False,False,True,False,1,0.9815227272727273
TOI-6383 A b,11.29,331.0,1.79058695,0.02292,745.0,1.26,3444.0,0.0326001801496556,0.07,61.9390935922189,0.142332232720938,0.2980279514688645,0.2832215843757926,False,False,False,False,True,1,0.9814583333333333
K2-105 b,3.4,15.4,8.26726,0.054235,805.0,2.24,5373.0,0.9413067829119812,0.22,319.9073933435463,0.1142904574916803,0.9642063030062366,0.5048368202441332,False,False,False,True,False,1,0.9813690476190478
HAT-P-54 b,10.581296,241.5508,3.799847,0.04117,818.0,1.118,4390.0,0.1254007113248129,-0.127,73.94045452414424,0.1338909699584518,0.6517326228036662,0.1884239789481579,False,False,False,True,False,1,0.9812619047619049
TOI-5573 b,9.75,112.0,8.79758977,0.0712,528.0,0.661,3790.0,0.0692994838576754,0.42,13.667351128832095,0.2616238832900617,0.4155076629146245,0.2056533637086985,False,False,False,True,False,1,0.9808611111111112
TOI-663 d,1.92,5.2,7.1027268,0.0576,482.0,4.0,3681.0,0.9413067829119812,0.07,283.6320743024446,0.1532645402473607,0.3763626897956586,0.2952826190557516,False,False,False,False,True,1,0.9798333333333333
TOI-3235 b,11.39953337,211.35589065,2.59261842,0.02709,604.0,0.78,3388.8,0.0162300553156031,0.264,22.08567131380872,0.2081884300621101,0.2812515202907204,0.3910913209927161,False,False,False,False,True,1,0.9796250000000001
TOI-1696 b,3.09,48.8,2.500311,0.0229,489.0,1.42,3324.375,0.0071100065366077,0.336,13.532301510454172,0.3681300326642698,0.2624121207096917,0.5657343660738141,False,False,False,False,True,1,0.9792857142857143
Kepler-411 c,4.421,26.4,7.834435,0.0739,838.0,1.7,5599.0,0.9413067829119812,0.07,172.3307567654816,0.1296173131263693,0.9929050665039784,0.0567697605373629,False,False,False,True,False,1,0.9789859307359308
K2-417 b,3.31,699.2224954,6.535,0.063,558.0,1.42,3861.0,0.0628000515164576,0.07,15.818652774926344,0.3349252413503715,0.441913109973466,0.1069102520568966,False,False,False,False,True,1,0.97875
TOI-2019 b,5.33275337,34.4,15.3444,0.128,917.46,1.25,5626.0,1.9784731875085524,0.409,120.74905019887412,0.1353392726258534,0.9948789353690612,0.0748715702311615,False,False,False,True,False,1,0.9784444444444444
TOI-1836 b,8.00321222,38.45723725,20.380799,0.1597,966.0,0.41,6380.0,1.9784731875085524,-0.101,77.57169990415842,0.1374591858271481,0.922623328822894,0.1166199393810149,False,False,False,True,False,1,0.9783333333333333
Kepler-117 b,8.059,29.875,18.7959228,0.1445,984.0,0.3,6150.0,0.9413067829119812,-0.04,45.07904377908321,0.1631062295844899,0.9697160328339264,0.0566366345949767,False,True,False,False,False,1,0.9779166666666665
TOI-421 b,2.64,6.7,5.197576,0.0554,922.0,2.040038,5291.0,0.9413067829119812,-0.044,306.5986081871893,0.1193631995387768,0.948660563703242,0.0754846389289418,False,False,True,False,False,1,0.9778174603174602
TIC 237913194 b,12.520453,617.22586,15.168865,0.1207,974.0,1.847,5788.0,1.1959967513693968,0.14,82.0891295007167,0.1175698297592503,0.9999777780246896,0.0083912685918664,False,False,True,False,False,1,0.9775
TOI-5634 A b,10.42,588.0,2.2035373,0.0272,837.0,1.42,3896.0,0.0568997030642837,-0.27,76.80430735959682,0.1320951084777617,0.4551654852896094,0.2480627570064732,False,False,False,True,False,1,0.9770833333333334
TOI-762 A b,8.33948164,79.77493016,3.4716826,0.03418,555.4,0.76,3324.375,0.0184999263739387,0.357,15.821742114103388,0.2590707475191693,0.2624121207096917,0.3486220864269969,False,False,False,True,False,1,0.9770833333333333
TOI-270 c,2.33,6.2,5.66051,0.054235,489.0,2.7,3506.0,0.9413067829119812,0.07,319.9073933435463,0.1405224888635037,0.3175539494503061,0.176782355266474,False,False,False,True,False,1,0.9770595238095239
TOI-763 b,2.28,9.79,5.6057,0.06,1038.0,4.51,5450.0,0.9413067829119812,0.01,261.4014948380953,0.1263861838294427,0.9763759661197524,0.0374593808964741,False,False,True,False,False,1,0.9768849206349208
TOI-1899 b,11.09689089,212.94503269,22.733983275,0.1525,378.0,0.85,3926.0,0.9413067829119812,0.28,40.47369241470858,0.1903358488209655,0.4666382770039812,0.038350742421112,False,False,False,True,False,1,0.9765873015873017
HD 106315 c,4.35,15.2,21.05704,0.1536,886.0,1.01,6327.0,0.9413067829119812,-0.311,39.896091326423424,0.2077748279109887,0.9352157758575248,0.0375486293651332,False,True,False,False,False,1,0.9763888888888889
TOI-5398 b,10.3,58.7,10.590547,0.098,947.0,0.29,6000.0,0.9413067829119812,0.09,98.00174730994075,0.1185854496497575,0.9891077548081656,0.0489668161597165,False,False,True,False,False,1,0.9758928571428571
TOI-6303 b,11.59,733.625075,9.485236,0.0761,541.0,6.840423374999999,3977.0,0.0818992642026179,0.44,14.13955367685529,0.244303514112772,0.4863629017937407,0.1844210355743537,False,False,False,True,False,1,0.9744166666666666
HATS-71 b,11.478016,117.5971,3.7955202,0.03745,586.8,0.42,3405.0,0.0275498983000145,0.17,19.629390257598114,0.2170937181445379,0.286114842945764,0.3088191936108735,False,False,False,False,True,1,0.9738333333333332
TOI-4666 b,12.44196858,222.4798849,2.9089168,0.0333,713.0,0.64,3512.0,0.0599998272533643,0.19,54.05925564998726,0.1459660072491244,0.3194811872039622,0.2301383010092803,False,False,False,False,True,1,0.9735833333333334
Kepler-87 b,13.49,324.2,22.733983275,0.16794,478.0,0.729,5600.0,0.9413067829119812,-0.17,33.37394088269226,0.182103655855754,0.9929838400972322,0.0872714161312798,False,False,False,True,False,1,0.9735773809523809
Kepler-93 b,1.478,4.66,4.72673978,0.05343,1133.0,6.840423374999999,5669.0,0.9413067829119812,-0.18,329.61634303719507,0.12555121666943,0.9973632600990944,0.0403349583520975,False,False,False,True,False,1,0.9735634920634921
TOI-674 b,5.25,23.6,1.977143,0.025,635.0,0.91,3514.0,0.024300208503569,0.17,38.81822444659593,0.2156616657639237,0.3201250572725739,0.2607081407865637,False,False,False,False,True,1,0.9730357142857141
HIP 41378 c,2.727,4.4,22.733983275,0.054235,757.0,1.19,6320.0,0.9413067829119812,-0.1,319.9073933435463,0.1226146481466654,0.9368042885019808,1.3827299153624846,False,False,False,True,False,1,0.97275
TOI-125 b,2.726,9.5,4.65382,0.05186,1037.0,2.57,5320.0,0.5190031574907782,-0.02,192.90501797193983,0.1340123735604776,0.9544555343113368,0.0655054434409078,False,False,False,True,False,1,0.9712678571428571
NGTS-34 b,3.65,19.1,22.733983275,0.16794,624.0,1.42,6134.0,1.9784731875085524,0.228,70.14657537432869,0.1969216930937472,0.9722293402868885,0.0872714161312798,False,True,False,False,False,1,0.9712370129870129
TOI-756 b,2.81,9.83,1.2392495,0.018,934.0,2.42,3657.0,0.0409996359041764,0.196,126.15272585900452,0.1572969153733079,0.3679905575404033,0.2627662495962178,False,False,False,False,True,1,0.9707142857142856
TOI-4201 b,13.67495645,733.625075,3.5819194,0.04,725.0,1.82,3794.0,0.0759993713661527,0.52,47.46993839235022,0.1473243657895552,0.4169772747980331,0.1746302802762127,False,False,False,False,True,1,0.9700075757575758
K2-36 c,3.2,7.9,5.340888,0.05528,854.0,1.3,4916.0,0.9413067829119812,0.07,307.93072531507335,0.1158515882671664,0.8477912093554948,0.1018054937044996,False,False,False,True,False,1,0.9699621212121211
TOI-3785 b,5.14,14.95,4.6747373,0.043,582.0,0.61,3576.0,0.036700332591384,0.099,19.83801761696435,0.2745656164239644,0.3404414912575785,0.3111435163024479,False,False,False,False,True,1,0.9695238095238097
Kepler-20 e,0.821,0.76,6.0984882,0.0637,1004.0,6.840423374999999,5495.0,0.9413067829119812,0.07,231.923793862547,0.1511285233813575,0.9823598855305324,0.0327236956918093,False,False,False,True,False,1,0.9684404761904762
PH1 b,6.18,169.0,22.733983275,0.16794,481.0,1.42,6407.0,0.9413067829119812,0.21,33.37394088269226,0.2298268625185553,0.9158339370053012,0.0872714161312798,False,True,False,False,False,1,0.9682551892551892
K2-10 b,3.773,25.2,19.30553,0.054235,649.0,2.36,5533.0,0.9413067829119812,-0.07,319.9073933435463,0.1170911061805053,0.9867496798493024,1.2407856392604768,False,False,False,True,False,1,0.9680595238095241
HATS-22 b,10.682177,733.625075,4.7228124,0.05025,858.0,3.89,4803.0,0.2260008122445391,0.0,89.4676249081482,0.1239063685279397,0.8095716486678869,0.1189932115839728,False,False,False,True,False,1,0.9679166666666668
HD 73344 b,2.884,10.48,15.611,0.131,911.0,2.451,6252.6,0.9413067829119812,0.143,54.8483150513915,0.2069146933989584,0.9511776029332994,0.0900883539188307,False,True,False,False,False,1,0.9673055555555555
K2-111 b,1.82,5.58,5.3518,0.0565,1309.0,5.0,5775.0,0.9413067829119812,-0.425,294.78017158443,0.1200382894035319,0.999998000002,0.0752908652357273,False,False,False,True,False,1,0.9672499999999999
TIC 46432937 b,13.31626907,733.625075,1.44044527,0.02065,872.0,2.37,3572.0,0.0412002641060553,0.323,96.3923614364133,0.1125183217061868,0.3391101757394381,0.2274004200589467,False,False,False,True,False,1,0.9672159090909089
TOI-6894 b,9.5836785,53.39517238,3.37077196,0.02604,417.9,0.334,3324.375,0.0037499890535749,0.142,5.522147932700464,0.3616074224318235,0.2624121207096917,0.6645003271179736,False,False,False,True,False,1,0.9669047619047619
TOI-1753 b,2.47852533,16.6,5.3846104,0.059,1005.43,5.95,5621.0,0.8520007949880714,0.026,244.6871898300033,0.1277381495710963,0.9945374188982666,0.0244563144700716,False,False,False,True,False,1,0.9658333333333333
TOI-1411 b,1.19880592,2.0,1.4520527,0.02122,976.4,6.36,4115.0,0.0969996126510999,0.012,214.93929968308495,0.1565644417523451,0.5408729401075548,0.2019657624352432,False,False,False,True,False,1,0.965625
HD 63433 b,2.14,21.755,7.1079475,0.054235,967.11,6.840423374999999,5553.0,0.7479972479493335,-0.07,254.21026828189005,0.1318229311805947,0.9888130446112332,0.37390043689374,False,False,True,False,False,1,0.9648055555555557
TOI-1472 b,4.058,18.05,6.36338574,0.064,891.0,1.49,5100.0,0.9413067829119812,0.27,229.7551337349234,0.1187443143884363,0.902892301608292,0.0634310584195832,False,False,False,True,False,1,0.9647857142857145
Kepler-1876 b,0.853,2.4,6.99205,0.0758,1299.0,6.840423374999999,6104.0,0.9413067829119812,0.01,163.80124436400766,0.1594677589818763,0.9766598073168268,0.0747915717693245,False,False,False,True,False,1,0.9613611111111111
HR 858 d,2.001,7.1,11.230511,0.1046,1061.0,4.9,6354.0,1.9784731875085524,0.025,180.81194092469423,0.1462830619168428,0.9289243268985502,0.082896651805855,False,False,False,True,False,1,0.9611547619047619
TOI-3757 b,12.0,85.3,3.438753,0.03845,759.0,0.27,3913.0,0.0870001497192316,0.0,58.80762653789731,0.1414529332453051,0.4616543219296449,0.1902310646754231,False,False,False,False,True,1,0.960875
TOI-1670 b,2.06,41.31769291,10.98462,0.103,1062.0,6.840423374999999,6170.0,0.9413067829119812,0.09,88.71882968067685,0.1838715596796619,0.9664288921640458,0.0820394029575221,False,True,False,False,False,1,0.9600357142857143
TOI-7149 b,13.2,224.0,2.65206166,0.02603,593.0,0.53,3363.0,0.0121501041304772,-0.08,17.90569443432012,0.2135707941515495,0.2736104225072639,0.4597732623052074,False,False,False,False,True,1,0.9596250000000001
Kepler-68 b,2.357,8.03,5.39875259,0.06135,1275.0,3.37,5847.0,0.9413067829119812,0.11,250.0268692380533,0.1204899012937331,0.998942559484671,0.0239307415966029,False,False,False,True,False,1,0.9585277777777778
TOI-6054.02,2.82,9.3,12.563636,0.1079,1143.0,2.25,6047.0,1.9784731875085524,-0.07,169.92214372838822,0.1351015657595552,0.9840483743413632,0.0259927690635729,False,False,False,True,False,1,0.9579642857142856
HATS-49 b,8.574885,112.19399,4.1480467,0.04515,834.8,0.986,4405.0,0.1641005361559437,0.208,80.4602725176818,0.1380490901137654,0.6577584215601021,0.1451947131313323,False,False,False,True,False,1,0.9578869047619046
TOI-6695 b,9.52763359,66.74396547,22.733983275,0.16794,599.0,0.41,6400.0,1.9784731875085524,0.2,70.14657537432869,0.1513647325484508,0.917617885065204,0.0872714161312798,False,True,False,False,False,1,0.9576139971139971
TOI-3693 b,12.59889431,324.18497514,9.088516,0.0813,801.0,0.89,5321.0,0.4530018754322403,0.071,68.52565699378437,0.1307982595097886,0.954649626668701,0.0614272840257433,False,False,False,True,False,1,0.9571309523809524
Kepler-109 b,2.49,4.9,6.4816307,0.0701,1276.0,1.7,5950.0,0.9413067829119812,-0.02,191.51675844240015,0.1299123940744458,0.9934473406976726,0.0388479483139063,False,False,False,True,False,1,0.9569920634920633
HATS-74 A b,11.56766808,464.02947422,1.73185606,0.02384,895.1,1.64,3776.9,0.0607994989139982,0.514,106.78838813191538,0.1128612303050234,0.4107104000676702,0.2078990660938972,False,False,False,True,False,1,0.9559999999999998
Wolf 327 b,1.24,2.53,0.5734745,0.01,996.0,6.840423374999999,3542.0,0.0234498462722132,-0.17,232.1766957644874,0.1508903373896719,0.3292152273742766,0.238695190195478,False,False,False,False,True,1,0.9556964285714286
HD 6061 b,2.42763557,10.0,5.2549,0.06,1075.31,3.82,5934.0,1.1360043646919784,-0.05,315.46913765397903,0.1159277169997328,0.9946065969067884,0.0184181765851418,False,False,False,True,False,1,0.9552499999999999
CoRoT-32 b,6.38913,47.6745,6.71837,0.071,938.0,1.1,5970.0,0.700003159130897,0.0,138.83442267570348,0.1220660434234084,0.991841462993374,0.0243576540050703,False,False,True,False,False,1,0.9537023809523809
KOI-94 c,4.32,15.6,10.423648,0.1013,1012.0,0.91,6182.0,1.9784731875085524,0.0228,192.7830995098315,0.1197945877616223,0.9643796614552418,0.1058539822254543,False,False,False,True,False,1,0.9527878787878789
TOI-5616 b,10.78,624.0,2.002849,0.0272,939.0,1.42,3996.0,0.1016997768515584,0.14,137.2763037249048,0.1048531832752564,0.4937766448350182,0.1675554319430034,False,False,False,True,False,1,0.9526666666666667
HD 5278 b,2.45,7.8,14.339156,0.1202,943.0,2.9,6203.0,1.906996956816784,-0.12,131.9808760178381,0.1597859953685451,0.9606560054411076,0.0518149829820698,False,True,False,False,False,1,0.9505079365079365
HD 219134 b,1.602,4.74,3.092926,0.03876,1015.0,6.34,4699.0,0.264600097572747,0.11,176.00843454773366,0.1565833577822627,0.7720389921842027,0.089027150641406,False,False,False,True,False,1,0.9496785714285713
K2-290 b,3.06,10.9,9.21165,0.0923,1230.0,4.1,6302.0,0.9413067829119812,-0.06,110.47825636357229,0.1496803651999095,0.940807350451026,0.0919803916897219,False,False,False,True,False,1,0.9493333333333333
HATS-76 b,12.09449018,733.625075,1.9416423,0.02658,939.8,2.58,4016.0,0.0916009546844428,0.322,129.47197283893303,0.1031770264418619,0.5016157508758013,0.1700634694065693,False,False,False,True,False,1,0.948840909090909
HIP 41378 d,3.54,4.6,22.733983275,0.054235,367.0,0.56,6320.0,0.9413067829119812,-0.1,319.9073933435463,0.1341534563391479,0.9368042885019808,1.3827299153624846,False,False,False,True,False,1,0.9478293650793652
TOI-519 b,11.54525012,147.15455244,1.2652328,0.0159,687.0,0.56,3324.375,0.014100028808959,0.27,55.55348019762421,0.1493412330991734,0.2624121207096917,0.4132481964541705,False,False,False,False,True,1,0.9450000000000002
TOI-411 b,1.362,13.71,4.040295,0.05727,1241.0,6.840423374999999,6169.0,0.9413067829119812,-0.08,286.90917014657407,0.1303706605897941,0.9665970654219316,0.1849069513705802,False,False,False,True,False,1,0.944765873015873
HD 106315 b,2.44,12.6,9.55237,0.0907,1153.0,4.7,6327.0,0.9413067829119812,-0.311,114.4099577042307,0.1591007608390522,0.9352157758575248,0.0377272109615177,False,True,False,False,False,1,0.942638888888889
TOI-1794 b,3.29701268,8.7,8.765528,0.082,992.91,1.31,5631.0,1.5749979759188242,0.035,234.20044251581027,0.121186161482742,0.9952095111690844,0.018900613390604,False,False,False,True,False,1,0.9420714285714286
TOI-181 b,6.9559,46.1687,4.532,0.0539,895.1,0.7562,4994.0,0.2980025634911582,0.272,102.53992777230764,0.133215455982107,0.8723276133733361,0.0073197989286775,False,False,False,True,False,1,0.9418928571428573
TOI-4465 b,14.01122587,733.625075,22.733983275,0.16794,427.0,3.73,5545.0,0.9413067829119812,-0.06,33.37394088269226,0.1841522300723239,0.9880082587384198,0.0872714161312798,False,False,True,False,False,1,0.9416666666666668
HIP 41378 e,4.92,12.0,22.733983275,0.054235,335.0,0.55,6320.0,0.9413067829119812,-0.1,319.9073933435463,0.1248622048359435,0.9368042885019808,1.3827299153624846,False,False,False,True,False,1,0.9409484126984128
HATS-47 b,12.520453,117.27927,3.9228038,0.04269,852.9,0.331,4512.0,0.1599005656240679,-0.113,87.69189423422513,0.1189743225219522,0.700354950719569,0.1692364568085717,False,False,False,True,False,1,0.9402916666666666
HATS-48 A b,8.9672,77.23269,3.1316666,0.03769,954.6,0.589,4546.0,0.1955014577292666,0.186,137.52831020560552,0.1103264909828432,0.7136988229547214,0.135523229745918,False,False,False,True,False,1,0.9396230158730158
TOI-6034 b,11.92,254.0,2.576184,0.02949,714.0,0.82,3635.0,0.0395002641597883,-0.09,45.36818002776098,0.1565707853088455,0.3603987497838423,0.2797801315677465,False,False,False,True,False,1,0.9394047619047621
Kepler-107 c,1.597,10.0,4.901452,0.06064,1378.0,6.840423374999999,5854.0,0.9413067829119812,0.321,255.91439457718263,0.1275016182055473,0.9987172678495436,0.0923468122207974,False,False,False,True,False,1,0.9389265873015872
TOI-1450 A b,1.13,1.258,2.0439274,0.054235,722.0,1.42,3437.0,0.9413067829119812,-0.12,319.9073933435463,0.149440137410805,0.2958684875450846,0.6961505091789627,False,False,False,False,True,1,0.9386964285714287
K2-32 e,1.212,2.1,4.34934,0.04899,1066.0,6.3,5271.0,0.9413067829119812,-0.06,392.0445242886476,0.125087039077294,0.9444788359194438,0.0807179126926583,False,False,False,True,False,1,0.9376785714285713
TOI-3493 b,3.22,8.97,8.1594667,0.054235,1102.0,1.47,5844.0,0.9413067829119812,0.03,319.9073933435463,0.1069691390156537,0.9990324683608632,0.493459677721465,False,False,True,False,False,1,0.9364444444444443
WASP-162 b,11.209,733.625075,9.62468,0.0871,910.0,6.840423374999999,5300.0,0.9413067829119812,0.28,124.0616736029793,0.1079958604241269,0.9504932465612672,0.0215059312804683,False,False,False,True,False,1,0.9358134920634921
K2-27 b,4.74,30.2,6.771347,0.054235,836.0,1.71,5246.0,0.9413067829119812,0.12,319.9073933435463,0.1036274590628629,0.9390427982963144,0.3318786751287864,False,False,False,True,False,1,0.9334740259740261
TOI-2295 b,16.47720163,278.09985612,22.733983275,0.16794,747.0,0.34,5730.0,1.9784731875085524,0.316,70.14657537432869,0.1214242443288876,0.9994881310496332,0.0872714161312798,False,False,False,True,False,1,0.9316011904761904
TOI-1173 b,9.19,27.4,7.06466,0.0696,868.0,0.195,5350.0,0.9413067829119812,0.139,194.27774994261927,0.1000535643580389,0.9601098676925642,0.045047466214365,False,False,True,False,False,1,0.929875
L 168-9 b,1.63,4.07,1.40152604,0.0208,998.0,5.18,3842.0,0.0723002834616875,-0.03,166.72881528845951,0.1595484879585408,0.4347821307449939,0.196606622491334,False,False,False,False,True,1,0.9297619047619048
TOI-2000 c,8.14,81.7,9.127055,0.0878,1038.0,0.829,5611.0,1.1469909731357617,0.439,148.7697504923269,0.1082736762806839,0.993821609678902,0.0349488882003283,False,False,False,True,False,1,0.9291666666666667
HD 25463 b,2.54535814,8.7,7.0491423,0.076,1198.46,2.87,6353.0,1.9784731875085524,-0.018,342.47415397413056,0.1083739803001023,0.9291619554873688,0.0711724603132502,False,False,False,True,False,1,0.925313492063492
TOI-4914 b,12.87,227.0,10.60057,0.098,894.0,0.59,5805.0,1.0210100101446298,-0.13,106.29984488752,0.1094115442223238,0.9998380131212914,0.0481461388195346,False,False,False,True,False,1,0.9245178571428572
TOI-6054.01,2.64,12.5,7.501428,0.0763,1360.0,3.7,6047.0,1.9784731875085524,-0.07,339.7867974267138,0.1040671611282865,0.9840483743413632,0.0224143840602807,False,False,False,True,False,1,0.9243611111111111
HAT-P-20 b,9.718,733.625075,2.875317,0.0361,970.0,6.840423374999999,4595.0,0.19010782799233,0.35,145.76473726802433,0.105201545453308,0.7327156669498849,0.1174868996298955,False,False,False,True,False,1,0.9209718614718615
HAT-P-18 b,11.153,62.61,5.508023,0.0559,852.0,0.25,4803.0,0.269773943244492,0.1,86.30529150667893,0.1239608425925292,0.8095716486678869,0.1140019827222632,False,False,False,True,False,1,0.919125
TOI-1736 b,3.18175535,12.3,7.073076,0.073,1099.79,2.09,5636.0,1.865004997975156,0.148,349.90712907601426,0.1042003800009844,0.9955291353156904,0.0158907733506403,False,False,False,True,False,1,0.9185952380952379
TOI-2876 b,9.6397234,54.03082919,6.2996431,0.0654,929.0,0.33,5271.0,0.5290052717796108,0.353,123.6525215933043,0.112595274358585,0.9444788359194438,0.0266258805061726,False,False,False,True,False,1,0.9155634920634923
HD 77946 b,2.89646124,10.9,6.527363,0.073,1128.86,2.44,6007.0,1.9784731875085524,0.215,371.1957199828429,0.1038894068321205,0.98841408412045,0.0854307359390311,False,False,False,True,False,1,0.9131547619047617
TOI-1694 b,5.3422266,31.3,3.770107,0.045,943.19,1.13,5058.0,0.3819970420363311,0.131,188.54740475633324,0.115895328999424,0.8911878885041844,0.0672066097931061,False,False,False,True,False,1,0.9026547619047618
K2-141 c,7.0,8.0,7.7485,0.0683,695.0,0.081,4570.0,0.9413067829119812,0.0,201.74217199976448,0.1130572172533908,0.7230471179519047,0.1495957007279822,False,False,False,True,False,1,0.9020335497835498
TOI-5027 b,10.76062147,642.01338214,10.24368,0.093,1056.0,2.94,5909.0,0.9320087721676809,-0.15,107.7466788633157,0.1102585585700523,0.996193706812684,0.0097050868703074,False,False,False,True,False,1,0.8972472527472527
TOI-6324 b,1.059,1.17,0.279221,0.054235,1216.0,1.42,3324.375,0.9413067829119812,-0.32,319.9073933435463,0.1323527155382512,0.2624121207096917,2.0056859330334134,False,False,False,True,False,1,0.8954345238095239
Kepler-101 c,1.25,3.78,6.02976,0.0684,1413.0,6.840423374999999,5667.0,0.9413067829119812,0.33,201.15283977809477,0.1438705593743256,0.9972657449033718,0.0695130685494947,False,False,True,False,False,1,0.894517857142857
CoRoT-24 b,3.7,5.7,5.1134,0.056,1070.0,0.9,4950.0,0.9413067829119812,0.3,300.0659174089834,0.1062366623194124,0.8586859700761011,0.0474192813919924,False,False,False,True,False,1,0.893547619047619
TOI-1062 b,2.265,10.15,4.11296,0.052,1077.0,4.85,5328.0,0.9413067829119812,0.14,347.987720115335,0.113994919800623,0.9559974818331,0.0445477388118229,False,False,True,False,False,1,0.8915833333333332
HAT-P-12 b,10.749,67.059,3.2130598,0.0384,963.0,0.3192,4650.0,0.2098939883623524,-0.29,142.24700341724665,0.1030495829532909,0.7537066839412626,0.1336366898734333,False,False,False,True,False,1,0.8915595238095239
K2-85 b,1.4,3.2,0.68453862616,0.054235,1355.0,5.9,4232.0,0.9413067829119812,0.14,319.9073933435463,0.1221100237131766,0.5879361714750423,1.551136253218821,False,False,False,True,False,1,0.8878849206349207
TOI-480 b,2.85372018,20.8,6.866196,0.077,1198.94,4.91,6174.0,1.9784731875085524,0.164,333.63797428474743,0.10631092007954,0.9657521994360766,0.1109432704330115,False,False,False,True,False,1,0.8865833333333333
TOI-4961 b,12.34108775,572.0911326,7.479182,0.0726,919.0,1.67,5380.0,0.628999065185515,0.206,119.31481425283305,0.1059469079379307,0.9654114563412376,0.0396189488986182,False,False,False,True,False,1,0.8847261904761905
K2-66 b,2.49,21.3,5.06963,0.05983,1372.0,6.840423374999999,5887.0,0.9413067829119812,-0.047,262.8886738058728,0.1146505308003375,0.9973632600990944,0.0457595481436558,False,False,False,True,False,1,0.8777619047619047
HIP 41378 f,9.2,12.0,22.733983275,0.054235,294.0,0.09,6320.0,0.9413067829119812,-0.1,319.9073933435463,0.1065433950940751,0.9368042885019808,1.3827299153624846,False,False,False,True,False,1,0.8773293650793651
TOI-1420 b,11.89,25.1,6.9561063,0.071,957.0,0.082,5510.0,0.7050014334091791,0.28,139.82575037865513,0.100645117366865,0.9841658111209566,0.005760935349018,False,False,False,True,False,1,0.8757341269841271
TOI-1272 b,4.13204907,27.0,3.31599,0.0417,975.0,2.09,5065.0,0.3749989053574923,0.182,215.53023774922116,0.1179659285166008,0.8931766611025781,0.0549268472877399,False,False,False,True,False,1,0.8744821428571429
PDS 70 c,22.86636,635.66,4.52636325,0.16794,995.0,1.42,3972.0,0.9413067829119812,0.07,33.37394088269226,0.1298414734173962,0.4844175682002438,1.4864170227824538,False,False,False,True,False,1,0.8744583333333332
TOI-1246 b,3.01,8.1,4.30744,0.049,955.0,1.63,5151.0,0.9413067829119812,0.17,391.8845890557789,0.1055684130735568,0.9163453185798028,0.0721054405539349,False,False,False,True,False,1,0.8713095238095236
WASP-156 b,6.02802815,41.8,3.8361623,0.0458,934.5,1.05,4987.0,0.3819970420363311,0.305,182.0212337686936,0.1135793935112366,0.8701930266570368,0.0594392234814066,False,False,False,True,False,1,0.867017857142857
WASP-59 b,8.687,274.276,7.919585,0.0697,670.0,2.4,4650.0,0.9413067829119812,-0.15,193.72079605687097,0.1084355724494641,0.7537066839412626,0.142168151573896,False,False,False,True,False,1,0.8620389194139193
TOI-1203 b,1.52,3.51,4.1572888,0.04869,1361.2,5.48,5737.0,0.9413067829119812,-0.39,396.888473671862,0.1116903751910342,0.999626514207634,0.0497138607977023,False,False,True,False,False,1,0.8605714285714283
TOI-558 b,12.17295304,733.625075,14.574071,0.1291,1061.0,3.5,6466.0,1.9784731875085524,-0.004,118.700248413472,0.1026985022517449,0.9001556775546584,0.1307265181031013,False,True,False,False,False,1,0.8598690476190477
TOI-5800 b,2.46,9.5,2.6278838,0.0344,1108.0,3.46,4850.0,0.3090010818892899,-0.04,260.9013153849251,0.1221221456183614,0.8258234888177327,0.1021266395325755,False,False,False,True,False,1,0.8584980158730159
K2-38 b,1.54,7.3,4.01593,0.04994,1266.0,6.840423374999999,5731.0,1.0900087895662276,0.26,436.87664000413776,0.1100564049498474,0.999509231577349,0.0128490774122511,False,False,True,False,False,1,0.858265873015873
TOI-1811 b,11.14172682,308.9292116,3.7130765,0.04389,962.2,1.23,4766.0,0.2753024016145934,0.306,142.8411852916233,0.1018074961556782,0.7964526845873368,0.0862661973328184,False,False,False,True,False,1,0.858218253968254
HIP 94235 b,3.0,379.0,7.713057,0.0787,1060.0,1.42,5991.0,0.9413067829119812,0.0,151.95381575381188,0.140839375859699,0.9899686529912572,0.0385688122192015,False,False,True,False,False,1,0.8575885225885226
TOI-1268 b,9.1,96.4,8.1577094,0.0711,918.9,0.71,5300.0,0.9413067829119812,0.36,186.16845085785224,0.1003272841163806,0.9504932465612672,0.1420103331443031,False,False,False,True,False,1,0.8568670634920634
TOI-5398 c,3.52,11.8,4.77271,0.057,1242.0,1.5,6000.0,0.9413067829119812,0.09,289.6328562806096,0.1046572453627153,0.9891077548081656,0.0350776078414234,False,False,True,False,False,1,0.8539246031746031
TOI-837 b,9.16894621,120.45696625,8.3249113,0.0888,995.3,0.89,5995.0,1.3399851948997974,0.01,169.91002212656122,0.1010889300758714,0.9895903372777228,0.1294446988410431,False,True,False,False,False,1,0.8529404761904763
K2-261 b,9.26982704,68.96876432,11.6334681,0.1086,1036.0,0.473,5490.0,1.9784731875085524,0.372,167.73886367639673,0.1001394987838725,0.9817368304265364,0.1011625700806497,False,False,False,True,False,1,0.8365833333333335
K2-216 b,1.75,8.0,2.1748,0.028,1103.0,6.840423374999999,4503.0,0.1899984246214733,0.0,242.03620970888315,0.1353268239101908,0.6968047754960348,0.2009178062337325,False,False,False,True,False,1,0.8323928571428573
GJ 9827 c,1.13,1.86,3.648103,0.0395,715.94,6.840423374999999,4236.0,0.9413067829119812,-0.29,602.9186760044715,0.1212845694861759,0.5895522078449806,0.2065039343597643,False,False,False,True,False,1,0.830234126984127
TOI-1347 b,1.8,11.1,0.84742346,0.054235,1400.0,6.840423374999999,5464.0,0.549996593976402,0.04,186.91884507887576,0.1374022640290455,0.978328063228096,1.4005312090773443,False,False,False,True,False,1,0.827345238095238
HD 89345 b,7.39794,34.9613,11.8143,0.1066,1089.0,0.471,5576.0,1.9784731875085524,0.421,174.09149034441742,0.1044007397368731,0.9909734307508984,0.0635795474821245,False,False,False,True,False,1,0.8267797619047619
TOI-1749 c,2.12,14.0,4.4929,0.0443,673.0,1.42,3985.0,0.9413067829119812,-0.26,479.4049284243776,0.1169496733094074,0.4894803852090567,0.2385557066798571,False,False,False,False,True,1,0.8215575396825396
TOI-5108 b,6.6,32.0,6.753581,0.073,1180.0,0.6,5808.0,0.9413067829119812,0.2,176.6054001711034,0.1051547479586251,0.9998000199986667,0.0559273432652873,False,False,False,True,False,1,0.8198928571428569
TOI-663 c,2.26,3.65,4.6955507,0.0437,553.0,1.73,3681.0,0.9413067829119812,0.07,492.6528023446928,0.1194031426377844,0.3763626897956586,0.2941950862951944,False,False,False,False,True,1,0.8193015873015872
TOI-5005 b,6.25,32.7,6.3085044,0.06614,1040.0,0.74,5749.0,0.9413067829119812,0.15,215.13126933253085,0.1034529620159478,0.9998131285737516,0.0132347491166114,False,False,True,False,False,1,0.8180198412698413
TOI-669 b,2.58606487,10.0,3.945152,0.048,1124.85,3.17,5597.0,0.8660042034091711,0.001,375.7068127588594,0.1064767861927354,0.9927462144018449,0.0230206294940203,False,False,False,True,False,1,0.8175039682539683
TOI-1238 b,1.21,3.76,0.764597,0.0139,1133.0,6.840423374999999,4089.0,0.0827008550924309,0.31,425.83211519711097,0.1197879165837308,0.5304985787542605,0.1644433162802741,False,False,False,True,False,1,0.8157142857142857
TOI-2989 b,12.55405838,733.625075,3.122832,0.0384,1001.0,2.7,4672.0,0.1829995408175173,-0.04,124.0203995889814,0.1017949986499893,0.7619836179939291,0.1092209828117613,False,False,False,True,False,1,0.8114166666666668
TOI-1248 b,6.8084859,27.4,4.3601561,0.051,952.09,0.47,5205.0,0.5010026234353426,0.223,192.5452050097397,0.1071256181262981,0.929636155528514,0.0308883897366436,False,False,False,True,False,1,0.8111190476190476
K2-99 b,11.88151954,276.51071409,18.24783,0.153,1184.0,1.42,6069.0,1.9784731875085524,0.2,84.51401911612783,0.1124234089091488,0.9813579531380128,0.1567795676137089,False,False,False,True,False,1,0.8090896464646465
LTT 1445 A b,1.34,2.73,5.3587635,0.0381,431.0,6.2,5599.0,0.9413067829119812,0.07,648.0106724530198,0.1282611992144966,0.9929050665039784,0.5844043561028488,False,False,False,True,False,1,0.8084940476190476
HR 858 c,1.979,3.8,5.973865,0.0687,1309.0,2.9,6354.0,1.9784731875085524,0.025,419.1067804724632,0.1048533848428856,0.9289243268985502,0.0832567237116816,False,False,False,True,False,1,0.8055952380952381
Kepler-20 b,1.773,9.7,3.6961049,0.04565,1187.0,6.840423374999999,5495.0,0.9413067829119812,0.07,451.4828646685816,0.1075753619149447,0.9823598855305324,0.0316648902133765,False,False,False,True,False,1,0.8019206349206348
TOI-836 b,1.704,4.53,3.81673,0.0422,871.0,5.02,4552.0,0.9413067829119812,-0.284,528.2779502716187,0.1115756733936413,0.7160416889765631,0.1604834016494044,False,False,False,True,False,1,0.7955099206349208
K2-98 b,5.06645928,34.00763955,10.1367349,0.0986,1185.0,1.4,6260.0,1.9784731875085524,-0.044,203.48465770799768,0.1080341943052004,0.9496825049564834,0.0949043472714483,False,False,False,True,False,1,0.7842301587301586
Kepler-323 c,1.57,6.8,3.5538229,0.0458,1431.0,6.840423374999999,6004.0,0.9413067829119812,-0.14,448.5318029352253,0.1050761981626011,0.9887139485364372,0.0063190600053005,False,False,False,True,False,1,0.7810912698412698
TOI-4495 c,4.03,23.2,5.18553,0.06323,1365.0,1.9,6210.0,0.9413067829119812,0.18,235.38360559923908,0.105440654844072,0.9593761974989304,0.0979289389312545,False,False,False,True,False,1,0.7624285714285713
GJ 367 b,0.699,0.633,0.3219225,0.00709,1365.0,6.840423374999999,3522.0,0.0289001435534947,-0.01,563.7061555527649,0.1005133232238408,0.3227078029558831,0.1172561813558259,False,False,False,False,True,1,0.7599007936507937
HIP 29442 c,1.551,4.5,3.5379559,0.04518,1123.0,1.42,5289.0,0.9413067829119812,0.24,460.9205019526578,0.1114874343782131,0.9482491450706348,0.0074060832463185,False,False,False,True,False,1,0.7541369047619049
WASP-84 b,10.72,220.0,8.52349648,0.0778,732.0,0.98,5599.0,0.9413067829119812,0.07,155.48920733154182,0.1071906160355741,0.9929050665039784,0.0629918325047105,False,False,False,True,False,1,0.7501438977688979
LTT 1445 A c,1.147,1.54,3.1239035,0.02661,508.0,5.57,3340.0,0.9413067829119812,-0.34,1327.4816951309724,0.100491021899155,0.266907206490553,0.5725189038922691,False,False,False,True,False,1,0.7410972222222223
K2-55 b,4.43,44.0,2.849271,0.054235,900.0,2.8,4300.0,0.9413067829119812,0.376,319.9073933435463,0.1036323851774184,0.6154258025430562,0.4141870356685727,False,False,False,True,False,1,0.7215793650793652
Kepler-107 b,1.536,3.8,3.1800218,0.04544,1592.0,5.8,5854.0,0.9413067829119812,0.321,455.6635197785398,0.1019044193814001,0.9987172678495436,0.0915476620353452,False,False,False,True,False,1,0.6861964285714285
TOI-1776 b,1.21612741,1.4,2.799868,0.0378,1269.21,4.13,5785.0,0.8849933350369471,-0.193,618.9457107347306,0.1025012044481772,0.9999891111703948,0.0359804059824196,False,False,False,True,False,1,0.678265873015873
TOI-1117 b,2.46,8.9,2.22816,0.033,1538.0,3.3,5635.0,0.3599979270433567,0.136,330.2733275627125,0.1032538793599372,0.9954660871336672,0.014766668786204,False,False,True,False,False,1,0.6779861111111113
CoRoT-4 b,13.34,228.83,9.20205,0.09,1074.0,0.525,6190.0,0.9413067829119812,0.07,116.19636870904596,0.1002183742889381,0.9629816822724208,0.0600504506279544,False,False,False,True,False,1,0.6740357142857144
Kepler-553 b,4.74139884,116.00736855,4.030467,0.04766,1089.0,1.42,5191.0,0.5359940886627048,0.152,235.8635175940744,0.1071546151627578,0.9262872484875244,0.0506269799581039,False,False,False,True,False,1,0.611311507936508
HD 219666 b,4.898,17.6,6.034468,0.054235,1076.0,1.42,5540.0,0.9413067829119812,0.07,319.9073933435463,0.0962781798107629,0.987491336356168,0.2321328861417063,False,False,False,True,False,0,0.43640476190476185
Kepler-434 b,12.67,733.625075,12.8747099,0.1143,1000.0,2.4,5977.0,1.9784731875085524,0.25,151.4274005420809,0.0950411504295472,0.9912383863955458,0.0797855794690786,False,False,False,True,False,0,0.3729128787878788
CoRoT-6 b,13.068,733.625075,8.886593,0.0855,1017.0,2.32,6090.0,0.9413067829119812,-0.2,128.74772206011025,0.0988962795506357,0.9786002937044376,0.0235694596423472,False,True,False,False,False,0,0.3562819264069264
EPIC 249893012 b,1.95,8.75,3.5951,0.047,1616.0,6.39,5430.0,0.9413067829119812,0.2,425.9306710008964,0.0986761173810301,0.9734469010825562,0.02975532875215,False,False,True,False,False,0,0.33730555555555547
WASP-105 b,10.76064,572.094,7.87288,0.075,900.0,2.65,5070.0,0.9413067829119812,0.28,167.31368341841116,0.0993204208705724,0.894588001690401,0.0418085536059823,False,False,False,True,False,0,0.309953601953602
TOI-1130 c,13.0,336.0,8.3501898,0.0731,650.0,0.827042,4360.0,0.9413067829119812,0.11,176.12263250489394,0.0996840897330359,0.639654203578394,0.1261798714418789,False,False,False,True,False,0,0.29951767676767677
TOI-4010 c,5.93,20.31,5.414654,0.058,907.0,0.5,4960.0,0.9413067829119812,0.37,279.73455658602705,0.099699998866532,0.8618326038707972,0.0514284854690737,False,False,False,True,False,0,0.29125
TOI-1130 b,3.66,19.8,4.074554,0.0453,825.0,2.23,4360.0,0.9413067829119812,0.11,458.4829612496194,0.0988805015924831,0.639654203578394,0.1255140772089676,False,False,False,True,False,0,0.2756011904761905
K2-232 b,11.209,126.49634,11.168454,0.10356,1030.0,1.42,6154.0,1.7300155231477965,0.1,161.296678200966,0.0959089448843163,0.9690714937155116,0.0746970630551941,False,False,False,True,False,0,0.2703712121212121
HD 86226 c,2.16,7.25,3.98442,0.049,1311.0,3.97,5863.0,1.1799945460606736,0.018,491.2550150127699,0.0974807644623585,0.9983957326592398,0.0049199525594186,False,False,True,False,False,0,0.26998809523809525
WASP-69 b,11.21,82.58,3.86813881,0.0453,971.0,1.42,4792.0,0.329997006285229,0.35,160.73187550727394,0.0974948822938762,0.8057002083890396,0.0807372017032509,False,False,False,True,False,0,0.2541626984126984
TOI-269 b,2.77,8.8,3.6977104,0.0345,531.0,2.28,3514.0,0.9413067829119812,-0.29,790.1840779953671,0.0980678290484017,0.3201250572725739,0.390995499933757,False,False,False,False,True,0,0.2512837301587302
WASP-185 b,14.01125,311.4734,9.38755,0.0904,1160.0,0.66,5900.0,0.9413067829119812,-0.02,115.17048276455878,0.0969915173692552,0.9966979083805702,0.0485117346289327,False,False,True,False,False,0,0.23183964646464653
WASP-139 b,8.9672,37.18611,5.924262,0.062,910.0,0.31,5310.0,0.9413067829119812,0.2,244.8132075193709,0.0922463285490662,0.9524934963343736,0.0427422303259965,False,False,False,True,False,0,0.22917261904761912
TOI-5795 b,5.62,23.66,6.1406325,0.064,1136.78,0.73,5715.0,1.130004049940676,-0.27,275.812557954766,0.0959173037519001,0.9991183888476703,0.0325861018881475,False,False,True,False,False,0,0.22658928571428572
TOI-5300 b,9.86390302,190.6970442,2.262196,0.0295,1043.0,1.1,4610.0,0.1730015523147796,-0.17,198.5670614803784,0.0927704989094121,0.738480273541426,0.1689947779428583,False,False,False,True,False,0,0.21658531746031748
HD 28109 b,2.69,6.2,22.733983275,0.054235,867.0,1.8,6189.0,1.9784731875085524,0.1,672.3931153007973,0.0929398179585139,0.963157817028366,1.3827299153624846,False,True,False,False,False,0,0.20721031746031748
TOI-3288 b,11.2089807,670.61793877,1.4338635,0.0215,1059.0,2.6,3933.0,0.1099993198935193,0.27,237.45131115708443,0.0837552268039503,0.4693295931991096,0.1761863218200119,False,False,False,True,False,0,0.20572781385281388
TOI-2379 b,11.72459381,733.625075,5.4693827,0.05263,624.0,6.21,3707.0,0.9413067829119812,0.501,339.70949576726065,0.083525642227235,0.3855361861764012,0.1859596522004199,False,False,False,True,False,0,0.19780952380952377
HATS-7 b,6.310667,38.1396,3.185315,0.04012,1084.0,0.83,4985.0,0.3680018483545034,0.25,228.4853831894856,0.1000319597852768,0.869580626356469,0.0700410456103352,False,False,False,True,False,0,0.19636904761904764
TOI-2458 b,2.83,13.31,3.73659,0.0482,1509.4,3.23,6005.0,0.9413067829119812,-0.1,404.9955180669729,0.0937646725698415,0.9886144230084868,0.0291017977276398,False,True,False,False,False,0,0.19024206349206352
TOI-3837 b,10.87271128,187.51876013,11.88865,0.099,1178.0,0.82,5905.0,1.57101380014892,-0.26,160.27482148019996,0.0936290627354384,0.9964221934349112,0.0381414197409317,False,False,False,True,False,0,0.18875829725829724
HAT-P-19 b,11.29865255,88.03846874,4.00878322,0.04599,981.2,0.335,4962.0,0.3270016921283103,0.166,154.53181197078044,0.0982709638711832,0.862458713179293,0.0920029435749198,False,False,False,True,False,0,0.1884107142857143
K2-285 b,2.59,9.68,3.471745,0.03817,1088.9,3.07,4975.0,0.9413067829119812,0.0,645.6377057604565,0.0896619542551382,0.8665019764346735,0.207789225270612,False,False,False,True,False,0,0.18595238095238095
K2-140 b,13.56286665,295.58041851,6.569188,0.068,962.0,0.66,5585.0,0.9413067829119812,0.1,203.52579089988777,0.0852169205218171,0.9917566090758984,0.0122776956946785,False,False,True,False,False,0,0.18298611111111115
HD 28109 d,3.11,5.8,22.733983275,0.054235,561.0,1.1,6189.0,1.9784731875085524,0.1,672.3931153007973,0.0993470014656397,0.963157817028366,1.3827299153624846,False,True,False,False,False,0,0.1828719336219336
K2-121 b,7.16,51.0,5.185738,0.054235,716.0,0.7,4526.0,0.9413067829119812,0.04,319.9073933435463,0.0956958182217044,0.705862921711683,0.1010370567680209,False,False,False,True,False,0,0.1820811688311688
HD 28109 c,4.13,9.2,22.733983275,0.054235,643.0,0.7,6189.0,1.9784731875085524,0.1,672.3931153007973,0.0894778593523324,0.963157817028366,1.3827299153624846,False,True,False,False,False,0,0.17751479076479068
TOI-824 b,2.926,18.467,1.392978,0.02177,1253.0,4.03,4600.0,0.1949979294903469,-0.092,410.5799566430266,0.0974447489883115,0.734640347818805,0.1378341893704716,False,False,False,True,False,0,0.17242857142857143
TOI-2485 b,12.1393261,733.625075,11.23479,0.1093,1134.0,2.36,5599.0,1.9784731875085524,0.07,165.5973922144779,0.0904580446987387,0.9929050665039784,0.1397847099177847,False,False,False,True,False,0,0.17207738095238095
TOI-2416 b,9.86390302,733.625075,8.275479,0.0831,1080.0,5.4,5808.0,1.5739828644662197,0.32,227.89514167822125,0.0878195702406222,0.9998000199986667,0.0483081874026914,False,False,False,True,False,0,0.16961706349206349
TOI-663 b,2.27,4.45,2.598902,0.0295,674.0,2.07,3681.0,0.9413067829119812,0.07,1080.4095069291031,0.0878192699132613,0.3763626897956586,0.2868320326160948,False,False,False,False,True,0,0.16443253968253974
HATS-5 b,10.223,75.323,4.763387,0.0542,1025.0,0.39,5304.0,0.5395106225151276,0.19,183.59194134535963,0.0946161668127858,0.951297915484924,0.0284803248775384,False,False,True,False,False,0,0.15788888888888888
GJ 9827 b,1.44,4.28,1.208974,0.0189,1035.01,6.840423374999999,4236.0,0.9413067829119812,-0.29,2627.807104525225,0.0647525586511183,0.5895522078449806,0.1882144256297173,False,False,False,True,False,0,0.15784325396825394
K2-233 b,1.315,2.4,2.467583,0.03293,1127.0,5.7,4796.0,0.9413067829119812,-0.082,867.2561990792218,0.0932199893410463,0.8071108801280549,0.1040054959863439,False,False,False,True,False,0,0.155718253968254
HAT-P-68 b,12.016048,230.10892,2.29840551,0.02996,1027.8,0.727,4508.0,0.1662991387313147,-0.059,185.0643697176977,0.0897532282677828,0.6987779731229712,0.1630223589336036,False,False,False,True,False,0,0.15310119047619047
HD 1397 b,11.500434,131.89945,11.53533,0.1097,1228.3,0.477,5521.0,1.9784731875085524,0.29,164.3920558557146,0.0902441795460623,0.9854296346918991,0.1216339388976749,False,False,False,True,False,0,0.14004166666666668
TOI-1685 b,1.421,3.07,0.66913923,0.01164,1000.0,1.42,3470.0,0.9413067829119812,0.01,6896.545838745085,0.0474925777430272,0.3061293495021188,0.22798034050454,False,False,False,False,True,0,0.13738095238095238
TOI-3884 b,6.43,32.59,4.5445828,0.0361,441.0,0.67,3324.375,0.9413067829119812,0.04,721.7447979328339,0.083803158266193,0.2624121207096917,0.5109476922633831,False,False,False,True,False,0,0.13685714285714284
Kepler-74 b,10.76,200.22,7.340711,0.0781,1078.0,0.88,6000.0,0.9413067829119812,0.42,154.29715764685517,0.097383859448705,0.9891077548081656,0.0714941294688755,False,True,False,False,False,0,0.13195075757575758
TOI-333 b,4.26,20.1,3.7852503,0.049,1445.0,1.42,6241.0,0.9413067829119812,0.01,391.8845890557789,0.0863265512814603,0.9534793077356823,0.0392303667995327,False,False,False,True,False,0,0.12692857142857145
KOI-4777.01,0.51,99.2,0.412,0.008,1180.0,1.42,3515.0,0.9413067829119812,0.1,14481.64281403048,0.0332022317088728,0.3204472651235654,0.1769275706340958,False,False,False,True,False,0,0.12395238095238095
TOI-1749 b,1.39,57.0,2.38839,0.0291,831.0,1.42,3985.0,0.9413067829119812,-0.26,1110.2803492669125,0.0918636331480836,0.4894803852090567,0.2321150388379417,False,False,False,False,True,0,0.12302777777777775
TOI-2158 b,10.76062147,260.61929374,8.60077,0.075,1188.0,1.14,5673.0,0.9413067829119812,0.47,167.31368341841116,0.0923879804310461,0.9975529988004797,0.1184647339991564,False,False,False,True,False,0,0.12148214285714286
WASP-166 b,7.06167,32.10083,5.44354,0.0641,1270.0,0.54,6050.0,0.9413067829119812,0.19,229.03900251154695,0.0927319750502556,0.983693524889382,0.073686678437796,False,True,False,False,False,0,0.11951785714285716
Qatar-6 b,11.903958,212.31044,3.506195,0.0423,1006.0,1.42,5052.0,0.3059989949155129,-0.025,170.9214679831273,0.0929319497515071,0.8894713335458574,0.0844576802982475,False,False,False,True,False,0,0.11459722222222223
K2-157 b,0.935,1.14,0.3652575,0.00962,2432.0,6.840423374999999,5334.0,0.9413067829119812,0.02,10062.67379888033,0.0343897659679079,0.9571377102725858,0.02451343393064,False,False,True,False,False,0,0.11377380952380955
TOI-1075 b,1.791,9.95,0.6047328,0.01159,1323.0,6.840423374999999,3875.0,0.9413067829119812,-0.08,6955.73781728984,0.0419186370905122,0.4471963336841505,0.1653078280033261,False,False,False,True,False,0,0.11373809523809525
HR 858 b,2.004,3.55,3.585287,0.04888,1552.0,2.44,6354.0,1.9784731875085524,0.025,827.7249432146436,0.079527641724955,0.9289243268985502,0.0827449781546432,False,False,False,True,False,0,0.11154761904761905
HATS-37 A b,6.792654,31.46517,4.3315366,0.04913,1085.0,0.55,5326.0,0.5549961877770312,0.051,229.83522183000332,0.0977105570624601,0.9556143098746492,0.0734934712992005,False,False,False,True,False,0,0.11125595238095239
TOI-2374 b,6.81,56.64,4.31361,0.0471,885.0,0.98,4802.0,0.9413067829119812,0.15,424.1247822222938,0.0839470943904221,0.8092207304587531,0.1244045426126336,False,False,False,True,False,0,0.11109447496947497
HD 25463 c,1.36354953,4.3,3.04405,0.0443,1585.57,6.840423374999999,6353.0,1.9784731875085524,-0.018,1007.6308957563076,0.0801995365697215,0.9291619554873688,0.0962469607458469,False,False,False,True,False,0,0.10936904761904762
KOI-94 b,1.71,10.5,3.743208,0.05119,1486.0,6.840423374999999,6182.0,1.9784731875085524,0.0228,754.7345068600716,0.0859139009166553,0.9643796614552418,0.1053580997728714,False,False,False,True,False,0,0.10913492063492064
NGTS-12 b,11.747032,66.10864,7.532806,0.0757,1257.0,0.223,5690.0,0.9413067829119812,-0.03,164.2342188352385,0.089128166893029,0.99828059099137,0.0085346529172286,False,False,True,False,False,0,0.10912301587301589
HATS-46 b,10.121727,54.98459,4.7423729,0.05367,1054.0,0.28,5495.0,0.5890063813507318,-0.06,204.4118474958143,0.0909167871200938,0.9823598855305324,0.0373845203215979,False,False,False,True,False,0,0.10676190476190475
TOI-544 b,2.018,2.89,1.548352,0.0225,999.0,1.93,4169.0,0.9413067829119812,-0.17,1855.7058312705396,0.0683618589161013,0.5625322074302793,0.1849844169401535,False,False,False,True,False,0,0.10638492063492062
Kepler-21 b,1.639,7.5,2.7858212,0.0434,2015.0,6.840423374999999,6305.0,0.9413067829119812,-0.03,499.483583919844,0.0911562470027805,0.9401483889839362,0.1456215754882039,False,False,False,True,False,0,0.10433333333333332
TOI-622 b,9.2362001,96.30200732,6.402513,0.0708,1388.0,0.507,6400.0,1.9784731875085524,0.09,394.6181192723355,0.0697586134513965,0.917617885065204,0.0623901895814899,False,True,False,False,False,0,0.09997619047619048
Kepler-78 b,1.201,1.68,0.35500745,0.00901,2223.0,5.33,5058.0,0.9413067829119812,-0.18,11454.193690589096,0.033138874998895,0.8911878885041844,0.0504472752093732,False,False,False,True,False,0,0.09822619047619048
Kepler-427 b,13.79,92.17,10.290994,0.091,1100.0,0.16,5800.0,1.9498445997580447,-0.19,235.4316106928333,0.0780081115725013,0.9998924502283358,0.0225808253759815,False,False,True,False,False,0,0.09691666666666668
K2-265 b,1.70824866,7.3418362,2.36902,0.03359,1366.0,6.840423374999999,5420.0,0.6570070049599265,0.033,581.7886551358564,0.0959214601682254,0.9719208684563564,0.0442190856020953,False,False,False,True,False,0,0.0955357142857143
HD 93963 A c,3.11976057,18.4,3.6451389,0.04726,1212.45,3.31,5908.0,1.1689878572696135,0.11,523.1523299672882,0.0892573146040772,0.9962514877233094,0.0249896806232912,False,False,False,True,False,0,0.09419444444444444
TOI-3568 b,5.3,26.4,4.417965,0.0485,899.0,0.98,4969.0,1.9784731875085524,-0.01,840.7407574667171,0.0715326449076959,0.8646415748810573,0.1072069592135328,False,False,False,True,False,0,0.09327777777777779
TOI-500 b,1.166,1.42,0.548177,0.01189,1617.0,4.89,4440.0,0.9413067829119812,0.12,6611.595831711277,0.0438718236921377,0.6717748763616823,0.0839318655691495,False,False,False,True,False,0,0.09155952380952381
TOI-1842 b,12.3485023,89.4,9.5739181,0.1,1199.55,0.26,6039.0,1.9784731875085524,0.332,197.8275359972555,0.0835668330203036,0.984976003535202,0.1628034709066216,False,False,False,True,False,0,0.08981547619047618
GJ 3470 b,4.57,13.9,3.3366496,0.0355,593.5,0.8,3600.0,0.9413067829119812,0.2,746.3284700986967,0.0856310255218213,0.3484878197132323,0.266328417361345,False,False,False,True,False,0,0.088265873015873
K2-266 b,3.3,11.26782377,0.658524,0.01306,1515.0,1.42,4285.0,0.1502000232866065,-0.12,875.4772182829372,0.0697309989318941,0.6093611155535592,0.1195752453056374,False,False,False,True,False,0,0.08775000000000001
TOI-3629 b,8.29464572,82.63538582,3.936551,0.043,690.0,0.8,3870.0,0.9413067829119812,0.4,508.8144772497196,0.0792196413289696,0.4453067092317828,0.1629404767481276,False,False,False,False,True,0,0.0842579365079365
TOI-2368 b,10.83908434,206.58846455,5.1750073,0.05649,1000.0,0.88,5360.0,0.5309944722259565,0.1,166.34539290233988,0.0966521632849094,0.9619165720137536,0.0464822950721704,False,False,False,True,False,0,0.08391666666666665
TOI-329 b,4.94057819,40.4,5.70439,0.0638,1213.02,1.84,5614.0,1.9784731875085524,0.205,485.9394188563634,0.0809588099070693,0.9940409371790152,0.0271163072358386,False,False,False,True,False,0,0.08266666666666665
Kepler-411 b,2.401,25.6,3.005156,0.0375,1138.0,6.840423374999999,5599.0,0.9413067829119812,0.07,668.8980514563732,0.089176249030247,0.9929050665039784,0.1066699708766415,False,False,False,True,False,0,0.07873809523809525
TOI-4860 b,8.7,86.7,1.5227591,0.01808,694.0,0.75,3324.375,0.9413067829119812,0.27,2870.832040950711,0.0438342323518634,0.2624121207096917,0.4248912252268454,False,False,False,False,True,0,0.07458333333333332
Kepler-40 b,13.11,699.2,6.87349,0.08,1620.0,1.68,6510.0,0.9413067829119812,0.1,147.0562072976068,0.0833009888509133,0.8877438809014379,0.1597185942770254,False,True,False,False,False,0,0.07247222222222223
TOI-969 b,2.765,9.1,1.8237305,0.02636,941.0,2.34,4435.0,0.9413067829119812,0.175,1352.744591520899,0.0716489162302407,0.6697767112801397,0.127897903918682,False,False,False,True,False,0,0.07075396825396824
HATS-43 b,13.22662,82.95363,4.3888497,0.04944,1003.0,0.191,5099.0,0.4000000079872419,0.05,163.57820444267023,0.0913469519366313,0.9026200704671432,0.0767041411262031,False,False,False,True,False,0,0.07064880952380953
XO-6 b,23.20263,733.625075,3.7650007,0.0815,1577.0,0.62,6720.0,0.9413067829119812,-0.07,141.6937166164123,0.0709869868743217,0.821032979846279,0.7038564972368639,False,True,False,False,False,0,0.06826984126984126
TOI-2364 b,8.60849718,71.51139158,4.0197517,0.04871,1091.0,0.61,5306.0,0.5600025440780013,0.344,235.9232479768309,0.0902024543566607,0.951697967502432,0.0201929294627439,False,False,False,True,False,0,0.0677797619047619
Qatar-9 b,11.309881,378.2177,1.540731,0.0234,1134.0,1.43,4309.0,0.1510010614004338,0.252,275.2680862630046,0.0781027096829185,0.6190638329670441,0.1337338561631575,False,False,False,True,False,0,0.06757738095238094
WASP-45 b,10.603714,306.38812,3.126089,0.03963,1153.0,1.418,5150.0,0.4617958226257791,-0.03,293.8498120061828,0.077602111965982,0.91608979568497,0.0697164070126163,False,False,False,True,False,0,0.06554166666666666
TOI-2384 b,11.48920522,624.85064816,2.13570304,0.02793,889.7,2.26,3943.0,0.9413067829119812,0.332,1205.1273592819182,0.0506415056707485,0.47318340263815,0.1887195351384465,False,False,False,True,False,0,0.06508333333333334
TOI-3984 A b,7.9,44.0,4.353326,0.041,563.0,0.49,3476.0,0.9413067829119812,0.18,559.635423847789,0.0815631752042749,0.3080168194520862,0.3109007805937766,False,False,False,False,True,0,0.06457142857142857
WASP-53 b,12.038466,677.61356,3.3098443,0.04101,1053.0,2.28,4953.0,0.3440012336245948,0.22,204.41949417207155,0.0862439251916862,0.8596327636025423,0.0747706190183654,False,False,False,True,False,0,0.062488095238095245
WASP-129 b,10.42437,317.83,5.748145,0.0628,1100.0,1.6,5900.0,0.9413067829119812,0.15,238.6172272923569,0.0846410229218411,0.9966979083805702,3.934720366645252e-06,False,False,True,False,False,0,0.06172222222222223
WASP-150 b,11.99363,733.625075,5.644207,0.0694,1460.0,6.840423374999999,6218.0,0.9413067829119812,0.156,195.39888713153695,0.0802337657184497,0.957890103383771,0.1455354508068894,False,True,False,False,False,0,0.060575757575757574
WASP-195 b,10.31226224,33.05415433,5.051928,0.063,1522.0,0.16,6300.0,0.9413067829119812,0.0,237.10498310125467,0.0778924415387314,0.9412448230150238,0.1157569644120767,False,False,False,True,False,0,0.059875
TOI-908 b,3.186,16.137,3.183792,0.041657,1317.0,2.742,5626.0,0.9413067829119812,0.08,542.1319589981828,0.0857895293458276,0.9948789353690612,0.021356755167438,False,False,True,False,False,0,0.05844047619047619
TOI-1669 c,2.2963977,13.0,2.6800535,0.0376,1285.16,6.0,5497.0,0.9210007842348022,0.274,650.994362460631,0.0879985221827723,0.9826061612737756,0.0054412329080279,False,False,False,True,False,0,0.05541666666666667
HD 110113 b,2.05,4.55,2.541,0.035,1371.0,2.9,5732.0,0.9413067829119812,0.14,767.7869354910123,0.0839801704250017,0.9995298883149204,0.0514936723181752,False,False,True,False,False,0,0.05480952380952381
HATS-38 b,6.882326,23.51942,4.375021,0.05036,1294.0,0.403,5732.0,1.178989670171637,-0.102,464.6943026369788,0.0734807464498512,0.9995298883149204,0.0501519804217502,False,False,False,True,False,0,0.054083333333333324
TOI-6038 A b,6.41,78.5,5.8267311,0.069,1439.0,1.62,6110.0,1.9784731875085524,0.124,415.4710599555968,0.0756128661094477,0.9758033268768974,0.1104945887221474,False,False,False,True,False,0,0.05272619047619047
K2-295 b,10.054473,106.47305,4.024867,0.0451,852.0,0.612,4444.0,0.9413067829119812,0.14,462.5563426774222,0.0733351780587893,0.6733723126280586,0.1206462052774195,False,False,False,True,False,0,0.0527202380952381
WASP-132 c,1.841,6.26,1.01153624,0.01833,1329.0,5.47,4686.0,0.2659989975855976,0.15,789.3405319451105,0.0859334646717249,0.7672120876480062,0.0831749285663614,False,False,False,True,False,0,0.0524642857142857
TOI-5293 A b,11.9,170.4,2.930289,0.034,675.0,0.56,3586.0,0.9413067829119812,-0.03,813.5754389904763,0.0610630353664669,0.3437819958297178,0.2099879446349364,False,False,False,False,True,0,0.05070833333333332
TOI-1410.01,3.10083009,12.5,1.21687,0.0207,1236.7,2.3,4635.0,0.2390011551484726,0.328,556.4766470662241,0.0871097043756448,0.7480226654971215,0.0884657115428047,False,False,False,True,False,0,0.049869047619047625
WASP-193 b,14.78464554,35.59678158,6.2463475,0.0668,1250.0,0.06,6080.0,1.819994183373484,-0.108,407.7742141075729,0.0614614220464576,0.979936450787274,0.0082296803911343,False,False,False,True,False,0,0.049297619047619055
TOI-3976 A b,12.27383387,55.61997123,6.607662,0.0743,1295.0,0.165,5975.0,1.9784731875085524,0.182,358.32233464310394,0.0673245805632803,0.9914128597047522,0.0977838011531103,False,False,False,True,False,0,0.04776190476190476
NGTS-4 b,3.18,20.6,1.3373508,0.019,1650.0,3.45,5143.0,0.9413067829119812,-0.28,2600.294980419837,0.0478175813937532,0.9142917514568524,0.2631863761542506,False,False,False,True,False,0,0.047
TOI-1259 A b,11.45557828,140.16232749,3.477978,0.0407,963.0,0.513,4775.0,0.9413067829119812,-0.425,567.9109876451629,0.0638173817988388,0.7996688651572678,0.1270590927801963,False,False,False,True,False,0,0.04620833333333334
NGTS-5 b,12.733424,72.78307,3.3569866,0.0382,952.0,1.42,4987.0,0.9413067829119812,0.12,644.6247075220383,0.0593973778367883,0.8701930266570368,0.177917737284076,False,False,False,True,False,0,0.04522222222222222
TOI-5350 b,12.41955062,733.625075,7.581367,0.0796,1195.0,6.03,6220.0,1.9784731875085524,0.044,312.2018676360629,0.0717672550887591,0.9575146840502412,0.0682779887121957,False,False,False,True,False,0,0.04516666666666667
TOI-2000 b,2.7,11.0,3.09833,0.04271,1488.0,3.07,5611.0,1.1469909731357617,0.439,628.4385836360876,0.0822800997290247,0.993821609678902,0.0340588216136826,False,False,False,True,False,0,0.044678571428571436
TOI-2345 b,1.504,3.49,1.0528573,0.01705,1478.0,5.64,4687.0,0.2309989469033987,-0.1,791.8990989223568,0.0869387067433187,0.7675843610459832,0.1939222781434472,False,False,False,True,False,0,0.04389285714285714
TOI-3714 b,11.32107051,222.4798849,2.154849,0.027,750.0,0.85,3660.0,0.9413067829119812,0.1,1289.4613464547688,0.0518756907492193,0.3690319696782797,0.2383414200612897,False,False,False,False,True,0,0.043755952380952375
TOI-1807 b,1.49681583,2.44,0.54937097,0.0122,1694.1,3.98,4914.0,0.2930016054501845,0.044,1955.429828151258,0.0619681754868942,0.8471411086805012,0.0639152212125872,False,False,False,True,False,0,0.042821428571428566
HATS-6 b,11.186582,101.38777,3.3252725,0.03623,712.8,0.399,3724.0,0.9413067829119812,0.2,716.5785163285022,0.0640906404883517,0.3915911810467915,0.2374398290968956,False,False,False,False,True,0,0.04008928571428572
TOI-481 b,11.09691,486.2799,10.33111,0.097,1370.0,1.42,5735.0,1.9784731875085524,0.26,210.25219845999493,0.0816220354091842,0.99958919551439,0.057134769344898,False,False,True,False,False,0,0.039896825396825396
TOI-172 b,10.816685,733.625075,9.47725,0.0914,1198.0,6.840423374999999,5645.0,1.9784731875085524,0.148,236.80223334504927,0.0820195456622808,0.9960768269415046,0.0545781907186141,False,False,False,True,False,0,0.03978571428571429
TOI-6651 b,5.09,61.0,5.056973,0.0633,1493.0,2.52,5940.0,1.9784731875085524,0.225,493.6445829372944,0.0754459622178089,0.9941849731002634,0.1210595043238461,False,False,False,True,False,0,0.039380952380952385
TOI-238 b,1.559,3.37,1.273099,0.0212,1378.0,1.42,5059.0,0.9413067829119812,-0.114,2089.749540253932,0.0637008255309576,0.8914729161570787,0.0965446852034711,False,False,False,True,False,0,0.03897619047619048
K2-36 b,1.43,4.3,1.422614,0.02288,1328.0,6.840423374999999,4916.0,0.9413067829119812,0.07,1794.6936762565645,0.068875938645716,0.8477912093554948,0.095524870469731,False,False,False,True,False,0,0.038837301587301594
TOI-4495 b,2.483,7.7,2.56699,0.03957,1735.0,2.71,6210.0,0.9413067829119812,0.18,600.7887763738221,0.081601162274388,0.9593761974989304,0.096679008080335,False,False,False,True,False,0,0.03875000000000001
TOI-559 b,12.22899794,733.625075,6.9839095,0.0723,1180.0,5.74,5925.0,1.687990507424142,-0.069,322.85709236177445,0.0715525890188393,0.9952095111690844,0.0143595034542036,False,False,True,False,False,0,0.03694444444444444
Kepler-425 b,10.962,79.45,3.79701816,0.0464,1070.0,0.27,5170.0,0.4753352259428053,0.24,220.6796904040954,0.0861689895277226,0.9211360299294344,0.0338253291446858,False,False,False,True,False,0,0.03669047619047619
Kepler-91 b,15.322703,257.4423,6.24658,0.0731,2040.0,0.4,4550.0,0.9413067829119812,0.11,176.12263250489394,0.0699537693356742,0.7152611519047101,0.1252760516242175,False,False,False,True,False,0,0.03549404761904762
Kepler-323 b,1.381,3.9,1.678328,0.02778,1838.0,6.840423374999999,6004.0,0.9413067829119812,-0.14,1218.1599419821778,0.0720056173447309,0.9887139485364372,0.0063261498290227,False,False,False,True,False,0,0.03472619047619048
WASP-80 b,11.197791,170.99254,3.06785234,0.0344,825.0,0.717,4143.0,0.9413067829119812,-0.13,794.7809643283978,0.0597453613443106,0.5520867992768467,0.2343861624772758,False,False,False,True,False,0,0.034708333333333334
TOI-2524 b,11.2089807,203.41018048,7.18585,0.073,1100.0,0.79,5831.0,1.307013279149898,0.06,245.2182512476357,0.0820410329284412,0.9993759725639372,0.0021870985514483,False,False,False,True,False,0,0.03371428571428571
Kepler-43 b,13.663771,733.625075,3.0240949,0.046,1620.0,5.0,6041.0,0.9413067829119812,0.33,444.6418436050926,0.0569583619173231,0.98474664027727,0.1504125230878618,False,False,False,True,False,0,0.03275
NGTS-25 b,11.46678726,203.09235207,2.823093,0.0388,1101.0,1.42,5321.0,0.5109989408837075,0.12,339.2096206179519,0.0731295717112519,0.954649626668701,0.0096120242534141,False,False,False,True,False,0,0.03183333333333333
WASP-42 b,12.576498,167.49641,4.9816819,0.0561,1021.0,0.464,5315.0,0.9413067829119812,0.29,298.997456622011,0.075604184247241,0.9534793077356823,0.0225584641369997,False,False,False,True,False,0,0.03142857142857143
HD 118203 b,12.778238,680.15279098,6.1349779,0.0713,1361.0,1.79,5742.0,0.9413067829119812,0.287,185.12569751783903,0.0816746470076723,0.999712041468019,0.1084829130926586,False,False,False,True,False,0,0.03140909090909091
NGTS-14 A b,4.976796,29.24036,3.5357173,0.0403,1143.0,1.395,5187.0,0.9413067829119812,0.1,579.2336319292968,0.0774325990456054,0.9253178304503276,0.1538842458153055,False,False,False,True,False,0,0.030714285714285715
TOI-6420 b,11.93756445,733.625075,6.961508,0.0753,1213.0,6.840423374999999,6020.0,1.9784731875085524,0.24,348.8700033871005,0.069734471792957,0.9870700965901964,0.0699808380670352,False,False,False,True,False,0,0.029884920634920636
TOI-431 b,1.28,3.07,0.490047,0.0113,1862.0,6.840423374999999,4850.0,0.9413067829119812,0.2,7314.529356686465,0.040051716811787,0.8258234888177327,0.059267349472262,False,False,False,True,False,0,0.029726190476190475
NGTS-1 b,14.90797,258.07796,2.647298,0.0326,790.0,0.42,3916.0,0.9413067829119812,0.0,884.8864244867087,0.0533282052736572,0.4628028052431159,0.1766042133381763,False,False,False,False,True,0,0.02825
TOI-892 b,11.99363,301.9385,10.62656,0.092,1397.0,1.42,6261.0,1.9784731875085524,0.24,233.72394418293595,0.0765358470670309,0.9494788726539978,0.0361968684295476,False,True,False,False,False,0,0.02802777777777778
Kepler-101 b,5.77,51.1,3.4876812,0.0474,1513.0,1.45,5667.0,0.9413067829119812,0.33,418.77548444317057,0.0766397960912488,0.9972657449033718,0.0667637195276626,False,False,True,False,False,0,0.02780357142857143
K2-97 b,13.45077684,174.48779544,8.407115,0.0854,1566.0,0.392,4673.0,1.9784731875085524,0.328,271.2407168897518,0.0681045545898001,0.7623580979346086,0.0701378541998881,False,False,False,True,False,0,0.027416666666666666
Kepler-10 b,1.47,3.24,0.8374907,0.01685,2188.0,5.54,5708.0,0.9413067829119812,-0.15,3303.729199736704,0.0484878582209976,0.9989117037354972,0.0341657213542844,False,False,False,True,False,0,0.026642857142857142
WASP-154 b,10.76062147,198.96058278,3.811678,0.044,994.0,0.88,4774.0,0.9413067829119812,0.2,485.9611682560564,0.0679552919043673,0.7993122923650509,0.1055949085380668,False,False,False,True,False,0,0.025544871794871794
TOI-1853 b,3.46,73.2,1.2436258,0.0213,1479.0,6.840423374999999,4985.0,0.3695983298057939,0.11,812.8578367806504,0.071086561164286,0.869580626356469,0.0722283899272803,False,False,False,True,False,0,0.02544047619047619
TOI-4734 b,10.9175472,61.65871096,6.235633,0.074,1468.0,0.26,6070.0,1.9784731875085524,0.288,361.23300849161086,0.0672348365174653,0.9812308209987104,0.1426974246465823,False,False,False,True,False,0,0.024833333333333332
HD 137496 b,1.31,4.04,1.62116,0.02732,2130.0,6.840423374999999,5799.0,0.9413067829119812,-0.03,1259.4714337827345,0.0689118216181936,0.9999020048018432,0.0142592980618037,False,False,True,False,False,0,0.024833333333333332
TOI-561 b,1.397,2.02,0.4465697,0.01064,2319.0,4.1,5599.0,0.9413067829119812,0.07,8241.923471511862,0.035497468345296,0.9929050665039784,0.0537247214673851,False,False,False,True,False,0,0.02480952380952381
Kepler-428 b,12.11,403.63,3.52563254,0.0433,1070.0,1.02,5150.0,0.4073802778041127,0.09,217.16639984440067,0.0840228450209168,0.91608979568497,0.0591493302770736,False,False,False,True,False,0,0.024805555555555553
K2-30 b,11.646151,184.02357,4.098503,0.04839,1092.0,0.64,5425.0,0.5540003001200583,-0.15,236.49029641996069,0.0822242117079068,0.9726889893102256,0.0454227445076275,False,False,True,False,False,0,0.02454761904761905
HAT-P-38 b,9.247,84.857,4.640382,0.0523,1082.0,0.59,5330.0,0.6194410750767815,0.06,226.37990676309212,0.089702461888441,0.9563791072006902,0.0520790200372455,False,False,False,True,False,0,0.024440476190476193
TOI-3486 b,10.5700688,99.16246298,2.21778105,0.03138,1190.0,0.46,4930.0,0.3290031075247057,0.283,333.7746159241105,0.0738311885082833,0.8523134771557002,0.074488473219888,False,False,False,True,False,0,0.023583333333333335
WASP-183 b,16.47723,159.55066,4.1117771,0.04632,1111.0,0.21,5313.0,0.9413067829119812,-0.31,438.5223338295023,0.0598508611469534,0.9530861315795482,0.1046383761955501,False,False,True,False,False,0,0.023250000000000003
WASP-89 b,11.65736,733.625075,3.3564227,0.0427,1120.0,6.840423374999999,5130.0,0.9413067829119812,0.15,515.9852780599472,0.0630017825116833,0.9109092522690462,0.0348591882001415,False,False,False,True,False,0,0.02254761904761905
WTS-1 b,16.7,733.625075,3.352057,0.047,1500.0,1.61,6250.0,0.9413067829119812,-0.425,425.9306710008964,0.0554533915182983,0.951697967502432,0.0898882694272777,False,True,False,False,False,0,0.021833333333333337
Kepler-4 b,4.002,24.472,3.21346,0.0456,1650.0,1.91,5857.0,1.9784731875085524,0.17,951.0244320735604,0.0629668991806036,0.998614072397056,0.0871106617112339,False,False,False,True,False,0,0.02125
EPIC 246851721 b,11.780659,733.625075,6.180235,0.07229,1401.0,3.1,6202.0,1.9784731875085524,0.141,378.5215609374216,0.065517056066214,0.9608372663058714,0.1200389843038679,False,True,False,False,False,0,0.021166666666666663
WASP-116 b,13.67495645,203.41018048,6.6132,0.065,1414.0,0.43,6250.0,0.9413067829119812,0.0,222.7417848821536,0.0744274260458411,0.951697967502432,0.0766470146092201,False,False,False,True,False,0,0.020833333333333336
TOI-3593 b,11.02963701,565.73456446,3.8212867,0.0481,1170.0,2.31,5550.0,0.7220046589614492,0.384,311.9336125573851,0.0748755579081754,0.988514468159074,0.0071318126898147,False,False,False,True,False,0,0.020833333333333336
TOI-132 b,3.42,22.4,2.1097019,0.026,1395.0,3.08,5397.0,0.5999982725336438,0.16,886.2603730186762,0.0704111873626795,0.9682567396120852,0.2671356107278602,False,False,True,False,False,0,0.02075
WASP-84 c,1.95,15.2,1.4468849,0.02359,1329.0,6.840423374999999,5599.0,0.9413067829119812,0.07,1688.478701001835,0.065876811781992,0.9929050665039784,0.0724500590108095,False,False,False,True,False,0,0.019761904761904762
K2-141 b,1.51,4.97,0.2803244,0.00747,2103.0,6.840423374999999,4570.0,0.9413067829119812,0.0,16572.039930916257,0.0285063972846719,0.7230471179519047,0.0498149778864182,False,False,False,True,False,0,0.019726190476190474
TOI-4145 A b,13.30506009,136.66621501,4.0664428,0.04823,1074.0,0.32,5281.0,0.5160003545069491,0.168,221.7322244496432,0.0809737418483494,0.946588425633896,0.0429328782465185,False,False,False,True,False,0,0.019226190476190477
TOI-2025 b,11.89272852,733.625075,8.8720982,0.0892,1166.0,3.74,5977.0,1.9784731875085524,0.15,248.62562110230576,0.0789637971092198,0.9912383863955458,0.0800983794946449,False,False,False,True,False,0,0.019154761904761907
HIP 65 A b,22.75427,733.625075,0.9809734,0.01782,1411.0,0.48,4590.0,0.2098988214056818,0.18,658.9145817318653,0.0442269062584641,0.7307879086327602,0.0911227902407249,False,False,False,True,False,0,0.01891666666666667
WASP-188 b,14.81827249,458.6263913,5.748916,0.072,1666.0,0.78,6850.0,0.9413067829119812,0.0,181.5442204266116,0.074189696060262,0.7746265612409428,0.1774184958483128,False,False,False,True,False,0,0.018499999999999996
TOI-1444 b,1.41792246,3.58,0.4702743,0.0116,2130.02,6.84,5460.0,0.66700639840271,0.146,4920.377680751772,0.0431020414717763,0.9777786146112598,0.0161240597020337,False,False,False,True,False,0,0.018476190476190476
TOI-1836 c,2.59987579,8.0,1.7727471,0.03089,2007.6,3.0,6237.0,1.9784731875085524,-0.136,2071.2830304067134,0.051240877366392,0.9542610572992868,0.0937749025645641,False,False,False,True,False,0,0.018226190476190476
TOI-1416 b,1.62,3.48,1.0697568,0.019,1517.0,4.5,4884.0,0.9413067829119812,0.08,2600.294980419837,0.0572143266884332,0.8372705692311392,0.0859107864090743,False,False,True,False,False,0,0.017833333333333333
Kepler-45 b,10.76,160.497,2.455239,0.03,1000.0,0.8,3820.0,0.9413067829119812,0.28,1044.7356081154064,0.0525911254180086,0.4265833276840897,0.2173554513543462,False,False,False,False,True,0,0.0175
KELT-24 b,12.71098411,733.625075,5.55149296,0.0665,1391.0,3.9,6426.0,1.9784731875085524,0.138,447.2894788918898,0.0606645343319358,0.9109092522690462,0.1044241973149256,False,False,False,True,False,0,0.0175
HD 213885 b,1.745,8.83,1.008035,0.02012,2128.0,6.840423374999999,5978.0,1.37600496197459,-0.04,3390.72482882468,0.0467886874040077,0.9911505004882848,0.0258328922766437,False,False,True,False,False,0,0.01633333333333333
TOI-2196 b,3.51,26.0,1.1947268,0.02234,1860.0,3.31,5634.0,0.9900109542601704,0.14,1979.7225744670811,0.0493343413982046,0.995402600543315,0.0163918486584465,False,False,True,False,False,0,0.01625
WASP-190 b,12.89035,317.83,5.367753,0.0663,1500.0,1.42,6400.0,0.9413067829119812,-0.02,214.0944171438016,0.0755540143602957,0.917617885065204,0.1296174248563449,False,True,False,False,False,0,0.01625
HATS-61 b,13.394755,733.625075,7.817953,0.07908,1226.1,2.47,5542.0,1.9784731875085524,0.247,316.3205497130185,0.0693226484741277,0.9876993897785512,0.0331247134502548,False,False,False,True,False,0,0.01575
HD 80653 b,1.613,5.72,0.719573,0.01661,2463.0,6.840423374999999,5959.0,0.9413067829119812,0.255,3399.543659468728,0.0455094276023047,0.9927462144018449,0.058304820685602,False,False,False,True,False,0,0.015583333333333333
TOI-3919 b,12.31866979,733.625075,7.433234,0.0795,1198.0,3.63,6100.0,1.9784731875085524,0.175,312.98765078244844,0.07183951892688,0.9772225254130948,0.083742369008626,False,False,False,True,False,0,0.015083333333333332
HATS-8 b,9.785457,43.86054,3.583893,0.04667,1324.0,0.259,5679.0,0.9413067829119812,0.21,431.9726390749735,0.0673916584750105,0.99782437012098,0.0233477472698651,False,False,False,True,False,0,0.015
TOI-2169 A b,12.50922246,329.58805806,8.2148282,0.0896,1364.0,0.92,6270.0,1.9784731875085524,0.123,246.41098041495655,0.0747264531802472,0.947629192876223,0.1526531358748775,False,False,False,True,False,0,0.014916666666666667
K2-100 b,3.88,21.8,1.6739035,0.0301,1841.0,2.04,5945.0,0.9413067829119812,0.22,1037.8130151949606,0.0597654053920824,0.993821609678902,0.1088586546894286,False,False,True,False,False,0,0.014666666666666666
K2-60 b,7.655747,135.39558,3.00265,0.045,1400.0,1.7,5500.0,0.9413067829119812,0.01,464.6134170345415,0.0697043685670628,0.9829724140774104,0.1281693896856766,False,False,True,False,False,0,0.014499999999999999
HATS-41 b,14.90797,733.625075,4.193649,0.0583,1710.0,5.1,6424.0,1.9784731875085524,0.47,581.9227055900492,0.049913775177307,0.9114332769730114,0.1759061332750247,False,False,False,True,False,0,0.014416666666666666
CoRoT-13 b,9.92,415.704,4.03519,0.051,1700.0,2.34,5945.0,0.9413067829119812,0.01,361.7627912805462,0.0663855524598209,0.993821609678902,0.0358809294341391,False,False,True,False,False,0,0.014333333333333333
TOI-3261 b,3.82,30.3,0.8831331,0.01714,1722.0,3.0,5068.0,0.4300015291512701,0.138,1458.7221407155384,0.0546163988309147,0.8940243900709406,0.0547432631915418,False,False,False,True,False,0,0.014333333333333333
TOI-2498 b,6.06,34.62,3.738252,0.0491,1443.0,0.86,5905.0,0.9413067829119812,0.167,390.2906045301998,0.0783959743155077,0.9964221934349112,0.0526149802858518,False,False,False,True,False,0,0.013333333333333332
TOI-1820 b,12.778238,731.0053361,4.860674,0.061,1375.0,2.0,5734.0,0.9413067829119812,0.14,252.9034881547504,0.0734360471439903,0.9995698703100876,0.1072407226080034,False,False,False,True,False,0,0.013000000000000001
TOI-5301 b,13.09208946,733.625075,5.858858,0.073,1648.0,2.88,6240.0,1.9784731875085524,0.03,371.1957199828429,0.060992549198572,0.9536753208495968,0.1789534443022498,False,False,False,True,False,0,0.012916666666666665
TOI-1288 b,4.96846551,44.1,2.6998279,0.0374,1203.44,1.97,5388.0,0.700003159130897,0.257,500.0879858910791,0.0802355196717335,0.9667648382711532,0.0185302798252814,False,False,False,True,False,0,0.012916666666666665
KELT-11 b,15.13212395,65.15482343,4.73620865,0.0623,1712.0,1.42,5375.0,0.9413067829119812,0.17,242.4617385388472,0.0664421080771545,0.9645526223828956,0.157000066378426,False,False,False,True,False,0,0.012624999999999999
NGTS-9 b,11.99363,733.625075,4.43527,0.058,1448.0,2.93,6330.0,0.9413067829119812,0.31,279.73455658602705,0.0713896842481713,0.934529579342974,0.1209091674156357,False,True,False,False,False,0,0.012083333333333333
WASP-169 b,14.616536,178.30263,5.6114118,0.0681,1604.0,0.33,6110.0,0.9413067829119812,0.06,202.9286322652651,0.0725826482540889,0.9758033268768974,0.1260143334745492,False,True,False,False,False,0,0.012011904761904762
TOI-2567 b,10.92875618,63.88350981,5.983944,0.0672,1352.0,0.269,5611.0,1.9784731875085524,0.241,438.021534415333,0.0644939852362876,0.993821609678902,0.0531269608058229,False,False,False,True,False,0,0.011916666666666666
Kepler-426 b,12.22,108.06,3.21751883,0.0414,1300.0,0.26,5725.0,0.8147042840208396,-0.21,475.0573098036337,0.0613169335613723,0.9993759725639372,0.0383438236229374,False,False,True,False,False,0,0.011333333333333332
CoRoT-35 b,18.83108758,349.6112477,3.22748,0.0429,1747.0,0.29,6390.0,0.9413067829119812,-0.425,511.188047698221,0.0481261030148732,0.9201376505205444,0.0047645239782002,False,True,False,False,False,0,0.011333333333333332
Qatar-4 b,12.722215,733.625075,1.8053564,0.02803,1385.0,5.1,5215.0,0.4810054531607244,0.103,611.4365470939035,0.054722643859676,0.931985935052732,0.0432124392137299,False,False,False,True,False,0,0.01125
TOI-1194 b,8.71664516,120.0,2.3106446,0.034,1264.29,0.99,5394.0,0.7059923578936672,0.348,610.1921848692024,0.0629900316403323,0.967763054575268,0.0076560622213341,False,False,False,True,False,0,0.010714285714285714
KELT-21 b,17.777474,733.625075,3.6127647,0.05224,2051.0,1.24,7525.375,1.9784731875085524,-0.405,724.7107811717229,0.0416566015481356,0.50736966431232,0.1621298108752087,True,False,False,False,False,0,0.0105
TOI-332 b,3.2,57.2,0.777038,0.0159,1871.0,6.840423374999999,5251.0,0.9413067829119812,0.256,3708.706445419727,0.0409147905671928,0.9401483889839362,0.0417263489862049,False,False,False,True,False,0,0.010107142857142856
TOI-2207 b,11.1529358,203.41018048,8.001968,0.0854,1259.0,0.8,6101.0,1.9784731875085524,0.181,271.2407168897518,0.0766394935002549,0.9770824668888864,0.1129532697749126,False,False,False,True,False,0,0.00980952380952381
HD 20329 b,1.72,7.42,0.926118,0.018,2141.0,6.840423374999999,5596.0,1.120005099338192,-0.07,3446.1695364252064,0.0465951954302551,0.9926661361037512,0.0363900948950771,False,False,False,True,False,0,0.00930952380952381
HATS-62 b,11.825495,56.89157,3.2768837,0.04163,1237.0,0.076,5416.0,0.6709961062630134,0.133,386.9516082563458,0.0672130566484758,0.9712990381074812,0.0469065398198467,False,False,False,True,False,0,0.009047619047619047
TOI-3364 b,12.22899794,530.77343969,5.8768918,0.0675,1264.0,1.6,5706.0,1.9300119587775195,0.387,423.5036389878807,0.0641791750588552,0.9988486632972694,0.0745319165949113,False,False,False,True,False,0,0.008761904761904762
Qatar-5 b,12.408363,733.625075,2.8792319,0.04127,1415.0,3.95,5747.0,1.1379940726474664,0.377,667.7534670976064,0.0532363992896418,0.999786467245809,0.0527321947353994,False,False,True,False,False,0,0.00875
Kepler-77 b,10.761,136.661,3.57878087,0.04501,1440.0,0.603,5520.0,0.9413067829119812,0.2,464.4070928369785,0.0624530754417863,0.9853168641979192,0.0221262184180665,False,False,True,False,False,0,0.00875
TOI-1298 b,9.65807033,99.0,4.537143,0.057,1278.0,0.6,5752.0,1.9784731875085524,0.397,608.7609807718623,0.0609467897707991,0.9998497890605708,0.0787734537005522,False,False,False,True,False,0,0.008666666666666666
Qatar-3 b,12.285064,733.625075,2.5079204,0.03783,1681.0,4.0,6007.0,1.8999842462147327,-0.041,1326.7037487266034,0.0404815663924354,0.98841408412045,0.0588953405091452,False,False,True,False,False,0,0.0085
EPIC 201595106 b,1.565,7.67,0.87724,0.0177,2038.0,6.840423374999999,5679.0,0.8929970002260261,0.01,2841.315346418995,0.0514088290139392,0.99782437012098,0.0145617875665098,False,False,False,True,False,0,0.008476190476190476
WASP-182 b,9.52765,47.03884,3.3769848,0.0451,1479.0,0.318,5638.0,0.9413067829119812,0.27,462.5563426774222,0.0644076301554514,0.9956539161200836,0.0303095185469534,False,False,True,False,False,0,0.008095238095238095
WASP-98 b,12.823096,293.03926,2.96264036,0.03762,1171.0,0.764,5473.0,0.9413067829119812,-0.425,664.6405734070427,0.0555725967850343,0.9795399833941684,0.0903910453635858,False,False,False,True,False,0,0.008
TOI-5210 b,10.72699453,81.99972901,4.5661061,0.0557,1286.0,0.364,5723.0,1.4200054133327475,0.324,457.55114833066887,0.0648088645855256,0.9993280036685168,0.0433898994091341,False,False,False,True,False,0,0.007803571428571427
K2-131 b,1.69,7.9,0.3693038,0.00936,2223.0,6.840423374999999,5120.0,0.9413067829119812,-0.04,10623.07902204706,0.0317831835928482,0.9082694237321206,0.045772443698254,False,False,False,True,False,0,0.007642857142857142
WASP-144 b,9.52765,139.8452,2.2783152,0.0316,1260.0,0.95,5200.0,0.9413067829119812,0.18,941.7211402136752,0.0531290778579993,0.92844801409088,0.0884570392936994,False,False,False,True,False,0,0.0075
HATS-69 b,10.592505,183.38791,2.2252577,0.03211,1295.7,0.46,5137.0,0.4813045862525545,0.377,466.3568692438634,0.0645150758083947,0.9127375588983988,0.0482812520806416,False,False,False,True,False,0,0.007261904761904762
TOI-4010 b,3.02,11.0,1.348335,0.0229,1441.0,2.2,4960.0,0.9413067829119812,0.37,1791.566172916353,0.0569720802335014,0.8618326038707972,0.0509256065128767,False,False,False,True,False,0,0.0067142857142857134
XO-5 b,12.78,378.2,4.1877558,0.0515,1230.0,1.06,5430.0,0.9413067829119812,0.05,354.77500533759775,0.0676490990838494,0.9734469010825562,0.0165161754773859,False,False,False,True,False,0,0.006666666666666666
WASP-158 b,11.99363,733.625075,3.656333,0.0517,1590.0,3.1,6350.0,0.9413067829119812,0.24,352.0364648179173,0.0644286366928975,0.929872726379436,0.1383796850005356,False,True,False,False,False,0,0.006666666666666666
TOI-1601 b,14.19902343,387.0,5.33175,0.069,1493.97,0.74,5982.0,1.9784731875085524,0.343,415.4710599555968,0.058892572409974,0.9907946312329023,0.1872748438232437,False,False,False,True,False,0,0.006500000000000001
TOI-3856 b,13.59649359,171.62733978,2.04360352,0.0325,1544.0,0.371,5622.0,1.002005256874758,0.454,947.7467551428308,0.0449489330106753,0.9946065969067884,0.0388516891680607,False,False,False,True,False,0,0.00625
HATS-59 b,12.621334,256.17098,5.416081,0.06112,1128.0,0.7,5670.0,0.9900109542601704,0.18,264.94581737614544,0.0765835460495047,0.9974113563315034,0.0162874884626012,False,False,False,True,False,0,0.00625
WASP-83 b,11.65736,95.349,4.971252,0.059,1120.0,0.35,5510.0,0.9413067829119812,0.29,270.33508986558905,0.0781046532408897,0.9841658111209566,0.0445762926129967,False,False,True,False,False,0,0.00625
Kepler-433 b,16.25,733.625075,5.33408384,0.0679,1776.0,1.13,6360.0,1.9784731875085524,-0.01,429.0386644233656,0.053189436907254,0.9274911744162472,0.1660236439959769,False,False,False,True,False,0,0.006166666666666667
TOI-2969 b,12.32987877,368.68095212,1.8237146,0.0261,1186.0,1.1,4738.0,0.2599979956709243,0.08,381.11138164337126,0.0674511884195848,0.7863482208771538,0.140127215539786,False,False,False,True,False,0,0.006
WASP-172 b,17.59813,149.3801,5.477433,0.0694,1740.0,0.16,6900.0,0.9413067829119812,-0.1,195.39888713153695,0.0677540729627524,0.7559711990673895,0.1714752171199316,False,True,False,False,False,0,0.005880952380952381
TOI-1294 b,10.12369881,63.9,3.915292,0.051,1392.74,0.34,5718.0,1.9784731875085524,0.283,760.3663287888365,0.054497889467085,0.9992003199146836,0.0618611806558243,False,False,False,True,False,0,0.005833333333333334
WASP-7 b,14.90797,305.1168,4.9546416,0.0617,1487.0,0.55,6400.0,0.9413067829119812,0.0,247.19904800610863,0.0690170534880133,0.917617885065204,0.1055027289402596,False,False,False,True,False,0,0.005833333333333334
WASP-160 B b,12.21781,88.35674,3.7684952,0.0452,1119.0,0.284,5298.0,0.9413067829119812,0.27,460.51289745405234,0.0645082128191454,0.9500886338026268,0.0611231880626835,False,False,False,True,False,0,0.005714285714285714
CoRoT-26 b,14.12,165.26,4.20474,0.0526,1600.0,0.28,5590.0,0.9413067829119812,0.01,340.096967552093,0.061851505975261,0.9921765415865172,0.040368603577582,False,False,True,False,False,0,0.005625
NGTS-10 b,13.506845,687.14846,0.7668944,0.0143,1332.0,1.43,4600.0,0.9413067829119812,-0.02,4580.7911962235685,0.027762148013902,0.734640347818805,0.139324794376026,False,False,False,True,False,0,0.005
HATS-15 b,12.385945,689.6911,1.74748753,0.02712,1505.0,1.97,5311.0,0.6249999750398698,0.0,848.6147009941554,0.0483441256673561,0.9526914238781504,0.0571042898258625,False,False,True,False,False,0,0.005
TOI-615 b,18.97680433,138.25535705,4.6615983,0.0678,1666.0,0.084,6850.0,1.9784731875085524,-0.1,430.3049230744333,0.0515326522153979,0.7746265612409428,0.2805330054565655,False,True,False,False,False,0,0.005
NGTS-18 b,13.56286665,129.99181846,3.05125,0.0448,1381.0,0.28,5610.0,0.9413067829119812,0.15,468.7689403159205,0.0586540928109312,0.9937476279350914,0.1086833108130016,False,False,True,False,False,0,0.005
TrES-5 b,13.383546,568.9157,1.48224686,0.02459,1480.0,1.31,5171.0,0.9413067829119812,0.2,1554.1627219792176,0.0387661617355874,0.9213847702359456,0.0417180478937338,False,False,False,True,False,0,0.005
WASP-145 A b,10.0881,282.8687,1.7690381,0.0261,1200.0,1.6,4900.0,0.9413067829119812,-0.04,1379.7903620761656,0.0465905911433971,0.8425623988716936,0.1147378638630419,False,False,False,True,False,0,0.005
WASP-192 b,13.78707,731.009,2.8786765,0.0408,1620.0,1.62,5910.0,0.9413067829119812,0.14,565.1321911769536,0.0524446721847273,0.996135486526273,0.0381870967098336,False,False,True,False,False,0,0.005
HATS-4 b,11.433,420.471,2.516729,0.0362,1315.0,1.55,5403.0,0.6501296903430906,0.43,495.737273792999,0.0615104290615151,0.969233234476344,0.0003591777998366,False,False,True,False,False,0,0.005
Qatar-2 b,14.056,733.625075,1.33711647,0.02153,1344.0,1.573,4645.0,0.9413067829119812,0.02,2026.316268195074,0.0358958082245752,0.7518155816899812,0.117808277540126,False,False,False,True,False,0,0.005
TOI-1937 A b,13.97759893,638.83509807,0.94667944,0.01932,2097.0,1.28,5814.0,1.2019876348698857,0.196,3211.617396965032,0.0271788428518731,0.999712041468019,0.0269266699212458,False,False,False,True,False,0,0.005
HAT-P-61 b,10.07687365,335.9446262,1.90231289,0.0301,1505.0,1.8,5587.0,0.7670081876935099,0.194,845.6446871517513,0.0515538691937772,0.991925883314838,0.0022339006558558,False,False,False,True,False,0,0.005
LTT 9779 b,4.72,29.32,0.792052,0.01679,1978.0,1.536,5443.0,0.6800017024408912,0.27,2403.647393024319,0.0419686544924975,0.975369516121952,0.0023310502864893,False,False,True,False,False,0,0.0045000000000000005
TOI-3071 b,7.16,68.2,1.266938,0.0249,2155.0,1.02,6177.0,0.9413067829119812,0.35,1515.7675124587065,0.0423951923813594,0.965240486386312,0.1008514519007771,False,False,False,True,False,0,0.004464285714285714
TOI-1199 b,10.5140239,75.96098927,3.671463,0.04988,1486.0,0.358,5710.0,1.9784731875085524,0.44,794.8821780655637,0.0521375938120435,0.9989729721988732,0.0884898716769321,False,False,False,True,False,0,0.004464285714285714
HAT-P-36 b,14.313893,587.413406,1.32734683,0.0241,1780.97,1.175,5620.0,0.9413067829119812,0.07,1617.8937847613158,0.0355474216575776,0.9944678037155036,0.0235317797182595,False,False,False,True,False,0,0.0044444444444444444
HATS-1 b,14.594,589.55,3.446459,0.0444,1359.0,1.03,5870.0,1.0999931989351934,-0.06,557.7040697110027,0.0543521219071966,0.9981208788741216,0.0073337969842828,False,False,False,True,False,0,0.0044444444444444444
CoRoT-1 b,16.7,327.35,1.5089557,0.054235,1898.0,0.38,5950.0,0.9413067829119812,-0.3,319.9073933435463,0.0570374073033899,0.9934473406976726,0.9486522578181524,False,False,True,False,False,0,0.004285714285714285
HATS-44 b,11.960003,177.9848,2.7439004,0.03649,1161.0,0.56,5080.0,0.4000000079872419,0.32,300.1830951647498,0.0741297948734411,0.8973874633060982,0.0638148889136473,False,False,False,True,False,0,0.004166666666666667
WASP-163 b,13.473218,594.3421,1.6096884,0.0266,1638.0,1.42,5500.0,0.8400013808798806,-0.34,1185.504940837587,0.0411462738700121,0.9829724140774104,0.0129793847098248,False,False,False,True,False,0,0.004166666666666667
WASP-46 b,13.159366,607.0553,1.43036763,0.02335,1636.0,1.467,5600.0,0.9413067829119812,-0.3,1723.3028352218755,0.0366049669421607,0.9929838400972322,0.0754479114804511,False,False,True,False,False,0,0.004166666666666667
TOI-150.01,14.067295,733.625075,5.857487,0.07037,1404.5,1.68,6255.0,1.9784731875085524,0.28,399.4545514013216,0.0608772590828342,0.9506949837560604,0.1314795629408012,False,True,False,False,False,0,0.004166666666666667
NGTS-31 b,18.04645893,355.96781584,4.162734,0.064,1410.0,0.3,5710.0,0.9413067829119812,0.0,229.7551337349234,0.0675864637842774,0.9989729721988732,0.3032858587144172,False,False,False,True,False,0,0.004142857142857143
HAT-P-52 b,11.309881,259.98494,2.7535953,0.03694,1218.0,0.98,5131.0,0.4959980853140723,0.28,363.2185899756498,0.0698790802009069,0.9111714294319928,0.0511724962162933,False,False,False,True,False,0,0.004095238095238095
NGTS-15 b,12.32987877,238.68913366,3.27623,0.0441,1146.0,0.74,5600.0,0.9413067829119812,0.15,483.760892847699,0.0628820245313457,0.9929838400972322,0.0274173445119662,False,False,True,False,False,0,0.004
HATS-64 b,18.819911,305.1168,4.908897,0.06562,1793.0,0.245,6554.0,1.9784731875085524,0.22,459.3639084247792,0.0495072886388778,0.8747502264250874,0.1934578660890296,False,False,False,True,False,0,0.004
KELT-12 b,19.95202,301.9385,5.031623,0.06708,1800.0,0.209,6279.0,1.9784731875085524,0.19,439.5897487811195,0.0492603202290505,0.9457490688802636,0.2006973819725212,False,False,False,True,False,0,0.004
Wendelstein-1 b,11.5609626,188.15536,2.663416,0.0282,2198.0,0.72,4251.0,0.9413067829119812,0.07,1182.189770561616,0.0396553092053273,0.5956142815706341,0.3640953265147804,False,False,False,True,False,0,0.00375
NGTS-6 b,14.863134,425.57437,0.882059,0.01677,1283.9,0.711,4730.0,0.2560000204473399,0.11,907.0523686194624,0.0466859166980783,0.7834347071082408,0.0774323891300768,False,False,False,True,False,0,0.00375
KOI-13 b,16.948008,733.625075,1.763588,0.03641,2550.0,3.6,7525.375,0.9413067829119812,0.2,709.5162630251838,0.0399294445395768,0.50736966431232,0.3067140466320797,False,False,False,True,False,0,0.00375
HD 3167 b,1.67,4.97,0.959641,0.01796,1774.0,5.6,5261.0,0.9413067829119812,0.04,2909.204253261144,0.0523905583701184,0.9423320653314904,0.0657165353839865,False,False,False,True,False,0,0.0036428571428571426
NGTS-23 b,14.20177855,194.82881349,4.0764326,0.0504,1327.0,1.42,6057.0,1.919994567954288,-0.26,755.5583150822018,0.0498721065188547,0.9828507514660983,0.0118179386070602,False,True,False,False,False,0,0.003333333333333333
TOI-2031 A b,14.20177855,254.2627256,5.71548654,0.066,1358.0,0.49,6490.0,1.9784731875085524,-0.24,454.0907017462823,0.0587065771666508,0.8934595451662067,0.0694438334948735,False,False,False,True,False,0,0.003333333333333333
TOI-3540 A b,23.53885947,375.03752026,3.119999,0.04289,1498.0,0.065,5810.0,1.548994943280385,0.176,841.5925543647393,0.0396621582661302,0.999772470333246,0.0334980781240128,False,False,False,True,False,0,0.003214285714285714
CoRoT-36 b,15.80466279,216.12331676,5.616531,0.066,1567.0,0.25,6730.0,0.9413067829119812,-0.1,216.04470574064285,0.0698317920624414,0.8175846052633144,0.0845511388310293,False,True,False,False,False,0,0.003142857142857143
WASP-6 b,12.5428494,148.42586607,3.3610026,0.054235,1167.0,0.440298,5438.0,0.9413067829119812,-0.15,319.9073933435463,0.0714238467117378,0.9746382632389692,0.2726966637596189,False,False,False,True,False,0,0.003
CoRoT-5 b,15.558,148.42,4.0378962,0.04947,1438.0,0.217,6100.0,0.9413067829119812,-0.25,384.4766272170734,0.0593579078035749,0.9772225254130948,0.0040706560553209,False,True,False,False,False,0,0.003
WASP-110 b,13.19297028,154.78243421,3.7784022,0.054235,1158.0,0.396533,5392.0,0.9413067829119812,-0.15,319.9073933435463,0.0704617981322828,0.9674319212159757,0.1720773786729188,False,False,False,True,False,0,0.003
NGTS-2 b,17.878355,235.1942,4.511164,0.063,1468.0,0.226,6478.0,0.9413067829119812,-0.06,237.10498310125467,0.0663348538618538,0.8968300597468688,0.2135205441945402,False,True,False,False,False,0,0.002857142857142857
WASP-197 b,14.44837612,403.32424848,5.167228,0.065,1665.0,0.74,6050.0,0.9413067829119812,0.0,222.7417848821536,0.0698849136428395,0.983693524889382,0.1368192604175338,False,False,False,True,False,0,0.002833333333333333
HATS-14 b,11.646151,340.39593,2.7667641,0.03815,1276.0,1.191,5346.0,0.9413067829119812,0.33,646.314364761586,0.0564578115015297,0.9593761974989304,0.0140315871918142,False,False,False,True,False,0,0.0026666666666666666
HD 93963 A b,1.46954368,2.8,1.0376109,0.02061,1842.23,4.81,5908.0,1.1689878572696135,0.11,2745.571767782843,0.0542270657013468,0.9962514877233094,0.0315866792685729,False,False,False,True,False,0,0.002642857142857143
WASP-161 b,12.811887,733.625075,5.4060425,0.0673,1557.0,2.2,6400.0,1.9784731875085524,0.16,436.7210901528495,0.0591123926735159,0.917617885065204,0.1429111948060063,False,False,False,True,False,0,0.0025
WASP-10 b,12.106,733.625075,3.0927616,0.03781,1370.0,4.14,4675.0,0.9413067829119812,0.03,657.9822095921979,0.0543898713510026,0.7631065925493384,0.1207465722294273,False,False,False,True,False,0,0.0025
WASP-91 b,11.54527,425.8922,2.798581,0.037,1160.0,1.59,4920.0,0.9413067829119812,0.19,687.0852430014462,0.0569111313041899,0.8490883792772382,0.0629350346718586,False,False,False,True,False,0,0.0025
NGTS-16 b,14.57167491,211.99154747,4.84532,0.0523,1177.0,0.38,5550.0,0.9413067829119812,0.35,344.0084139151848,0.0663987563399341,0.988514468159074,0.0893950029375436,False,False,True,False,False,0,0.0020833333333333333
WASP-79 b,17.14974047,270.15414595,3.662392,0.0519,1716.2,1.42,6600.0,0.9413067829119812,0.03,349.3295070203038,0.0565455058068045,0.8605771587550359,0.1419502125022545,False,True,False,False,False,0,0.002
TOI-2421 b,10.36830715,105.83685953,4.3474032,0.0543,1534.0,0.52,5607.0,1.9784731875085524,0.19,670.7848433147941,0.0549122662226847,0.9935230663475934,0.0527694975920522,False,False,False,True,False,0,0.002
NGTS-13 b,12.800678,733.625075,4.119027,0.0549,1605.0,4.02,5819.0,1.9784731875085524,0.25,656.2078359635797,0.0511968100096135,0.999626514207634,0.1135234065709576,False,False,False,True,False,0,0.0016666666666666666
KELT-17 b,17.093725,416.3573,3.0801716,0.04881,2087.0,0.46,7454.0,1.9784731875085524,-0.018,830.0997830418919,0.040106297300725,0.5356807618618826,0.2112115191394743,True,False,False,False,False,0,0.0016666666666666666
KELT-18 b,17.59813,375.0394,2.8717518,0.0455,2085.0,0.377,6670.0,1.9784731875085524,0.09,955.2073325327952,0.0379362555852411,0.8379354398478321,0.1805378760265683,False,True,False,False,False,0,0.0016666666666666666
TOI-3682 b,12.80065596,69.28659273,3.3462406,0.048,1657.0,0.181,5703.0,1.9784731875085524,0.416,858.3397776609771,0.046398015771572,0.9987507809245808,0.1185554771970455,False,False,False,True,False,0,0.0016666666666666666
HAT-P-59 b,12.58768533,489.45574678,4.1419771,0.05064,1277.8,1.347,5678.0,1.132009313541981,0.217,441.2587033049152,0.062561637238105,0.9977802450856064,0.004213547776813,False,False,False,True,False,0,0.0016666666666666666
HATS-66 b,15.815899,733.625075,3.1414391,0.04714,1998.0,2.34,6626.0,1.9784731875085524,-0.017,889.9295349366071,0.0406706332062349,0.8523134771557002,0.1493864902899172,False,False,False,True,False,0,0.0016666666666666666
WASP-194 b,15.47960235,373.13054982,3.183387,0.047,1693.0,0.55,6405.0,0.9413067829119812,0.0,425.9306710008964,0.0548821738365111,0.9163453185798028,0.1341782293696754,False,False,False,True,False,0,0.0016666666666666666
TOI-4214 b,10.68215861,165.27077164,3.4913885,0.05018,1642.0,0.74,6370.0,1.9784731875085524,0.294,785.4099802402511,0.0506505715404293,0.92507460664583,0.1394724519130548,False,False,False,True,False,0,0.0016666666666666666
HAT-P-50 b,14.437192,429.0705,3.1220109,0.0453,1862.0,0.78,6280.0,1.9784731875085524,-0.18,963.6563363070068,0.041594351981704,0.945538295411538,0.1033492121814834,False,False,False,True,False,0,0.0016666666666666666
MASCARA-4 b,16.98160576,532.36258173,2.8240932,0.0474,2250.0,0.481,7525.375,0.9413067829119812,0.07,418.77548444317057,0.0493607524334729,0.50736966431232,0.247611988000422,False,False,False,True,False,0,0.0016666666666666666
NGTS-33 b,18.38272835,733.625075,2.827972,0.048,1991.0,0.19,7437.0,1.9784731875085524,-0.11,858.3397776609771,0.0392994170619586,0.5424724382105449,0.2626784589087414,False,False,False,True,False,0,0.0016666666666666666
HAT-P-44 b,13.922,111.871,4.301219,0.0507,1108.0,0.23,5295.0,0.6397348354826481,0.33,248.77982628073528,0.0762203409609681,0.9494788726539978,0.0267795520409232,False,False,False,True,False,0,0.0016666666666666666
TOI-628 b,11.88154,733.625075,3.4095675,0.0486,1586.0,6.58,6250.0,1.9784731875085524,0.258,837.2859411537023,0.048467539512065,0.951697967502432,0.1185021446308756,False,False,False,True,False,0,0.0016666666666666666
TOI-1296 b,14.11645916,95.3,3.9443736,0.051,1414.84,0.19,5567.0,1.9784731875085524,0.405,760.3663287888365,0.0489878406731708,0.9901552246627328,0.055488459167658,False,False,False,True,False,0,0.0016666666666666666
WASP-165 b,14.12334,209.13214,3.465509,0.04823,1624.0,0.44,5599.0,0.9413067829119812,0.33,404.49206098714046,0.0581372973066514,0.9929050665039784,0.0946544435147396,False,False,True,False,False,0,0.0014583333333333332
K2-238 b,14.5717,273.3338,3.20466,0.046,1587.0,0.56,5630.0,0.9413067829119812,0.34,444.6418436050926,0.0561547378453478,0.9951442717951108,0.1007238158182768,False,False,True,False,False,0,0.0014583333333333332
EPIC 220674823 b,1.676,7.8,0.5713127,0.01314,2299.0,6.840423374999999,5578.0,0.9413067829119812,-0.005,5420.413169856322,0.0394483773173241,0.9911505004882848,0.0230126348954723,False,False,False,True,False,0,0.001392857142857143
XO-7 b,15.389957,225.34147,2.8641424,0.04421,1743.0,0.34,6250.0,0.9413067829119812,0.432,481.3578021932744,0.0523530285205751,0.951697967502432,0.145743960875683,False,False,True,False,False,0,0.00125
Qatar-1 b,12.811887,411.27202,1.4200242,0.02332,1418.0,1.076,5013.0,0.3649975925939452,0.171,669.9386673417707,0.0526246479147036,0.8780515272466163,0.0710853913415881,False,False,False,True,False,0,0.00125
HAT-P-1 b,14.784671,166.86075,4.46529976,0.05561,1322.0,0.282,5980.0,0.9413067829119812,0.13,304.2881113787906,0.0667170841598013,0.9909734307508984,0.0605598488911245,False,False,False,True,False,0,0.001
Kepler-5 b,15.984034,670.93913,3.5484657,0.0538,1750.0,0.4,6297.0,0.9413067829119812,0.04,325.0997371425349,0.058879258483759,0.9418982736433372,0.2156489383649002,False,False,False,True,False,0,0.001
K2-260 b,18.41635529,546.66486004,2.62669762,0.04392,2090.0,0.48,6860.0,1.9784731875085524,0.334,1025.1334880796642,0.0365005731768362,0.7709275421495407,0.2111262433643383,False,False,False,True,False,0,0.001
WASP-102 b,14.90794433,197.68926915,2.709813,0.041,1671.0,0.32,5990.0,0.9413067829119812,-0.2,559.635423847789,0.0509000036716426,0.9900621544459832,0.0960900876417256,False,False,False,True,False,0,0.001
WASP-113 b,15.793481,150.96925,4.54216874538,0.05885,1496.0,0.228,5890.0,0.9413067829119812,0.1,271.71453665528577,0.065576193435269,0.9972163260698456,0.1192196968556314,False,False,True,False,False,0,0.001
WASP-55 b,14.72860064,186.2474465,4.465631,0.054235,1342.0,0.342159,6096.0,0.9413067829119812,-0.03,319.9073933435463,0.0654246920794839,0.9777786146112598,0.0280718973802965,False,False,False,True,False,0,0.001
TOI-640 b,19.2794468,181.16219199,5.003777,0.054235,1816.0,0.138,6460.0,0.9413067829119812,0.072,319.9073933435463,0.0552077825996899,0.9018014646202186,0.0701705348330154,False,False,False,True,False,0,0.001
Kepler-12 b,19.660586,137.30256,4.4379629,0.0553,1480.0,0.11,5947.0,0.9413067829119812,0.07,307.70810368834555,0.0588983573831038,0.99367321006597,0.0586172520785736,False,False,False,True,False,0,0.001
TOI-5592 b,17.14974047,285.72773789,2.6085846,0.03935,1789.0,0.22,6237.0,1.9784731875085524,-0.013,1276.9100664980351,0.0362987572021982,0.9542610572992868,0.0758426314763983,False,False,False,True,False,0,0.001
HAT-P-65 b,18.05766791,176.07693748,2.60544751,0.04042,1818.0,0.164,5872.0,1.9784731875085524,0.208,1210.240854656669,0.036188835966815,0.9980383709585088,0.1112797823551618,False,False,False,True,False,0,0.001
HAT-P-62 b,12.02723629,241.86741773,2.6453235,0.03772,1512.0,0.77,5629.0,1.2319979920447468,0.414,865.2896309229924,0.0484058875604166,0.9950785944405488,0.0097540774105952,False,False,False,True,False,0,0.001
WASP-93 b,17.900773,467.2101,2.7325321,0.04211,1942.0,0.479,6700.0,0.9413067829119812,0.07,530.5372234937645,0.0468512792946566,0.8278630344956941,0.1232920806634948,False,True,False,False,False,0,0.001
WASP-81 b,16.017661,231.69807,2.7164762,0.03908,1623.0,0.332,5870.0,1.7599891885836043,-0.36,1151.6396757640682,0.0394647586939355,0.9981208788741216,0.0324671119812942,False,False,False,True,False,0,0.001
CoRoT-17 b,11.43,733.625075,3.7681,0.0461,1626.0,2.82,5740.0,0.9413067829119812,0.0,442.7158102501545,0.0602080880878947,0.999679162590444,0.0356127602730748,False,False,True,False,False,0,0.001
HATS-58 A b,12.273855,327.3649,4.2180896,0.05798,1721.0,0.96,7175.0,1.9784731875085524,0.07,588.3619470671529,0.0527279790067976,0.6481125633196398,0.1637617432810284,False,False,False,True,False,0,0.0008333333333333333
TOI-5232 b,12.778238,733.625075,4.0966692,0.05593,1772.0,1.96,6500.0,1.9784731875085524,-0.104,632.268752442082,0.0504209670531706,0.8906169190720555,0.1422897146281612,False,False,False,True,False,0,0.0008333333333333333
HATS-57 b,12.767051,733.625075,2.350621,0.03493,1413.4,2.65,5587.0,0.8050076361080626,0.268,659.2452754125076,0.0530122951925624,0.991925883314838,0.0121224375001094,False,False,False,True,False,0,0.0008333333333333333
WASP-153 b,17.37395,123.9537,3.332609,0.048,1700.0,0.15,5914.0,0.9413067829119812,0.34,408.37604464728025,0.0536101529535133,0.9958982131800524,0.1220591653279726,False,False,True,False,False,0,0.0008333333333333333
HD 2685 b,16.14096,371.8611,4.12688,0.0568,2061.0,1.42,6801.0,1.9784731875085524,0.02,613.0542468203641,0.045336973562524,0.7925006127855677,0.155956640673865,False,False,False,True,False,0,0.0008333333333333333
WASP-141 b,13.56289,733.625075,3.310651,0.0469,1540.0,1.98,5900.0,0.9413067829119812,0.29,427.74811661856535,0.0586613648047724,0.9966979083805702,0.0978075246869654,False,True,False,False,False,0,0.0008333333333333333
TOI-2193 A b,19.83989584,298.75870258,2.1225735,0.03319,1763.0,0.06,5966.0,1.77901659793671,0.027,1613.5091246188906,0.032200325032688,0.9921765415865172,0.0335224843884287,False,False,False,True,False,0,0.0007142857142857143
TOI-2420 b,15.02003414,294.62693329,5.842641,0.0684,1571.6,0.477,5599.0,1.9784731875085524,0.07,422.7904306192361,0.0567217277915532,0.9929050665039784,0.0967914031601211,False,False,False,True,False,0,0.000625
CoRoT-18 b,14.68,733.625075,1.9000693,0.0295,1550.0,2.2,5440.0,0.9413067829119812,-0.1,1080.4095069291031,0.0419694787451062,0.9749319984895136,0.0220555267733503,False,False,True,False,False,0,0.0
WASP-64 b,14.247,403.945,1.5732918,0.02648,1689.0,0.823,5400.0,0.9506047936562816,-0.08,1353.770706145059,0.0383538120685526,0.96874680149753,0.0002996870075325,False,False,True,False,False,0,0.0
WASP-57 b,11.76945,204.68252,2.83891856,0.03769,1338.0,0.693,5600.0,0.9413067829119812,-0.25,662.1757849920104,0.0551044950572606,0.9929838400972322,0.0515402323487694,False,False,False,True,False,0,0.0
WASP-92 b,16.376349,255.85315,2.1746742,0.0348,1871.0,0.346,6280.0,0.9413067829119812,0.0,776.6301301211028,0.0429041603826234,0.945538295411538,0.0732328645705242,False,True,False,False,False,0,0.0
CoRoT-25 b,12.11,85.81,4.86069,0.0578,1330.0,0.15,6040.0,0.9413067829119812,-0.01,281.67320485480485,0.072700747178353,0.984861534087311,0.037365995699768,False,True,False,False,False,0,0.0
WASP-174 b,16.10730527,104.88337431,4.2337005,0.05503,1528.0,0.135,6399.0,1.9784731875085524,0.06,653.1121380212022,0.0483998786090371,0.9178713865263244,0.0929165782069648,False,False,False,True,False,0,0.0
CoRoT-19 b,14.46,352.78,3.89713,0.0518,2000.0,0.71,6090.0,1.9784731875085524,-0.02,737.0701530073884,0.0445218402799934,0.9786002937044376,0.0859951888921099,False,True,False,False,False,0,0.0
CoRoT-23 b,11.77,733.625075,3.6313,0.048,1660.0,3.0,5900.0,0.9413067829119812,0.05,408.37604464728025,0.0609340530671488,0.9966979083805702,0.0483175264753997,False,False,True,False,False,0,0.0
CoRoT-12 b,16.14,291.438,2.828042,0.04016,1442.0,0.411,5675.0,0.9413067829119812,0.16,583.276645823428,0.051042939337459,0.9976452212959208,0.0330591982313798,False,False,False,True,False,0,0.0
KELT-16 b,15.860735,733.625075,0.9689951,0.02044,2453.0,1.2,6236.0,1.9784731875085524,-0.002,4724.220206585183,0.0219326762507065,0.9544555343113368,0.0743749926383453,False,True,False,False,False,0,0.0
WASP-2 b,12.116929,295.89973,2.152175,0.03144,1311.0,0.914,5180.0,0.4860041749236721,0.12,491.174473905794,0.0606588611750582,0.9236079854304692,0.0467045863148486,False,False,False,True,False,0,0.0
WASP-25 b,13.80946422,179.25522155,3.7648337,0.054235,1217.0,0.399185,5697.0,0.9413067829119812,-0.2,319.9073933435463,0.0685502382250486,0.9985430623656276,0.1751731218623842,False,False,False,True,False,0,0.0
HATS-52 b,15.490838,711.9392,1.36665436,0.02498,1834.0,1.06,6010.0,1.1700111486105869,0.07,1872.0166396862896,0.0327580150476002,0.9881103582002042,0.0436821576947396,False,False,False,True,False,0,0.0
HAT-P-51 b,13.50682174,97.57332095,4.21802091,0.05042,1168.2,0.218,5453.0,0.7900052910832215,0.302,310.63723738676623,0.0704714611048764,0.9768011076560966,0.0170977029249972,False,False,False,True,False,0,0.0
TOI-4487 A b,14.60530185,397.28550875,3.9540709,0.05448,1639.0,0.7,6206.0,1.9784731875085524,0.216,666.3611571852767,0.0486021953846761,0.9601098676925642,0.1387903395109297,False,False,False,True,False,0,0.0
TOI-4463 A b,13.26022417,252.35575516,2.8807198,0.04036,1395.0,0.595,5640.0,1.026006235060247,0.25,629.4788652591174,0.053399086109094,0.995776942292958,0.02366183305495,False,False,False,True,False,0,0.0
HATS-54 b,11.37711541,239.32479047,2.5441765,0.037,1429.0,1.42,5621.0,1.301997049308958,0.37,950.362809714568,0.0484821855816681,0.9945374188982666,0.0183215454498469,False,False,True,False,False,0,0.0
TOI-4794 b,14.35870428,308.29355479,3.5658116,0.0492,1673.0,0.57,6390.0,1.9784731875085524,-0.102,816.9972363805323,0.0453906242330076,0.9201376505205444,0.0958574180751348,False,False,False,True,False,0,0.0
TOI-4791 b,12.44196858,733.625075,4.28088,0.0555,1472.0,2.09,6058.0,1.9784731875085524,0.207,642.1008316457776,0.053301891380445,0.9827286671445884,0.0943762205176074,False,False,False,True,False,0,0.0
TOI-169 b,12.172974,251.40353,2.2554477,0.03524,1715.0,0.76,5880.0,1.7889985970929478,0.24,1439.4236291373588,0.0392834074248627,0.9976906706134508,0.0583921363304916,False,False,True,False,False,0,0.0
TOI-4773 b,15.22179579,733.625075,1.7452851,0.03216,2255.0,2.63,6740.0,1.9784731875085524,0.11,1911.077879443258,0.0307971505320848,0.8141145303329936,0.1576439821606197,False,False,False,True,False,0,0.0
TOI-1789 b,16.14093221,222.4798849,3.208664,0.04882,1927.0,0.28,5991.0,1.9784731875085524,0.373,829.7598950191889,0.0418022438829446,0.9899686529912572,0.1764504060291468,False,True,False,False,False,0,0.0
HAT-P-66 b,17.82231,248.86089,2.972086,0.04363,1896.0,0.242,6002.0,1.9784731875085524,0.035,1038.7993194228873,0.0377748251979693,0.9889117111017418,0.0971012056359773,False,False,True,False,False,0,0.0
HAT-P-64 b,19.08889413,184.34047606,4.007232,0.05387,1766.0,0.144,6457.0,1.9784731875085524,-0.113,681.5325287323342,0.0434111093097208,0.9026200704671432,0.1127084543380718,False,False,False,True,False,0,0.0
HATS-53 b,15.02006,189.10885,3.8537768,0.04753,1312.0,0.303,5644.0,1.1099923866362844,0.07,491.1251469508659,0.0567380316776209,0.996017728136388,0.0155470163518966,False,False,False,True,False,0,0.0
HAT-P-63 b,12.5428494,195.1466419,3.377728,0.04294,1237.0,0.54,5400.0,0.7140029399278446,0.251,387.0262714562062,0.0660004885755231,0.96874680149753,0.033080662193403,False,False,False,True,False,0,0.0
HAT-P-60 b,18.28184752,182.43350562,4.7947813,0.06277,1772.0,0.164,6212.0,1.9784731875085524,0.037,502.01385199156095,0.0486738338326042,0.9590070153118668,0.156138832109433,False,False,False,True,False,0,0.0
HATS-68 b,13.809488,410.0007,3.5862202,0.05071,1741.0,0.856,6147.0,1.9784731875085524,0.21,769.08456142346,0.0463490306401481,0.9701951908964436,0.1300233707229626,False,False,False,True,False,0,0.0
HATS-67 b,18.887165,460.8535,1.6091788,0.03032,2193.0,0.374,6594.0,1.9784731875085524,0.332,2149.8077018038334,0.0278971872078776,0.862458713179293,0.1506501562359678,False,False,False,True,False,0,0.0
HATS-45 b,14.414774,222.481,4.1876244,0.05511,1518.0,0.41,6450.0,1.9784731875085524,0.02,651.2179677334989,0.0502510263061463,0.904518971314722,0.1042318394562354,False,False,False,True,False,0,0.0
HATS-60 b,12.923977,210.40346,3.560829,0.04708,1528.0,0.537,5688.0,1.9784731875085524,0.335,892.1982563583246,0.046725270283373,0.9982016190284372,0.0401839374329279,False,False,False,True,False,0,0.0
TOI-163 b,16.690201,387.7526,4.231306,0.058,1669.0,0.49,6495.0,1.9784731875085524,0.22,587.9563707306247,0.0483457816104925,0.8920420555820748,0.1615116921788012,False,True,False,False,False,0,0.0
TOI-157 b,14.414774,375.0394,2.0845435,0.03138,1588.0,0.686,5404.0,1.0470079998610848,0.24,1062.1926815595884,0.0421599577324309,0.9693945713900376,0.0221833409402363,False,False,True,False,False,0,0.0
TOI-5181 A b,13.34989601,330.54154328,3.8922295,0.0522,1585.0,0.76,6060.0,1.9784731875085524,0.208,725.8214669637807,0.0490406328421555,0.9824832340150972,0.0970300192558369,False,False,False,True,False,0,0.0
TOI-5386 A b,14.70618268,155.10026262,3.62156552,0.04856,1488.0,0.268,6094.0,1.926992391949074,0.182,816.8428454072285,0.0465692957194889,0.9780541697172732,0.0656048837953985,False,False,False,True,False,0,0.0
TOI-1295 b,15.69257298,451.31633794,3.1968838,0.047,2360.0,0.65,6280.0,1.9784731875085524,0.26,895.2367364292091,0.0387441516804442,0.945538295411538,0.1305509539660159,False,True,False,False,False,0,0.0
TOI-1273 b,11.09689089,70.55790635,4.631296,0.0549,1211.0,0.28,5690.0,1.0699906927079144,0.07,354.8879415683246,0.0709411027437241,0.99828059099137,0.0124162782604682,False,False,False,True,False,0,0.0
HATS-65 b,16.824709,260.93843,3.105161,0.04497,1634.0,0.3,6277.0,1.9784731875085524,0.199,977.8442680021308,0.040957271184157,0.9461694952209212,0.0985625355972,False,False,False,True,False,0,0.0
HATS-63 b,13.529263,305.1168,3.0566527,0.04026,1398.3,0.67,5627.0,1.027992627448959,0.081,633.8326429660221,0.0529112798362991,0.9949459261393732,0.0302429809006329,False,False,False,True,False,0,0.0
HATS-32 b,14.000041,292.4036,2.8126548,0.04024,1437.0,0.58,5700.0,1.139987265569977,0.39,703.5839644078677,0.050182935027643,0.9986489135402514,0.040273369924198,False,False,False,True,False,0,0.0
HATS-51 b,15.80469,244.09344,3.3488702,0.04639,1553.0,0.34,5758.0,1.9784731875085524,0.07,918.9241477210452,0.0432595556258073,0.9999111150616112,0.073849835870715,False,False,False,True,False,0,0.0
HATS-31 b,18.38276,279.6904,3.37796,0.0478,1823.0,0.243,6050.0,1.9784731875085524,0.0,865.5344151421588,0.0402035375824001,0.983693524889382,0.1050654209142631,False,False,False,True,False,0,0.0
TOI-3980 b,14.4595851,187.51876013,3.6089254,0.0494,1621.0,0.25,5840.0,1.9784731875085524,0.188,810.3979697826426,0.0458227973888635,0.9991461425217154,0.0907672983712936,False,False,False,True,False,0,0.0
TOI-3894 b,15.27784069,260.61929374,4.33454,0.05354,1531.0,0.4,6000.0,1.9784731875085524,0.021,689.9568909749948,0.0482911272493756,0.9891077548081656,0.0370772476557441,False,False,False,True,False,0,0.0
TOI-3912 b,14.28024141,129.03833324,3.4936264,0.0463,1512.0,0.243,5725.0,1.8759877579669373,0.187,874.7127827177527,0.0457340176424374,0.9993759725639372,0.0350030780703788,False,False,False,True,False,0,0.0
TOI-3877 b,11.67975789,99.7981198,4.123596,0.0529,1445.0,0.342,5731.0,1.9784731875085524,0.269,706.7464885488557,0.0529133278044811,0.999509231577349,0.0645250721297616,False,False,False,True,False,0,0.0
HAT-P-58 b,14.93036229,118.2321674,4.0138379,0.04994,1622.0,0.194,6078.0,1.9784731875085524,-0.224,792.9740812833106,0.0456883747931795,0.9801986733067553,0.0132979718404224,False,False,False,True,False,0,0.0
HAT-P-55 b,14.84069045,189.42573057,3.5852313,0.04628,1367.0,0.318,5804.0,1.2489929874293308,0.003,582.8684922901002,0.0531943014222945,0.9998497890605708,0.0122012873668452,False,False,False,True,False,0,0.0
HAT-P-53 b,14.773462,471.65972,1.9616241,0.03159,1778.0,0.8,5956.0,1.6499850149526083,0.0,1651.7555317070455,0.0349734791639879,0.9929838400972322,0.0373584605884214,False,False,False,True,False,0,0.0
HATS-56 b,18.920792,191.33366,4.324799,0.06043,1902.0,0.155,6536.0,1.9784731875085524,0.19,541.634189165793,0.0459982739276686,0.8801341949374144,0.1958832779447609,False,False,False,True,False,0,0.0
HATS-55 b,14.022459,292.72143,4.2042001,0.05412,1367.0,0.587,6214.0,1.6939867147002383,0.108,578.1575138336493,0.0542894678524431,0.9586362709478092,0.0773525920153149,False,False,False,True,False,0,0.0
TOI-1333 b,15.647764,733.625075,4.720219,0.0626,1679.0,1.08,6274.0,1.9784731875085524,0.119,504.7434504940487,0.0518160113259309,0.9467973291946644,0.1661532641307616,False,False,False,True,False,0,0.0
TIC 257060897 b,17.26183028,201.50321004,3.66003639,0.04922,1775.0,0.215,5993.0,1.9784731875085524,0.054,816.333689678808,0.0421385752939123,0.9897803568637764,0.0739577633435899,False,True,False,False,False,0,0.0
TOI-5340 b,15.07607904,270.15414595,4.9394392,0.0628,1566.0,0.43,5990.0,1.9784731875085524,0.208,501.5344570397158,0.0535807665256167,0.9900621544459832,0.131085825225214,False,False,False,True,False,0,0.0
TOI-5322 b,16.6117094,184.02264765,5.4233207,0.0604,1350.0,0.22,5692.0,1.9784731875085524,-0.048,542.1722225138258,0.0527808651645257,0.9983577943422312,0.0002382271908508,False,False,False,True,False,0,0.0
HAT-P-32 b,22.19382,216.1244,2.1500082,0.03397,1835.7,0.108,6001.0,1.9784731875085524,-0.16,1713.0217893164631,0.03010695930777,0.9890099478773904,0.05217043686449,False,False,False,True,False,0,0.0
HAT-P-28 b,13.585,198.953,3.257215,0.0434,1384.0,0.44,5680.0,1.1297959146727978,0.12,599.5011645544837,0.0539852733514783,0.9978680536106924,0.0118103037132139,False,False,True,False,False,0,0.0
HAT-P-25 b,12.722215,180.84527,3.65281514,0.0466,1182.0,0.483,5519.0,0.7050014334091791,0.294,324.50262980501293,0.0705335061809181,0.9852036687407626,0.0050327850511541,False,False,False,True,False,0,0.0
HAT-P-23 b,15.334,664.237,1.212884,0.0232,2056.0,1.01,5905.0,1.5812480392703832,0.15,2932.3641407729087,0.0273750830781405,0.9964221934349112,0.049762805084989,False,False,True,False,False,0,0.0
Qatar-10 b,17.295487,233.92288,1.645321,0.0286,1955.0,0.248,6124.0,1.9784731875085524,0.016,2415.8361672225165,0.028533431569103,0.9737472016818016,0.0590642699011827,False,True,False,False,False,0,0.0
TOI-2154 b,16.28664896,292.40213444,3.8240801,0.0513,1580.0,0.37,6280.0,1.9784731875085524,0.011,751.5025268863984,0.0455997304844394,0.945538295411538,0.0897395849974857,False,False,False,True,False,0,0.0
TOI-2152 A b,14.35870428,733.625075,3.3773512,0.05064,1802.0,1.67,6630.0,1.9784731875085524,0.282,771.2114227328659,0.0452982887911685,0.8510265094107446,0.1797906416812561,False,True,False,False,False,0,0.0
TOI-2107 b,13.57407563,263.79757781,2.4545467,0.03515,1397.0,0.577,5627.0,0.7859953921102107,0.07,635.6498908108916,0.052820230722526,0.9949459261393732,0.0166110549368823,False,False,False,True,False,0,0.0
TOI-2346 b,16.11851425,394.10722468,3.3312029,0.0473,1689.0,0.52,6480.0,1.9784731875085524,-0.03,883.9217382504287,0.0425306112394245,0.8962714090406687,0.1034563973571521,False,False,False,True,False,0,0.0
TOI-3688 A b,13.08088048,311.47183886,3.246075,0.0456,1534.0,0.76,5950.0,1.919994567954288,0.262,922.9145763013556,0.0459787849576773,0.9934473406976726,0.0784501232050203,False,False,False,True,False,0,0.0
TOI-3523 A b,15.9727975,435.42491759,2.30458952,0.03559,1984.0,0.587,6450.0,1.9784731875085524,-0.366,1560.743227957785,0.0336953802856681,0.904518971314722,0.0527317488445113,False,False,False,True,False,0,0.0
TOI-4153 b,16.11851425,365.50266805,4.6174141,0.06311,1669.0,0.477,6860.0,1.9784731875085524,0.317,496.6206589585425,0.0517022043036358,0.7709275421495407,0.1956926795865732,False,False,False,True,False,0,0.0
TOI-4137 b,13.57407563,457.67290608,3.8016122,0.05222,1570.0,1.01,6202.0,1.9784731875085524,0.182,725.265805183359,0.0489312957522554,0.9608372663058714,0.1178040379304765,False,False,False,True,False,0,0.0
WASP-90 b,18.27067,200.2329,3.916243,0.0562,1840.0,0.193,6430.0,0.9413067829119812,0.11,297.9346918795676,0.0572812613524207,0.9098572539602868,0.187328588846256,False,True,False,False,False,0,0.0
WASP-36 b,14.874343,733.625075,1.53736596,0.02677,1733.0,1.26,5959.0,0.9413067829119812,-0.26,1311.6828714402325,0.0379623883494916,0.9927462144018449,0.0327919022094231,False,False,False,True,False,0,0.0
WASP-173 A b,13.4508,733.625075,1.38665318,0.0248,1880.0,2.84,5800.0,0.9413067829119812,0.16,1527.996206272289,0.0363670689157238,0.9998924502283358,0.0230453314359842,False,False,True,False,False,0,0.0
Wendelstein-2 b,12.9934728,232.33373,1.7522239,0.0234,2470.0,0.62,4591.0,0.9413067829119812,0.07,1715.9595721743858,0.0326388021643695,0.7311737040493739,0.2401858777610085,False,False,False,True,False,0,0.0
CoRoT-14 b,12.22,733.625075,1.51214,0.027,1952.0,6.840423374999999,6035.0,0.9413067829119812,0.05,1289.4613464547688,0.039212030663275,0.9854296346918991,0.0569831121129449,False,True,False,False,False,0,0.0
HATS-33 b,13.78707,378.85336,2.5495551,0.03727,1429.0,0.79,5659.0,0.9599972743924812,0.29,690.6192378667613,0.0508145006255087,0.9968580573761414,0.0258157377537328,False,False,False,True,False,0,0.0
HATS-34 b,16.02887,299.07803,2.1061607,0.03166,1445.0,0.4,5380.0,0.7240023902559726,0.25,721.5810528749454,0.0476288948066934,0.9654114563412376,0.019664417475459,False,False,False,True,False,0,0.0
HATS-35 b,16.409976,388.38826,1.8209993,0.03199,2037.0,0.484,6300.0,1.9784731875085524,0.21,1931.423517480379,0.0308830139044947,0.9412448230150238,0.1155412860881171,False,False,False,True,False,0,0.0
TOI-1855 b,18.49481816,360.09958513,1.36414864,0.02398,1701.0,0.31,5359.0,0.8040073148999792,0.399,1395.7481365889946,0.0349089511733469,0.9617376721695602,0.0046594408822666,False,False,False,True,False,0,0.0
TOI-4087 b,13.04725353,232.01473711,3.1774835,0.04469,1458.0,0.57,6060.0,1.4999956513820392,0.237,750.6748969142914,0.0499964217140187,0.9824832340150972,0.0707827227187484,False,False,False,True,False,0,0.0
Qatar-7 b,19.0553,597.5204,2.032046,0.0352,2053.0,0.502,6387.0,1.9784731875085524,0.276,1595.4914256867137,0.0313252901700962,0.9208869474905614,0.1449771705720736,False,True,False,False,False,0,0.0
OGLE-TR-56 b,15.278,441.77,1.2119189,0.02383,2212.0,0.68,6050.0,1.9784731875085524,0.07,3477.9071021610644,0.0253415318322456,0.983693524889382,0.082810753933681,False,False,False,True,False,0,0.0
TOI-1107 b,14.57167491,733.625075,4.0782387,0.0561,1728.0,1.89,6311.0,1.9784731875085524,-0.1,628.4438419001758,0.0488539717036695,0.9388205844637252,0.1501069544617213,False,True,False,False,False,0,0.0
HAT-P-45 b,15.984,283.492,3.128992,0.0452,1652.0,0.38,6330.0,1.9784731875085524,0.07,967.922930817671,0.0416342273902583,0.934529579342974,0.0985867176044324,False,False,False,True,False,0,0.0
HAT-P-42 b,14.348,331.801,4.641878,0.0575,1428.0,0.61,5743.0,1.9784731875085524,0.27,598.2230516315828,0.0526552439983705,0.999727814826885,0.0703943709752215,False,False,False,True,False,0,0.0
HAT-P-4 b,14.28,213.255,3.056536,0.04438,1686.0,0.403,5860.0,1.9784731875085524,0.07,1004.0032730942924,0.0423592405701287,0.9985068935719852,0.095065807509423,False,False,False,True,False,0,0.0
HAT-P-39 b,17.609,190.372,3.54387,0.0509,1752.0,0.19,6430.0,1.9784731875085524,0.19,763.3557967245099,0.042981137270746,0.9098572539602868,0.145070161849856,False,False,False,True,False,0,0.0
HAT-P-37 b,13.204,371.528,2.797436,0.0379,1271.0,0.89,5500.0,0.6194410750767815,0.03,430.9425112367254,0.0622204645086134,0.9829724140774104,0.0318583530733772,False,False,False,True,False,0,0.0
TOI-564 b,11.43318,464.98529,1.651144,0.02734,1714.0,1.7,5640.0,1.0780030758042878,0.143,1440.2648206625408,0.040046459978726,0.995776942292958,5.794906566507995e-06,False,False,False,True,False,0,0.0
NGTS-32 b,15.91675259,181.16219199,3.31211,0.044,1750.0,0.24,5680.0,0.9413067829119812,-0.03,485.9611682560564,0.0515809087084122,0.9978680536106924,0.0151479730201403,False,False,False,True,False,0,0.0
Qatar-8 b,14.403565,117.91493,3.71495,0.0474,1457.0,0.216,5738.0,1.6900128236122105,0.025,751.8653342048129,0.0484673750271576,0.99964450764683,0.0124905233793716,False,False,True,False,False,0,0.0
NGTS-17 b,13.89913607,242.82090295,3.24253,0.0391,1457.0,0.5,5650.0,0.9413067829119812,0.15,615.3096024421209,0.0523892692664991,0.9963657311103974,0.1183279827414189,False,False,True,False,False,0,0.0
NGTS-21 b,14.90794433,733.625075,1.5433897,0.0236,1357.0,1.25,4660.0,0.9413067829119812,-0.26,1687.0506540110064,0.0373627652981597,0.7574779212493854,0.1248567424443952,False,False,False,True,False,0,0.0
OGLE-TR-132 b,13.45,375.02,1.689868,0.03035,2013.0,0.85,6210.0,1.9784731875085524,0.37,2145.56437730188,0.0318408532413913,0.9593761974989304,0.1113851960719612,False,False,False,True,False,0,0.0
NGTS-8 b,12.21781,295.5819,2.4997,0.035,1345.0,0.89,5241.0,0.9413067829119812,0.24,767.7869354910123,0.0517817746359664,0.9379280862742546,0.0375529368870441,False,False,False,True,False,0,0.0
TOI-3160 A b,13.7646283,378.21580433,3.971281,0.0505,1539.0,0.79,6190.0,1.9784731875085524,-0.114,775.4916952507798,0.0479139010196389,0.9629816822724208,0.036894250795412,False,False,False,True,False,0,0.0
TOI-3135 b,13.65253849,327.36325921,3.7065585,0.04756,1292.0,0.7,5890.0,1.050001694650035,0.071,463.996121992972,0.0598165088304642,0.9972163260698456,0.0187857768813552,False,False,False,True,False,0,0.0
HATS-10 b,10.861521,167.17858,3.312846,0.04491,1407.0,0.7,5880.0,1.309181922999407,0.15,648.7817373840795,0.0560791767769903,0.9976906706134508,0.0413281749829147,False,False,False,True,False,0,0.0
HAT-P-9 b,15.614137,238.05467,3.92281072,0.05287,1540.0,0.342,6350.0,1.9784731875085524,0.12,707.5484868640966,0.0474846207466221,0.929872726379436,0.1067936657501272,False,False,False,True,False,0,0.0
TOI-2992 b,13.75341932,733.625075,3.007812,0.0434,1726.0,2.23,6000.0,1.9784731875085524,0.084,1049.8329517280174,0.0419435848881903,0.9891077548081656,0.0800713095270758,False,False,False,True,False,0,0.0
TOI-3023 b,16.43236571,197.05361234,3.9014971,0.0505,1596.0,0.245,5760.0,1.9784731875085524,0.085,775.4916952507798,0.0448713853015698,0.9999280025919378,0.0521614478659426,False,False,False,True,False,0,0.0
TOI-3819 b,13.13692538,352.78953177,3.2443141,0.04611,1633.0,0.85,5859.0,1.9784731875085524,0.273,930.1129852295268,0.0449986260546512,0.9985430623656276,0.093257615921692,False,False,False,True,False,0,0.0
TOI-3807 b,18.49481816,330.54154328,2.8989727,0.0421,1646.0,0.289,5772.0,1.9784731875085524,0.278,1115.632136679365,0.037966354445606,0.999992000032,0.0724800961290633,False,False,False,True,False,0,0.0
HATS-3 b,15.48,340.382,3.547851,0.0485,1648.0,0.51,6351.0,1.9784731875085524,-0.157,840.7407574667171,0.0441042579318522,0.929636155528514,0.0816864196633785,False,True,False,False,False,0,0.0
NGTS-24 b,13.60770257,165.27077164,3.4678796,0.0479,1499.0,1.42,5820.0,1.9784731875085524,0.27,861.9258378714707,0.0467664255580903,0.9996080768219616,0.0852016003300685,False,False,True,False,False,0,0.0
TOI-6016 b,13.67495645,371.85923619,4.023687,0.055,1890.0,0.81,6110.0,1.9784731875085524,0.28,653.8245827853775,0.0479263403718965,0.9758033268768974,0.1360586965301803,False,True,False,False,False,0,0.0
HAT-P-46 b,14.392,156.684,4.463129,0.0577,1458.0,0.28,6120.0,1.9784731875085524,0.3,594.0843552689263,0.0524229612142242,0.974342884320645,0.108785002010973,False,False,False,True,False,0,0.0
NGTS-27 b,15.64773706,188.47224535,3.3704181,0.0446,1783.0,0.266,5700.0,1.9784731875085524,0.0,994.127702048354,0.0406464652543188,0.9986489135402514,0.0176147883431681,False,False,False,True,False,0,0.0
NGTS-26 b,14.88552637,92.80589484,4.5199279,0.049,1331.0,0.153,5550.0,1.2620018745496355,0.2,525.3962841588824,0.055416666814424,0.988514468159074,0.1136452342352063,False,False,False,True,False,0,0.0
TOI-6130 b,14.3474953,333.71982735,2.392679,0.036,1750.0,0.64,6110.0,1.9784731875085524,0.28,1525.422658063649,0.0364073157793889,0.9758033268768974,0.0355249191154954,False,True,False,False,False,0,0.0
TOI-778 b,15.4,733.625075,4.633611,0.06,1561.0,1.3,6643.0,1.9784731875085524,0.0,549.423267844641,0.0516814841670209,0.8468156807635104,0.1271108700012326,False,True,False,False,False,0,0.0
Kepler-7 b,18.180998,140.16303,4.8854892,0.06067,1630.0,0.14,5933.0,0.9413067829119812,0.11,255.66143763042007,0.0624885839285411,0.9946753376491664,0.0958060391468484,False,False,False,True,False,0,0.0
Kepler-8 b,15.871944,187.5197,3.5224991,0.0474,1680.0,0.27,6213.0,0.9413067829119812,-0.055,418.77548444317057,0.0548813848106487,0.9588218382820232,0.0582281880050293,False,False,False,True,False,0,0.0
Kepler-76 b,15.24424,638.8383,1.5449298,0.0274,2140.0,1.1,6409.0,0.9413067829119812,-0.1,1252.137361540892,0.0359897286471174,0.9153212135765374,0.057609480555531,False,False,False,True,False,0,0.0
Kepler-423 b,13.361,189.101,2.6843285,0.03585,1605.0,0.459,5560.0,0.9413067829119812,-0.1,731.8382184357536,0.0487206442822591,0.9894946815018896,0.0676656202671159,False,False,True,False,False,0,0.0
Kepler-412 b,15.031269,299.07803,1.7208604,0.02897,1850.0,0.52,5750.0,0.9413067829119812,0.27,1120.2553670080104,0.0391381937793044,0.9998257929535878,0.0379026212353327,False,False,False,True,False,0,0.0
Kepler-41 b,14.46,177.98,1.8555582,0.03101,1790.0,0.33,5750.0,0.9413067829119812,0.38,977.8590566641826,0.0418442472425323,0.9998257929535878,0.0605521287889652,False,False,True,False,False,0,0.0
Kepler-6 b,14.616536,212.31044,3.2346996,0.04852,1460.0,0.4,5647.0,0.9413067829119812,0.34,399.67332701083575,0.0595006854954309,0.996193706812684,0.1615581742069084,False,False,False,True,False,0,0.0
TOI-954 b,9.550068,55.30242,3.6849729,0.04963,1526.0,0.35,5710.0,1.9784731875085524,0.215,802.9071710701431,0.0531040947749744,0.9989729721988732,0.0788369517154334,False,False,False,True,False,0,0.0
TOI-905 b,13.125739,211.99261,3.739494,0.04666,1192.0,0.515,5570.0,0.7299951924762005,0.14,335.1437300788798,0.0689543267126162,0.9904318466552284,0.0134803877063333,False,False,False,True,False,0,0.0
TOI-858 B b,14.06727078,349.6112477,3.2797178,0.04435,1529.0,0.69,5842.0,1.78998750747407,0.153,909.582317125837,0.0452124367230627,0.999090191904366,0.0337854170757768,False,False,True,False,False,0,0.0
Kepler-44 b,12.22,317.82,3.2467293,0.0446,1544.0,0.93,5800.0,0.9413067829119812,0.15,472.980455296047,0.0585492997789965,0.9998924502283358,0.0496989474590941,False,False,True,False,False,0,0.0
TOI-2796 b,17.26183028,139.84449908,4.8084983,0.0569,1205.0,0.15,5764.0,1.1360043646919784,0.239,350.76911535874297,0.0621641814448883,0.999956445392974,0.0263508211323723,False,False,False,True,False,0,0.0
TOI-2714 b,13.72,228.0,2.499387,0.036,1603.0,0.49,5665.0,1.4460056836707478,0.3,1114.8848756135296,0.0420166330860891,0.9971664665000416,0.0015459860219668,False,False,False,True,False,0,0.0
TOI-3474 b,14.67255574,193.87532827,3.8795105,0.0502,1451.0,0.337,6020.0,1.8599873905218929,0.146,737.7857513256007,0.0485483923352739,0.9870700965901964,0.0493246375666272,False,False,False,True,False,0,0.0
TOI-3464 b,13.7646283,397.28550875,3.6515568,0.0515,1693.0,0.83,6370.0,1.9784731875085524,0.045,745.6791435064741,0.0472513063808555,0.92507460664583,0.1344903653500098,False,False,False,True,False,0,0.0
TOI-3331 A b,12.97999965,721.47048389,2.0180231,0.03144,1488.0,1.82,5609.0,0.8069934318550629,0.148,815.5785377750987,0.0484370996815443,0.99367321006597,0.0075312749436702,False,False,False,True,False,0,0.0
TOI-3321 b,15.55806521,176.07693748,3.6525145,0.047,1616.0,0.255,5850.0,1.9784731875085524,-0.103,895.2367364292091,0.0433638400187358,0.9988486632972694,0.0161317970780159,False,False,False,True,False,0,0.0
TOI-2236 b,14.36991326,502.16888306,3.5315902,0.05009,1688.0,0.93,6248.0,1.9784731875085524,0.119,788.2337859820262,0.0458078051280444,0.9520964951374568,0.1273141820192497,False,False,False,True,False,0,0.0
HATS-42 b,15.6926,597.5204,2.292102,0.03689,1856.0,0.83,6060.0,1.9784731875085524,0.22,1452.7599085909408,0.0353791183795585,0.9824832340150972,0.1031140313933032,False,False,False,True,False,0,0.0
HATS-40 b,17.71022,505.3497,3.2642736,0.04997,2101.0,0.49,6460.0,1.9784731875085524,0.01,792.0226079616514,0.0402069028694583,0.9018014646202186,0.1917984882200512,False,False,False,True,False,0,0.0
HATS-39 b,17.59813,200.2329,4.5776348,0.06007,1645.0,0.202,6572.0,1.9784731875085524,0.0,548.1438747724181,0.0488688065036225,0.8692740083257313,0.1391138999375918,False,False,False,True,False,0,0.0
HATS-13 b,13.585308,172.58169,3.0440499,0.04057,1244.0,0.377,5523.0,0.9413067829119812,0.05,571.5541631023863,0.0564716541760636,0.9856539001953452,0.0168604753419689,False,False,False,True,False,0,0.0
K2-237 b,16.06246934,434.15360396,2.18053332,0.03552,1759.0,0.577,6180.0,1.9784731875085524,0.337,1566.895990837001,0.0347804475515261,0.9647251855641464,0.0970406846814117,False,False,False,True,False,0,0.0
KPS-1 b,11.54527,346.4347,1.706291,0.0269,1459.0,1.31,5165.0,0.9413067829119812,0.22,1299.052984242532,0.0432430351002161,0.9198872026948478,0.0473694713583896,False,False,False,True,False,0,0.0
K2-29 b,13.33871,232.0159,3.2588321,0.04217,1171.0,0.53,5358.0,0.9413067829119812,0.16,529.029435480248,0.0592296324347821,0.9615583782382694,0.0256013221565893,False,False,True,False,False,0,0.0
HATS-30 b,13.170575,224.38798,3.1743516,0.04354,1414.0,0.543,5943.0,1.2499999625598046,0.06,659.0283847012432,0.0525038250802254,0.9939682643982344,0.0380535661811951,False,False,True,False,False,0,0.0
HATS-28 b,13.383546,213.58176,3.1810781,0.04131,1253.0,0.48,5498.0,0.6960012186005905,0.01,407.61034030694674,0.063362869804186,0.9827286671445884,0.0313734978717236,False,False,True,False,False,0,0.0
HATS-29 b,14.022459,207.54299,4.6058749,0.05475,1212.0,0.411,5670.0,1.0699906927079144,0.16,356.8345474566278,0.065865193731498,0.9974113563315034,0.0136242044168894,False,False,True,False,False,0,0.0
WASP-121 b,19.52604438,371.85923619,1.27492504,0.02571,2409.0,0.275,6628.0,0.9413067829119812,0.17,1421.9047629946415,0.0308110721194433,0.851670507229441,0.1350915068432353,False,False,False,True,False,0,0.0
WASP-124 b,13.89916,190.698,3.37265,0.0449,1400.0,0.43,6050.0,0.9413067829119812,-0.02,466.6842419779678,0.0580762416671182,0.983693524889382,0.0256845192492204,False,True,False,False,False,0,0.0
Kepler-17 b,14.68,733.625075,1.4857108,0.02591,1570.0,1.35,5781.0,1.0271644970160336,0.26,1527.772670837399,0.0372605503640462,0.999998000002,0.0205053083079356,False,False,False,True,False,0,0.0
KELT-4 A b,19.044091,286.68266,2.9895932,0.04317,1823.0,0.228,6206.0,1.9784731875085524,-0.116,1061.0432813965956,0.0371496922103209,0.9601098676925642,0.0784326278642865,False,True,False,False,False,0,0.0
WASP-114 b,15.008851,562.24127,1.5487743,0.02851,2043.0,0.97,5940.0,0.9413067829119812,0.14,1156.6521678586964,0.0376415342245435,0.9941849731002634,0.1050375385010468,False,False,True,False,False,0,0.0
WASP-104 b,12.745,404.263,1.7554137,0.02918,1516.0,1.074,5475.0,0.9413067829119812,0.32,1104.2079285053464,0.0438078966477224,0.9798047126314872,0.0304077767925849,False,False,True,False,False,0,0.0
WASP-103 b,17.127,473.547,0.925542,0.01985,2508.0,0.55,6110.0,1.9784731875085524,0.06,5008.50758503263,0.0208581015787274,0.9758033268768974,0.0750645445588295,False,True,False,False,False,0,0.0
WASP-119 b,15.6926,390.9309,2.49979,0.0363,1600.0,0.7,5650.0,0.9413067829119812,0.14,713.8196110624797,0.0467649003331071,0.9963657311103974,0.0089051342450904,False,False,True,False,False,0,0.0
WASP-155 b,13.45077684,276.8285425,3.110413,0.043,1468.0,0.62,5660.0,0.9413067829119812,0.0,508.8144772497196,0.0562623932064415,0.9969105599497188,0.0394302440033994,False,False,False,True,False,0,0.0
WASP-149 b,15.24421375,314.96795134,1.332813,0.024,1855.0,0.49,5750.0,0.9413067829119812,0.0,1631.3809062599323,0.0343542153712534,0.9998257929535878,0.015158408711508,False,False,False,True,False,0,0.0
WASP-147 b,12.498035,87.40325,4.60273,0.0549,1404.0,0.263,5702.0,0.9413067829119812,0.092,312.2068526843961,0.068547786734903,0.9987172678495436,0.0177569329252105,False,False,True,False,False,0,0.0
KELT-14 b,19.537287,408.09372,1.7100566,0.03005,1970.0,0.322,5720.0,0.9413067829119812,0.32,1041.2656855616892,0.0362587094047846,0.9992527237944844,0.0890358088987586,False,False,True,False,False,0,0.0
KELT-10 b,15.681391,215.80657,4.1662739,0.0525,1377.0,0.308,5948.0,1.6499850149526083,0.09,598.4169063206488,0.0517252179148251,0.993598356170344,0.0458285735391495,False,False,True,False,False,0,0.0
HATS-27 b,16.8135,168.4499,4.637038,0.0611,1659.0,0.18,6438.0,1.9784731875085524,0.09,529.8237612529965,0.0500194566823504,0.9077375354868296,0.1500363731661343,False,True,False,False,False,0,0.0
HATS-26 b,19.61575,206.5895,3.3023881,0.04735,1918.0,0.153,6071.0,1.9784731875085524,-0.02,882.0567727290082,0.0385682322707263,0.9811032692830216,0.112275595956555,False,True,False,False,False,0,0.0
WASP-118 b,16.14096,163.36462,4.0460435,0.05453,1729.0,0.233,6410.0,0.9413067829119812,0.16,316.45660412471165,0.0594318190348748,0.915064349470876,0.1201711909564895,False,True,False,False,False,0,0.0
HATS-25 b,14.12334,194.82979,4.2986432,0.05163,1277.0,0.38,5715.0,1.1700111486105869,0.02,438.7557876720424,0.0604926974865748,0.9991183888476703,0.0027560121993389,False,False,True,False,False,0,0.0
HATS-24 b,15.636555,718.2958,1.3484978,0.0238,2166.0,1.03,6125.0,1.5488166189124817,-0.229,2729.480859496125,0.0274432237539468,0.9735972561588444,0.0044601419959028,False,False,False,True,False,0,0.0
HATS-2 b,12.57647635,435.42491759,1.35413379,0.02317,1550.0,1.20684,5599.0,0.9413067829119812,0.07,1750.1323938972098,0.0374981900695458,0.9929050665039784,0.040282736950827,False,False,False,True,False,0,0.0
HATS-23 b,20.84874,467.2101,2.1605156,0.03397,1654.0,0.29,5780.0,1.4300130474851702,0.28,1238.1484494281758,0.0352555779289763,0.9999991111115062,0.0480540783330793,False,False,True,False,False,0,0.0
HATS-16 b,14.5717,733.625075,2.686502,0.03744,1592.0,1.86,5738.0,1.4900128025794257,-0.1,1062.2056522110693,0.041987863197615,0.99964450764683,0.0129434459095197,False,False,True,False,False,0,0.0
TOI-2986 b,9.292245,96.61983573,3.2783662,0.04489,1622.0,0.66,5906.0,1.9784731875085524,0.095,981.3309426140304,0.0492296848802101,0.9963657311103974,0.0497314615794862,False,False,False,True,False,0,0.0
TOI-2981 b,13.4,638.0,3.601501,0.048,1358.0,1.46,5940.0,1.3059904464196457,-0.11,566.5902153664405,0.0555330786436011,0.9941849731002634,0.0554024337644945,False,False,False,True,False,0,0.0
HATS-18 b,14.896761,629.144485,0.83784,0.0174,2069.48,1.1169,5600.0,0.9413067829119812,0.07,3098.850351962013,0.0270683444805117,0.9929838400972322,0.0004252442001717,False,False,False,True,False,0,0.0
TOI-2977 b,13.15934334,533.95172376,2.3505614,0.03386,1544.0,1.28,5691.0,1.0890053165575284,0.013,949.0245718234048,0.0453864642852998,0.9983194137692356,0.0274179845607421,False,False,False,True,False,0,0.0
TOI-2886 b,18.6405349,444.9597698,1.60200105,0.02871,1978.0,0.377,6240.0,1.9784731875085524,0.284,2397.3818654035144,0.0278430607752407,0.9536753208495968,0.0859209245826514,False,False,False,True,False,0,0.0
TOI-2818 b,15.27784069,225.65816897,4.039709,0.0493,1376.0,0.34,5721.0,1.459990399529021,-0.02,600.4509167337811,0.0521007597004714,0.9992782605792836,0.008905398579306,False,False,False,True,False,0,0.0
TOI-2842 b,12.84549188,117.59651059,3.5514058,0.0475,1471.0,0.304,5910.0,1.7599891885836043,0.233,779.7050342600971,0.0494850205999745,0.996135486526273,0.0539246162517639,False,False,False,True,False,0,0.0
TOI-2803 A b,18.11371281,309.88269682,1.96229325,0.03185,1893.0,0.287,6280.0,1.9784731875085524,-0.105,1948.4236241648691,0.0304924164630784,0.945538295411538,0.0474271063472468,False,False,False,True,False,0,0.0
WASP-142 b,17.14977,266.9772,2.052868,0.0347,2000.0,0.31,6010.0,0.9413067829119812,0.26,781.1091145988939,0.0413964081782154,0.9881103582002042,0.1181837201181418,False,True,False,False,False,0,0.0
WASP-138 b,12.21781,387.7526,3.634433,0.0494,1590.0,1.2,6272.0,0.9413067829119812,-0.09,385.5665624537066,0.0621538018485259,0.947214011682935,0.0847113694827109,False,False,False,True,False,0,0.0
KELT-23 A b,14.829507,298.12454,2.255251,0.03302,1561.0,0.503,5899.0,1.0810107182102051,-0.105,990.5530201856444,0.0429787794207431,0.9967517315208344,0.0242241764797476,False,False,True,False,False,0,0.0
WASP-133 b,13.56289,368.6828,2.176423,0.0345,1790.0,0.88,5700.0,0.9413067829119812,0.29,790.1840779953671,0.0458251548521758,0.9986489135402514,0.0615381528685955,False,False,True,False,False,0,0.0
WASP-171 b,10.98482,344.52772,3.8186244,0.0504,1642.0,1.5,5965.0,0.9413067829119812,0.04,370.4240515795861,0.0644873517239504,0.992259226410136,0.0680820497444105,False,False,True,False,False,0,0.0
WASP-168 b,16.8135,133.4886,4.153658,0.0519,1340.0,0.16,6000.0,0.9413067829119812,-0.01,349.3295070203038,0.0609818646035465,0.9891077548081656,0.0335713143161231,False,True,False,False,False,0,0.0
WASP-170 b,12.285064,508.528,2.34478022,0.0337,1422.0,1.6,5600.0,0.7699987142771365,0.22,677.404318043738,0.0530735376329196,0.9929838400972322,0.0313447232310265,False,False,False,True,False,0,0.0
WASP-164 b,12.643752,676.9779,1.7771255,0.02818,1610.0,1.96,5806.0,0.9413067829119812,-0.01,1183.8663098600664,0.0421885273803611,0.9998257929535878,0.0234153308423572,False,False,True,False,False,0,0.0
CoRoT-11 b,16.03,733.625075,2.99433,0.0436,1657.0,0.99,6440.0,0.9413067829119812,-0.03,494.9140796399405,0.0519573821036248,0.9072043459094562,0.0898347831105158,False,True,False,False,False,0,0.0
WASP-76 b,20.78145022,284.13859586,1.80988198,0.033,2228.0,0.17,6329.0,0.9413067829119812,0.366,863.5842045064046,0.0364999763482004,0.9347586710018416,0.1600048319715642,False,True,False,False,False,0,0.0
WASP-167 b,17.71022,733.625075,2.0219596,0.0365,2329.0,1.42,7000.0,0.9413067829119812,0.1,706.024213697342,0.0405248911352829,0.7176014921421511,0.1954092974997462,False,True,False,False,False,0,0.0
WASP-75 b,14.235,340.06,2.484193,0.0375,1710.0,0.69,6100.0,0.9413067829119812,0.07,668.8980514563732,0.0483442995908952,0.9772225254130948,0.0557735687368523,False,True,False,False,False,0,0.0
WASP-70 A b,13.047,187.512,3.7130203,0.04853,1387.0,0.499,5763.0,0.9413067829119812,-0.006,399.50870202114857,0.0625303281948036,0.9999500012499792,0.0433575658346336,False,False,True,False,False,0,0.0
TOI-2382 b,12.25141591,235.19302118,4.6612061,0.059,1426.0,0.68,6033.0,1.9784731875085524,0.249,568.2002261655808,0.0562749048543625,0.9856539001953452,0.1001908312237033,False,False,False,True,False,0,0.0
TOI-2641 b,18.10250383,122.6817651,4.880974,0.0607,1387.0,0.092,6100.0,1.9784731875085524,-0.15,536.8277182975812,0.0511577453375636,0.9772225254130948,0.0972459167816818,False,True,False,False,False,0,0.0
TOI-2587 A b,12.07207221,69.28659273,5.45664,0.0635,1445.0,0.216,5760.0,1.9784731875085524,0.13,490.5406774954571,0.0591461758305267,0.9999280025919378,0.059402337353797,False,False,False,True,False,0,0.0
TOI-2583 A b,14.4595851,79.45710175,4.5207265,0.0571,1456.0,0.144,5936.0,1.9784731875085524,0.158,606.6312384853645,0.0520035137662771,0.9944678037155036,0.0841731001630236,False,False,False,True,False,0,0.0
TOI-2580 b,17.37392009,200.23189641,3.39775,0.048,2410.0,0.22,6120.0,1.9784731875085524,0.26,858.3397776609771,0.0378173648638395,0.974342884320645,0.1054408511582812,False,True,False,False,False,0,0.0
TOI-2570 b,13.64132951,260.61929374,2.9887615,0.04145,1431.0,0.563,5771.0,1.1990022553024329,0.191,697.4582698253495,0.0507958859987857,0.9999891111703948,0.0263893190207827,False,False,False,True,False,0,0.0
WASP-159 b,15.46842,174.8065,3.840401,0.0538,1850.0,0.28,6120.0,0.9413067829119812,0.22,325.0997371425349,0.0585451329939777,0.974342884320645,0.1476434377907012,False,True,False,False,False,0,0.0
WASP-19 b,15.86070769,366.77398168,0.78883852,0.01652,2113.0,0.506,5616.0,0.9050029607131748,0.04,3304.010949249005,0.0258234266694456,0.9941849731002634,0.0121221385715568,False,False,False,True,False,0,0.0
WASP-44 b,12.3299,276.5121,2.423804,0.03453,1337.0,0.811,5420.0,0.6342054941215193,-0.003,531.4626552853632,0.0584571567395482,0.9719208684563564,0.028554086728662,False,False,True,False,False,0,0.0
WASP-39 b,14.336311,89.31023,4.0552941,0.04828,1166.0,0.167,5485.0,0.9413067829119812,0.01,403.6550492976122,0.0634411040775038,0.9811032692830216,0.0392293009964464,False,False,False,True,False,0,0.0
WASP-50 b,13.069694,466.828704,1.9551,0.0293,1394.84,1.325,5400.0,0.9413067829119812,0.07,1095.1922452989345,0.044609027647778,0.96874680149753,0.05452238055582,False,False,False,True,False,0,0.0
WASP-5 b,12.184,502.15,1.6284279,0.0267,1706.0,1.64,5700.0,0.9413067829119812,0.09,1318.5599783047542,0.0404973865180503,0.9986489135402514,0.0179023935558825,False,False,False,True,False,0,0.0
WTS-2 b,15.277867,355.9696,1.0187068,0.01855,2000.0,0.54,5000.0,0.9413067829119812,0.2,2727.615079322755,0.0283027669080659,0.8741462741908828,0.0752010688400911,False,False,False,True,False,0,0.0
WASP-96 b,13.45,152.55,3.4252602,0.0453,1285.0,0.37,5540.0,0.9413067829119812,0.14,458.4829612496194,0.0604234471243599,0.987491336356168,0.0238243913970607,False,False,True,False,False,0,0.0
WASP-65 b,12.464,492.62,2.3114243,0.0334,1480.0,1.5,5600.0,0.9413067829119812,-0.07,843.0418274987293,0.0485833413815334,0.9929838400972322,0.0305485109018068,False,False,True,False,False,0,0.0
WASP-184 b,14.90797,181.1631,5.1817,0.0627,1480.0,0.32,6000.0,0.9413067829119812,0.12,239.3787800269006,0.0698494688539904,0.9891077548081656,0.0876443764115539,False,False,True,False,False,0,0.0
WASP-52 b,14.24,146.2,1.7497798,0.0272,1315.0,0.29,5000.0,0.9413067829119812,0.03,1270.5938973489297,0.0420150789031135,0.8741462741908828,0.0545401012281604,False,False,False,True,False,0,0.0
WASP-181 b,13.271456,95.03117,4.5195064,0.05427,1186.0,0.237,5839.0,0.9413067829119812,0.09,319.49503479917735,0.0699141584107273,0.9991734528895176,0.0185592564962616,False,False,True,False,False,0,0.0
WASP-180 A b,13.89916,286.047,3.409264,0.048,1540.0,0.61,6600.0,0.9413067829119812,0.1,408.37604464728025,0.0591208529719455,0.8605771587550359,0.102535883994565,False,True,False,False,False,0,0.0
WASP-177 b,17.71022,161.45764,3.071722,0.03957,1142.0,0.172,5017.0,0.9413067829119812,0.25,600.7887763738221,0.0523047527122655,0.8792433635097825,0.0566291511628489,False,False,False,True,False,0,0.0
WASP-176 b,16.869545,271.74465,3.899052,0.0535,1721.0,0.31,5941.0,0.9413067829119812,0.164,328.7546609314524,0.0579516804037976,0.9941131734450028,0.127356186200392,False,True,False,False,False,0,0.0
WASP-175 b,13.540472,314.6517,3.0652907,0.04403,1571.0,0.74,6229.0,0.9413067829119812,0.15,485.2995123540554,0.0559637638703673,0.9558060890540316,0.0824186054142023,False,True,False,False,False,0,0.0
