pl_rade,pl_bmasse,pl_orbper,pl_orbsmax,pl_eqt,pl_dens,st_teff,st_met,stellar_index,orbital_stability,habitability_score,st_spectype_F,st_spectype_G,st_spectype_K,st_spectype_M,habitable,habitable_class
-2.0653971832948446,-1.206419316948046,-1.4521726660612857,-1.8535910121457604,-0.4092156727411572,3.689299511090597,-0.6550460022943769,1.5380087573604653,-0.10726569117056824,1.3875837950361214,0.0,False,True,False,False,0,0
-2.085332269272449,-1.209116184265196,-1.4521736367660967,-1.8749329811442246,1.9114003000598219,3.988421333565917,-0.6823097802831578,1.3000877627974101,-0.1423798028045745,1.395064718202033,0.002654722638971974,False,True,False,False,0,0
1.1954167690705981,0.32980732617268266,-1.126175129616357,-1.3320808466191874,1.783140034210924,-0.7505229682216458,0.5377442847147839,-2.3282074042891825,0.674023292686075,1.143329035851449,0.16341184307606482,False,True,False,False,0,0
0.880661267858678,0.3910319932733871,-1.126171773509985,-1.3025304280059293,1.5415334869141641,-0.6479669148015362,0.5377442847147839,-2.3282074042891825,0.674023292686075,1.1254904851950351,0.17829188581289673,False,True,False,False,0,0
1.589461824022925,0.6359306616762042,-1.126175298434585,-1.213879172166155,-0.4092156727411572,-0.7953912415929436,1.1307314559707666,-0.18691845322168543,-0.08970863535356512,1.0700962521581239,0.08214677439430634,False,True,False,False,0,0
0.9046884053557718,2.6059397442584573,-0.4992870412270376,-0.3082135646672274,-0.4092156727411572,0.06778887469297855,1.3726974856211964,-0.7222406909885597,-0.40134637610537266,0.3854969786239133,0.18098519569509416,False,True,False,False,0,0
0.895077550356934,2.3349151737207476,-0.49928493099918786,-0.31204417448746463,1.2462365957736803,-0.049723269850897096,1.3726974856211964,-0.7222406909885597,-0.40134637610537266,0.388942896754385,0.18079390885612337,False,True,False,False,0,0
0.9049306273681874,2.319445750156194,-0.49928493099918786,-0.33393337346024815,1.0135784391175404,-0.06040619208215852,1.3726974856211964,-0.7222406909885597,-0.40134637610537266,0.4085642360283017,0.182441387929685,True,False,False,False,0,0
0.712471305379026,0.11092914128766504,-0.5694660447319481,-0.5637699626744779,0.27682760970643294,-0.6394205770165271,0.06914810053261358,0.4078840331859528,0.825452899107728,0.6051075917776314,0.14288113736310198,False,True,False,False,0,0
0.9287155428528642,0.15378640825815812,-0.5694660447319481,-0.5238221745491473,-0.4092156727411572,-0.7109961559659785,0.06914810053261358,0.4078840331859528,0.825452899107728,0.5715418331951327,0.18574550206661067,False,True,False,False,0,0
0.9285097613201924,0.1567893218574598,-0.5694660447319481,-0.5221804846261885,0.3722771098730545,-0.6789473892721942,0.06914810053261358,0.4078840331859528,0.825452899107728,0.5701534673918914,0.18622139730156664,False,True,False,False,0,0
-0.4047830857840912,0.7552338112020872,-0.05999457908034398,0.071016807536251,1.1418387049664382,1.381788309138132,0.5292243540932899,-0.4843196964255045,0.6849964525717029,0.04080833950571244,0.015807567197484596,False,True,False,False,0,0
0.47700535790751386,0.7614412292326478,-0.05999457908034398,0.071016807536251,0.34244914107098523,-0.24201587001360256,0.5292243540932899,-0.4843196964255045,0.6849964525717029,0.04080833950571244,0.1100983754957992,False,True,False,False,0,0
-0.40479058823580355,0.7905229461054823,-0.05999457908034398,0.07484741735648827,-0.4092156727411572,1.4245199980631778,0.5292243540932899,-0.4843196964255045,0.6849964525717029,0.03701939203688917,0.014987802071300883,False,True,False,False,0,0
0.2799828304313502,-0.4370316292636382,0.4958732001649636,0.6620251798014126,-0.4092156727411572,-0.6800156814953205,0.02654844742514355,0.5863247791082442,0.7705870996795962,-0.5635987490564951,0.18840252099592691,False,True,False,False,0,0
0.27901179882405397,-0.42788188083172163,0.4958732001649636,0.6620251798014126,-0.4092156727411572,-0.6479669148015362,0.02654844742514355,0.5863247791082442,0.7705870996795962,-0.5635987490564951,0.18820831467446766,False,True,False,False,0,0
-0.08110588335202254,2.4724929704044696,-0.17271873035333365,-0.19712587988034938,0.9211117358311263,1.8945685762386797,0.17990719861203566,-0.5437999450662683,0.9681039776208794,0.2942045566908698,0.001285549172683842,False,True,False,False,0,0
-0.08042423202504655,2.44205834114698,-0.17271873035333365,-0.08767988501643101,-0.4092156727411572,1.8838856540074187,0.17990719861203566,-0.5437999450662683,0.9681039776208794,0.19134761088157676,6.227317362839103e-06,False,True,False,False,0,0
-0.11165951077126747,2.5185891750228606,-0.17271873035333365,-0.08767988501643101,0.8733869857478157,2.0930572712955167,0.17990719861203566,-0.5437999450662683,0.9681039776208794,0.19134761088157676,0.0012192647975681314,False,True,False,False,0,0
0.3280371054255369,0.4216443268237393,-0.11826219046507921,0.08196140702264317,0.9330429233519537,-0.2655182989223776,0.7763023421166161,-0.662760442347796,0.36677481588852023,0.02815625096517351,0.08332246640938724,False,True,False,False,0,0
0.5683920791441158,0.4522022414442987,-0.11826219046507921,0.11479520548181857,2.0366777690285116,-0.35952801455747807,0.7763023421166161,-0.662760442347796,0.36677481588852023,-0.004506346452979842,0.13949304701948892,True,False,False,False,0,0
0.5683084803964674,0.5211344108623838,-0.11826219046507921,0.10713398584134405,-0.4092156727411572,-0.40439628792877597,0.7763023421166161,-0.662760442347796,0.36677481588852023,0.0031363153218600458,0.13511536421821363,False,True,False,False,0,0
0.5923356178935608,2.1512411724186347,-0.6130641961970061,-0.4433793683241671,-0.4092156727411572,0.20666686369937678,0.9637408157894842,-0.5437999450662683,0.1253652984047252,0.5013308564887562,0.11850048255468273,False,True,False,False,0,0
0.5923356178935608,2.212465839519339,-0.6130641961970061,-0.437907068580971,-0.4092156727411572,0.33486193047451385,0.9637408157894842,-0.5437999450662683,0.1253652984047252,0.4965867586877043,0.11850048255468273,True,False,False,False,0,0
-1.4851361323123211,-1.1879746708325363,2.3544394969277676,2.314659702246585,-1.2891407524021963,-0.8520107294186292,0.5190004373474971,0.46736428182671663,0.6981642444344572,-2.5937248597640137,1.7964708803974718e-05,False,True,False,False,0,0
-1.7380759328883748,-1.2192775950494588,0.39505917487543957,0.344631794696048,-0.7373233295639177,-0.1565524921635112,-1.1662418395840173,1.2406075141566462,-0.7656552843081895,-0.2237120082544744,0.0689263589392096,False,False,True,False,0,0
-1.4594134407283155,-1.1118844858129402,3.199805214411851,2.642997686838343,-1.393538643209438,0.27076439708694533,-1.1662418395840173,1.2406075141566462,-0.7656552843081895,-3.0363822274740144,0.0,False,False,True,False,0,0
0.06373859295751207,-0.7982571651577933,0.2884040388980639,0.44805825984245123,-0.4092156727411572,-0.8616253594267644,0.691103035901676,-0.6032801937070321,0.4765064147447918,-0.33655186662928993,0.10238329243731704,False,True,False,False,0,0
0.06465603562400828,-0.8334810936621274,0.2884040388980639,0.44313319007357477,0.03820385928987978,-0.9577716595081172,0.691103035901676,-0.6032801937070321,0.4765064147447918,-0.33128656089664615,0.10163482793252135,True,False,False,False,0,0
0.49622706790518833,-0.3589701787102403,0.011563247301532574,0.15310130368419006,-0.4092156727411572,-0.7334302926516275,-0.07569072003278453,-0.4843196964255045,0.6389091810520687,-0.038863614104238754,0.12986567431787568,False,True,False,False,0,0
0.49551111965610023,-0.45086304304143765,0.011563247301532574,0.15857360342738613,0.8435590169457464,-0.8188936705017188,-0.07569072003278453,-0.4843196964255045,0.6389091810520687,-0.04437674248038891,0.1319885543624552,False,True,False,False,0,0
-0.2366006257561516,-0.5105012297844833,0.4351999290316193,0.5088007869919261,-0.4092156727411572,-0.3915767812512622,-0.825444614724257,0.3484037845451889,-0.32672888888310736,-0.3973211377500305,0.10176015739838523,False,True,False,False,0,0
-0.2366006257561516,-0.5059093797519304,0.4351999290316193,0.5799406836534735,-0.4092156727411572,-0.38089385902000095,-0.825444614724257,0.3484037845451889,-0.32672888888310736,-0.47481269934149845,0.1159881367306947,False,True,False,False,0,0
-0.3687498819901638,0.03899015744433743,-0.5599582021325326,-0.5856591616472614,-0.4092156727411572,0.420325308324605,-0.638006141051389,0.645805027749008,-0.08531937139931232,0.6236177814161965,0.0,False,True,False,False,0,0
-0.3687498819901638,0.05429632421951367,-0.5599582021325326,-0.6075483606200449,-0.4092156727411572,0.4310082305558664,-0.638006141051389,0.645805027749008,-0.08531937139931232,0.6417037510047817,0.0,False,False,True,False,0,0
0.9767698178470509,0.03899015744433743,0.1907933394843193,0.4869115880191423,-0.4092156727411572,-0.7654790593454116,0.11174775364008362,-0.5437999450662683,0.8803186985358638,-0.3813097365702512,0.29274014921593994,False,True,False,False,0,0
-1.1616454193942367,-1.017135350042811,1.0724296532483109,1.1654767561754384,-1.1310525177512298,0.057105952461717124,0.57182400720076,-0.5437999450662683,0.6301306531435672,-1.1303339965376913,0.16692444191157904,False,True,False,False,0,0
0.8566282977412685,-0.20591372766303784,0.6074033845206174,0.8918617690156421,0.7451267198989185,-0.850942437195503,1.866853461667849,-1.1386024314739065,-1.037789649471738,-0.8210720052420424,0.3507975309387,True,False,False,False,0,1
0.3280371054255369,-0.17070432737557456,2.1206557943756423,2.218894456740657,-0.4092156727411572,-0.5657084136208232,0.9467009545464962,-0.2463987018624492,0.14731161817597713,-2.467386751622881,0.06564019024241256,False,True,False,False,0,0
0.25595569293425735,-0.1278470604050816,2.1206557943756423,2.2708813043010188,-0.7731168921264007,-0.495201126894498,0.9467009545464962,-0.2463987018624492,0.14731161817597713,-2.539749647793997,0.051223907744156666,False,True,False,False,0,0
0.32831362436006456,-0.14472044419993654,2.1206557943756423,2.2052137073826668,-0.7253921420430895,-0.5571620758358141,0.9467009545464962,-0.18691845322168543,0.14731161817597713,-2.4484152471090344,0.06569549402931811,False,True,False,False,0,0
0.8037547071377655,-0.5319616959357412,-0.058852439358995694,-0.012709378534646865,0.36034592235222646,-0.8861960805586657,0.7933422033596041,-2.0308061610853634,0.34482849611726835,0.12283595400659028,0.16127888266458124,True,False,False,False,0,0
0.3088153954278624,-0.527338013237177,-0.058852439358995694,0.018482730001570254,0.09189420313360461,-0.7398400459903843,0.7933422033596041,-2.0308061610853634,0.34482849611726835,0.09247481121752772,0.06561471671288883,False,True,False,False,0,0
0.80377442786798,-0.5150930798170361,-0.058852439358995694,-0.003953698945533136,-0.4092156727411572,-0.8819229116661611,0.7933422033596041,-2.0308061610853634,0.34482849611726835,0.11433582150062628,0.16078234636291272,False,True,False,False,0,0
-1.1616454193942367,-0.9130534159716138,0.8588792373642687,0.7490347457182281,-0.4092156727411572,0.4310082305558664,-0.9447236434251731,1.2406075141566462,-0.4803531272818867,-0.6498525383531718,0.14980694914364565,False,True,False,False,0,0
-1.1614589298802525,-0.9100047037862653,0.8588408312174052,0.727692776719764,-0.4092156727411572,0.5912520640247877,-0.9447236434251731,1.2406075141566462,-0.4803531272818867,-0.6257815018226486,0.1455385553439528,False,False,True,False,0,0
-0.8204600669355143,-0.9161146493266491,0.8588408312174052,0.7441096759493511,-1.1787772678345403,-0.3274792478636938,-0.9447236434251731,1.3000877627974101,-0.4803531272818867,-0.6442906940348959,0.14882193518987022,False,True,False,False,0,0
-2.265176754597287,-1.2404672668270675,-0.2233658869273869,-0.5719784122892715,-1.503902127777094,2.8346657325896842,-2.265312889756744,-2.0902864097261276,-2.181192909554072,0.6227502471190011,0.0,False,True,False,False,0,0
-2.265176754597287,-1.242682550694727,-0.22336601354105784,-0.5719784122892715,-0.4092156727411572,1.4672516869882233,-2.205673375406286,-2.0902864097261276,-2.1043807903546843,0.6227502431688925,0.0,False,True,False,False,0,0
-2.2653911103604876,-1.239744891652831,-0.22330933282101603,-0.3722394716626196,-1.6291795967457845,3.294031388533925,-2.411855696446441,-2.2687271556484188,-2.3699312595868576,0.451226210634095,0.0,False,False,True,False,0,0
-2.0977649035380517,-1.2297279559034158,0.8542742981507466,0.3391594949528519,-1.8976313159644067,1.381788309138132,-2.265312889756744,-2.0902864097261276,-2.181192909554072,-0.2036534237171829,0.06783189899057039,False,True,False,False,0,0
-2.0977649035380517,-1.2272718803110112,0.8542742137416328,0.3397067249271721,-0.4092156727411572,1.7556905872322814,-2.205673375406286,-2.0902864097261276,-2.1043807903546843,-0.20422633591318606,0.06794134498543443,False,True,False,False,0,0
-2.0939064998004504,-1.2354106406074108,0.8542531958722501,0.6237190815990411,-2.0020292067716485,0.4951057639434349,-2.411855696446441,-2.2687271556484188,-2.3699312595868576,-0.5099335604611542,0.12474381631980823,False,False,True,False,0,0
-2.1260598642804576,-1.2321840314958203,0.8544186377356635,0.36104869392563627,-2.140192358262833,1.5035736225745124,-2.3828879323333614,-2.2687271556484188,-2.3326225159757246,-0.22661449535118805,0.07220973878512726,False,False,True,False,0,0
0.6379871791380378,-0.44315409597370864,0.12153133971193295,0.32328982569758385,0.014341484248224805,-0.8167570860554665,0.5888638684437479,0.22944328726366134,0.6081843333723153,-0.2099267517047503,0.19229570266057894,False,True,False,False,0,0
0.3929103766676879,-0.44468471265122617,0.12152865550210837,0.30906184636527456,-0.07812521903818935,-0.7056546948503478,0.5803439378222539,0.22944328726366134,0.6191574932579432,-0.19510114624364633,0.14041453266259188,False,True,False,False,0,0
0.6379871791380378,-0.4370316292636382,0.12153009045704605,0.32328982569758385,0.014341484248224805,-0.7355668770978798,0.5888638684437479,0.22944328726366134,0.6081843333723153,-0.2099267906791525,0.19229570266057894,False,True,False,False,0,0
0.452978220410421,-0.44315409597370864,0.12153133971193295,0.3063256964936765,-0.4092156727411572,-0.7558644293372765,0.5888638684437479,0.22944328726366134,0.6081843333723153,-0.19225488958429193,0.15188116634615156,False,True,False,False,0,0
0.452978220410421,-0.4324397792310854,0.12158630692696075,0.3063256964936765,-0.03338326583508571,-0.7494546759985197,0.5803439378222539,0.22944328726366134,0.6191574932579432,-0.19225317471061076,0.15188087143681886,False,True,False,False,0,0
-1.5172894967923278,-1.1227538242679547,0.29985253143713814,0.18046280240016993,-1.3100203305636449,0.3028131637807296,-1.4559194807148135,1.3000877627974101,-1.138742720419504,-0.05750068852976026,0.036092560480034,False,False,True,False,0,0
-1.4806346612851202,-1.1263319892976738,0.29984672535623275,0.19140740188656152,-1.402487033850059,0.1340229925267991,-1.4559194807148135,1.3000877627974101,-1.138742720419504,-0.06859908543077536,0.0382814803773123,False,True,False,False,0,0
-1.577314898093947,-1.1181560507589732,0.29985202920290993,0.15802637345306653,-1.4293322057719213,0.6767154418748789,-1.4559194807148135,1.3000877627974101,-1.138742720419504,-0.03483106679911579,0.0316052746906133,False,True,False,False,0,0
-0.3230983207456868,-0.9390738994894132,-0.4069709372517285,-0.6584407482317671,-1.0803449707877124,-0.8594887749805121,-1.6518778850091755,-1.7334049178815445,-1.391125397788927,0.688028269122291,0.0,False,True,False,False,0,0
-0.22708215809125357,-0.9237828062762062,-0.406970987897197,-0.6184929601064371,-1.0564825957460569,-0.7770166153551741,-1.6774376768736576,-2.2687271556484188,-1.4240448774458068,0.6554715190006901,0.0,False,False,True,False,0,0
-0.22698977075731436,-0.9277473360757829,-0.4069712031404376,-0.6195874200550763,-0.4092156727411572,-0.8018009949317005,-1.6774376768736576,-2.2687271556484188,-1.4240448774458068,0.6563692264849584,0.0,False,True,False,False,0,0
0.5467421470609113,0.0588352482309674,-0.5322340286437359,-0.38318407114901154,1.001647251596713,-0.58600596586022,0.031660405798039956,1.8948902492050481,0.7771709956109714,0.4512503666296094,0.11074070204548496,False,True,False,False,0,0
0.5466840566490838,0.1048066745775946,-0.5322431870326034,-0.38318407114901154,-0.4092156727411572,-0.5657084136208232,0.031660405798039956,1.8948902492050481,0.7771709956109714,0.4512500809051097,0.10933790722479073,False,True,False,False,0,0
1.041643089089202,0.14001085816049957,-0.5322432292371604,-0.361294872176228,1.2611505801747147,-0.7312937082053752,0.031660405798039956,1.8948902492050481,0.7771709956109714,0.4318961156280313,0.19342407610515402,False,True,False,False,0,0
0.3977158041671067,2.2293026229720327,0.19005860035162578,0.6226246216504019,0.9151461420707125,0.548520375099742,1.6453352655090048,0.11048278998213368,-0.7524874924454352,-0.5294456396698682,0.20539607319451927,False,True,False,False,0,0
0.3520642429226293,2.2430781730696907,0.19005011723566997,0.5416345854511021,0.8793525795082295,0.7514958974937088,1.616367501395925,-0.06795795594015777,-0.7151787488343025,-0.4406071895523014,0.18001703773269587,True,False,False,False,0,0
0.231928555437164,2.2782823566525963,0.19006404473947777,0.5974520428317005,-0.4092156727411572,0.8903738865001071,1.6453352655090048,0.11048278998213368,-0.7524874924454352,-0.5016921505503518,0.16593307137635888,False,True,False,False,0,0
0.23185353092004438,2.1694662164811764,0.19005855814706865,0.5963575828830613,0.7540751105395392,0.8262763531125388,1.6453352655090048,0.11048278998213368,-0.7524874924454352,-0.5004885367882603,0.1667465010256231,True,False,False,False,0,0
0.044516882959837585,1.7364440528113632,2.821864250629382,2.5609131906904037,-0.4092156727411572,0.9758372643501985,-0.11317841476735815,0.7647655250305355,0.5906272775553121,-2.9293578183043048,0.008903376591967516,False,True,False,False,0,0
0.044506593883204174,1.7317261242317339,2.821864250629382,2.5554408909472075,-1.2324676116782651,0.9758372643501985,-0.11317841476735815,0.7647655250305355,0.5906272775553121,-2.921473392663942,0.008901318776640844,False,True,False,False,0,0
-0.10447066154082735,-0.429432579539083,2.6002991893723415,2.10671231200514,-1.5665408622614394,-0.4343084701763079,-0.6618619467915722,-0.5437999450662683,-0.11604421907906981,-2.2977397571711142,0.0,False,False,True,False,0,0
-0.10445136952213943,-0.4247866958434973,2.6002991893723415,2.10671231200514,-0.4092156727411572,-0.42683042461442494,-0.6618619467915722,-0.5437999450662683,-0.11604421907906981,-2.2977397571711142,0.0,False,True,False,False,0,0
-0.09244200000299402,-0.3926480263627517,2.600305439867232,2.1614353094371,-1.542678487219784,-0.4110496118944056,-0.4846473898644968,-0.42483944778474064,0.11219750654197488,-2.3729429206899972,0.0,False,True,False,False,0,0
-0.1404920757677792,-0.9406045161669307,0.5616080638184959,0.3424428747987701,-0.4092156727411572,-0.8498741449723769,-1.416727799855941,0.05100254134136989,-1.088266184945621,-0.21622246410035287,0.06848857495975402,False,True,False,False,0,0
-0.25582233575382607,-0.9467269828770012,0.561589071767849,0.3391594949528519,-1.4203838151313006,-0.8124839171629619,-1.3025607295279213,0.05100254134136989,-0.9412258424782208,-0.21278465205686767,0.06783189899057039,False,True,False,False,0,0
-0.14048242975843522,-0.9452084539440657,0.5616080638184959,0.3391594949528519,-1.3875730494490244,-0.850942437195503,-1.416727799855941,0.05100254134136989,-1.088266184945621,-0.2127840595406236,0.06783189899057039,False,False,True,False,0,0
0.1886797079423962,-0.8120327152554517,-0.07114164667337317,-0.16757546126709164,-0.4092156727411572,-0.8594887749805121,-1.0980823946120652,0.8242457736712995,-0.6778700052231699,0.26988013527164606,0.03773594158847924,False,True,False,False,0,0
0.18876802251683497,-0.7998087788737087,-0.07114164667337317,-0.16976438116437007,-0.9162911423763322,-0.850942437195503,-1.0980823946120652,0.8242457736712995,-0.6778700052231699,0.2719237853805629,0.037753604503367004,False,False,True,False,0,0
-0.10926096624115235,-0.8227491570332044,-0.07113944359549838,-0.20314540959786506,-1.0021956925262911,-0.7601375982297811,-1.1457940060924316,0.44357218237041107,-0.7393197005826808,0.3029487015126306,0.0,False,True,False,False,0,0
0.06373859295751207,2.07777157189779,-0.4073254217668254,-0.45322950786191973,-0.4092156727411572,1.1681298645129041,-0.5664387238308393,0.8837260223120633,0.0068551716399520915,0.5162696509474207,0.012747718591502411,False,True,False,False,0,0
0.015684317963325863,2.1083839054481417,-0.4073198170016567,-0.4373598386066516,-0.07215962527777561,0.7194471307999246,-0.5459908903392536,1.2406075141566462,0.0331907553654608,0.5025307670454889,0.0031368635926651623,False,True,False,False,0,0
0.06373859295751207,2.041036771637367,-0.40732069485644207,-0.45432396781055895,0.4349158443573994,1.1681298645129041,-0.5664387238308393,0.8837260223120633,0.0068551716399520915,0.5172149499454078,0.01335176837533214,False,True,False,False,0,0
0.06379861257120839,2.039366447601152,-0.4073254217668254,-0.45432396781055895,-0.1019875940798449,1.1360810978191196,-0.5664387238308393,0.8837260223120633,0.0068551716399520915,0.5172148024746982,0.01275972251424169,False,True,False,False,0,0
0.7557201528737939,1.768587003039233,-1.251136800282775,-1.4502825210722197,-0.4092156727411572,-0.09245495877594279,0.46106490912133785,0.3484037845451889,0.7727817316567186,1.2074996276992416,0.15115998990010046,False,True,False,False,0,0
0.7557390161809556,1.9521276057258368,-1.2511363233712811,-1.4502825210722197,2.2037143943200985,-0.03904034761963567,0.46106490912133785,0.3484037845451889,0.7727817316567186,1.207499642577983,0.15422447699808853,False,True,False,False,0,0
0.40976881437608226,1.9220912459810762,-1.251136800282775,-1.4601326606099723,1.8905207218983726,0.38400337273831614,0.42698518663536184,0.22944328726366134,0.8166743711992264,1.2129263785309328,0.08459426578808624,False,True,False,False,0,0
0.6307790378889098,-0.19825542757089154,-0.3469617632635825,-0.17523668090756614,-0.4092156727411572,-0.7227473704203661,1.2585304152931769,-1.4954839233184893,-0.25430603363796844,0.2684228816870436,0.1261993704166637,False,True,False,False,0,0
0.452978220410421,-0.14009199382522247,-0.34696113019522756,-0.17468945093324653,-0.4092156727411572,-0.6191230247771303,1.2585304152931769,-1.4954839233184893,-0.25430603363796844,0.26791280401161705,0.09063920692096594,False,True,False,False,0,0
0.4530686785424914,-0.19830141879031787,-0.34696446435523015,-0.17523668090756614,0.9539225015134024,-0.6479669148015362,1.2585304152931769,-1.4954839233184893,-0.25430603363796844,0.26842279741806646,0.09198219091059304,True,False,False,False,0,0
0.3280371054255369,-0.37886819551796913,-0.22136539092591168,-0.17031161113868967,-0.4092156727411572,-0.661854713702176,-0.22904947121967664,1.3000877627974101,0.44139230311078154,0.2677478226712072,0.06560742108510738,False,True,False,False,0,0
0.1958878491915247,-0.3758069621629339,-0.22137419479650053,-0.16976438116437007,-0.4032500789807429,-0.6020303492071122,-0.1966737348579994,1.2049193649721879,0.483090310676167,0.26723681256024523,0.03917756983830494,False,True,False,False,0,0
0.32809926859686483,-0.3789048440184754,-0.22136539092591168,-0.16976438116437007,-0.3435941413766049,-0.6693327592640591,-0.22904947121967664,1.3000877627974101,0.44139230311078154,0.2672370872244422,0.06561985371937298,False,True,False,False,0,0
-1.173677208382655,-1.1564261390563733,0.024130076191811293,-0.09862448450282317,-0.9431363142981947,-0.6906986037265818,-0.9464276295494719,-0.7817209396293235,-0.4825477592590091,0.2079008058728957,0.0,False,False,True,False,0,0
-0.964625588513574,-1.158411712049193,0.024124222419756307,-0.12160814342424563,-0.7074953607618484,-0.8417465777388332,-0.9106439209391971,-0.2463987018624492,-0.4364604877393789,0.22967487036047987,0.0,False,True,False,False,0,0
-0.08042423202504655,-0.30386797831960644,-0.4801863560504222,-0.5320306241639411,-0.4092156727411572,-0.306113403401171,-0.757285169752305,0.2889235359044252,-0.2389436097980917,0.5812584554392798,0.0,False,True,False,False,0,0
0.3808307863440759,-0.28860313140439664,-0.38833548134775997,-0.34487797294664,0.19927489082105312,-0.6479669148015362,0.07766803115410759,0.16996303862289747,0.8364260589933559,0.4217919717597876,0.0764456163558816,False,True,False,False,0,0
0.3808968079191415,-0.2717250280917367,-0.38833548134775997,-0.34651966286959884,-0.4092156727411572,-0.6276693625621395,0.07766803115410759,0.16996303862289747,0.8364260589933559,0.4232543618892154,0.07618204998919881,False,True,False,False,0,0
0.12853405305762194,-0.055959798624229465,0.6524166547816556,0.9301678672180129,-0.17059192232460407,-0.35952801455747807,0.7711903837437197,0.7052852763897718,0.3733587118198954,-0.8641500454128683,0.2117670780801787,True,False,False,False,0,0
0.12380186449181597,-0.06356709011978087,0.6524962525761445,0.9285261772950542,-0.10795318784025863,-0.35862851250560585,0.8615016483315562,0.9432062709528272,0.2570432170322487,-0.862235457703174,0.2104954284213523,False,True,False,False,0,0
0.12861186419966356,-0.21203097766854995,0.6525027520779216,0.9296206372436939,-0.4092156727411572,-0.4556743146388308,0.7711903837437197,0.7052852763897718,0.3733587118198954,-0.8635099344329666,0.21167319431372317,False,True,False,False,0,0
0.025295172962163104,-0.07274486001444777,0.6525027520779216,0.9192232677316219,-0.13778115664232793,-0.27406463670738673,0.8189019952240861,0.21754723753550856,0.31190901646038444,-0.8514096529968603,0.1889320336560718,False,True,False,False,0,0
-0.25582233575382607,-0.35284771200016984,-0.5392079096412831,-0.6173985001577975,-0.3823705008192948,-0.2046256422041876,-0.765805100373799,1.062166768234355,-0.24991676968371965,0.6504479392660207,0.0,False,True,False,False,0,0
-0.34232003074336126,-0.33601092854747616,-0.5392069051728265,-0.5976982210822922,-0.43904364154322595,-0.07643057542905066,-0.757285169752305,0.8837260223120633,-0.2389436097980917,0.6342283132918131,0.0,False,True,False,False,0,0
-0.37115259573987297,-0.3145822950622296,-0.5392079096412831,-0.586206391621581,-0.4092156727411572,-0.006991580925851408,-0.765805100373799,1.062166768234355,-0.24991676968371965,0.6247188595157456,0.0,False,True,False,False,0,0
-0.5441143318641211,-0.34216965849129316,-0.5392079096412831,-0.6042649807741275,-0.4092156727411572,0.2600814748556839,-0.765805100373799,1.062166768234355,-0.24991676968371965,0.6396463951395225,0.0,False,True,False,False,0,0
-0.37115259573987297,-0.3344803118699585,-0.5392218371450908,-0.595509301185014,-0.5673039073921231,-0.02835742538837425,-0.765805100373799,1.062166768234355,-0.24991676968371965,0.6324192467441857,0.0,False,True,False,False,0,0
-0.39277701948725663,-0.3298884618374057,-0.5392218371450908,-0.5889425414931787,-0.4092156727411572,0.014374263536671435,-0.765805100373799,1.062166768234355,-0.24991676968371965,0.6269857684312865,0.0,False,False,True,False,0,0
0.688431306536141,-0.15850336252437233,-0.576829473790542,-0.4269624690945791,0.9330429233519537,-0.7227473704203661,1.1409553727165596,0.22944328726366134,-0.10287642721631544,0.4882061673015535,0.13902164734641867,False,True,False,False,0,0
0.6884441678819336,-0.10488781024231751,-0.576829473790542,-0.4269624690945791,-0.4092156727411572,-0.7067229870734739,1.1409553727165596,0.22944328726366134,-0.10287642721631544,0.4882061673015535,0.13772832666647727,False,True,False,False,0,0
0.03893334404000311,2.076101633128334,0.3494888044620915,0.2899087972640888,0.39613948491470946,1.2108615534379497,0.733702689009146,-0.18691845322168543,0.42164061531665603,-0.16809942080715978,0.06634401841385447,False,True,False,False,0,0
0.03971145546041919,2.039506154959849,0.3494888044620915,0.618246781855845,-0.4092156727411572,1.3390566202130862,0.7422226196306401,0.3484037845451889,0.41066745543102806,-0.519635941608984,0.1316173387965734,False,True,False,False,0,0
1.5197831252813552,-0.2365208445088317,-0.2966422828700242,0.013557660232693782,-0.4092156727411572,-0.9364058150455943,1.3829214023669893,-0.2463987018624492,-0.41451416796812296,0.08986474134568986,0.09880277550540678,False,True,False,False,0,0
1.5197029562259181,-0.08044831703085263,-0.2966422828700242,0.010821510361095741,1.3864280491434045,-0.9043570483518102,1.3829214023669893,-0.18691845322168543,-0.41451416796812296,0.0925337732567605,0.10019717385487378,False,True,False,False,0,0
0.6692224578842587,0.3696033597881407,-0.2239525302695915,0.004254750669260443,-0.4092156727411572,-0.5304547702576606,0.7865262588624089,0.11048278998213368,0.3536070240257659,0.10120031503636946,0.13472266657255436,False,True,False,False,0,0
0.6691392878481373,0.36647557160038563,-0.2239525302695915,0.0053492106178996595,0.7868858762218154,-0.5304547702576606,0.7865262588624089,-0.18691845322168543,0.3536070240257659,0.10013453402166599,0.13601782160536594,False,True,False,False,0,0
0.5058379229040256,1.5849130017371202,-1.202827721300218,-1.4163542626644048,-0.4092156727411572,0.08915471915550115,-0.12681030376174857,1.002686519593591,0.573070221738309,1.1900197376135757,0.10116758458080513,False,True,False,False,0,0
0.5370732016502465,1.5821578917175887,-1.202827793047965,-1.401031823383456,1.383355768356792,0.13722786919617766,-0.024571136303820486,-0.18691845322168543,0.7047481403658324,1.1812971760131639,0.10933596778610045,False,True,False,False,0,0
0.601946472892398,1.5879742350921557,-1.202827793047965,-1.4130708828184873,1.4043248304246456,-0.07108911431341994,-0.024571136303820486,0.9432062709528272,0.7047481403658324,1.188158289278144,0.12233974573184714,False,True,False,False,0,0
0.5058001962897021,1.5572436246466084,-1.202827721300218,-1.4174487226130437,1.5087227212318886,0.07847179692423997,-0.12681030376174857,-0.18691845322168543,0.573070221738309,1.1906392860042914,0.1032554874818736,False,True,False,False,0,0
0.7292903016269918,1.699709252550941,-1.202827890118446,-1.4054096631780129,1.5003708899673087,-0.09779641989157349,-0.12681030376174857,1.002686519593591,0.573070221738309,1.183798618159455,0.14794190878368632,False,True,False,False,0,0
0.2991612405648585,0.5424895065548929,-0.58238317144527,-0.6458544588224163,-0.13778115664232793,-0.16723541439477263,-0.22904947121967664,-0.36535919914397685,0.44139230311078154,0.672344821815716,0.0598322481129717,False,True,False,False,0,0
0.29920454042902517,0.590012161350676,-0.58238317144527,-0.6442127688994581,-0.4092156727411572,-0.14586956993224978,-0.22904947121967664,-0.36535919914397685,0.44139230311078154,0.6710097874004083,0.05984090808580503,False,True,False,False,0,0
-0.5489534132183621,-0.8380531987732511,0.195424023477607,0.14270393417211805,-0.4092156727411572,-0.4770401591013536,-0.5187271123504729,-0.18691845322168543,0.06830486699946305,-0.022670658938476588,0.028540786834423605,False,True,False,False,0,0
-0.5490445144177221,-0.8380705839357777,0.195424023477607,0.14215670419779844,-0.7015297670014347,-0.48772308133261505,-0.5187271123504729,-0.18691845322168543,0.06830486699946305,-0.022120956416364385,0.028431340839559695,False,True,False,False,0,0
1.2433983774610597,-0.3299278072052291,-0.26735400849906155,0.06554450779305547,1.2969441427371973,-0.9150399705830715,1.3556576243782086,0.5863247791082442,-0.3794000563341167,0.03974621223175641,0.16627746218103073,False,True,False,False,0,0
1.243471044064784,-0.3758069621629339,-0.26735400849906155,0.06828065766465351,-0.4092156727411572,-0.9218770408110788,1.3556576243782086,0.5863247791082442,-0.3794000563341167,0.03704350035007281,0.16500884752524833,False,True,False,False,0,0
0.5298080417681075,-0.2197270664581776,-0.4730311642760325,-0.29124943546331983,1.1000795486435408,-0.6874937270572034,0.3843855335278918,-0.18691845322168543,0.8715401706273622,0.37101268902489026,0.10750280175697385,False,True,False,False,0,0
0.5298650604011185,-0.25029639460649017,-0.4730356379590737,-0.28522990574580437,-0.4092156727411572,-0.7120644481891046,0.3843855335278918,0.8837260223120633,0.8715401706273622,0.36556539276239464,0.10598631722157115,False,True,False,False,0,0
0.5202542054022813,-0.2059085109584795,-0.4730311642760325,-0.2792103760282887,-0.4092156727411572,-0.6800156814953205,0.3843855335278918,0.8837260223120633,0.8715401706273622,0.3601095413188457,0.10406414622180371,False,True,False,False,0,0
0.6812360266328051,-0.2059085109584795,-0.4730381280279364,-0.27647422615669065,1.1149935330445757,-0.7398400459903843,0.3843855335278918,0.8837260223120633,0.8715401706273622,0.35762641157567165,0.13780911259713707,False,True,False,False,0,0
1.6255947032467408,-0.30543928879860605,0.11813101984593222,0.6073021823694529,1.3506344865809221,-0.9577716595081172,0.759262480873628,-0.18691845322168543,0.3887211356597721,-0.5147812042209474,0.19824365820789075,False,True,False,False,0,0
1.6255025302685653,-0.3574395620327226,0.11813101984593222,0.605113262472175,-0.4092156727411572,-0.9705911661856308,0.759262480873628,0.7647655250305355,0.3887211356597721,-0.5123695498674721,0.1959484275927079,False,True,False,False,0,0
1.5173804115316456,-0.029887593043954823,-0.6260180408749121,-0.38975083084084683,-0.4092156727411572,-0.9000838794593056,1.2874981794062565,0.7052852763897718,-0.29161477724910106,0.4541072999540563,0.09656848322428378,False,True,False,False,0,0
1.5173450428307178,-0.02228748383581084,-0.6260180408749121,-0.3886563708922076,1.860692753096304,-0.9043570483518102,1.2874981794062565,-0.18691845322168543,-0.29161477724910106,0.45314424796306074,0.09915985245488092,False,True,False,False,0,0
0.5442813428993746,0.10021482454504184,0.1960554036502246,0.42671629084398705,-0.4092156727411572,-0.5625035369514448,0.18501915698493207,1.062166768234355,0.9746878735522586,-0.3166528714850608,0.19420593101163475,False,True,False,False,0,0
0.544384233665711,0.35117084957555805,0.1960554036502246,0.42671629084398705,0.33051795355015773,-0.4663572368700922,0.18501915698493207,1.062166768234355,0.9746878735522586,-0.3166528714850608,0.19468556187816616,False,True,False,False,0,0
0.5466840566490838,-0.12937767708259929,-0.35648285809389396,-0.2874188256430825,-0.4092156727411572,-0.6575815448096715,0.018028516803649544,0.8242457736712995,0.7596139397939682,0.3711834273435598,0.10933743536985843,False,True,False,False,0,0
0.5467421470609113,-0.23350035311362338,-0.35648285809389396,-0.2956272752578767,0.1306705625762945,-0.7013815259578432,0.018028516803649544,0.8242457736712995,0.7596139397939682,0.37860478835893036,0.10953054034469101,False,True,False,False,0,0
0.4530686785424914,-0.7079756308902484,0.052281781842948266,0.05459990830666331,-0.6239770481160548,-0.8723082816580259,-0.5783666267009309,1.4190482600789378,-0.00850725219992464,0.060512344348146584,0.10153371736983094,False,True,False,False,0,0
0.895077550356934,0.06960249099468964,-0.4424514304610796,-0.2458293475947934,-0.4092156727411572,-0.7355668770978798,1.1852590119483284,-0.12743820458092156,-0.1599368586215776,0.33064793765324274,0.17905653669000737,False,True,False,False,0,0
0.8950702622609851,0.11852270096089605,-0.4424514304610796,-0.24637657756911358,0.9986644547165061,-0.7120644481891046,1.1852590119483284,-0.12743820458092156,-0.1599368586215776,0.33114872856297667,0.18044211303570162,False,True,False,False,0,0
0.5538158872465124,-0.49216363966979554,0.12061518007054882,0.43766089033037925,0.420001859956365,-0.8188936705017188,0.8274219258455802,1.2406075141566462,0.3009358565747565,-0.33067679657797067,0.19890733185863185,False,True,False,False,0,0
0.8638422716107131,1.4624636675357114,-0.6270727327541707,-0.3240832339224955,-0.4092156727411572,-0.2847475589386481,2.020212212854741,-0.10364610512461608,-1.2353065274130213,0.39576250126623097,0.1728383820553671,False,True,False,False,0,0
0.8637743208337784,1.401128717825074,-0.6270727327541707,-0.32298877397385656,2.4274241603356175,-0.31679632563243243,2.020212212854741,-0.10364610512461608,-1.2353065274130213,0.3947815803674195,0.1761962143448907,True,False,False,False,0,0
0.49551111965610023,0.37567863132016077,-0.5861583690683067,-0.4898939161413324,-0.4092156727411572,-0.4129426257137851,0.5547841459577719,0.8837260223120633,0.652076972914823,0.5421856504009471,0.09912142725922132,False,True,False,False,0,0
0.48181078540693273,0.3145011593975067,-0.5861657126612234,-0.4909883760899716,-0.4092156727411572,-0.43217188573005566,0.5547841459577719,0.8837260223120633,0.652076972914823,0.5431202564498789,0.09638136040938783,False,True,False,False,0,0
0.48181078540693273,0.3757258264982111,-0.5861583690683067,-0.4920828360386106,0.6616084072531251,-0.4129426257137851,0.5547841459577719,-0.18691845322168543,0.652076972914823,0.5440550110094687,0.0973002609750172,False,True,False,False,0,0
0.563503052897049,0.8333802130759754,-0.44539777278932813,-0.2425459677488763,-0.4092156727411572,-0.27406463670738673,1.1000597057333883,-1.6144444206000168,-0.050205259765306064,0.32754975500283745,0.11273868810470347,False,True,False,False,0,0
0.563503052897049,0.8196046629783168,-0.44539777278932813,-0.24090427782591747,1.6250517995599576,-0.2847475589386481,1.1000597057333883,-1.6144444206000168,-0.050205259765306064,0.32604564919305734,0.11499570449298123,False,True,False,False,0,0
0.5755166216455959,-0.7737672983175116,0.017171304425667472,0.054052678332343694,-0.37342211017867416,-0.9278594772605853,-0.3159527635589155,1.062166768234355,0.32946607227738756,0.059955964077765295,0.12591385999558793,False,True,False,False,0,0
0.3640728257561241,-0.7768308868564067,0.017168396531690697,0.03927746902571482,-0.4444126759275982,-0.8851277883355396,-0.3091368190617203,1.252503563884799,0.33824460018588914,0.07448348365053269,0.0806700589563678,False,True,False,False,0,0
0.5755166216455959,-0.7707060649624765,0.017171304425667472,0.05295821838370448,-0.4092156727411572,-0.9278594772605853,-0.3159527635589155,1.062166768234355,0.32946607227738756,0.06103376378236733,0.12569496800586008,False,True,False,False,0,0
-0.10685408327184863,0.003785973861432466,-0.6008859446629633,-0.6972940764084584,-0.4092156727411572,-0.07108911431341994,-0.8578203510859342,1.1216470168751187,-0.36842689644848875,0.7132257697818329,0.0,False,True,False,False,0,0
-0.10685408327184863,0.0053165905389501444,-0.6008859446629633,-0.6983885363570976,-0.29586939129329437,-0.07108911431341994,-0.8578203510859342,1.1216470168751187,-0.36842689644848875,0.7140999589929962,0.0,False,True,False,False,0,0
0.6355844653883286,1.013992981023053,-0.935133881136254,-0.9906093426437605,-0.4092156727411572,-0.2633817144761253,0.5479682014605767,-0.5437999450662683,0.6608555008233247,0.9247992677234081,0.12713586047820086,False,True,False,False,0,0
0.6355844653883286,1.0247072977656762,-0.935133881136254,-0.9911565726180804,1.374496861622577,-0.2633817144761253,0.5479682014605767,-0.5437999450662683,0.6608555008233247,0.9251895222505986,0.12904488389712107,False,True,False,False,0,0
-0.2630304770029541,1.5389945014115922,-0.15932004964472,-0.4641741073483116,-0.4092156727411572,1.766373509463543,-2.120474069191346,-1.2991991028039687,-1.9946491914984126,0.5334446708186221,0.0,False,True,False,False,0,0
-0.2630304770029541,-0.08345917675707097,-0.15932004964472,-0.4669102572199097,-1.4889881433760594,0.07633521247798768,-2.120474069191346,-1.2991991028039687,-1.9946491914984126,0.5357993041690395,0.0,False,True,False,False,0,0
0.3088153954278624,-0.35590894535520506,-0.2498911555656792,-0.20040925972626758,-0.012503687673637607,-0.6533083759171668,0.2957782550643541,-0.7222406909885597,0.9856610334378825,0.2948389361875813,0.06177331716985995,False,True,False,False,0,0
0.6499952710968347,-0.33448488416770294,-0.2498976550674562,-0.18727574034259697,0.14856734385753573,-0.7782985660229254,0.28896231056715893,-0.5259558704740391,0.9944395613463841,0.2826552771438292,0.13021539990932365,False,True,False,False,0,0
0.3088153954278624,-0.3589701787102403,-0.2498911555656792,-0.20040925972626758,-0.4092156727411572,-0.6533083759171668,0.2957782550643541,-0.7222406909885597,0.9856610334378825,0.2948389361875813,0.06177331716985995,False,True,False,False,0,0
0.9911861003453061,1.6614438356130004,-0.5851700649571981,-0.40397881017315607,-0.4092156727411572,-0.31679632563243243,1.5873997372828454,-1.0017978596001498,-0.6778700052231699,0.46787396468610365,0.1982921664081849,False,True,False,False,0,0
0.9911861003453061,2.090016505317931,-0.5851700649571981,-0.40507327012179556,1.5594302681954053,-0.1992841810885569,1.5873997372828454,-1.0017978596001498,-0.6778700052231699,0.4688327993505825,0.20045804178067853,False,True,False,False,0,0
0.6692169467975868,-0.6773413014974242,-0.06900613829407704,0.013010430258374173,0.9091805483102988,-0.910766801690567,0.7558545086250305,-1.8761575146193779,0.39311039961402494,0.09750050267438079,0.13773438936098714,False,True,False,False,0,0
0.1670506391056239,1.1104100174051628,-0.01492555659951775,0.05131652846074566,-0.11749813785692075,0.3209741315738739,0.07426005890550999,0.7469214504383064,0.8320367950391071,0.06164859800383711,0.04367600395491134,False,True,False,False,0,0
0.8205934241159454,0.38031767653076387,-0.13688579532944412,0.14981792383827294,1.1537698924872657,-0.5977571803146076,1.5942156817800406,-1.317043177396198,-0.6866485331316715,-0.04019021961944453,0.19573991004144362,False,True,False,False,0,0
0.6644170303848403,0.4461341936640208,-0.13688579532944412,0.1470817739666749,-0.4092156727411572,-0.495201126894498,1.5942156817800406,-1.317043177396198,-0.6866485331316715,-0.0374380890678985,0.1623549431368929,False,True,False,False,0,0
0.6644170303848403,0.37419520982069343,-0.136893392149703,0.1459873140180357,1.0672687829612653,-0.5208401402495253,1.5942156817800406,-0.18691845322168543,-0.6866485331316715,-0.03633793410380058,0.1636183689012779,False,True,False,False,0,0
0.6644234610577361,0.3710650618740361,-0.136893392149703,0.14489285406939648,-0.4092156727411572,-0.5219084324726515,1.5942156817800406,-1.317043177396198,-0.6866485331316715,-0.035237805227526155,0.16191844529201635,False,True,False,False,0,0
1.387627121127917,-0.3681582822780913,0.26058756404312344,0.7151064873104135,1.3566000803413358,-0.9428155683843511,0.9841886492810699,-0.3237230250954422,0.09902971467922052,-0.6302912862929757,0.26741410677312016,False,True,False,False,0,0
-0.37115631481236444,0.3711258675635357,-0.9601659145640274,-1.0726938387916998,0.5601933133260897,0.8049105086500159,-0.08080267840568092,0.6101168785645498,0.6323252851206935,0.9815077524949827,0.0007780462685084366,False,True,False,False,0,0
0.04691515740169096,-0.08193439817123656,-0.6465815782014668,-0.6557045983601696,0.5810728914875384,-0.29543048116990955,-0.009235261185131275,1.9186823486613536,0.724499828159958,0.6783367728596172,0.010190077162959789,False,True,False,False,0,0
0.15743979911169034,-0.3069339220423611,-0.33747350357861183,-0.37005055176534146,-0.2391962505693627,-0.5411376924889221,-0.39944808364955675,0.9491542958169036,0.22192910539824243,0.4457285056966,0.031487959822338075,False,True,False,False,0,0
1.5606222131524774,-0.35897462825236354,-0.0717941291244873,0.22807181016597475,1.3387032990600944,-0.964181412846874,1.401665249734276,-1.2159267547068995,-0.4386551197165013,-0.11756207991435813,0.13539774685595393,False,True,False,False,0,0
1.3395729297324785,-0.3987704623959565,-0.6634110631275975,-0.5079525052938791,1.4938087368308541,-0.9428155683843511,0.4048333670194774,0.693389226661619,0.8452045869018575,0.5551606249667425,0.1341741613339597,False,True,False,False,0,0
1.2891226053092615,-0.048254993174166004,-0.508672912656743,-0.33229168353728933,1.7264668934869924,-0.8594887749805121,0.6263515631783215,-0.33561907482359493,0.5599024298755546,0.4068038456564653,0.14459503018994221,False,True,False,False,0,0
0.044516882959837585,-0.1385613771477048,-0.7929967790104883,-1.0803550584321742,-0.8631973579086495,-0.34136704676433366,-1.9194037065240874,-0.8947334120467747,-1.7356826181976144,0.9919796040254982,0.008903376591967516,False,False,True,False,0,0
1.096905505332516,1.5175658679263457,-0.8325291586980673,-0.6332681694130662,-0.4092156727411572,-0.4225572557219204,1.2193387344343043,1.002686519593591,-0.20382949816408544,0.6542867968821792,0.18066110518944814,False,True,False,False,0,0
0.8782585541089688,1.4793004509884058,-0.8325298339709792,-0.7771896526591193,2.6332371450698955,-0.2633817144761253,1.2193387344343043,1.002686519593591,-0.20382949816408544,0.7689363783632279,0.17935119089034215,False,True,False,False,0,0
0.9887833865955973,1.5068515511837222,-0.832531944198829,-0.6376460092076228,2.6153403637886528,-0.3573914301112258,1.2193387344343043,1.002686519593591,-0.20382949816408544,0.6578581667904413,0.20143130074699953,False,True,False,False,0,0
1.0728783678354232,0.8257271296883872,-0.46467052594480457,-0.2595100969527836,-0.4092156727411572,-0.5870742580833461,0.9637408157894842,-0.4843196964255045,0.1253652984047252,0.3424528146845916,0.18545768540888594,False,True,False,False,0,0
1.0721281226642225,1.07970547613122,-0.46465710489568074,-0.054846086557255605,1.1418387049664382,-0.5112255102413902,0.9637408157894842,-0.18691845322168543,0.1253652984047252,0.15083773844120563,0.18719362153335722,False,True,False,False,0,0
0.8320496678801718,-0.0528824803819812,-0.1073902965836452,0.18046280240016993,0.6347632353312627,-0.744113214882889,1.2193387344343043,-0.18691845322168543,-0.20382949816408544,-0.07020589848624727,0.20342631591664645,False,True,False,False,0,0
0.7845527178703056,-0.05590807656175412,-0.10742237204696016,0.17499050265697438,0.664591204133332,-0.7270205393128707,1.2193387344343043,0.16996303862289747,-0.20382949816408544,-0.06466758001702114,0.19287389370048139,False,True,False,False,0,0
0.8157879966165265,-0.10029596020976475,-0.10742375635642937,0.173348812734015,0.664591204133332,-0.752659552667898,1.2193387344343043,0.16996303862289747,-0.20382949816408544,-0.06300710163902006,0.19879261146513372,False,True,False,False,0,0
0.8326069928644922,-0.08192856007955343,-0.10742237204696016,0.17499050265697438,-0.4092156727411572,-0.7505229682216458,1.2193387344343043,0.16996303862289747,-0.20382949816408544,-0.06466758001702114,0.20156170536024468,False,True,False,False,0,0
0.5971410453929796,1.4318513339853596,-0.3084658895116536,-0.2868715956687632,-0.4092156727411572,-0.06040619208215852,0.4014253947708798,-0.9006814369108511,0.8495938508561103,0.37218612417798236,0.11944210403860876,False,True,False,False,0,0
0.5971157514129216,1.5924473748044086,-0.3084658895116536,-0.2901549755146806,0.12470496881588077,-0.01767450315711283,0.4014253947708798,-0.9006814369108511,0.8495938508561103,0.3751570815661271,0.11961024658817476,False,True,False,False,0,0
-0.2029626332602215,-0.35131709532265215,-0.3648566642469038,-0.2611517868757424,-0.4092156727411572,-0.26445000669925145,0.4184652560138678,0.3484037845451889,0.8276475310848543,0.347063545671166,1.4484778678247601e-05,False,True,False,False,0,0
-0.2029626332602215,-0.44162347929619095,-0.3648566642469038,-0.26224624682438163,0.2678792190658123,-0.3702109367887395,0.4184652560138678,0.3484037845451889,0.8276475310848543,0.34806100052036254,0.0003865392496030351,False,True,False,False,0,0
0.712471305379026,2.396139840821452,-0.4366098977276585,-0.09588833463122513,2.3260090664085826,0.15325225254306968,1.3181699296436349,-1.1386024314739065,-0.33111815283735613,0.19092622199837228,0.14577045642780548,True,False,False,False,0,0
0.3808968079191415,-0.34060277858002896,-0.47830086746675343,-0.49864959573044587,-0.4092156727411572,-0.6768108048259419,-0.1898577903608042,-0.2463987018624492,0.4918688385846685,0.5530206053354269,0.0761793615838283,False,True,False,False,0,0
0.3808968079191415,-0.41560299577839166,-0.47830086746675343,-0.4997440556790851,-0.21831667240791458,-0.715269324858483,-0.1898577903608042,-0.2463987018624492,0.4918688385846685,0.553952959994932,0.0761793615838283,False,True,False,False,0,0
-0.03477267078056954,0.3895013765958694,-0.5953281109616502,-0.6321737094644267,-0.4092156727411572,0.15325225254306968,-0.49146333436169204,1.4190482600789378,0.10341897863347332,0.6607933488238679,0.0,False,True,False,False,0,0
-0.03477267078056954,0.39256260995090475,-0.5953281109616502,-0.6321737094644267,-0.12286717224129357,0.15432054476619594,-0.49146333436169204,1.4190482600789378,0.10341897863347332,0.6607933488238679,0.0,False,True,False,False,0,0
0.12380643670024516,2.0747103385427543,-1.0255092718650687,-1.235768371138939,0.5601933133260897,0.9865201865814599,-0.5511028487121501,-0.5437999450662683,0.026606859434081614,1.0871715367199948,0.02553933360855747,False,True,False,False,0,0
0.6812360266328051,1.7838931698144092,-1.4094205471457122,-1.7561840767168726,2.215645581840926,-0.02835742538837425,-0.05865085878979651,1.1216470168751187,0.6608555008233247,1.3513374825854414,0.13932449085689566,False,True,False,False,0,0
0.6620143166351307,1.7831278614756505,-1.40942198210065,-1.767675906177584,2.2439224962652884,0.07516009103254882,-0.05865085878979651,-0.18691845322168543,0.6608555008233247,1.3560486994542709,0.13551942234961678,False,True,False,False,0,0
0.2751774029319318,1.0951156649314862,-1.1915228086640344,-1.4623215805072505,-0.4092156727411572,0.13188640808054683,-0.6942376831532494,0.3484037845451889,-0.15774222664445123,1.2159868775455442,0.05503548058638637,False,True,False,False,0,0
0.27515339508645353,0.8118632090277474,-1.1915228086640344,-1.4612271205586116,0.7749546887009878,0.0036913413054100136,-0.6942376831532494,0.3484037845451889,-0.15774222664445123,1.2153867913173164,0.056107004973819846,False,False,True,False,0,0
0.8205934241159454,2.212465839519339,-1.193901119859712,-1.4174487226130437,2.5318220511428593,-0.01767450315711283,0.8359418564670741,-1.9058976389397597,0.28996269668912855,1.1909177791727303,0.1676640396746454,False,True,False,False,0,0
1.041643089089202,2.4879768414725083,-1.1939021327690797,-1.326061316901672,2.2365251600023752,-0.13518664770098834,1.2125227899371092,-0.5437999450662683,-0.19505097025558388,1.137608231562299,0.19481963745509254,True,False,False,False,0,0
0.49622706790518833,-0.3084598283521592,0.05119467686391894,0.10549229591838577,-0.11988437536108612,-0.7120644481891046,0.13730754550456564,-0.42483944778474064,0.9132381781927477,0.010059073071578701,0.12034862553541419,False,True,False,False,0,0
1.67355680526275,-0.2518270112840078,-0.36927037461268986,-0.12872213309040054,1.7920884248515447,-0.9545667828387387,0.7439266057549389,-0.662760442347796,0.4084728234539017,0.22411635720773274,0.06780340096381976,True,False,False,False,0,0
1.0728783678354232,-0.4355010125861205,0.19401270309175653,0.6237190815990411,1.0195440328779548,-0.925722892814333,1.3692895133725989,-0.008477707299393983,-0.39695711215111984,-0.5305318215117398,0.3116315727919275,True,False,False,False,0,1
0.3376479604243741,-0.2181534443786204,-0.4204687227010734,-0.45924903757943514,-0.1914715004860522,-0.6052352258764906,-0.23245744346827424,-0.4843196964255045,0.43700303915653277,0.5210541459390761,0.06752959208487481,False,True,False,False,0,0
0.4746026441578047,-0.24723516125145492,0.18086045479142568,0.2762280479060986,-0.3137661725745356,-0.6789473892721942,0.06062816991111957,0.4078840331859528,0.8144797392221,-0.15920114041353195,0.15016823699948578,False,True,False,False,0,0
0.7870349576081623,0.3924955253763906,-0.26567384508516445,-0.06579068604364723,0.9867332671956786,-0.5731864591827063,1.2210427205586032,-1.4776398487262603,-0.20602413014121185,0.167540599304189,0.1588197196305555,True,False,False,False,0,0
0.7869554316200148,0.43695049359891525,-0.26567384508516445,-0.06469622609500801,-0.4092156727411572,-0.5667767058439495,1.2210427205586032,-1.4776398487262603,-0.20602413014121185,0.16649234517428446,0.15743335156182084,False,True,False,False,0,0
0.29199639917989667,-0.16611247734302179,-0.42330761222721724,-0.3372167533061655,0.28875879722726094,-0.5379328158195436,0.5258163818446923,-0.18691845322168543,0.6893857165259557,0.4138675934685104,0.05881853435728732,False,True,False,False,0,0
1.4092582927947268,0.10021482454504184,-0.3373755890063877,-0.1040967842460187,1.5087227212318886,-0.858420482757386,0.708142897144664,-0.5437999450662683,0.4545600949735359,0.2018180155577925,0.1202683013609776,False,True,False,False,0,0
0.4697972166583858,0.16143949164574597,-0.5759601443255973,-0.5178026448316319,0.3573631254720196,-0.49840600356387643,0.11174775364008362,1.7759297519235206,0.8803186985358638,0.5662451165074682,0.09445964904864518,False,True,False,False,0,0
0.4241456554139088,0.5777672279305351,-0.6870002071608894,-0.6803299472045511,0.3335007504303646,-0.27406463670738673,0.04188432254383276,1.1811272655158822,0.7903387874737217,0.6969469756689761,0.08529377635566379,False,True,False,False,0,0
0.9046884053557718,0.19358244187361587,-0.8741328494133005,-0.9873259627978431,0.3812255005136751,-0.6906986037265818,-0.43352780613553277,0.9432062709528272,0.1780364658557346,0.9243589118698958,0.18146716093297893,False,True,False,False,0,0
0.9863806728458882,0.6236857282560633,-0.9944839549987493,-0.9692673736452966,2.1470412535961683,-0.600962056983986,1.1341394282193644,0.7052852763897718,-0.09409789930781388,0.9076556343229046,0.20029739347290784,False,True,False,False,0,0
-1.0751477244047012,-1.095196800596209,0.06507719061390187,-0.031315197661513,-0.692581376360814,-0.5304547702576606,-0.525543056847668,-0.24045067699837286,0.0595263390909655,0.14470710895843888,0.0,False,True,False,False,0,0
-1.0559260144070268,-1.1334622175341493,0.08342958899502903,0.03599408917979717,-0.06917682839756874,-0.6874937270572034,0.16627530961764525,-1.150498481202059,0.9505469218038762,0.07977240293744202,0.007204573298389971,False,True,False,False,0,0
1.2410683303150751,-0.2824393448343599,0.16894184569200482,0.5673543942441226,0.9777848765550574,-0.9022204639055579,1.5976236540286384,-0.5437999450662683,-0.6910377970859243,-0.4693348165981379,0.26667054756690334,False,True,False,False,0,0
-0.08042423202504655,0.756849379200095,-0.7008543172440159,-0.737241864533789,-0.4092156727411572,0.5164716084059577,-0.39433612527666034,2.013850746486576,0.22851300132961758,0.7417993332822297,0.0,False,True,False,False,0,0
-0.08046281606242241,0.7781908942393286,-0.7008543172440159,-0.7388835544567476,-0.006538093913223865,0.5378374528684806,-0.39433612527666034,2.013850746486576,0.22851300132961758,0.7430922345718897,0.0,False,True,False,False,0,0
1.2650954678121682,1.1869526655825424,-0.38535643048784185,0.014652120181332998,2.33794025392941,-0.5945523036452292,1.4067772081071725,-0.4843196964255045,-0.44523901564787643,0.08602893969798871,0.1532071639766721,False,True,False,False,0,0
0.8326069928644922,1.6308315020626485,-0.7956571474810068,-0.7011246862286957,1.6071550182787164,-0.23133294778234115,0.725182758387652,0.7647655250305355,0.43261377520227995,0.7102074877261418,0.16877865983516294,False,True,False,False,0,0
0.30400996792844354,-0.8472368988383567,0.08926593056793977,-0.014351068457605691,-0.9371707205377808,-0.9139716783599453,-0.9123479070634959,-0.2463987018624492,-0.4386551197165013,0.12904880123979431,0.06080199358568872,False,True,False,False,0,0
0.03250331421129114,-0.3895825122605923,-0.6049776342588918,-0.7230138852014792,-0.4658888134650883,-0.5197718480263992,-0.9447236434251731,1.3595680114381739,-0.4803531272818867,0.7335537642262968,0.006500662842258232,False,True,False,False,0,0
0.5586976253976302,-0.17529617740812745,0.004339684144813788,0.295928326981604,0.5989696727687795,-0.6800156814953205,1.3897373468641845,-0.42483944778474064,-0.42329269587662455,-0.18511009633757058,0.171805197241742,False,True,False,False,0,0
-0.36154174074103573,-0.9819311664599062,0.23846883099592828,0.21712721067958313,-0.7850480796472281,-0.8188936705017188,-0.23756940184117065,-0.9006814369108511,0.43041914322515756,-0.09669720754127671,0.04342544213591664,False,True,False,False,0,0
0.15263900169675687,-0.6819302976664553,-0.10742667691177335,-0.3837313011233314,-1.3848885322568383,-0.7644107671222856,-1.9125877620268923,-1.2159267547068995,-1.7269040902891128,0.46498587104497036,0.030527800339351388,False,True,False,False,0,0
-0.6090212569610948,-0.8747879990336738,-0.44132262737974104,-0.6573462882831281,-1.0815380895397955,-0.4887913735557412,-1.854652233800733,0.5625326796519386,-1.6522866030668515,0.6860703679034444,0.0,False,True,False,False,0,0
-0.6931162382009207,-0.7064201645067371,-0.012363908808261846,-0.24911272744071106,-1.4388771557885836,-0.06467936097466309,-2.094914277326864,0.693389226661619,-1.9617297118415327,0.34706952043086514,0.0,False,True,False,False,0,0
-0.3399173169936521,-0.8824410824212617,0.24733773880702442,0.2505082391130781,-0.4092156727411572,-0.7024498181809694,-0.5630307515822417,0.5863247791082442,0.011244435594204885,-0.130616280710819,0.05010164782261564,False,True,False,False,0,0
-0.33983328953447745,-0.8839847500102607,0.24733773880702442,0.24613039931852126,-0.8715491891732285,-0.7013815259578432,-0.5630307515822417,0.5863247791082442,0.011244435594204885,-0.12611791790087032,0.04922607986370427,False,True,False,False,0,0
0.1838742804429778,-0.6497873474385855,-0.14672009017720172,0.04146638892299325,-0.4092156727411572,-0.7654790593454116,0.605903729686736,-0.18691845322168543,0.5862380136010593,0.06722132736501993,0.04508910665719166,False,True,False,False,0,0
0.8566341303615851,-0.07121424333693023,-0.34965281022657946,-0.1812562106250813,0.7033675635760218,-0.7547961371141503,0.21057894884941408,-0.18691845322168543,1.0076073532091385,0.27394531352700724,0.17231101445713312,False,True,False,False,0,0
0.7893581453697245,2.181853505968987,-1.1862382241465175,-1.3528755856433319,1.5415334869141641,0.014374263536671435,0.639983452172712,-0.18691845322168543,0.5423453740585515,1.1538154433383767,0.16003480022709837,False,True,False,False,0,0
0.6884441678819336,-0.33601092854747616,-0.13655921646743127,-0.11887199355264759,-0.015486484553844479,-0.7943229493698176,0.016324530679350743,-0.18691845322168543,0.7574193078168419,0.2220761378045072,0.13768939863456184,False,True,False,False,0,0
0.03250331421129114,-0.08345917675707097,-0.689267562576232,-0.6606296681290458,0.9181289389509194,-0.29543048116990955,0.11515572588868121,1.811617901107979,0.8847079624901165,0.6809925515937879,0.007779827930568906,False,True,False,False,0,0
0.4746026441578047,0.16297010832326364,0.01133538489832671,0.2417525595239644,0.14856734385753573,-0.49092795800199346,0.9875966215296674,0.0985867402539809,0.09464045072497175,-0.12898650478984874,0.14351156899159134,False,True,False,False,0,0
1.5245885527807737,-0.3252966118048528,0.062233616381931714,0.5870546733196279,1.7443636747682347,-0.9524301983924864,1.5362801535538815,0.5863247791082442,-0.6120310459094102,-0.4942539772574613,0.21496912831696535,False,True,False,False,0,0
0.09977929920315183,0.32980732617268266,0.017197386841889283,0.4529833296113277,1.2044774394507831,-0.09245495877594279,2.6251272869808155,-0.18691845322168543,-4.731668785827663,-0.3502833170225318,0.11231627739131207,False,True,False,False,0,0
0.17426342544414056,-0.013050809591261177,0.5228043500278592,0.6248135415476803,-0.5643211105119162,-0.3702109367887395,0.06062816991111957,0.5268445304674804,0.8144797392221,-0.5214839224968357,0.1598174919850693,False,True,False,False,0,0
0.23913669668629206,-0.2334596111537965,-0.2601965376785942,-0.14349734239702996,0.6287976415708488,-0.5443425691583005,0.091299920148498,1.4487883843993197,0.853983114810359,0.24142719699370105,0.04870382965529847,False,True,False,False,0,0
0.003670749214779423,-0.9727474663948005,-0.38003439364644936,-0.44173767840120826,-0.2391962505693627,-1.0368252840194516,-0.3721843056607759,0.24728736185589048,0.2570432170322487,0.5071785194522119,0.000734149842955878,False,True,False,False,0,0
0.368883239170595,0.22266415874645037,-0.4729819115580215,-0.5167081848829926,0.24192888620801184,-0.40225970348252366,-0.012643233433728878,-0.06200993107608138,0.7201105642057092,0.5685306259234886,0.07411266017607461,False,True,False,False,0,0
1.50296412903339,0.22266415874645037,0.3087495896877489,0.8710670299914974,1.4192388148256811,-0.8562838983111337,1.5669519037912598,0.7647655250305355,-0.6515344214976652,-0.8063589692648717,0.27564598376893795,False,True,False,False,0,0
1.075281081585132,0.009908440571502907,-0.452509198438116,-0.2589628669784635,0.9449741108727818,-0.7975278260391959,1.0949477473604918,0.6398570028849316,-0.04362136383393089,0.34233317141337577,0.18629414830554658,False,True,False,False,0,0
1.5173804115316456,0.9726663307300776,-1.083881858644413,-1.0606547793566687,2.6123575669084462,-0.7184742015278616,1.6351113487632118,1.4309443098070906,-0.7393197005826808,0.9693497817324522,0.10020878992354158,False,True,False,False,0,0
0.4289510829133277,0.7277676623272605,-0.24948029420335088,0.055147138280982916,1.2641333770549217,-0.20355734998106145,0.8734295512016478,0.7052852763897718,0.24168079319237196,0.05055886769030981,0.09860561797737127,False,True,False,False,0,0
-0.26062776325324494,-0.36356202874279303,-0.8238684881711753,-0.9627006139534616,-0.06410607370121695,-0.6266010703390134,-0.8475964343401414,1.6986054286905277,-0.35525910458573845,0.9082451091568187,0.0,False,True,False,False,0,0
-1.1784644156422017,-1.0584620003357865,-0.41868055782583086,-0.5243694045234666,-0.4092156727411572,-0.17791833662603404,-1.1066023252335593,0.9432062709528272,-0.6888431651087978,0.5767086888701949,0.0,False,True,False,False,0,0
-1.1784644156422017,-1.0630538503683393,-0.41868055782583086,-0.5243694045234666,-0.6955641732410208,-0.23133294778234115,-1.1066023252335593,0.9432062709528272,-0.6888431651087978,0.5767086888701949,0.0,False,False,True,False,0,0
-0.7954718439385374,-1.0547885203097442,1.3296990944486393,0.9201535586879651,-1.7237342578483439,-0.6789473892721942,-1.6670433615154343,0.0450545164772935,-1.4106576223853406,-0.8313642224218712,0.18403071173759303,False,True,False,False,0,0
0.06133141632081284,2.6059397442584573,-0.9435671113055101,-1.2653187897521967,-1.1256834833668576,1.638178442688406,-2.7577648796790974,1.3714640611663267,-2.8154415509433126,1.1082742267835535,0.01226628326416257,False,True,False,False,0,0
0.267964442965247,0.8563289224365138,-0.4599096830977499,-0.7459975441229025,-1.4582653355099287,0.032535231329815735,-2.6640456428426638,0.9610503455450563,-2.6947367922014154,0.7562030859570105,0.053592888593049406,False,True,False,False,0,0
-0.43362315323231526,-1.0355027501730223,-0.25046247865369525,-0.16593377134413279,0.020307078008638547,-0.8413278071873678,0.07596404502980879,0.7052852763897718,0.8342314270162295,0.26275218168338027,3.083369851595297e-05,False,True,False,False,0,0
-0.43362315323231526,-1.0247884334303992,-0.25046247865369525,-0.16538654136981318,-0.4092156727411572,-0.8220985471710972,0.07596404502980879,0.7052852763897718,0.8342314270162295,0.26224087977538657,2.6294235039747706e-06,False,True,False,False,0,0
0.02769788671187275,0.03439830741178467,-0.9546816813896545,-1.0518990997675552,1.5087227212318886,-0.2099671033198183,-0.45738361187571597,1.4785285087197015,0.14731161817597713,0.9673163853572273,0.00763502556630773,False,True,False,False,0,0
0.02769788671187275,0.012969673926538264,-0.9546816813896545,-1.0518990997675552,-0.4092156727411572,-0.22065002555107974,-0.45738361187571597,1.4785285087197015,0.14731161817597713,0.9673163853572273,0.005539577342374558,False,True,False,False,0,0
-2.0081641945204325,-1.1860483370345718,2.268506798434026,2.2435198055850383,-0.4897511885067439,3.902957955715826,1.180147053575432,-2.393635677794023,-0.15335296269019844,-2.496997795705305,4.084967302095955e-05,True,False,False,False,0,0
-2.0917629421684505,-1.2248158047186064,-0.69061084921621,-0.8045511513750987,0.16049853137836323,1.9800319540887712,0.16627530961764525,0.2889235359044252,0.9505469218038762,0.7945032598397928,0.00022867008934495116,False,True,False,False,0,0
0.1982858642629041,2.0685712550847093,0.8262145984338548,1.1496070869201704,0.5273825476438135,0.8369592753438002,0.082779989527004,0.7826095996227648,0.8430099549247311,-1.1188575368764122,0.21047109658013324,False,True,False,False,0,0
0.15984250857428453,2.09306099916937,0.8262162866161344,1.1162260584866748,0.16049853137836323,1.1253981755878584,0.2616985325783781,0.7647655250305355,1.0295536729803902,-1.0787104869323523,0.20895526309139306,False,False,True,False,0,0
0.2078967021132808,2.028775420941116,0.8262116019103082,1.1818936554050268,0.1306705625762945,0.7942275864187546,0.18331517086063326,1.1632831909236532,0.9724932415751322,-1.1578824746924168,0.20538844151521382,False,True,False,False,0,0
0.05412328578947348,2.2461218997586956,0.8262144718201839,2.005474766756015,0.12768776569608764,1.3070078535193024,0.4048333670194774,1.062166768234355,0.8452045869018575,-2.2152365093553206,0.011016014200662918,False,True,False,False,0,0
-0.9598174644186543,-0.6972364644416312,-0.5492340242005743,-0.3596531822532689,0.9449741108727818,0.5805691417935264,0.8955813708175322,1.597489006001229,0.21315057748974087,0.4299096696454694,0.0013434637441879006,False,True,False,False,0,0
-0.5825914057142925,-0.7538692815097827,-0.5492713330289564,-0.33174445356297,-0.4092156727411572,-0.31679632563243243,0.8955813708175322,1.597489006001229,0.21315057748974087,0.4050479357396194,3.099970130899799e-05,False,True,False,False,0,0
-1.065536869405864,-0.7018283144741841,-0.5492715440517414,-0.37333393161125883,0.9211117358311263,1.112685498132657,0.8734295512016478,1.597489006001229,0.24168079319237196,0.44202435313847904,0.0013095547923650088,False,True,False,False,0,0
0.15744442919617527,0.5379711943150775,-0.8266880480102163,-1.0201597612570188,-0.32271456321515624,-0.016606210933986808,-0.9958432271541372,-0.7222406909885597,-0.5461920865956464,0.9491230695627434,0.03148888583923506,False,True,False,False,0,0
0.23433126918687366,0.5134813274747956,-0.8266885629058115,-1.0004594821815138,-0.3764049070588811,-0.045450100958392525,-0.9958432271541372,-0.7222406909885597,-0.5461920865956464,0.9351929333497089,0.04686625383737473,False,True,False,False,0,0
0.49551111965610023,0.5134114978746195,-0.8265095227341352,-1.0070262418733484,-0.4092156727411572,-0.31679632563243243,-0.9958432271541372,-0.7222406909885597,-0.5461920865956464,0.9398553516125264,0.09910222393122003,False,True,False,False,0,0
0.2030959904406523,0.47215467718182025,-0.8266888076922421,-1.0234431411029365,-0.4092156727411572,-0.1106159265690872,-1.0128830883971252,-0.7222406909885597,-0.5681384063669024,0.951432927218235,0.04061919808813046,False,True,False,False,0,0
0.2031298586512378,0.504222885658329,-0.8266897361924959,-1.023990371077256,-0.3465769382568118,-0.08925008210656436,-1.0128830883971252,-0.7222406909885597,-0.5681384063669024,0.9518175494069663,0.04062597173024756,False,True,False,False,0,0
-1.8034279763018641,-1.2004958405193051,1.984872423707422,1.6032607356311142,-1.4869300135287167,0.313496086011991,-0.4250078755140388,-1.364627376308809,0.18900962574136257,-1.6481347628139362,0.07934785287377717,False,True,False,False,0,0
-1.8002391042163883,-1.1985695067213407,1.9848734366167904,1.6798729320358572,-1.3040547368032311,0.3775936193995593,-0.4880553621130944,-1.4360036746777256,0.10780824258772209,-1.7471713396698247,0.06402541359282857,False,True,False,False,0,0
-1.804526219480389,-1.1966431729233762,1.9848584117945007,1.5485377381991543,-1.2652783773605414,0.48442284171217354,-0.4880553621130944,-1.4360036746777256,0.10780824258772209,-1.5780111102675025,0.09029245236016914,False,True,False,False,0,0
1.181000486572342,0.309909309364954,-0.3664975774227972,0.1301176447627676,2.4304069572158244,-0.7515912604447719,1.0864278167389978,1.2406075141566462,-0.03264820394830294,-0.027575066202700463,0.19323660252680178,False,True,False,False,0,0
-2.048891789528441,-1.2173512612514943,0.9553702498809854,0.7222204769765679,-1.712697909391578,2.268470854332829,-1.3894640218671603,0.021262417020987953,-1.0531520733116149,-0.6166119736990914,0.14444409539531358,False,False,True,False,0,0
0.7340890840977511,-0.19830141879031787,-0.27542520797843056,-0.14404457237134902,0.3931566880345026,-0.7569327215604025,0.733702689009146,-0.5437999450662683,0.42164061531665603,0.24146621598731627,0.14738926419914153,False,True,False,False,0,0
0.7340957291264102,-0.2028472776034443,-0.27542411488040436,-0.14404457237134902,-0.4092156727411572,-0.7622741826760333,0.733702689009146,-0.5437999450662683,0.42164061531665603,0.24146625008991746,0.1468445422492699,False,True,False,False,0,0
0.5212338112401058,-0.28250146909934426,-0.275318008403668,-0.16429208142117396,-0.4092156727411572,-0.7120644481891046,0.622943590929724,-0.18691845322168543,0.5642916938298075,0.2604426179191442,0.10426832485068403,False,True,False,False,0,0
0.7845527178703056,-0.1538675439228809,-0.27542411488040436,-0.12215537339856523,0.4229846568365719,-0.7312937082053752,0.8223099674726837,-0.42483944778474064,0.30751975250613567,0.22084645825492014,0.15752648574515973,False,True,False,False,0,0
0.8813514934161824,-0.2977676644482125,-0.2757822585305926,-0.202598179623546,-0.4092156727411572,-0.8295765927329802,0.665543244037194,-0.18691845322168543,0.5094258944016716,0.2960577639542798,0.17629333583256282,False,True,False,False,0,0
-1.521576612056329,-1.1667849990549273,0.7844679608840857,0.7583376552816614,-0.7283749389232964,-0.18860125885729545,-0.183041845863609,-0.305878950503213,0.5006473664931701,-0.6626949277712125,0.1516675310563323,False,True,False,False,0,0
-2.287469753970092,-1.2430196591093707,3.3699671932745336,2.238047505841842,-2.049753956854959,2.0868611764013854,-1.6195021486474985,-1.7334049178815445,-1.3494273902235456,-2.455020709521217,0.0,False,False,True,False,0,0
-2.0863902821613367,-1.2265013467918253,1.3745218533394106,1.1654767561754384,-1.680036283553312,1.638178442688406,-0.9327957405550815,0.08074266566175174,-0.464990703442006,-1.1209092883186953,0.16690464876491232,False,True,False,False,0,0
-2.1063391340660536,-1.2267421385165709,1.3745140454963667,1.1435875572026548,-0.4092156727411572,2.003765134117742,-0.9532435740466672,-0.662760442347796,-0.4913262871675147,-1.0944968924356113,0.17128248855946904,False,False,True,False,0,0
-1.969580157144424,-1.2057932584637074,1.2120313545968147,1.4390917433352355,-0.0811080159183968,1.659544287150929,0.9978205382754602,-1.7334049178815445,0.0814726588622174,-1.4634313085573583,0.11221618994625425,False,True,False,False,0,0
-1.9855800700113952,-1.2048300915647252,1.2120306371193457,1.4390917433352355,-0.35415324233253703,1.947983187394987,1.2244506928072008,-0.6508643926196431,-0.21041339409546062,-1.4634313309413054,0.11222403453450387,False,True,False,False,0,0
-2.0108145813496163,-1.1985695067213407,0.4547786230207389,0.5635237844238853,-0.7214846781300189,2.962860799364821,0.5104805067260031,-0.8412011882700874,0.7091374043200812,-0.45622826681655393,0.11272242668424835,False,True,False,False,0,0
-2.0060206368884317,-1.1947168391254117,0.45459587728895856,0.5088007869919261,-0.36745651641826044,3.1551533995275265,0.4866247009858199,-1.0196419341923788,0.7398622519998387,-0.39671602066027745,0.101777001451725,False,True,False,False,0,0
-1.9061839171499486,-1.1961615894738853,2.0602007208019524,1.8221527253589513,-1.4674523499009655,1.3604224646756091,-0.20689765160379223,0.09263871538990451,0.4699225188134126,-1.9313854419548069,0.03556945492820973,False,True,False,False,0,0
-1.9224218892404143,-1.170156083201365,0.9372468112215463,0.5607876345522878,-1.71359274845564,2.941494954902298,-1.793308733325976,-0.8709413125904694,-1.5732798518903375,-0.4381858529588856,0.11215752691045755,False,False,True,False,0,0
-1.9331396774004166,-1.1976063398223586,0.937236639923311,0.5854129833966696,-1.7991990189175784,1.638178442688406,-1.914291748151191,-0.5437999450662683,-1.7290987222662393,-0.4651533722352441,0.11708259667933392,False,False,True,False,0,0
-1.9103190970489934,-1.1942352556759206,0.9918159950724154,1.2749227510393575,-0.561755905194939,1.4886175314507462,0.6348714937998156,0.7350254007101537,0.5489292699899307,-1.2662194459589136,0.14503742526785712,False,True,False,False,0,0
-1.9513599172724203,-1.2063711586030967,0.9917818093812506,1.2201997536073976,-0.4092156727411572,1.5325531857112549,0.7013269526474688,0.5268445304674804,0.4633386228820374,-1.1992639787896584,0.15598432504704413,True,False,False,False,0,0
-2.068183808216445,-1.2118130515823464,-0.08142183266576343,-0.03842918732766736,-0.01846928143405135,3.1231046328337424,0.3894974919007882,-0.4367354975128934,0.864956274695987,0.14699989541375258,1.3482086947091966e-05,False,True,False,False,0,0
-2.21618709964634,-1.233243515084701,-1.3251095587544324,-1.5920150844209944,1.5660819052382668,4.0204701002597005,0.46617686749423426,0.11048278998213368,0.7661978357253434,1.279396414572732,0.002191250028216674,False,True,False,False,0,0
-1.8624535987447846,-1.1581164969640871,-0.22461391788223103,-0.13364720285927645,-0.3124239139784427,2.4180317655704893,0.46617686749423426,0.11048278998213368,0.7661978357253434,0.233271035620879,1.6136270941302657e-05,False,True,False,False,0,0
-2.0495348568180414,-1.210368301233873,2.242310429908381,1.6579837330630733,-1.6709387530686812,3.0483241772149126,-0.791364892238281,-1.9118456638038361,-0.28283624934059953,-1.7107413888153953,0.06840325338738533,False,False,True,False,0,0
-2.029385415077237,-1.2088753925404505,2.24256365725034,1.6360945340902895,-0.4092156727411572,2.460763454495535,-0.8782681845775199,-2.3282074042891825,-0.39476248017399346,-1.682416751084198,0.0727810931819421,False,True,False,False,0,0
-1.9888721758324284,-1.1980879232718498,2.0754336115574885,1.5293846890979688,-1.7067323156311642,2.5248609878831036,-0.929387768306484,-1.4954839233184893,-0.46060143948775717,-1.5507640635767708,0.09412306218040625,False,True,False,False,0,0
-1.9888721758324284,-1.1898046879406026,2.0862379781477327,2.238047505841842,-1.8707861440425444,3.3367630774589707,-0.929387768306484,-1.4954839233184893,-0.46060143948775717,-2.4950706455378446,0.0,False,False,True,False,0,0
-2.0019478773876314,-1.2000142570698142,2.0777614883075586,1.6142053351175063,-1.6822733812134676,2.65305605465824,-0.9992511994027348,-0.5437999450662683,-0.5505813505498992,-1.6593234308885587,0.07715893297649874,False,True,False,False,0,0
-1.9824415029364268,-1.2091643426101453,2.774387500376654,2.314659702246585,-1.378624658808404,1.5527150648383148,-0.1779298874907126,-1.0791221828331428,0.5072312624245453,-2.580623272240529,0.0,False,True,False,False,0,0
-1.9875306452933443,-1.203866924665743,2.774389188558933,2.3693826996785448,-1.5577117834960268,2.0548124097076013,-0.02797910855241809,-0.5021637710177336,0.7003588764115797,-2.657633249320017,0.0,False,True,False,False,0,0
-2.101623307275652,-1.2296316392135176,-0.24987414712921088,-0.04499594701950266,0.700384766695815,1.4886175314507462,1.2261546789314997,-0.3950993234643587,-0.212608026072587,0.1480695469730084,0.0010151988038283656,False,True,False,False,0,0
-2.1069822013556534,-1.2284276805897898,0.7582146162065003,1.039613862081932,-0.024434875194465095,1.9800319540887712,1.2261546789314997,-0.3950993234643587,-0.212608026072587,-0.9894686233490126,0.1921196697670311,False,True,False,False,0,0
-1.6994918955123668,-1.1417426596813893,-1.0565650857442712,-1.0726938387916998,1.5624130650756123,1.0613006422002897,0.5292243540932899,0.7647655250305355,0.6849964525717029,0.9785002797411251,0.0021883367459415437,False,True,False,False,0,0
0.9287155428528642,0.03899015744433743,-0.3644033873047974,-0.09315218475962708,1.3804624553829907,-0.744113214882889,0.674063174658688,0.05100254134136989,0.4984527345160437,0.19057682683813595,0.18768374959504158,True,False,False,False,0,0
-1.3993938270323028,-0.9606672826727305,0.2349393060991483,0.4157716913575949,0.384208297393882,1.2535932423629954,-0.27335311045144545,1.4190482600789378,0.38433187170552335,-0.30379426536683574,0.0836879609067882,False,True,False,False,0,0
-0.29666846949888426,0.7277676623272605,0.6922670415857224,0.3336871952096564,-0.41518126650157094,0.9865201865814599,-0.012643233433728878,0.5268445304674804,0.7201105642057092,-0.20298212471110647,0.06673743904193129,False,True,False,False,0,0
-0.2918668982596457,1.829796250174993,3.0444633657373106,2.4405225963400916,-1.8379753783602684,2.172324554251477,-1.2173614233129813,1.8948902492050481,-0.8314942436219492,-2.75002037450156,0.0,False,True,False,False,0,0
-0.2606316731023655,1.829796250174993,3.044463323532754,2.445994896083288,-1.8367822596081855,2.0441294874763396,-1.253145131923256,1.9543704978458118,-0.8775815151415834,-2.7578078297173456,0.0,False,True,False,False,0,0
-0.26783590450237255,1.5849130017371202,3.0445304287783728,2.3743077694474213,-1.784285034516544,2.076178254170124,-1.0350349080130097,1.8948902492050481,-0.5966686220695294,-2.65615927274181,0.0,False,True,False,False,0,0
-2.0081641945204325,-1.2216855122969144,1.7325469087223848,1.6142053351175063,-0.8685663922930217,0.5912520640247877,0.06403614215971717,-0.5437999450662683,0.8188690031763528,-1.670093476207678,0.07716114952693696,False,True,False,False,0,0
-2.0383883571316392,-1.2163399360075628,-0.2605295316332702,-0.27866314605396936,-0.4092156727411572,1.873202731776157,-0.47391227728141405,0.2889235359044252,0.12602368799786473,0.3662427556546562,0.0,False,True,False,False,0,0
-2.0188819826804347,-1.208586442470756,0.5180390334977633,0.5049701771716893,-0.4092156727411572,2.1936903987139997,-0.47391227728141405,0.2889235359044252,0.12602368799786473,-0.39059326945883144,0.10099403543433788,False,True,False,False,0,0
-1.804526219480389,-1.1842664782714547,1.7236839517538243,1.5594823376855467,-0.4092156727411572,0.8049105086500159,-0.47391227728141405,0.2889235359044252,0.12602368799786473,-1.600142769450986,0.08810353246289067,False,True,False,False,0,0
0.37608637521265226,0.17673852381027633,1.0094680510347978,1.0013077638795609,-1.0594653926262643,-0.4129426257137851,-0.08421065065427853,0.05100254134136989,0.6279360211664448,-0.936357457244053,0.2749557222666183,False,True,False,False,0,0
0.09977929920315183,0.31297054271998903,1.0095153201386304,0.5142730867351222,-0.606080266834813,-0.08925008210656436,0.033364391922338754,0.16996303862289747,0.7793656275880937,-0.3853279776831048,0.12281163206449532,False,True,False,False,0,0
-1.0307019143282246,-1.208201175711163,1.5071914562017903,1.0177246631091486,-1.8558721596415098,-1.031483822903821,-1.8137565668175617,-0.5437999450662683,-1.599615435615838,-0.9401983637857265,0.1964550673781703,False,True,False,False,0,0
-0.9320982632562036,-1.034831133894362,1.5800369436175277,1.4500363428216276,-0.4092156727411572,-0.5924157191989768,-0.41648794489254476,0.5863247791082442,0.1999827856269905,-1.4657251688967592,0.10999273143567448,False,True,False,False,0,0
-1.5644477646963382,-1.170156083201365,3.2623819110655865,2.757915981445457,-0.4092156727411572,-0.11382080323846562,-0.41648794489254476,0.5863247791082442,0.1999827856269905,-3.202488988498155,0.0,False,True,False,False,0,0
-1.920278331608414,-1.187011503933554,1.3493420659780595,0.9028063685020337,-1.8588549565217167,1.9800319540887712,-1.948371470637167,-0.6032801937070321,-1.772991361808747,-0.8106056794360796,0.18056127370040675,False,True,False,False,0,0
-2.190366593240471,-0.44315409597370864,2.172183338008572,1.2803950507825534,-2.437517551281858,1.766373509463543,-2.71175725432303,-1.1980826801146702,-2.7561864875609263,-1.236119534064857,0.1439209898434893,False,False,False,True,0,0
0.010878890463907465,-0.6543791974711384,2.9505700014989653,2.7031929840134974,-0.9431363142981947,-0.6853571426109512,0.43209714500825824,-0.24045067699837286,0.8100904752678513,-3.1319401657203874,0.0021907347263920183,False,True,False,False,0,0
0.9118906175244891,0.8440840503701044,-0.8427442146181058,-0.7760951927104799,1.3178237208986454,-0.5016108802332548,0.9296610933035082,1.4606844341274725,0.16925793794723304,0.7677676955127196,0.184240613567008,False,True,False,False,0,0
0.9407231332191751,0.8394922233572404,-0.8427433409837759,-0.7728118128645625,1.5236367056329227,-0.5176352635801469,1.2363785956772924,0.271079461312196,-0.22577581793533735,0.7652156402392548,0.19030358480960857,False,True,False,False,0,0
1.4332854302918197,1.2022588323577188,-0.8427329544423,-0.6951051565111803,1.6906733309245099,-0.6479669148015362,1.060868024874516,0.2889235359044252,0.00027127570857692426,0.7039312266359631,0.11572779228806113,True,False,False,False,0,0
1.414063720294145,0.6451143617413096,-0.8427339251471108,-0.7881342521455112,1.5534646744349916,-0.7227473704203661,0.7916382172353053,-0.5437999450662683,0.34702312809439073,0.7770994072471695,0.11937224757422533,True,False,False,False,0,0
0.5923356178935608,0.06960249099468964,-0.41051608627550706,-0.202598179623546,0.8047826575030566,-0.5197718480263992,-0.007531275060832474,1.4785285087197015,0.7266944601370844,0.29185432204700285,0.11958487726968864,False,True,False,False,0,0
1.197819482820307,0.9267478304045494,-0.6544560200361337,-0.5090469652425184,1.908417503179615,-0.5838693814139677,1.248306498547384,-1.3765234260369617,-0.24113824177521406,0.5563697173426239,0.16312989224914837,True,False,False,False,0,0
1.416459636822603,1.3859196384659487,-0.6544425483415416,-0.3164220142820212,2.3051294882471347,-0.6052352258764906,2.088371657826693,1.4428403595352433,-1.3230918064980408,0.3880359751077124,0.11998192837704197,False,True,False,False,0,0
-1.5708784375923395,-1.097918565777698,1.0947748559483312,0.9476792263962405,-1.2384332054386789,0.8796909642688459,-0.6584539745429745,0.22944328726366134,-0.111654955124817,-0.8707768424589357,0.1895358452792481,False,True,False,False,0,0
-1.9760108300404258,-1.2001105737597122,-0.2977940452303671,-0.6310792495157875,-0.6809484685280064,2.161641632020215,-1.1236421864765473,-0.5437999450662683,-0.7107894848800538,0.6691818535491908,0.0,False,False,True,False,0,0
-1.7745164126323827,-1.1712155667902455,1.2495528939459999,1.789318926899776,-1.717470384399909,0.965154342118937,-1.1236421864765473,-0.5437999450662683,-0.7107894848800538,-1.913320789349478,0.0421362146200448,False,False,True,False,0,0
-0.12847850701923275,-0.3084598283521592,-0.3876132347639362,-0.4778548567063013,-0.7194265482826758,-0.306113403401171,-0.7027576137747433,-0.5437999450662683,-0.1687153865300792,0.5380762872326348,0.0,False,False,True,False,0,0
0.3280371054255369,-0.12937767708259929,-0.3876529914566239,-0.41218725978795023,-0.43606084466301903,-0.5518206147201834,-0.4710155008701064,0.4078840331859528,0.129754562358978,0.48122002148019094,0.06560742108510738,False,True,False,False,0,0
-1.875263621336404,-1.1942352556759206,2.1247074318469843,2.3310766014761732,-0.26007582873081136,3.2619826218401404,1.137547400467962,-0.9006814369108511,-0.09848716326206668,-2.623945721287954,3.9375126357499295e-05,False,True,False,False,0,0
-0.37595802323929184,-0.7339712647020539,-0.06435135549874613,-0.2518488773123091,-1.3875730494490244,-0.4642206524238399,-2.0284588184792107,0.2889235359044252,-1.8761390647336393,0.34794867259042966,0.0,False,False,True,False,0,0
-2.085760980798849,-1.222118937401456,2.4804933244586875,1.3679518466736886,-2.4336399153375887,2.204373320945261,-3.0508504930584914,-1.4776398487262603,-5.910186157544003,-1.3348346214513056,0.12640963066526228,False,False,False,True,0,0
0.3424533879237925,-0.2931536615769831,-0.03327191972899483,0.008632590463817853,-0.3943016883401223,-0.6020303492071122,-0.09102659515147374,0.26513143644811965,0.6191574932579432,0.10288443808686622,0.07021719567752206,False,True,False,False,0,0
0.03730874171070999,-0.3451946286125817,-0.03327909450368354,-0.4269624690945791,-0.340611344496398,-0.4791767435476059,-0.10125051189726654,-0.18691845322168543,0.6059897013951888,0.5051639163780222,0.007461748342141994,False,True,False,False,0,0
-0.03477267078056954,-0.3605007953877578,-0.033273607911274414,-0.07181021576116292,-0.6717017981993654,-0.4343084701763079,-0.3568484305420867,-1.4360036746777256,0.2767949048263782,0.1805515083966889,0.0,False,True,False,False,0,0
-1.4315471915123097,-1.1672665825044184,2.032059988335633,1.6776840121385788,-1.4919709402562664,-0.40225970348252366,-0.6124463491869069,-0.662760442347796,-0.05239989174243246,-1.7428556997669535,0.06446319757228425,False,True,False,False,0,0
-1.3953210675315022,-1.1744903342467852,2.0320051224115425,1.6306222343470935,-1.432315002652128,-0.5304547702576606,-0.6192622936841021,-0.9006814369108511,-0.06117841965093403,-1.6819193843640972,0.07387555313058129,False,True,False,False,0,0
0.712471305379026,1.4471575007605357,-0.49874597880638544,-0.3016468049753921,1.2671161739351284,-0.11382080323846562,0.8478697593371657,0.8837260223120633,0.2746002728492518,0.37959831024483537,0.14428349285976103,True,False,False,False,0,0
0.9287155428528642,1.4670555175682647,-0.4987261426645987,-0.28468267577148476,-0.4092156727411572,-0.2633817144761253,0.7711903837437197,0.3484037845451889,0.3733587118198954,0.36426826301188575,0.18576980259562453,False,True,False,False,0,0
0.777344576621178,1.3522592667544442,-0.49873669380384694,-0.17523668090756614,1.1865806581695417,-0.2633817144761253,0.8768375234502453,-0.5437999450662683,0.23729152923811916,0.26368778943749505,0.15714729491691484,True,False,False,False,0,0
-1.8452538144883976,-1.2086827591606542,0.49106947748800384,0.3052312365450373,-1.3816074556886107,0.27076439708694533,-1.2241773678101766,-0.18691845322168543,-0.8402727715304509,-0.17958797088797646,0.06104624730900748,False,True,False,False,0,0
-1.8452538144883976,-1.2091643426101453,0.49106947748800384,0.2351857998321291,-1.578472049782267,0.27076439708694533,-1.2241773678101766,-1.0791221828331428,-0.8402727715304509,-0.10728607393445605,0.047037159966425816,False,True,False,False,0,0
-2.0403175590004397,-1.2067564253626897,2.6942072830010777,2.4864899141829393,-1.1966740491157821,2.941494954902298,0.16457132349334644,1.002686519593591,0.9483522898267499,-2.8265065036234858,5.696480563965878e-06,False,True,False,False,0,0
-1.99744640636043,-1.2110906764081097,2.6942072830010777,2.528079392231227,-1.0982417520689536,1.691593053844713,0.12026768426157762,0.8539858979916813,0.8912918584214917,-2.8861028348620206,4.162952033959222e-06,False,True,False,False,0,0
-2.012451309784433,-1.1990510901708318,2.6942072830010777,2.5554408909472075,-1.369676268167783,2.7278365102770703,0.20887496272511527,1.1216470168751187,1.005412721232012,-2.9254560498515683,7.230009093994739e-06,False,True,False,False,0,0
-1.3072208488562833,-1.0550576387729889,0.18047854575519467,0.42124399110079097,1.0523547985602304,0.13188640808054683,-1.2309933123073717,2.013850746486576,-0.8490512994389524,-0.3113129822525737,0.08571040210704739,False,True,False,False,0,0
-0.7734749984881699,-1.0044913765764218,0.1806726867173633,0.6729697792878042,-0.4092156727411572,-0.5838693814139677,-1.2838168821606346,1.3595680114381739,-0.9170848907298426,-0.5856243750103466,0.13459395585756084,False,True,False,False,0,0
-0.8901387656770842,-0.5946851470479517,-0.4957735118573583,-0.25732117705550517,0.2469996409043642,0.6980812863374017,-0.22904947121967664,-0.4843196964255045,0.44139230311078154,0.33948580986476945,0.0003430550568116697,False,True,False,False,0,0
-1.6544771852403573,-1.2024221743172696,2.877235785313247,2.68677608478391,-0.8804975798138491,-0.33816217009495525,0.44743302012694747,-0.33561907482359493,0.7903387874737217,-3.1102330515938927,1.5487470409403236e-05,False,True,False,False,0,0
0.35205927844315366,-0.40642350744950184,1.7851569992421887,1.953487919195654,0.7421439230187117,-0.699244941511591,-1.6382459960147853,1.407152210350785,-1.3735683419719238,-2.1151792777741076,0.08074502729813704,False,True,False,False,0,0
-1.6094624749683475,-1.0916579809343137,2.515141788590564,2.4405225963400916,-0.6418738293972961,1.1788127867441653,0.8274219258455802,-1.7334049178815445,0.3009358565747565,-2.766534211724508,2.8640426647474904e-05,True,False,False,False,0,0
-1.44516751104219,-1.082952688035058,2.515135415702458,2.6758314852975182,-0.3943016883401223,0.3775936193995593,1.0659799832474124,-0.8055130390856291,-0.006312620222798243,-3.1055558673461077,3.689788796288341e-05,False,True,False,False,0,0
0.8302042791147826,-0.2074391276359972,-0.004671199796007364,0.15310130368419006,0.178395312659605,-0.7889814882541868,0.5343363124661863,-0.008477707299393983,0.6784125566403277,-0.039370098306561754,0.19692738337298027,False,True,False,False,0,0
0.7605255803732127,-0.9482575995545187,0.23600243888980577,0.6888394485430723,1.1776322675289206,-1.0186643162263072,-0.4505676673785208,0.5268445304674804,0.1560901460844827,-0.601618657290294,0.291508606154825,False,True,False,False,0,0
1.7456382177540306,0.20735799197127414,0.3605455543031555,0.9509626062421581,1.4401183929871293,-0.8947424183436749,1.0983557196090896,0.5863247791082442,-0.04801062778817967,-0.8975200366165024,0.24310306067575696,False,True,False,False,0,0
1.1209326428296094,0.5838896946406056,-1.0413059015497288,-1.1022442574049578,1.7503292685286485,-0.6682644670409328,0.2855543383185613,1.3952561606226321,0.9988288253006369,0.999146863004792,0.17825436850012283,False,True,False,False,0,0
1.6567378090147853,0.718583962262155,-1.0413068300499828,-1.0754299886632979,1.9471938626223042,-0.7740253971304207,0.14582747612605965,1.3595680114381739,0.9242113380783715,0.9808557941181563,0.07136192179738379,False,True,False,False,0,0
0.9359236841019922,0.14613332487057,-0.3578528180138914,-0.19548418995739109,0.9688364859144368,-0.7334302926516275,0.6280555493026204,-0.26424277645467836,0.5577077978984323,0.28690675132691634,0.18855208259909764,False,True,False,False,0,0
1.2410683303150751,0.5593998278003238,-0.5510185172793585,-0.22995967833952533,2.290215503846099,-0.715269324858483,1.7646142942099208,-0.008477707299393983,-0.9061117308442146,0.3127065265027816,0.15502826925668153,True,False,False,False,0,0
0.5683084803964674,1.0905238148989334,-0.026821375238162495,0.28826710734113,-0.4092156727411572,-0.14586956993224978,0.8751335373259466,-0.3415670996876713,0.23948616121524555,-0.17813838267496507,0.17134540946643007,False,True,False,False,0,0
0.647598034136875,0.1889905918410631,-0.8112099487785505,-0.9129026862903783,0.7272299386176768,-0.5806645047445893,0.45084099237554504,-1.1683425557942884,0.7859495235194729,0.8723183045281475,0.1305452538429309,False,True,False,False,0,0
0.700435229275344,1.0138970977582593,-0.6220747002968146,-0.4641741073483116,1.4878431430704404,-0.31679632563243243,1.1443633449651571,-0.2820868510469075,-0.10726569117056824,0.5190075964483994,0.1421931057187125,False,True,False,False,0,0
0.7004577366304796,1.0155235977005708,-0.6220748691150425,-0.4636268773739918,-0.4092156727411572,-0.31679632563243243,1.1477713172137547,-0.305878950503213,-0.111654955124817,0.5185364340479223,0.14013127634365266,False,True,False,False,0,0
1.551018404027576,0.13388839145042913,-0.5012840764548393,-0.35746426235599077,1.5087227212318886,-0.8744448661042782,0.973964732535277,-1.2337708292991285,0.11219750654197488,0.4294627543764476,0.09192548028558774,True,False,False,False,0,0
0.30400996792844354,-0.57019528020767,1.548164484221875,1.6798729320358572,-0.4092156727411572,-0.7622741826760333,1.0864278167389978,-2.1497666583668913,-0.03264820394830294,-1.7607958372626267,0.12486501284887863,False,True,False,False,0,0
0.3351730087824659,-0.5885910937614012,1.5482142855991268,1.6246027046295783,-0.012503687673637607,-0.7857766115848085,0.7967501756082017,-2.2151949318717317,0.3404392321630155,-1.6892456282186024,0.14214163958362733,True,False,False,False,0,0
1.1521679215758305,0.7124614955520846,-0.6088290111073011,-0.3038357248726705,2.1798520192784436,-0.6458303303552839,1.9673886430014782,0.2829755110403488,-1.167272936122135,0.37813695057757096,0.1726620872291935,True,False,False,False,0,0
-0.05639709452795322,0.4216443268237393,-1.0428960848481164,-1.24780743057397,0.4229846568365719,0.28144731931820677,-0.799884822859775,0.7647655250305355,-0.2938094092262275,1.0942220462176757,0.0005874786900507801,False,False,True,False,0,0
-1.2943595030642805,-1.0006387089804931,-0.29106824261882563,-0.1259859832188025,0.5840556883677452,0.4310082305558664,0.05551621153822317,1.4190482600789378,0.8078958432907248,0.22397495697530814,0.0008131100971718431,False,True,False,False,0,0
-1.99744640636043,-1.2231302626453875,0.9725148804546395,1.1162260584866748,-0.12286717224129357,0.6980812863374017,0.5377442847147839,-0.662760442347796,0.674023292686075,-1.074146246083494,0.17677340181200096,False,True,False,False,0,0
-2.1453518829684617,-1.237577766130121,2.5856867056046053,2.2599367048146264,-0.4092156727411572,0.7194471307999246,0.048700267041027964,-0.18691845322168543,0.7991173153822233,-2.509971657215457,1.6857136393433336e-06,False,True,False,False,0,0
1.683167660261588,-0.585501446982846,0.10999393905309676,0.3063256964936765,0.48562339132091675,-1.000503348433163,0.5326323263418875,-0.12743820458092156,0.6806071886174542,-0.19261483477580174,0.1253245207425442,False,True,False,False,0,0
1.5414075490287393,-0.5839708303053285,0.1099942766895529,0.32438428564622307,-0.4092156727411572,-1.000503348433163,0.5377442847147839,-0.12743820458092156,0.674023292686075,-0.2114288997857842,0.1566139608328327,False,True,False,False,0,0
1.5678374002755417,-0.5885626803378813,0.1099942766895529,0.3172702959800687,0.5005373757219517,-1.002928371779659,0.5326323263418875,-0.12743820458092156,0.6806071886174542,-0.20400904462635738,0.15060020650425543,False,True,False,False,0,0
1.5413528883091228,-0.5870596583920195,0.1099942766895529,0.32274259572326425,-0.4092156727411572,-0.9994350562100367,0.5326323263418875,-0.12743820458092156,0.6806071886174542,-0.20971567469471142,0.1562963780465646,False,True,False,False,0,0
0.5659057666467587,-0.18141864411819789,0.3230506038248762,0.47049468878955464,-0.1974370942464659,-0.6864254348340773,-0.06717078941129051,1.597489006001229,0.6498823409376967,-0.3595206461876928,0.2072800910872627,False,True,False,False,0,0
-0.2247242446960532,-0.23655840801789205,0.3230506038248762,0.40701601176848173,-0.4092156727411572,-0.12450372546972693,-0.2034896793551946,1.597489006001229,0.4743117827676654,-0.2917468710808784,0.08140320235369636,False,True,False,False,0,0
-0.22458705700760517,-0.27784749480180715,0.3230501395747491,0.4020909419996052,-0.4092156727411572,-0.16723541439477263,-0.1949697487337006,1.597489006001229,0.48528494265329336,-0.28652349505476493,0.08041818839992106,False,True,False,False,0,0
0.6155503470481258,2.503121677792105,-1.1359909810727087,-1.3019831980316097,0.7540751105395392,0.3241790082432524,0.2497706297082865,1.002686519593591,1.044916096820271,1.1248507959802818,0.1241660415259321,False,True,False,False,0,0
0.6163627553906541,2.3349151737207476,-1.1359909810727087,-1.2943219783911353,1.1776322675289206,0.26587161870502757,0.2497706297082865,1.002686519593591,1.044916096820271,1.1201725385923058,0.12491679702358967,False,True,False,False,0,0
0.6644170303848403,2.5338953417980368,-1.135990934647696,-1.2532797303171657,-0.4092156727411572,0.27076439708694533,0.2497706297082865,1.002686519593591,1.044916096820271,1.0947521905197604,0.132892051650859,False,True,False,False,0,0
-1.3543791167602932,-1.1634139149084894,1.4620705643204195,1.3953133453896684,-0.4092156727411572,-0.48772308133261505,-0.4931673204859908,0.5863247791082442,0.10122434665634691,-1.400741414088366,0.12093733092206632,False,True,False,False,0,0
-2.057680375819643,-1.2173512612514943,2.156504345085619,1.909709521250086,-1.3905558463292313,2.1936903987139997,-0.15918604012342577,-1.317043177396198,0.5313722141729236,-2.044872688012894,0.018058095749982784,False,True,False,False,0,0
-1.8780502462580049,-1.1853259618603351,2.817892333345744,2.4733563947992687,-1.6261967998655775,1.5527150648383148,-0.23756940184117065,-0.12743820458092156,0.43041914322515756,-2.8038833085184414,0.0,False,True,False,False,0,0
-1.9108466780276119,-1.1932720887769386,2.8178866399510056,2.4022164981377214,-1.4591601745739906,1.563397987069576,-0.23756940184117065,-0.12743820458092156,0.43041914322515756,-2.7027072601054964,0.0,False,True,False,False,0,0
-1.8731200637044039,-1.1691929163023829,2.8178928018163267,2.3693826996785448,-1.8021818157977856,1.9907148763200329,-0.3057288468131227,-0.4843196964255045,0.34263386414014196,-2.6562760184438168,0.0,False,True,False,False,0,0
-1.6469935968355174,-1.1319316008566316,-0.4067185202372639,-0.26279347679870074,0.9032149545498851,0.8903738865001071,0.3792735751549954,0.46736428182671663,0.8781240665587373,0.34725360796667815,0.001267593410400414,False,True,False,False,0,0
-1.6733404924019613,-1.1288747499109868,-0.40680208526011036,-0.22448737859632925,0.9926988609560923,0.9224226531938914,0.3792735751549954,0.46736428182671663,0.8781240665587373,0.3121730333280905,0.0013918766137423601,False,True,False,False,0,0
0.27901179882405397,2.120503627171415,1.1378973620560766,1.6579837330630733,0.9032149545498851,0.6767154418748789,1.4919765143221126,0.05100254134136989,-0.554970614504148,-1.7451969984425726,0.1255117217214462,True,False,False,False,0,0
0.9287155428528642,2.059404171767578,1.1377621808600276,1.668928332549465,1.2730817676955422,-0.16723541439477263,1.4919765143221126,0.05100254134136989,-0.554970614504148,-1.759390223112059,0.2537772545370767,False,True,False,False,0,0
0.9287155428528642,1.9216486707909937,1.1377621808600276,1.6798729320358572,-0.4092156727411572,-0.1992841810885569,1.4919765143221126,0.05100254134136989,-0.554970614504148,-1.7735996169048118,0.24982016551799893,False,True,False,False,0,0
0.5202542054022813,1.9981795046668744,1.1378973620560766,1.6306222343470935,1.0404236110394027,0.27076439708694533,1.4919765143221126,0.05100254134136989,-0.554970614504148,-1.7098138641128267,0.17942307035874533,False,True,False,False,0,0
-0.3919217399920884,-0.4049199819599853,-0.9798986087611594,-1.078166138534896,1.231322611372645,0.057105952461717124,-0.024571136303820486,1.1811272655158822,0.7047481403658324,0.9846486925300362,0.0017101702935731211,False,True,False,False,0,0
-0.4840801419762107,-0.492133829654272,-0.9798982711247036,-1.1356252858384532,0.7063503604562287,-0.05239400040871239,0.04358830866813156,-1.0791221828331428,0.7925334194508481,1.0235054823923966,0.0009825509353400541,False,True,False,False,0,0
0.5683920791441158,-0.38960562826616796,-0.9798985243520455,-1.0228959111286169,1.4102904241850607,-0.7654790593454116,0.19694705985502367,1.7164495032827567,0.9900502973921353,0.9462683271270546,0.11564396966510838,False,True,False,False,0,0
-0.032369957030859896,-0.3895825122605923,-0.9798987353748303,-1.4086930430239306,1.3506344865809221,-0.3702109367887395,-0.024571136303820486,1.1811272655158822,0.7047481403658324,1.1926248058616573,0.0018758812313623974,False,True,False,False,0,0
0.5683084803964674,-0.38039881219548666,-0.9798985243520455,-1.025084831025895,-0.4092156727411572,-0.7686839360147902,0.19694705985502367,1.7164495032827567,0.9900502973921353,0.9478067435433062,0.1136685132153217,False,True,False,False,0,0
0.6908468816316424,0.19358244187361587,-1.0367471341215573,-1.134530825889814,1.5892582369974753,-0.5625035369514448,0.19694705985502367,1.062166768234355,0.9900502973921353,1.0210018922110216,0.1403834965692976,False,True,False,False,0,0
0.6524195383185336,0.19046163664587856,-1.0367467829796433,-1.100602567481999,-0.4092156727411572,-0.5828010891908416,0.19694705985502367,1.062166768234355,0.9900502973921353,0.9981759402843617,0.13049072479973495,False,True,False,False,0,0
0.6524034616362934,0.1721538083883692,-1.0367467964851014,-1.09950810753336,-0.4092156727411572,-0.5902791347527245,0.19694705985502367,1.062166768234355,0.9900502973921353,0.997433346665622,0.13048750946328688,False,True,False,False,0,0
0.23185353092004438,-0.5885959095958961,1.5675221529460217,1.7674297279269922,-0.4092156727411572,-0.7120644481891046,0.5752319794493576,0.8242457736712995,0.6257413891893184,-1.8745975007727598,0.0929046717090102,False,True,False,False,0,0
0.231928555437164,-0.49672567968682474,1.5675221529460217,1.7291236297246202,-0.4092156727411572,-0.6693327592640591,0.5752319794493576,0.8242457736712995,0.6257413891893184,-1.8243856895123367,0.10058089625290852,False,True,False,False,0,0
0.33284253292495525,-0.31917414509478237,-0.6301196907462908,-0.7596782934808924,-0.4092156727411572,-0.6447620381321577,-0.12681030376174857,-1.1386024314739065,0.573070221738309,0.7616101978401131,0.06656850658499106,False,True,False,False,0,0
0.33281509538726556,-0.3360487328482612,-0.6301196907462908,-0.7580366035579333,0.8584730013467814,-0.6276693625621395,-0.12681030376174857,-1.1386024314739065,0.573070221738309,0.7603269036940875,0.06775534269043475,False,True,False,False,0,0
0.35189275831206956,-0.14472044419993654,-0.6301196991872022,-0.5528253631880854,-0.4092156727411572,-0.5304547702576606,0.26510650482697573,1.002686519593591,1.0251644090261416,0.5940609611116524,0.07038772807310364,False,True,False,False,0,0
-0.39277701948725663,0.4002156933384926,-0.3652709441783484,-0.3311972235886501,-0.4092156727411572,0.9865201865814599,-0.2972089161916287,2.0733309951273395,0.3536070240257659,0.4102990121174138,0.0,False,True,False,False,0,0
-0.3919217399920884,0.32973557023870875,-0.3652709441783484,-0.31204417448746463,-0.4092156727411572,0.9544714198876756,-0.2972089161916287,2.0733309951273395,0.3536070240257659,0.39312388097929996,0.0,False,True,False,False,0,0
-0.18142438052964402,-0.8641098010497623,-0.16051394903476499,-0.1807089806507622,-0.7373233295639177,-0.8295765927329802,-0.791364892238281,0.8837260223120633,-0.28283624934059953,0.2793367735706526,0.0,False,False,True,False,0,0
-0.18133820951283736,-0.9008084825514729,-0.16051394903476499,-0.17414222095892692,-0.4092156727411572,-0.7985961182623221,-0.791364892238281,0.8837260223120633,-0.28283624934059953,0.2732194368838156,0.0,False,True,False,False,0,0
0.0877657304546054,-0.7309100313470186,-0.40508907403950556,-0.457060117682157,-0.4092156727411572,-0.775093689353547,0.15434740674755365,-1.7928851665223084,0.9351844979639995,0.5196461107649686,0.01755848868028582,False,True,False,False,0,0
0.08823516957601374,-0.7263287761503546,-0.40508907403950556,-0.45432396781055895,-0.051280047116327505,-0.8402595149642416,0.15434740674755365,-1.7928851665223084,0.9351844979639995,0.5172845723158256,0.017652376504567503,False,True,False,False,0,0
0.4241456554139088,-0.7997877818353111,2.5802397854790695,2.276353604044215,-0.4092156727411572,-0.9096985094674407,0.28214636606996374,-1.6739246692407808,1.0032180892548856,-2.5330535485709933,0.08483889731213692,False,True,False,False,0,0
0.42477371780008477,-0.8028523862744925,2.5802397854790695,2.2599367048146264,-0.6478394231577098,-0.9470887372768557,0.28214636606996374,-1.6739246692407808,1.0032180892548856,-2.5101415908743197,0.08496450978937212,False,True,False,False,0,0
0.06465603562400828,0.6970874255105302,-0.27505104769886346,-0.35035027268983615,-0.7373233295639177,-0.02835742538837425,-0.825444614724257,-0.008477707299393983,-0.32672888888310736,0.4301982675504806,0.012931207124801648,False,False,True,False,0,0
0.06373859295751207,0.7124614955520846,-0.27505104769886346,-0.34980304271551627,-0.4092156727411572,0.22803270816189963,-0.825444614724257,-0.008477707299393983,-0.32672888888310736,0.4297113983662609,0.012747718591502411,False,True,False,False,0,0
0.0877657304546054,0.25480710897431996,-0.3927609245803901,-0.2792103760282887,-0.4092156727411572,-0.11382080323846562,0.28214636606996374,0.3484037845451889,1.0032180892548856,0.3626138217589635,0.017562912320276226,False,True,False,False,0,0
0.3520642429226293,0.32980732617268266,-0.3927640055130506,-0.2190150788531337,0.7481095167791254,-0.33816217009495525,0.20887496272511527,1.002686519593591,1.005412721232012,0.30757103595705737,0.07145911958914644,False,True,False,False,0,0
0.4483528517520902,0.3144212165448913,-0.3927564086927919,-0.22995967833952533,0.8525074075863671,-0.42362554794504653,0.20887496272511527,1.002686519593591,1.005412721232012,0.3176440065009462,0.09086183842560423,False,True,False,False,0,0
0.08823516957601374,0.28384066750220543,-0.3927609245803901,-0.2792103760282887,0.6765223916541594,-0.12450372546972693,0.28214636606996374,0.3484037845451889,1.0032180892548856,0.3626138217589635,0.01859641457741088,False,True,False,False,0,0
1.432245804840299,0.8501346457588063,1.5265217004048026,1.4883424410239992,-0.4092156727411572,-0.6906986037265818,-0.24097737408976824,-0.12743820458092156,0.4260298792709048,-1.515772195123134,0.21588235082714036,False,True,False,False,0,0
-2.0231690979444354,-1.2137875437252599,2.6995771333850875,2.500717893515248,-0.4092156727411572,1.8304710428511113,0.11345173976438241,1.062166768234355,0.8825133305129901,-2.8466971925909146,3.927024567818016e-06,False,True,False,False,0,0
-2.0231690979444354,-1.220722345397932,2.699577137605543,2.4941511338234124,-1.1966740491157821,1.2642761645942566,0.0895959340241992,1.3595680114381739,0.8517884828332326,-2.8372972100594467,3.1012784362793866e-06,False,True,False,False,0,0
0.9070911191054806,2.00736320473198,-0.2654157642191515,0.055147138280982916,-0.4092156727411572,-0.15868907660976347,1.129027469846468,-0.305878950503213,-0.08751400337643872,0.05006171101037489,0.19248673169431751,False,True,False,False,0,0
0.895077550356934,1.9844039545692156,-0.2654144136733277,0.2242412003457375,1.2909785489767835,-0.6906986037265818,1.129027469846468,-0.305878950503213,-0.08751400337643872,-0.11968488684734016,0.22569585612002693,False,True,False,False,0,0
0.3760913804197226,1.8757301704654656,-0.26541302092294694,-0.001764779048254703,1.1179763299247827,0.41071067831646985,1.129027469846468,-0.305878950503213,-0.08751400337643872,0.10576376389151079,0.07681010120364261,False,True,False,False,0,0
0.9070741850001875,1.9888579754185243,-0.26541681933307626,0.05131652846074566,1.6429485808411988,-0.16296224550226804,1.129027469846468,-0.305878950503213,-0.08751400337643872,0.05383374193684871,0.1939990959381576,False,True,False,False,0,0
0.277580116681641,-0.2564188613165606,-0.3978380905821085,-0.285777135720124,-0.4092156727411572,-0.5945523036452292,0.021436489052247147,1.4785285087197015,0.7640032037482171,0.36840697607974876,0.05551676534010295,False,True,False,False,0,0
0.601946472892398,-0.22427591108869083,-0.3978380061729945,-0.06469622609500801,0.42596745371677874,-0.6906986037265818,0.021436489052247147,1.4785285087197015,0.7640032037482171,0.16236907203156367,0.12098165804574992,False,True,False,False,0,0
0.277580116681641,-0.27784749480180715,-0.3978369932636266,-0.29124943546331983,0.3991222817949164,-0.5924157191989768,0.021436489052247147,1.4785285087197015,0.7640032037482171,0.3733586056733426,0.05607110184259587,False,True,False,False,0,0
0.6477037115281324,-0.22278993719694107,-0.39782813030665815,-0.22065676877609197,0.5452793289250554,-0.7419766304366366,0.021436489052247147,1.4785285087197015,0.7640032037482171,0.30892578627431355,0.13029881671068602,False,True,False,False,0,0
-1.2214785435762652,-0.6688277122811157,2.2186127821795156,1.6579837330630733,-0.4092156727411572,2.0868611764013854,-0.09954652577296774,-0.2463987018624492,0.6081843333723153,-1.71148071083448,0.06840325338738533,False,True,False,False,0,0
-2.0360304437364385,-1.2067564253626897,0.5154953648477862,0.6565528800582165,-0.11093598472046551,2.4287146878017505,0.27021846319987214,0.16996303862289747,1.0185805130947623,-0.5568995022957672,0.1313199293679327,False,True,False,False,0,0
-2.025955722866036,-1.2080567006763157,0.5154909713534034,0.6373998309570308,-0.12584996912150043,2.482129298958058,0.36223371391200737,0.11048278998213368,0.9000703863299933,-0.5356417601976382,0.12749250456848862,False,True,False,False,0,0
1.4308827165421103,-0.5594809634650467,0.29887017816856604,0.7441096759493511,-0.4092156727411572,-0.9855472573093969,0.5087765206017043,0.11048278998213368,0.7113320362972076,-0.6617607247559619,0.26266300269905296,False,True,False,False,0,0
1.366009445299959,-0.5717258968851876,0.2988704313959079,0.6001881927032985,0.9330429233519537,-0.9684545817393786,0.5087765206017043,0.11048278998213368,0.7113320362972076,-0.5013081101922757,0.24814925324737258,False,True,False,False,0,0
1.4308827165421103,-0.5533584967549763,0.29887169753261755,0.7408262961034345,0.9002321576696781,-0.9838379897523951,0.5087765206017043,0.11048278998213368,0.7113320362972076,-0.6580546174826372,0.2632566491710775,False,True,False,False,0,0
1.3179551703057726,-0.5962157637254692,0.2988727948510994,0.6346636810854327,0.906197751430092,-0.9791375039706399,0.5087765206017043,0.11048278998213368,0.7113320362972076,-0.5393689617352436,0.26461792096163417,False,True,False,False,0,0
1.0200396722066116,-0.5839967876532559,0.2988855406273115,0.6861032986714742,0.664591204133332,-0.9406789839380989,0.5087765206017043,0.11048278998213368,0.7113320362972076,-0.5965980181270852,0.33415337944965134,False,True,False,False,0,1
0.6412730386321315,-0.20592970063025715,1.3350888696040057,1.8768757227909112,-0.2004198911266728,-0.7227473704203661,0.708142897144664,1.4785285087197015,0.4545600949735359,-2.0266658759354597,0.15290397486423385,True,False,False,False,0,0
-0.2247242446960532,-0.28250146909934426,1.335085915285016,1.5540100379423505,-0.7134609545222621,-0.17791833662603404,0.622943590929724,1.9543704978458118,0.5642916938298075,-1.6052719556401451,0.08921955501419278,True,False,False,False,0,0
-0.22458705700760517,-0.3222353784498176,1.335085915285016,1.5556517278653093,-0.4092156727411572,-0.2099671033198183,0.622943590929724,1.9543704978458118,0.5642916938298075,-1.607369714819755,0.08889121702960102,False,True,False,False,0,0
0.4721999304080955,1.8145055033647612,-1.1109983287170655,-1.1985567328852065,-0.4092156727411572,0.22803270816189963,1.3198739157679338,-1.1386024314739065,-0.3333127848144825,1.0607170438982436,0.09448567226769622,False,True,False,False,0,0
0.7364984428761194,1.8298116701399374,-1.1109978644669383,-1.2204459318579903,2.4542693322574793,0.057105952461717124,1.3198739157679338,-1.1386024314739065,-0.3333127848144825,1.074767603660787,0.15075408216721417,False,True,False,False,0,0
-0.22458705700760517,-0.4477459460062614,-0.25262003047310894,-0.25622671710686595,-0.4092156727411572,-0.33602558564870294,-0.1949697487337006,0.645805027749008,0.48528494265329336,0.3460729810161657,0.0,False,True,False,False,0,0
-0.224509888932853,-0.5885910937614012,-0.25262003047310894,-0.25677394708118556,0.3663115161126402,-0.4738352824319752,-0.1949697487337006,0.645805027749008,0.48528494265329336,0.3465723972173434,0.0005087659946009015,False,True,False,False,0,0
-0.2247242446960532,-0.160034797893754,-0.2526201444254129,-0.14787518219158627,-0.4092156727411572,0.02505718576793286,0.057220197662521975,2.013850746486576,0.8100904752678513,0.2457745937151023,1.9806229720531475e-06,False,True,False,False,0,0
0.8710504128598408,-0.3436640119350642,-0.27637350216950946,-0.1259859832188025,1.0821827673622997,-0.8295765927329802,0.9858926354053686,-0.8709413125904694,0.09683508270209412,0.2244334052273549,0.17574723993354027,False,True,False,False,0,0
0.8782585541089688,-0.3895825122605923,-0.27637352327178805,-0.07399913565844135,-0.4092156727411572,-0.8573521905342599,0.9807806770324722,-0.8709413125904694,0.10341897863347332,0.17505988707186326,0.1756856596164297,False,True,False,False,0,0
0.7869554316200148,-0.3436640119350642,-0.27637113871431795,-0.06579068604364723,1.0284924235185753,-0.8199619627248449,0.9858926354053686,-0.8709413125904694,0.09683508270209412,0.16720686387124073,0.15885367376356987,False,True,False,False,0,0
0.8783505127313819,-0.32380688156219706,-0.2763562405056994,-0.07673528553003885,1.3327377052996807,-0.8391912227411155,0.9858926354053686,-0.8709413125904694,0.09683508270209412,0.1776746678466428,0.17755525287720597,False,True,False,False,0,0
-1.9588623689844218,-1.213354118620718,1.2134308577067072,0.8261941720972907,-0.4092156727411572,0.35622777493703645,-1.864876150546526,-0.305878950503213,-1.665454394929602,-0.7265617657521465,0.16523883441945816,False,False,True,False,0,0
-1.9438574655604188,-1.214269127174751,2.256343445108602,1.6142053351175063,-0.4092156727411572,0.18530101923685394,-1.864876150546526,-0.305878950503213,-1.665454394929602,-1.6537520098604104,0.07715893297649874,False,False,True,False,0,0
-2.188223035608471,-1.226838455206469,0.19732660490685813,-0.03295688758447182,-0.4092156727411572,2.888080343745991,-1.864876150546526,-0.305878950503213,-1.665454394929602,0.15041790366973132,0.0,False,False,True,False,0,0
0.7941086977937639,0.10016473986629475,0.8733127738103542,1.2201997536073976,-0.4092156727411572,-0.6479669148015362,-1.8478362893035378,0.11048278998213368,-1.64350807515835,-1.2029599897853243,0.31478178883727326,False,False,True,False,0,1
0.7533174391240847,-0.006928342881190737,0.8733127738103542,1.2803950507825534,2.1559896442367887,-0.6906986037265818,-1.8478362893035378,0.11048278998213368,-1.64350807515835,-1.2766418516821916,0.29757890772974627,False,True,False,False,0,0
-1.5237201696883294,-1.098400149227189,-0.0528843773637088,-0.437907068580971,-1.8409581752404751,0.6980812863374017,-2.8702279638828183,1.8948902492050481,-5.677555167968712,0.5140633149876742,0.0,False,False,False,True,0,0
-1.5194330544243284,-1.1055275842796577,-1.428746604656671,-1.8010569346110792,1.9710562376639593,0.5228813617447147,-0.3261766803047083,1.062166768234355,0.31629828041463726,1.3687203277712099,0.00273757810786659,False,True,False,False,0,0
-0.39277916304488875,-0.00698276181098326,-0.11112117942183924,-0.1807089806507622,-0.4092156727411572,0.3775936193995593,-1.0810425333690772,-0.18691845322168543,-0.655923685451918,0.2808777350439697,0.0,False,True,False,False,0,0
0.6644170303848403,-0.0038671095261553798,-0.645748249223637,-0.9358863452118016,-1.5725064560218531,-0.6693327592640591,-2.9281634921089776,-0.5437999450662683,-5.752172655190975,0.8943375324732211,0.13288340607696808,False,False,False,True,0,0
0.3640778116711762,2.0624654051226137,-1.4393642582867783,-1.9373171982166582,0.044169453050294086,0.4096423860933436,-1.7626369830885977,-0.662760442347796,-1.5337764763020785,1.4156064133220818,0.07287690879680513,False,False,True,False,0,0
-0.013148247033185413,-0.92835958274679,1.4161587590409972,1.4226748441056478,-0.17954031296522469,-0.8797863272199089,0.0947078923970956,-0.7222406909885597,0.8583723787646078,-1.4364399464100241,0.11546830940290634,False,True,False,False,0,0
-1.4643873518576096,-1.1059111173388323,-0.2707948194170417,-0.514519264985714,-0.5195791573088125,0.3722521582839287,-0.7623971281252014,0.05100254134136989,-0.24552750572946686,0.5729831110772706,0.0,False,False,True,False,0,0
0.11178831717884599,-0.09724048823016908,-0.38031028483551355,-0.30657187474426856,-0.510630766668192,-0.3274792478636938,-0.05865085878979651,0.3484037845451889,0.6608555008233247,0.38773093349066823,0.022357663435769195,False,True,False,False,0,0
0.5923302397074622,-0.2258116447348343,0.2819171984882176,0.14215670419779844,-0.4181640633817778,-0.7120644481891046,-0.14385016500473657,1.5380087573604653,0.5511239019670531,-0.019422532103642143,0.14689738878105216,False,True,False,False,0,0
0.44816766337758895,-0.0773425711583726,-0.3945332205422033,-0.5801868619040653,0.41701906307615816,-0.5838693814139677,0.02654844742514355,0.3484037845451889,0.7705870996795962,0.6242372657391712,0.09021364476805349,False,True,False,False,0,0
0.37608637521265226,-0.6207087682745578,-0.47526209715869006,-0.2682657765418968,0.1903265001804325,-0.8188936705017188,-0.0416109975468085,0.3484037845451889,0.6828018205945765,0.3500973698831738,0.0754816174038922,False,True,False,False,0,0
1.3011361740578073,-0.11407151030742317,0.14088813902220562,0.727692776719764,0.4498298287584343,-0.8765814505505304,1.4374489583445509,-0.9006814369108511,-0.4847423912361355,-0.64818027490233,0.285985840118313,True,False,False,False,0,0
0.6644115278723984,2.365509402237633,-1.1116478568491899,-1.4283933220994358,0.11873937505546645,0.21734978593063822,-1.6603978156306696,-2.0902864097261276,-1.402098557674555,1.1996536441704793,0.1330472213731678,False,False,True,False,0,0
0.6596061089472106,-0.7997900219688846,0.1445869041925278,-0.03842918732766736,0.04118665617008665,-0.9545667828387387,-0.14385016500473657,0.645805027749008,0.5511239019670531,0.1540509427403335,0.13197842547856728,False,True,False,False,0,0
0.8229903631213942,-0.3390767111805669,-0.34055861449025354,-0.2792103760282887,1.3894108460236114,-0.8338497616254847,0.11174775364008362,-0.5437999450662683,0.8803186985358638,0.3642424356086714,0.16653167795312404,False,True,False,False,0,0
1.024824092841237,2.396139840821452,-1.0559449741883709,-1.4612271205586116,-0.4092156727411572,-0.7868449038079345,-0.05865085878979651,0.16996303862289747,0.6608555008233247,1.2196165646464892,0.19503518143175258,False,True,False,False,0,0
1.3371702202698847,0.46755423492999504,-0.00616519890900761,0.7824157741517231,0.27682760970643294,-0.7975278260391959,0.1287876148830716,-0.5437999450662683,0.9022650183071197,-0.7146700870828838,0.2894380514289933,False,True,False,False,0,0
0.8806553923672089,-0.37428071831129606,-0.36516728978637325,-0.31204417448746463,1.2909785489767835,-0.8616253594267644,0.07766803115410759,-0.7222406909885597,0.8364260589933559,0.3931271148012911,0.17792679264128006,False,True,False,False,0,0
-1.8495409297523986,-1.1475216610752828,-1.1986056618277376,-1.6801191102864492,0.9926988609560923,2.567592676808149,-0.8373725175943486,-2.209246907007655,-0.34209131272298404,1.324996497875152,0.0013787484179945244,False,True,False,False,0,0
0.654806175386003,0.8027678795256232,-1.3907595490438514,-1.8021513945597185,-0.09930307688765848,-0.35845972233435197,-1.5411187869297536,0.11048278998213368,-1.2484743192757757,1.37033011839642,0.13096123507720062,False,True,False,False,0,0
0.0877657304546054,0.1767456584209222,-0.7080413312543786,-0.8045511513750987,0.08294581249298398,-0.16723541439477263,-0.6703818774130661,0.8837260223120633,-0.12701737896469775,0.7939594615978104,0.017668348608272443,False,False,True,False,0,0
0.44817279291100215,-0.3742763454854164,-0.454102420464607,-0.44228490837552786,-0.4092156727411572,-0.7120644481891046,0.19694705985502367,-0.5437999450662683,0.9900502973921353,0.5053419554967996,0.08964137571822865,False,True,False,False,0,0
1.6014753927714716,-0.2059085109584795,-0.4541480013861596,-0.24856549746639145,1.147804298726852,-0.9278594772605853,0.7507425502521341,1.1216470168751187,0.3996942955454001,0.3327862585034006,0.08132508032547953,False,True,False,False,0,0
0.4721999304080955,0.48286899392444343,-0.4541480013861596,-0.3394056732034442,-0.4092156727411572,-0.24735733112923328,0.5377442847147839,0.3484037845451889,0.674023292686075,0.4148592891166748,0.09445859959095503,False,True,False,False,0,0
0.472146341467295,-0.29778692778619226,-0.4541480013861596,-0.34487797294664,-0.4092156727411572,-0.6906986037265818,0.5377442847147839,-0.18691845322168543,0.674023292686075,0.4197387449689879,0.09444788180279494,False,True,False,False,0,0
-0.12847850701923275,-0.4355010125861205,-0.06805142901033538,-0.14787518219158627,-0.4092156727411572,-0.4663572368700922,-0.9617635046681612,0.16996303862289747,-0.5022994470531387,0.2515327903471814,0.0,False,True,False,False,0,0
0.05653045170838447,-0.4201948458109445,-0.06874869049641885,-0.17468945093324653,-0.8447040172513661,-0.5090889257951379,-1.00606714389993,0.5863247791082442,-0.5593598784584008,0.2765925086390965,0.01130609034167689,False,True,False,False,0,0
-0.005867010468806542,-0.4049247977944802,-0.06805142901033538,-0.15389471190910195,-0.4092156727411572,-0.48772308133261505,-1.0128830883971252,-0.18691845322168543,-0.5681384063669024,0.25717808989947527,0.0,False,True,False,False,0,0
-0.005940105784057818,-0.0528468432067189,-0.06874877490553308,-0.15389471190910195,-0.4092156727411572,-0.22065002555107974,-1.0128830883971252,0.5863247791082442,-0.5681384063669024,0.2571563340196877,0.0,False,True,False,False,0,0
-0.10204865577242977,-0.4048886790357684,-0.06874877490553308,-0.16100870157525632,-0.8894459704544698,-0.42362554794504653,-1.00606714389993,0.5863247791082442,-0.5593598784584008,0.2638170434862793,0.0,False,True,False,False,0,0
0.0877657304546054,0.40633816004856305,-1.1584585769880091,-1.4617743505329308,-0.4092156727411572,-0.049723269850897096,-1.4218397582288376,-0.5437999450662683,-1.094850080876996,1.2167184365433374,0.017553146090921068,False,True,False,False,0,0
0.1382227191985008,0.6512368284513801,-1.158458619192566,-1.4732661799936424,0.11277378129505271,0.17461809700559253,-1.4150238137316422,0.3484037845451889,-1.0860715529684946,1.2229926740575792,0.02780117409149887,False,True,False,False,0,0
0.082960302955187,0.6359306616762042,-1.1584592311586424,-1.4803801696597974,0.0739974218523628,0.14256933031180827,-1.4388796194718254,-0.008477707299393983,-1.116796400648252,1.2268498569197366,0.016694834788054558,False,True,False,False,0,0
0.09497387170373299,0.8349108297534931,-1.1584592311586424,-1.4666994203018073,-0.4092156727411572,0.29213024154946815,-1.4388796194718254,-0.008477707299393983,-1.116796400648252,1.2194139141864386,0.01899477434074659,False,True,False,False,0,0
0.0877657304546054,0.7736861626527887,-1.158458619192566,-1.4666994203018073,-0.4092156727411572,0.27076439708694533,-1.5070390644437774,0.05100254134136989,-1.2045816797332678,1.2194139332786285,0.017553146090921068,False,True,False,False,0,0
0.09488019823521489,0.6817682559822179,-1.1584588302153511,-1.467246650276127,-0.4092156727411572,0.16393517477433112,-1.4388796194718254,-0.18691845322168543,-1.116796400648252,1.219712821956567,0.018976039647042975,False,True,False,False,0,0
0.06373859295751207,0.8196046629783168,-1.1584483634852167,-1.4721717200450033,-0.4092156727411572,0.27076439708694533,-1.5036310921951799,0.2889235359044252,-1.200192415779019,1.2223977511788104,0.012747718591502411,False,True,False,False,0,0
0.42174294166420007,0.5440936610251479,-1.0498284745456836,-1.0639381592025865,2.0098325971066497,-0.2847475589386481,0.9807806770324722,1.656969254641993,0.10341897863347332,0.9726799493912252,0.08717397129012408,False,True,False,False,0,0
0.23185353092004438,0.29910686285107385,-1.0499193451773456,-1.0453323400757202,-0.4092156727411572,-0.2633817144761253,1.3232818880165313,2.013850746486576,-0.3377020487687353,0.9597809883410241,0.04641651033381909,False,True,False,False,0,0
0.4721999304080955,0.5440936610251479,-1.0498273392431008,-1.0622964692796275,2.0873853159920297,-0.2847475589386481,0.9807806770324722,1.656969254641993,0.10341897863347332,0.971546532541999,0.09737308114846623,False,True,False,False,0,0
0.35189275831206956,0.5593064006111225,-1.0498273392431008,-1.0590130894337102,2.0754541284712023,-0.2099671033198183,0.9807806770324722,1.656969254641993,0.10341897863347332,0.9692770438184557,0.07329507563548213,False,True,False,False,0,0
1.0007969553441434,0.3757258264982111,-0.08366711509779881,0.12847595483980823,0.6944191729354012,-0.6458303303552839,0.4934406454830151,1.656969254641993,0.7310837240913372,-0.017106926612504316,0.22651735095346034,False,True,False,False,0,0
1.0007969553441434,0.3910319932733871,-0.08366711509779881,0.12847595483980823,-0.4092156727411572,-0.6800156814953205,0.4934406454830151,1.656969254641993,0.7310837240913372,-0.017106926612504316,0.2255528798799389,False,True,False,False,0,0
0.5010324954046073,-0.09876534353224707,-0.21106579083730484,0.07375295740784904,1.1000795486435408,-0.5894672326631487,1.1767390813268344,0.11048278998213368,-0.14896369873594967,0.03338914513444474,0.11652571053378402,False,True,False,False,0,0
0.5010324954046073,-0.2059085109584795,-0.21106579083730484,0.07430018738216866,-0.4092156727411572,-0.6693327592640591,1.1767390813268344,0.11048278998213368,-0.14896369873594967,0.03284773322614619,0.11510726826664307,False,True,False,False,0,0
0.7437350934417531,0.8807633531464408,-1.251543639550822,-1.4158070326900851,2.669030707632378,-0.3915767812512622,0.708142897144664,-0.18691845322168543,0.4545600949735359,1.1881899432661869,0.15247851747827426,False,True,False,False,0,0
0.3520642429226293,0.7430738291024365,-1.2515478178019641,-1.4141653427671264,2.4542693322574793,-0.049723269850897096,0.8257179397212813,0.9432062709528272,0.3031304885518829,1.1872592646805638,0.07385013743521998,False,True,False,False,0,0
0.5923356178935608,0.13082715809539405,-1.2515516162120937,-1.4885886192745912,-0.4092156727411572,-0.5838693814139677,0.4525449784998439,-0.18691845322168543,0.7837548915423466,1.2283704814915286,0.11848278799472117,False,True,False,False,0,0
0.30400996792844354,0.7752167793303064,-1.1637133650882887,-1.437696231662869,-0.4092156727411572,-0.06040619208215852,-1.2344012845559693,0.645805027749008,-0.8534405633932052,1.2032365418220676,0.06080199358568872,False,True,False,False,0,0
0.2655073857424515,0.4215735340566641,-1.163710005605552,-1.437696231662869,-0.4092156727411572,-0.13732323214724063,-1.3178966046466105,-0.18691845322168543,-0.9609775302723463,1.203236646631608,0.0531014771484903,False,True,False,False,0,0
0.21270684543948953,0.7323595123598132,-1.1637130190109215,-1.4541131308924566,0.21120607834188118,0.035740107999194276,-1.2344012845559693,0.645805027749008,-0.8534405633932052,1.2123421077840333,0.04283471086337279,False,True,False,False,0,0
0.30400996792844354,0.7889923294279649,-1.1637133650882887,-1.437696231662869,0.21418887522208804,0.057105952461717124,-1.2344012845559693,0.645805027749008,-0.8534405633932052,1.2032365418220676,0.061099478134608275,False,True,False,False,0,0
0.21510955918919916,0.733890129037331,-1.1637137196065674,-1.4437157613803844,0.30068998474808845,0.03146693910668971,-1.0588907137531929,0.473312306690793,-0.6273934697492869,1.2065876858348819,0.043439536816656646,False,True,False,False,0,0
1.1761950590729238,-0.12019397701749361,-1.0686282032468366,-1.154778334939639,1.9024519094192012,-0.8530790216417553,0.8342378703427753,-0.4486315472410462,0.29215732866625493,1.0334480972675015,0.16743215885816667,True,False,False,False,0,0
0.2174916947856411,2.55975589145226,-1.1987038296273038,-1.5438588466808703,-0.07514242215798247,1.2407737356854818,-1.6859576074951517,-0.42483944778474064,-1.4350180373314347,1.2590840446397986,0.04349833895712823,False,True,False,False,0,0
0.48181078540693273,2.5338953417980368,-1.1987045597661399,-1.5416699267835918,-0.4092156727411572,0.5399740373147329,-1.6859576074951517,-0.42483944778474064,-1.4350180373314347,1.2579575024121328,0.09636215708138654,False,True,False,False,0,0
0.48179235081129707,2.5704711232034367,-1.1987045597661399,-1.5416699267835918,0.07996301561277655,0.5624081740003818,-1.6859576074951517,-0.42483944778474064,-1.4350180373314347,1.2579575024121328,0.09646952990616611,False,True,False,False,0,0
1.5534211177772848,1.6308315020626485,-0.9054126302150987,-0.7936065518887068,2.194766003679478,-0.5817327969677154,1.28238622103336,1.0978549174188132,-0.2850308813177259,0.7793718221499939,0.09240845114577784,True,False,False,False,0,0
0.556294911647921,-0.67886906431142,-0.19515045239519,-0.1259859832188025,0.41701906307615816,-0.8872643727817918,0.17649922636343807,-0.3950993234643587,0.9637147136666306,0.2269674115490974,0.11184428482637529,False,True,False,False,0,0
-0.10685408327184863,0.5747059945754998,-1.1127699494059666,-1.4393379215858275,-0.546424329230675,0.4096423860933436,-2.258496945259549,0.9551023206809799,-2.17241438164557,1.2057412567239276,0.0,False,False,True,False,0,0
-2.13677765244046,-1.2247194880287082,0.3499989731470249,-0.1807089806507622,-1.8946485190841997,3.187202166221311,-2.7151652265716275,-1.6739246692407808,-2.760575751515177,0.29526381614950564,0.0,False,False,True,False,0,0
1.1689805471705137,-0.27632174192449593,-0.21832649822463301,-0.026390127892636527,1.3655484709819563,-0.888332665004918,0.6110156880596324,-0.2226066024061437,0.5796541176696842,0.1311071646880382,0.16812163539408037,True,False,False,False,0,0
-1.2000429672562607,-1.1542638293681584,0.014987585780918319,0.6839143787741964,-0.4092156727411572,-0.6511717914709145,-1.2514411457989574,-0.008477707299393983,-0.8753868831644571,-0.6030091212353875,0.13678287575483927,False,True,False,False,0,0
-1.9159912163444128,-1.165340248706454,2.0943425192271268,2.2615783947375854,-0.5434415323504681,3.080372943908697,0.871725565077349,0.2889235359044252,0.24387542516949834,-2.5275899477927517,3.017395517748156e-05,False,True,False,False,0,0
-2.0456764530804405,-1.197847131547104,-0.027172095106775443,0.1257398049682102,-0.716443751402469,4.063201789184746,-0.5221350845990704,0.2889235359044252,0.06391560304521426,-0.012605106687256465,0.025147960993642027,False,True,False,False,0,0
-1.9766538973300256,-1.1817140859891517,0.9565773002109893,0.6467027405204635,-1.5904032373030945,3.4763034076437074,-1.5343028424325584,-0.2463987018624492,-1.239695791367274,-0.5321968371431397,0.1293405481040927,False,True,False,False,0,0
-1.962935128485223,-1.2346882654331743,3.397142749726976,2.439975366365772,-2.0378227693341318,-0.2933943161926312,-1.5343028424325584,-0.2463987018624492,-1.239695791367274,-2.73823895152645,0.0,False,True,False,False,0,0
-2.0038770792564318,-1.203866924665743,-0.8226435853135632,-0.9139971462390176,0.6586256103729181,2.4073488433392276,0.0009886555606615321,0.26513143644811965,0.7376676200227124,0.872767918293248,0.0009147920135608834,False,True,False,False,0,0
-1.746650163416377,-1.1513743286712115,-0.04338117726556259,-0.24090427782591747,-1.468108565214611,1.2642761645942566,-2.17159365292031,0.11048278998213368,-2.0604881508121764,0.33858781052944076,0.0,False,True,False,False,0,0
-1.7680857397363812,-1.1538785626085655,-0.0434250700048356,-0.2808520659512478,-2.0432812876249105,1.381788309138132,-2.188633514163298,1.2406075141566462,-2.0824344705834283,0.3750013159667633,0.0,False,False,True,False,0,0
0.3240265090960638,0.3217412849771561,1.7611493590422092,1.2152746838385218,-2.444377984106334,-0.31679632563243243,-2.188633514163298,1.2406075141566462,-2.0824344705834283,-1.1692616202791652,0.2217503650515084,False,False,True,False,0,0
1.0728783678354232,0.24409279223169678,1.7612126658776985,1.1643822962267998,-2.028874378693511,-0.7120644481891046,-2.359032126593178,0.645805027749008,-2.3018976682959713,-1.1075225493094685,0.35254786718755543,False,False,True,False,0,1
0.25543266487204896,0.37139253861968996,1.761131970764728,1.2803950507825534,-1.990098019250821,-0.23449295617834817,-2.17159365292031,0.11048278998213368,-2.0604881508121764,-1.2489435632788661,0.1950075228178991,False,True,False,False,0,0
-0.5977032726641325,-0.9990976419421214,1.6250392406937477,1.7674297279269922,-0.35284081170524595,-0.6800156814953205,0.8308298980941777,-0.5437999450662683,0.2965465926205077,-1.8728030758605465,0.04654281280498212,False,True,False,False,0,0
-1.9375376638958173,-1.2101275095091275,0.8776682840920468,0.9465847664476017,-1.0493537112023625,0.9437884976564141,0.2906662966914577,-0.09769808026053971,0.9922449293692617,-0.876271737923653,0.1893270144282082,False,True,False,False,0,0
-0.5612627929201247,-1.114773986509887,1.218579813659871,1.0888645597706956,-1.3398482993657137,-0.9096985094674407,-0.4846473898644968,0.2829755110403488,0.11219750654197488,-1.0337150177913492,0.18222708804586088,False,True,False,False,0,0
-0.5978295324957725,-1.1104397354644668,1.218537609102878,1.1654767561754384,-1.3370146423295173,-0.8936741261205488,-0.3738882917850747,0.5922728039723206,0.2548485850551263,-1.125775703235223,0.16690464876491232,False,True,False,False,0,0
-1.880370799587237,-1.1985695067213407,2.3252225482581235,1.7674297279269922,-2.025354678374867,0.9437884976564141,-1.4150238137316422,-0.1452822791731507,-1.0860715529684946,-1.8509586741460513,0.046514054414601574,False,True,False,False,0,0
0.9406507431343846,0.5688417529110465,-0.8753850797215655,-0.7279389549703557,1.8640334856021354,-0.5945523036452292,0.7013269526474688,1.8056698762439025,0.4633386228820374,0.7290136051397631,0.19074335979207022,False,True,False,False,0,0
-2.0146499375555575,-1.2139801771050562,0.663071617240145,0.344631794696048,-1.7948143075036742,1.691593053844713,-1.733669218975518,-0.4426835223769698,-1.4964677326909457,-0.21535052435126156,0.0689263589392096,False,True,False,False,0,0
-0.66272913091276,-0.6688277122811157,-0.787831325295996,-0.8592741488070581,-0.15779572370851652,-0.06040619208215852,-0.40967200039534957,1.5261127076323124,0.20876131353549207,0.8331013090636032,0.0,False,True,False,False,0,0
-0.6883139831667976,-0.548770144992759,-0.787831578523338,-0.8439517095261097,0.2201544689825018,0.21734978593063822,-0.3210647219318119,1.1811272655158822,0.3228821763460124,0.8215323270244541,0.0003057700958090326,False,True,False,False,0,0
-0.27745063934052383,-0.8809122992764113,-0.21350394809479867,0.009727050412456525,0.5035201726021585,-0.7355668770978798,0.1287876148830716,2.0733309951273395,0.9022650183071197,0.09619467104611311,0.0026492015169165438,False,True,False,False,0,0
-2.021858443209483,-1.2149433440040387,0.9381896188202159,0.618246781855845,-1.7966338136006006,1.7236418205384976,-1.554750675924144,-0.3415670996876713,-1.2660313750927787,-0.5012695839144211,0.12364935637116901,False,True,False,False,0,0
-1.8859814094964065,-1.207719592261672,0.0549073273334918,-0.03842918732766736,-1.0803449707877124,0.6233008307185718,-0.8237406285999582,0.46736428182671663,-0.3245342569059809,0.1512531086855497,0.0,False,False,True,False,0,0
-1.9931592910964293,-1.204348508115234,0.7287891770253099,0.618246781855845,-1.3637106744073693,2.311202543257875,-0.8237406285999582,0.46736428182671663,-0.3245342569059809,-0.5078024836855859,0.12364935637116901,False,False,True,False,0,0
-2.0057851756567873,-1.2029037577667607,0.7287862227063207,0.618246781855845,-1.3562835101756539,2.5034951434205808,-0.7180934888934326,0.45546823209856385,-0.1884670743242087,-0.5078025758547796,0.12364935637116901,False,True,False,False,0,0
-1.0717540653972943,-1.114773986509887,0.07715592380255505,0.071016807536251,-1.0890249097091145,-0.615918148107752,-0.731725377887823,0.7826095996227648,-0.20602413014121185,0.04508717713002066,0.014203361507250191,False,True,False,False,0,0
-1.9468584462452194,-1.2009774239687963,0.2010954718463457,0.11807858532773621,-0.8357556266107455,1.6274955204571444,-0.5357669735934608,-0.662760442347796,0.04635854722821114,0.002177610351353079,0.02361571706554724,False,False,True,False,0,0
-1.9397847060596178,-1.2147988689691913,2.09893732934697,1.7345959294678164,-1.459756733950032,0.7301300530311859,-0.5357669735934608,-0.662760442347796,0.04635854722821114,-1.8149645097520417,0.053080814106436724,False,False,True,False,0,0
-2.014594867416434,-1.2055043083940127,-0.4430967381375048,-0.7115220557407678,-1.330899908725093,2.460763454495535,-2.3982238074520508,-1.1386024314739065,-2.352374203769854,0.7294870866428075,0.0,False,True,False,False,0,0
-2.0295997708404374,-1.2053116750142163,-0.4430895633628161,-0.7169943554839638,-1.3637106744073693,2.8239828103584226,-2.3982238074520508,-1.1386024314739065,-2.352374203769854,0.7338333500212363,0.0,False,False,True,False,0,0
-1.9267090045044153,-1.1899010046305007,1.3994643244767888,0.8699725700428582,-2.0109775974122694,1.947983187394987,-2.3982238074520508,-1.1386024314739065,-2.352374203769854,-0.7710682503494659,0.17399451400857166,False,False,True,False,0,0
-1.9395703502964179,-1.183158836337625,1.399415367190677,0.8754448697860537,-1.987115222370614,2.567592676808149,-2.3982238074520508,-1.1386024314739065,-2.352374203769854,-0.7773844275252667,0.17508897395721076,False,True,False,False,0,0
-0.5805548116081289,-0.7824814063610185,1.679896470646095,1.1709490559186346,-1.1880239381631819,-0.35952801455747807,-0.5698466960794368,1.597489006001229,0.0024659076857033208,-1.117999022896913,0.16581018881627307,False,False,True,False,0,0
-2.0164291396919434,-1.2159065109030207,0.03192749470996552,-0.00559538886849196,-0.9315034064653875,1.5847638315320989,-0.23075345734397543,-0.835253163406011,0.43919767113365915,0.11876308733740037,0.0,False,True,False,False,0,0
-1.645463724748655,-1.1167003203078514,-0.3635297529750392,-0.437907068580971,-1.0206890331835745,1.1147152533565967,-0.9702834352896551,0.5387405801956331,-0.5132726069387665,0.5043717637863049,0.0,False,True,False,False,0,0
-1.643759397080355,-1.1282583230956382,-0.3635297529750392,-0.4652685672969506,-1.0624481895064712,0.91173973096263,-1.1066023252335593,0.46736428182671663,-0.6888431651087978,0.5280157961618762,0.0,False,True,False,False,0,0
-0.15250974085496072,-0.9069326523814125,0.19158931742920993,0.28443649752089273,-0.3167489694547425,-0.8188936705017188,0.0947078923970956,-0.12743820458092156,0.8583723787646078,-0.16735712950174167,0.056890577728214445,False,True,False,False,0,0
-1.9606918354037206,-1.1956800060243942,2.2945976555671885,1.9315987202228704,-1.6649731593082675,2.1402757875576923,-0.3023208745645251,-1.0136939093283024,0.34702312809439073,-2.0698856253970055,0.013680255955425925,False,True,False,False,0,0
-1.46617304039939,-1.034349550444871,-0.6235782376396954,-0.6732159575383962,-0.339298913869107,0.9865201865814599,-0.4198959171411424,0.9848424450013619,0.19559352167273772,0.6932021103192584,0.0,False,True,False,False,0,0
-0.3611190719036002,-0.9389960274456304,-0.11059699882398441,0.071016807536251,0.22534453555406164,-0.7547961371141503,0.14241950387746202,1.1394910914673475,0.9198220741241228,0.03922963922442385,0.014521269745152067,False,True,False,False,0,0
0.42654327607068454,-0.7906063678949984,-0.09832412467316298,-0.00012308912529587846,0.7302127354978837,-0.9064936327980624,-0.053538900416900105,2.0733309951273395,0.6674393967546998,0.1093800918676112,0.08632283956899511,False,True,False,False,0,0
0.4947521201955308,-0.7877788243054207,-0.09832323837746608,0.071016807536251,0.2912643466066344,-0.9150399705830715,-0.11488240089165695,1.8651501248846665,0.5884326455781858,0.03961255745575623,0.11355831936108776,False,True,False,False,0,0
-0.46092922010167775,-0.7699602366742495,0.1518524608834548,0.39935479212800773,-0.11690157848087925,-0.4770401591013536,0.20035503210362127,1.8175659259720554,0.9944395613463841,-0.28896483972857817,0.07987789352536283,False,True,False,False,0,0
-0.5105134722170499,-0.7018310455820845,0.1518613238404231,0.5088007869919261,0.21120607834188118,-0.3242743711943154,0.433801131132557,2.3707322383311586,0.8078958432907248,-0.4061607690953585,0.10206851478933718,False,True,False,False,0,0
-1.7980955465843877,-1.1388531589844426,-0.8726383016410593,-1.2970581282627336,0.23208565650332927,2.172324554251477,-0.40456004202245316,0.4078840331859528,0.21534520946686725,1.1300618887158689,0.00032234118958793804,False,True,False,False,0,0
0.822996137865655,2.380833674046276,0.22911887564422395,0.7058035777469801,1.0791999704820927,0.035740107999194276,1.0898357889875956,0.16401501375882108,-0.03703746790255573,-0.6208309693920847,0.3072965556045132,False,True,False,False,0,1
-2.0553224624244426,-1.2101275095091275,-0.8487091197125293,-0.7569421436092943,-0.4092156727411572,2.941494954902298,0.8223099674726837,0.9432062709528272,0.30751975250613567,0.7526513725370547,2.8463481047857898e-05,True,False,False,False,0,0
-1.8665114562329277,-1.186529920484063,-1.2494540497295343,-1.5870900146521183,-0.24009108963342463,1.3390566202130862,-1.7029974687381397,1.407152210350785,-1.4569643571026867,1.2793229302155718,0.0,False,True,False,False,0,0
-2.18393592034447,-1.2299687476281613,-1.311542524067973,-1.6801191102864492,0.5959868758885727,3.689299511090597,-1.2787049237877381,-0.06795795594015777,-0.9105009947984634,1.3214730802779346,0.0008277595498452418,False,True,False,False,0,0
0.017497767719998714,-1.1258504058481826,1.1727652054752038,1.1654767561754384,-1.0743793770272987,-1.0304155306806948,-0.2120096099766886,1.1216470168751187,0.4633386228820374,-1.1272037161019663,0.17040420230891204,False,True,False,False,0,0
-1.8795507366004052,-1.2014590074182874,0.40614631199753837,0.3063256964936765,-1.032620220704402,0.8049105086500159,-0.6891257247803529,-0.36535919914397685,-0.15115833071307605,-0.18337543798726147,0.0612651392987353,False,False,True,False,0,0
-1.9417139079284182,-1.1956800060243942,2.216054552957376,1.8221527253589513,-1.5605752685010255,1.9800319540887712,-0.6891257247803529,-0.36535919914397685,-0.15115833071307605,-1.9265230956498236,0.03556945492820973,False,False,True,False,0,0
-1.6613365696627589,-1.159802039037306,0.9226101189199185,0.7824157741517231,-1.271243971120955,0.4737399194809121,-0.9106439209391971,1.062166768234355,-0.4364604877393789,-0.6856940447722809,0.15648315483034464,False,True,False,False,0,0
-1.6395482001970065,-1.1672665825044184,0.9227891759734176,0.8371387715836829,-1.509450129974279,0.20666686369937678,-0.8544123788373367,1.1632831909236532,-0.36403763249424,-0.7481722905266401,0.1674277543167366,False,True,False,False,0,0
0.015684317963325863,0.05582694089703107,2.533500348837012,2.221630606612255,-1.1907084553553684,-0.17791833662603404,-0.06376281716269291,-0.07985400566831054,0.6542716048919455,-2.458304654091208,0.0031368635926651623,False,True,False,False,0,0
0.4842134991566419,2.595120008898741,0.7090977968690185,1.1310012677933043,0.26042222686529515,0.6767154418748789,1.0574600526259184,1.1216470168751187,0.004660539662829717,-1.1001091081855736,0.27104074678861056,True,False,False,False,0,0
0.7845527178703056,1.4318513339853596,0.7090366002613785,0.47049468878955464,0.5243997507636067,-0.23133294778234115,0.6280555493026204,0.8539858979916813,0.5577077978984323,-0.34747860937927655,0.2517595538674062,False,True,False,False,0,0
0.5586976253976302,0.5593998278003238,-0.8832562929076225,-1.002648402078792,0.8077654543832634,-0.3851670279125054,-0.39263213915236156,0.8837260223120633,0.230707633306744,0.934981895747991,0.11286142154394731,False,True,False,False,0,0
0.4457700791612925,0.26858265907197854,0.4872132471155402,1.0363304822360149,0.9002321576696781,-0.4343084701763079,0.5343363124661863,1.4131002352148614,0.6784125566403277,-0.9940321204733634,0.2831567373718663,False,True,False,False,0,0
0.5124502473044359,0.617000097860158,0.4872128250699706,1.05603076131152,0.5272930637374079,-0.3274792478636938,0.5922718406923455,1.4963725833119308,0.6037950694180625,-1.0174096474901186,0.2920367496050615,False,True,False,False,0,0
1.0464485165886204,0.6206244949010279,0.022775309912331287,0.4540777895599669,1.0493720016800234,-0.5945523036452292,1.4664167224576306,0.7647655250305355,-0.5220511348472682,-0.3512811565623723,0.28303407433431316,True,False,False,False,0,0
-1.986728618200428,-1.2110906764081097,1.331241502188511,1.077919960284304,-1.5456612840999908,1.5420321426070536,-1.3366404520138975,0.645805027749008,-0.9851184820207286,-1.0171371126881288,0.18441600794313923,False,True,False,False,0,0
0.07815487545576816,-0.03601005975402526,-0.8111269324149449,-0.7914176319914286,1.1865806581695417,-0.306113403401171,0.4184652560138678,0.8837260223120633,0.8276475310848543,0.7806232365691976,0.01729348856173403,False,True,False,False,0,0
-1.3860551966979588,-1.0959922319797335,-0.17187168489448132,-0.25732117705550517,-1.115571801942956,0.08915471915550115,-0.9822113381597468,0.2353913121277377,-0.5286350307786433,0.3495909374046537,0.0,False,True,False,False,0,0
-1.4486956525683132,-1.1177598038967318,-0.2894523145406721,-0.5801868619040653,-1.6411107842666122,0.09983764138676257,-2.8191083801538546,0.9432062709528272,-5.61171620865495,0.6275155922836948,0.0,False,False,False,True,0,0
-1.8774071789684046,-1.1894194211810096,1.2221380798599628,1.3296457484713167,-0.39131889145991544,1.3390566202130862,0.06062816991111957,0.22944328726366134,0.8144797392221,-1.3265286142277761,0.1340729488924418,False,True,False,False,0,0
-1.8491646603634655,-1.1874930873830452,1.222131749176414,1.2749227510393575,-0.6484658105025537,1.1147152533565967,0.002692641684960333,0.3365077348170361,0.7398622519998387,-1.2590340277984524,0.14501554299537134,False,True,False,False,0,0
-0.8062094900164427,-0.784407740158983,2.5589521867727405,1.6579837330630733,-1.817423907855643,-0.03904034761963567,-0.5971104740682177,0.4197800829141055,-0.03264820394830294,-1.7008627618018644,0.06840325338738533,False,True,False,False,0,0
-2.270508337609499,-1.2399856833775766,-0.5813567566191966,-0.6513267585656127,-0.1431203630578983,3.294031388533925,0.2565865742054817,-1.6917687438330098,1.0361375689117696,0.6768216698649957,8.881501357049792e-06,False,True,False,False,0,0
-1.9798692337780264,-1.2322321898407695,1.0046195915274254,0.5197453864783182,-1.8707861440425444,-0.0753622832059245,-2.2465690423894573,-1.9118456638038361,-2.1570519578056935,-0.3914112191784118,0.10394907729566366,False,False,True,False,0,0
-2.0581090873460433,-1.228138730520095,2.4413391018222224,1.5649546374287422,-2.1392378632611666,0.9972031088127213,-2.2465690423894573,-1.9118456638038361,-2.1570519578056935,-1.5847527918972604,0.08700907251425156,False,False,True,False,0,0
0.9287095859062048,-0.1753015475451727,-0.4088262158135015,-0.04827932686542031,1.8189335967734077,-0.8188936705017188,0.6076077158110348,1.674813329234222,0.584043381623933,0.14626935593940435,0.18828924560929033,True,False,False,False,0,0
-1.8244585874269161,-1.2048300915647252,1.9364236180980279,1.7674297279269922,-0.9672671410590687,0.28144731931820677,-0.005827288936533673,-0.33561907482359493,0.7288890921142107,-1.8630884691937608,0.046514054414601574,False,True,False,False,0,0
-2.0199396804663503,-1.2154249274535298,1.622426778615872,1.3296457484713167,-1.7386184142805763,1.6702272093821902,-0.9004200041934043,-0.10959412998869247,-0.42329269587662455,-1.314040360019298,0.13407085030573668,False,True,False,False,0,0
-1.8902685247604074,-1.1970284396829691,0.8930252562451425,0.5635237844238853,-1.7007667218707505,1.1791439573333347,-1.614390190274602,-0.460527596969199,-1.3428434942921703,-0.4425557964752087,0.11270475688477706,False,True,False,False,0,0
-1.6116060326003483,-1.208201175711163,3.6753572996536343,2.588274689406383,-2.17503142582365,-0.6703636612593757,-1.614390190274602,-0.460527596969199,-1.3428434942921703,-2.942221335618576,0.0,False,True,False,False,0,0
-2.2103411571189837,-1.2349772155028689,-1.531169058274571,-2.052235492823773,1.1242402033732168,3.1337875550650036,-1.2275853400587742,-0.2820868510469075,-0.8446620354847036,1.4419062317743445,0.0015614447269072685,False,True,False,False,0,0
-1.0401550034853466,-1.0243870336252483,0.14968188051729725,0.22971350008893357,-1.2590145039121066,-0.3101729138490503,-1.0912664501148701,1.0740628179625076,-0.6690914773146683,-0.11233246393707663,0.04594270001778671,False,False,True,False,0,0
-0.14289890086102627,0.24102410203852956,-0.19594115477045648,-0.31806370420498004,-1.0588688332502223,0.19598394146811537,-1.4797752864549967,1.2762956633411044,-1.1694675680992614,0.4038142802632949,0.0,False,True,False,False,0,0
0.2078967021132808,2.2736728618840374,0.28839728616894517,0.618246781855845,0.17242971889919126,1.0185689532752442,0.16968328186624285,0.2889235359044252,0.954936185758129,-0.5215418820284812,0.1654740559406821,False,True,False,False,0,0
-1.9738938975377722,-1.208201175711163,-1.0148485822481954,-1.029462670820452,2.0593470253180834,2.0868611764013854,1.0267883023885398,-1.3527313265806562,0.04416391525108474,0.9497886807433831,0.0028957455068631343,False,True,False,False,0,0
-0.03237425915102778,-0.9191775243996637,2.27759343955465,2.757915981445457,-0.4092156727411572,-0.8488058527492507,1.0148603995184482,0.7647655250305355,0.0595263390909655,-3.2332125358079584,3.5128431966713335e-05,False,True,False,False,0,0
0.11578037816547478,-0.8161922478253965,2.277601078579466,2.7524436817022613,-0.35090199373311215,-0.8402595149642416,0.6893990497773772,1.4309443098070906,0.47870104672191416,-3.225164352519985,0.023179938528552824,False,True,False,False,0,0
1.4332786052043196,0.4874521520017914,-1.1872957521720062,-1.407598583075291,1.144821501846645,-0.7868449038079345,-0.4693115147458076,1.8294619757002082,0.13194919433610441,1.1855311341491956,0.114934308822812,False,True,False,False,0,0
0.4649866296157468,1.829796250174993,-1.3634867786148306,-1.662607751108222,2.3260090664085826,0.24939855262442248,0.30600217181014694,0.6220129282927025,0.9724932415751322,1.311864871623162,0.09623848604642571,False,True,False,False,0,0
-1.9524316960884205,-1.1937536722264297,-0.45539219172631773,-0.3826368411746922,0.5094857663625723,2.161641632020215,-0.0399070114225097,2.0673829702632633,0.6849964525717029,0.453165297969258,0.0007076191199479887,False,True,False,False,0,0
-0.7863363442801725,-0.8532741734362123,2.089004486858634,2.084823113032357,-0.8327728297305387,-0.2324012400054673,-0.0399070114225097,2.0673829702632633,0.6849964525717029,-2.283744828006184,0.0,False,True,False,False,0,0
0.5130408231547435,-0.022240646955847015,0.6491671317977911,0.8918617690156421,0.12172217193567332,-0.5945523036452292,1.4578967918361365,-1.9713259124445996,-0.5110779749616402,-0.8197690549106519,0.2812000407234768,False,True,False,False,0,0
-1.9372927045603052,-1.1691929163023829,2.6072937506028153,2.095767712518748,-1.8777062328046248,3.2619826218401404,-0.7538771975037074,-0.42483944778474064,-0.2345543458438389,-2.282538692752506,0.0,False,True,False,False,0,0
0.378489084675246,0.02367762322095066,-0.7270980814871641,-0.7963427017603047,0.23805125026374302,-0.5016108802332548,-0.012643233433728878,-0.12743820458092156,0.7201105642057092,0.7870456252433298,0.07602844367152667,False,True,False,False,0,0
-1.954575253720421,-1.2027592827319133,2.1321145426220656,1.5485377381991543,-1.9423732691675102,1.6670223327128122,-1.7967167055745736,0.16996303862289747,-1.5776691158445861,-1.5734169960663096,0.09029245236016914,False,False,True,False,0,0
0.9599448110634854,0.16143243375134367,-0.1490925771440143,0.08743370676583871,0.7839030793416085,-0.7227473704203661,1.1000597057333883,-0.4783716715614281,-0.050205259765306064,0.02176726543291936,0.21060253536802184,False,True,False,False,0,0
-0.22459102901989694,0.008371533162018009,1.8668882340872632,1.3843687459032763,-0.38535329769950166,0.09983764138676257,0.06574012828401597,2.2517717410496307,0.8210636351534791,-1.3744423981206635,0.12312852635164949,False,True,False,False,0,0
0.15023167072390828,0.3405136874456704,1.704003207145895,2.1833245084098833,0.13961895321691511,-0.13518664770098834,1.0830198444904002,0.1878071132151266,-0.02825893999405014,-2.4311216716642545,0.030277737064211222,False,True,False,False,0,0
1.7216037578640662,0.1920446138692087,-0.8672058998831297,-0.9035997767269456,1.329754908419474,-1.0539179595894699,0.5650080627035647,-0.383203273736206,0.6389091810520687,0.8637031262107673,0.0575456874636366,False,True,False,False,0,0
-1.7788035278963839,-1.1215161548027626,-1.2587994891936403,-1.4973442988637047,1.6190862057995439,2.4180317655704893,-0.000715330563637269,0.2889235359044252,0.7354729880455859,1.2328337693410312,0.0022487308413882356,False,True,False,False,0,0
-1.8816942942324055,-1.1802693356406784,2.750860148035255,2.156510239668223,-1.5277645028187494,1.7984222761573272,-0.5732546683280345,-1.8345213405708432,-0.0019233562685494724,-2.361457908934567,0.0,False,False,True,False,0,0
-0.14049619139843256,-0.26713808789876803,1.6141665027211738,1.953487919195654,-0.17357471920481093,-0.2633817144761253,0.7950461894839029,0.5327925553315567,0.34263386414014196,-2.1205138595257904,0.009329935932052448,False,True,False,False,0,0
0.5490814672372116,1.1716343776408928,-0.2725366436887057,0.021218879873168294,1.1060451424039552,-0.12450372546972693,1.0455321497558268,0.16401501375882108,0.020022963502706447,0.08313449346894672,0.11563243333653477,False,True,False,False,0,0
0.9239041669810173,0.6512273156371857,-0.3571092159242292,-0.13145828296199857,1.109027939284162,-0.5625035369514448,1.4408569305931485,-0.7222406909885597,-0.48913165519038826,0.22707516916965106,0.18637102387714394,False,True,False,False,0,0
-0.6859112737042035,-0.9023408253203903,-0.0665102452026168,-0.054298856582935456,-0.6746845950795722,-0.4663572368700922,-0.559622779333644,1.5023206081760068,0.015633699548453655,0.16273369974263294,0.0,False,True,False,False,0,0
-0.20777206063818132,-0.2518319978398355,0.42106026291587684,0.37144606343770825,-0.9461191111784015,-0.17791833662603404,-0.4676075286215088,0.05100254134136989,0.13414382631322677,-0.25107838344342415,0.07428921268754166,False,True,False,False,0,0
-1.0714295093362332,-0.9739589858786853,0.05751134849996882,-0.1424028824483902,-1.2891407524021963,-0.07108911431341994,-1.4184317859802398,0.3484037845451889,-1.0904608169227474,0.2503106244156036,0.0,False,True,False,False,0,0
-2.063896692952444,-1.2144617605545476,1.8098618587236959,1.3788964461600803,-1.852889362761303,0.8369592753438002,-0.9805073520354479,-1.221874779570976,-0.5264403988015169,-1.3693947258528418,0.12422071076798394,False,False,True,False,0,0
0.09496935094068767,-0.1140771873094425,0.2042127426304166,0.5088007869919261,0.32455235978974345,-0.3915767812512622,0.6791751330315844,0.9372582460887507,0.4918688385846685,-0.4045275033347812,0.12122830375715601,False,True,False,False,0,0
-0.06841490323349589,1.762449453906058,-0.861664635690892,-1.1914427432190515,-1.2751216070652238,1.2963249312880407,-2.88215586675291,1.4309443098070906,-5.69291759180859,1.063893985001011,0.0,False,True,False,False,0,0
-0.308685864497804,-0.7370350527128136,0.07177361885377607,0.25160269906171734,0.6466944228520901,-0.5625035369514448,-0.0467229559197049,0.5863247791082442,0.6762179246632014,-0.13721878496886028,0.05121872651074911,False,True,False,False,0,0
-1.9245654468724147,-1.1826290945431848,-0.18601738626187347,-0.08220758527323492,0.5733176195990007,2.3325683877203978,0.631463521551218,-1.1386024314739065,0.5533185339441795,0.18571635999885636,0.0008181319836607859,True,False,False,False,0,0
-1.2321963317362674,-1.0800036614566286,-0.1853159465246474,-0.03295688758447182,0.3752599067532614,-0.1992841810885569,0.46106490912133785,0.4495202072344875,0.7727817316567186,0.13848017605436597,0.0005371536402767995,False,True,False,False,0,0
-0.1284826440854626,-0.26713808789876803,1.269727516279863,1.2749227510393575,-0.6478394231577098,-0.27406463670738673,0.33496993592322655,-0.18691845322168543,0.9351844979639995,-1.2575491294221488,0.14502704445934636,False,True,False,False,0,0
-0.18855038493742882,-0.9390754414714602,0.7624684135058394,0.9575293659339928,0.1038253906544321,-0.8306448849561063,-0.0399070114225097,0.8896740471761396,0.6849964525717029,-0.8926601513871126,0.19165007511826307,False,True,False,False,0,0
0.3929053414508106,0.008371533162018009,-0.5016350917553513,-0.4515878179389609,0.33946634419077837,-0.5165669713570209,0.2327307684652985,0.5922728039723206,1.0361375689117696,0.5119090652745121,0.07906060507898596,False,True,False,False,0,0
0.5683031429379641,-0.864075600197138,0.1449239497846752,0.4048270918712033,0.4140362661959513,-0.964181412846874,0.5138884789746007,0.3959879834578,0.7047481403658324,-0.29498195717978787,0.19521888509475457,False,True,False,False,0,0
0.056525995252067654,-0.9130550883664589,0.5399220962987087,0.7550542754357432,0.3812255005136751,-0.8872643727817918,0.21398692109801168,0.22944328726366134,1.0119966171633872,-0.6666091113550129,0.16285294095408032,False,True,False,False,0,0
1.3491837675828549,-0.6559127754052868,0.2969648112385534,0.6018298826262568,0.2082232814616743,-1.0197326084494334,0.7933422033596041,-1.4360036746777256,0.34482849611726835,-0.503174591480604,0.25084588280002723,True,False,False,False,0,0
0.40976881437608226,-0.14871758683071284,-0.7081734315177671,-0.7498281539431397,0.8525074075863671,-0.5945523036452292,0.05210823928962557,1.2406075141566462,0.8035065793364761,0.7514638960433659,0.08313960461868106,False,True,False,False,0,0
1.1689805471705137,-0.5732598890774194,0.26637676312587294,0.39388249238481166,-0.3346457507359843,-0.9577716595081172,0.2208028655952069,0.8777779974479869,1.0207751450718887,-0.2795971769992492,0.24498803192501936,False,True,False,False,0,0
1.3515864770454489,0.2456159290513935,-0.9348514693431341,-0.9769285932857709,1.7175185028463718,-0.8114156249398359,1.1000597057333883,-1.1683425557942884,-0.050205259765306064,0.9150216421448552,0.13210622448126827,False,True,False,False,0,0
0.7437009444251177,-0.15999545748624017,-0.05808735514982371,-0.02201228809807966,0.17541251577939815,-0.7547961371141503,0.14753146225035843,-0.662760442347796,0.926405970055498,0.13187208864797612,0.14898892404106015,False,True,False,False,0,0
0.22231295888884495,-0.6804025194899473,-0.26417355749317223,-0.12051368347560641,0.45877821939905494,-0.7932546571466913,0.4695848397428319,0.8420898482635286,0.7618085717710946,0.21964644736408023,0.04511603798383097,False,True,False,False,0,0
-0.4648619902842055,-0.9865243206685986,0.8957078200921835,0.8590279705564661,-1.1578976896730921,-0.7654790593454116,-0.6192622936841021,1.5558528319526943,-0.06117841965093403,-0.7741724093447221,0.17180559411129323,False,True,False,False,0,0
1.4645138282180417,0.8961247565801067,-1.0869111962339884,-1.1487588052221236,1.9710562376639593,-0.715269324858483,1.0319002607614363,1.145439116331424,0.03758001931970958,1.0288960322364975,0.10987053071489036,False,True,False,False,0,0
0.11178831717884599,0.5287785951657251,-0.9933379746627146,-1.2915858285195372,-0.39131889145991544,0.057105952461717124,-1.527486897935363,-0.06795795594015777,-1.2309172634587724,1.1229471009584477,0.022357663435769195,False,False,True,False,0,0
0.28958882812859327,1.3246952782302188,-0.7709846166901564,-0.8669353684475326,0.6765223916541594,0.24939855262442248,0.0964118785213944,-0.46647562183327534,0.8605670107417343,0.8393855835107,0.05886071726447406,False,True,False,False,0,0
0.3411749701520674,1.8257745560828533,-0.24303110025834254,-0.09315218475962708,0.12172217193567332,0.44169115278712784,0.5207044234717959,-1.1980826801146702,0.6959696124573309,0.19436341381701286,0.06842207629321695,False,True,False,False,0,0
-0.5393459879117362,-0.7814227138692705,-0.3794087110890261,-0.26334070677302085,0.9091805483102988,-0.4129426257137851,0.46276889524563664,0.021262417020987953,0.7705870996795962,0.3486041686364307,0.0012787690687503296,False,True,False,False,0,0
0.9911800362207651,-0.2977502680166332,-0.11641907525663177,0.04365530882027169,0.831627829424919,-0.8562838983111337,0.21398692109801168,-0.038217831619775836,1.0119966171633872,0.0660164408735617,0.20812951461488,False,True,False,False,0,0
-0.9964049922162173,-0.9182879391175126,-1.2283230721342069,-1.3572534254378887,2.4990112854605835,-0.02835742538837425,0.9245491349306117,1.5380087573604653,0.17584183387860822,1.1550841036687132,0.0035028514006242963,False,True,False,False,0,0
0.3953080509134043,0.329799424399602,-0.19869204779526975,-0.11723030362968931,-0.07514242215798247,-0.3702109367887395,0.43550511725685587,-0.12149017971684525,0.8057012113135984,0.2185854439903823,0.0790766847800245,False,True,False,False,0,0
0.4193351476829024,0.5746968653425231,-0.08696708940909278,0.04365530882027169,0.6616084072531251,-0.27406463670738673,0.9467009545464962,-1.221874779570976,0.14731161817597713,0.06693528741445019,0.09354976102356938,False,True,False,False,0,0
-1.7123532413043696,-1.1008080664746447,-1.3903062298971878,-1.7819038855098934,1.2074602363309899,2.0868611764013854,-0.9651714769167588,0.27702748617627243,-0.5066887110073914,1.3623786393915132,0.0016770281060152215,False,False,True,False,0,0
-0.1284826440854626,1.982857150764319,-1.157872904350615,-1.5433116167065506,-0.7701340952461933,1.659544287150929,-2.899195727995898,1.062166768234355,-5.714863911579844,1.2600764555683654,0.0,False,False,True,False,0,0
-1.472150848161594,-1.0521681380760421,0.6444838862492241,0.771471174665331,-0.31072371975672497,0.8476421975750617,-0.03479505304961329,0.6755451520693898,0.6915803485030781,-0.6819439359608751,0.1542942349330662,False,True,False,False,0,0
0.8037686852770843,-0.3987704623959565,-0.22150107857664467,-0.14787518219158627,0.891283767029057,-0.8456009760798723,0.3673456722849038,-1.1564465060661355,0.893486490398618,0.2467454500152113,0.16200434649897258,False,True,False,False,0,0
-1.6180367054963496,-1.1499295783227383,-0.16548052221533843,-0.03842918732766736,0.3812255005136751,0.39895946386208214,1.0336042468857352,-0.4843196964255045,0.03538538734258318,0.1443774224666293,0.0005652570943232016,False,True,False,False,0,0
0.251145474583531,2.2277545917072397,-0.9113309330376902,-0.999365022232874,0.5094857663625723,0.8262763531125388,-0.043314983671107296,0.3365077348170361,0.6806071886174542,0.931774807367871,0.05093671403665419,False,True,False,False,0,0
0.09016392987194159,1.309389188171286,0.7172875067444243,0.9739462651635811,-0.15866073480377602,0.5912520640247877,0.12197167038587642,1.7580856773312914,0.893486490398618,-0.9133036739273042,0.21282626094100507,False,True,False,False,0,0
0.4193351476829024,0.6665334056961184,-0.22190527161896814,0.09837830625223087,1.1209591268049894,-0.23133294778234115,1.2534184569202804,-0.27613882618283114,-0.24772213770659327,0.008621394112094723,0.1051429643564268,False,True,False,False,0,0
0.6139546270143662,-0.3130563580755657,-0.12569842238448647,0.027238409590683986,0.3991222817949164,-0.7580010137835288,0.6570233134157,0.32461168508888333,0.5203990542872996,0.08182731874430574,0.12881568606349658,False,True,False,False,0,0
-0.26543709202755383,-0.7691778418510196,-0.8270239751816031,-1.002648402078792,-0.37938770393908794,-0.6266010703390134,-1.2003215620699934,1.1394910914673475,-0.8095479238506934,0.9367362382529809,0.0,False,True,False,False,0,0
-1.3951067117683018,-1.119589821004798,0.10155391395016476,-0.06579068604364723,-1.2473815960792995,-0.07108911431341994,-1.13386610322234,-0.6032801937070321,-0.7239572767428041,0.17899741440163233,0.0,False,True,False,False,0,0
-0.16692599763052487,1.4777561788195441,-0.1502715192390609,-0.08767988501643101,-0.43904364154322595,1.349739542444348,-0.14385016500473657,1.7402416027390624,0.5511239019670531,0.192047921631137,0.0,False,True,False,False,0,0
-0.753187142943952,-0.8747898632432067,-0.10162186214293623,-0.4247735491973009,-1.8081474095581993,-0.3242743711943154,-3.0150667844482166,2.7216657053116653,-5.864098886024373,0.501125891790699,0.0,False,True,False,False,0,0
-0.753187142943952,-0.8487695101382055,-0.10162473205281175,-0.3667671719194241,-1.8707861440425444,-0.2633817144761253,-3.006546853826723,1.8354100005642846,-5.853125726138745,0.45018030526197006,0.0,False,False,False,True,0,0
0.2127021210384687,-0.9130550883664589,-0.3507626212572712,-0.09315218475962708,1.0135784391175404,-0.9246546005912067,0.11685971201298001,1.9305783983895064,0.886902594467239,0.1910023930720307,0.04395221702810239,False,True,False,False,0,0
0.27276986189043495,0.25326897410493904,-0.39303706899679636,-0.22448737859632925,0.6466944228520901,-0.306113403401171,0.5377442847147839,1.0145825693217438,0.674023292686075,0.31260247593492485,0.05547077258582856,False,True,False,False,0,0
0.16945334856821806,0.31449333434066934,2.072739272639046,1.7291236297246202,-1.539695690339577,-0.16723541439477263,-0.534062987469162,-0.12149017971684525,0.04855317920533754,-1.8086238660064258,0.08806594376871957,False,True,False,False,0,0
0.04107690167200327,-0.8359371692545321,-0.31171817267354524,-0.615756810234839,-1.6649731593082675,-0.8295765927329802,-2.933275450481874,-0.5437999450662683,-5.75875655112235,0.6561975318735772,0.008215380334400658,False,False,False,True,0,0
1.4332786052043196,0.3451055144585344,-0.5395300570248118,-0.4160178696081875,0.9807676734352648,-0.8092790404935836,0.2344347545895973,1.109750967146966,1.038332200888892,0.4798284055168501,0.11471457102044376,False,True,False,False,0,0
0.28478340920340534,0.45224814487106235,-0.3937802490408886,-0.1965786499060303,0.941991313992575,-0.2099671033198183,0.382681547403593,1.080010842826584,0.8737348026044885,0.286800601193615,0.058278249269596134,False,True,False,False,0,0
-0.20056393225039879,-0.34366853819343085,3.2545234225534627,2.6977206842703025,-0.41518126650157094,-0.24201587001360256,0.46106490912133785,-2.0902864097261276,0.7727817316567186,-3.1144545328282205,1.595932534168565e-05,False,True,False,False,0,0
0.3832945036004343,-0.4201989884880937,-0.9005348300997046,-0.9413586449549971,0.6765223916541594,-0.72167907819724,-0.021163164055222883,2.156603343224409,0.7091374043200812,0.8903787793148075,0.07759851515293983,False,True,False,False,0,0
-0.027568840225839435,-0.766116623810338,-0.02268321842498465,0.17499050265697438,0.3812255005136751,-0.752659552667898,0.16457132349334644,1.0562187433702785,0.9483522898267499,-0.06202387787121614,0.035533276873783375,False,True,False,False,0,0
0.7316873971121473,0.05428980333881568,0.06634480448319104,0.25160269906171734,0.6019524696489864,-0.6714693437103114,0.622943590929724,-0.4188914229206643,0.5642916938298075,-0.13738815376223662,0.1975156269341705,False,True,False,False,0,0
0.7437009444251177,0.008371533162018009,0.06634476227863392,0.21001322101342768,0.6377460322114695,-0.6906986037265818,0.622943590929724,-0.4188914229206643,0.5642916938298075,-0.09481063131932967,0.19165015406844343,False,True,False,False,0,0
0.7172711403365831,0.10020807351561335,0.06634480448319104,0.311250766262553,0.5572105164458828,-0.6479669148015362,0.622943590929724,-0.4188914229206643,0.5642916938298075,-0.1991008608073086,0.2064998474175538,False,True,False,False,0,0
0.5298597893929018,-0.6253005952874218,-0.2885590972964691,-0.18618128039395776,0.5810728914875384,-0.858420482757386,0.15434740674755365,0.5684807045160151,0.9351844979639995,0.2804319728446446,0.10678434615056673,False,True,False,False,0,0
0.09977476986587558,-0.978871275615053,1.0257058322923405,1.3460626477009048,-0.06619403151736186,-0.941747276161225,0.5803439378222539,0.5387405801956331,0.6191574932579432,-1.3530096854113016,0.15076251248899356,False,True,False,False,0,0
0.5683031429379641,-0.34366853819343085,-0.23989766512894348,-0.01653998835488358,0.906197751430092,-0.850942437195503,0.35030581104191577,0.5744287293800914,0.91543281016987,0.12090100521287113,0.11493136207970688,False,True,False,False,0,0
-1.883837851864406,-1.1937536722264297,-1.1939698288784968,-1.4666994203018073,0.36929431299284765,1.2322273979004725,-1.1492019783410292,1.656969254641993,-0.7437089645369337,1.218306050355162,0.000512908768045639,False,False,True,False,0,0
-1.2600625809522734,-1.148918253078807,0.5222020909995668,0.4540777895599669,-1.2235192210376444,-0.5838693814139677,-1.1492019783410292,1.656969254641993,-0.7437089645369337,-0.33569998072572316,0.09081555791199339,False,False,True,False,0,0
0.26556173135909555,-0.12938327736837502,-0.4219858077067489,-0.2742853062594125,0.420001859956365,-0.5090889257951379,0.725182758387652,0.8658819477198342,0.43261377520227995,0.35723150674541143,0.05372078370308032,False,True,False,False,0,0
0.378489084675246,0.9573491168158371,-0.15857505480467704,0.13777886440324158,0.7540751105395392,-0.03904034761963567,0.9671487880380818,0.5387405801956331,0.12097603445047644,-0.028769811884570874,0.10433439329781719,False,True,False,False,0,0
0.3208240532858735,-0.5885659791363519,-0.04680447329239057,-0.0805658953502761,-0.7253921420430895,-0.776161981576673,-0.6022224324411141,0.45546823209856385,-0.0392320998796781,0.18849328141780128,0.0641648106571747,False,True,False,False,0,0
0.9239041669810173,0.5134725051067927,0.18573052303197884,0.733712306437279,1.0493720016800234,-0.608440102545869,2.088371657826693,1.3417239368459448,-1.3230918064980408,-0.6535618512492996,0.3330530428049897,False,True,False,False,0,1
0.18898237828003472,2.6059397442584573,-0.2512938240173464,-0.5615810427771991,-1.7246290969124058,1.2535932423629954,-2.9213475476117825,1.2406075141566462,-5.743394127282476,0.6132056268060055,0.037796475656006946,False,True,False,False,0,0
0.18386960534378222,2.6059397442584573,-0.2512979600639317,-0.5725256422635914,-1.6918183312301296,1.2429103201317337,-2.9111236308659896,2.031694821078805,-5.730226335419721,0.6223345164463235,0.03677392106875645,False,True,False,False,0,0
-1.9567188113524214,-1.2121983183419394,0.4302240117621274,0.344631794696048,-1.0015991331502503,1.071983564431551,-0.5272470429719669,-0.662760442347796,0.0573317071138391,-0.2226149315106007,0.0689263589392096,False,True,False,False,0,0
-1.9652930418804233,-1.2144617605545476,0.4305852827699886,0.3117979962368726,-1.1787772678345403,1.0613412373047686,-0.5851825711981261,-0.8055130390856291,-0.017285780108426203,-0.18830692262784557,0.06235959924737453,False,True,False,False,0,0
-0.24140999525805526,-0.4508111686059589,-0.2895035930774188,0.026143949642044768,0.9688364859144368,-0.3274792478636938,1.2534184569202804,1.2049193649721879,-0.24772213770659327,0.07778810499520435,0.006617782052127797,False,True,False,False,0,0
-1.8259617958003937,-1.1990510901708318,3.4960938658708227,2.642997686838343,-2.0408055662143383,0.33486193047451385,-1.3366404520138975,0.645805027749008,-0.9851184820207286,-3.027138579052246,0.0,False,True,False,False,0,0
0.7076603003426492,0.21806496697421004,0.08472104843901909,0.44860548981677084,-0.4092156727411572,-0.17685004440290789,-1.125346172600846,0.6755451520693898,-0.7129841168571761,-0.3434917358345413,0.231253158031884,False,True,False,False,0,0
0.3112132154354977,-0.03142430098157493,-0.5472336126082133,-0.5112358851397966,0.23208565650332927,-0.48238162021698433,0.009508586182155538,0.9432062709528272,0.7486407799083403,0.5615733441333155,0.06256531340739645,False,True,False,False,0,0
0.5995383680952443,0.6665334056961184,-0.09423053587216987,0.2614528385994698,0.9598880952738161,-0.3702109367887395,0.973964732535277,0.7409734255742301,0.11219750654197488,-0.15253647690366562,0.17356513211621508,False,True,False,False,0,0
0.010874513319223298,1.0338795671104997,2.4387768631671682,2.7196098832430855,-0.4092156727411572,0.7408129752624474,-1.2582570902961525,0.8242457736712995,-0.8841654110729587,-3.1719428333565816,0.002174902663844658,False,True,False,False,0,0
-0.190953094400023,-0.9497897045175286,0.8686926409563148,1.3296457484713167,0.4498298287584343,-0.8402595149642416,0.7422226196306401,1.1692312157877296,0.41066745543102806,-1.3375554468702517,0.1347213052901106,False,True,False,False,0,0
0.13581541394834368,2.28897895194297,0.043697796996112655,0.3172702959800687,0.4617610162792618,1.1147152533565967,0.7217747861390544,0.6874412017975426,0.43700303915653277,-0.206077370047765,0.0912834602814368,False,True,False,False,0,0
0.5466787577746175,0.23796288404600638,-0.2580936534218538,-0.02748458784127574,1.0613031892008515,-0.5090889257951379,1.2874981794062565,-1.150498481202059,-0.29161477724910106,0.13092437939751997,0.11085434929275975,False,True,False,False,0,0
0.22756641565604316,-0.153533421325624,2.7108949648361667,2.642997686838343,-1.2622955804803344,-0.48772308133261505,0.2906662966914577,-1.317043177396198,0.9922449293692617,-3.0516353073156575,0.04552334426989649,False,True,False,False,0,0
0.11419102664143972,1.5083683589374095,1.3935269873989933,1.2530335520665736,-1.1877256584751614,0.6660325196436174,-0.43352780613553277,0.6814931769334662,0.1780364658557346,-1.2268393734410492,0.17223149491497322,False,True,False,False,0,0
-2.2812534368372908,-1.2398893666876782,-1.5316729680237022,-2.0691996220276803,0.8942665639092638,4.105933478109792,-2.035274762976406,0.16996303862289747,-1.8849175926421409,1.4451135145799512,0.0012420368943184103,False,False,True,False,0,0
-1.1914687367282588,-1.089250063686858,0.8994476925010172,0.8995229886561166,-0.826807235970125,-0.3274792478636938,0.19524307373072486,0.3484037845451889,0.9878556654150089,-0.8208349112373088,0.179911355885385,False,True,False,False,0,0
-0.22459102901989694,1.8451023402339255,2.5602711213833333,2.3693826996785448,-0.7790824858868144,2.0227636430138167,0.46788085361853304,-1.4360036746777256,0.7640032037482171,-2.664313330126264,1.6195252807826854e-05,False,True,False,False,0,0
-1.116444219608243,-1.0926211478332957,1.0872902998111666,1.2749227510393575,-0.4092156727411572,-0.4770401591013536,0.2957782550643541,0.645805027749008,0.9856610334378825,-1.2632408272977802,0.14502568787641598,False,True,False,False,0,0
0.33043489113624974,0.3451055144585344,-0.12033042478052836,0.1366844044546029,0.7988170637426428,-0.306113403401171,0.725182758387652,0.693389226661619,0.43261377520227995,-0.02647849773008987,0.09455842877691274,False,True,False,False,0,0
-0.231799157407679,-0.8518307281307286,0.16407620892993602,0.3282148954664603,-0.09303920343922428,-0.7291571237591229,0.15093943449895603,1.3833601108944795,0.9307952340097467,-0.21374138742168775,0.06564820371892376,False,True,False,False,0,0
0.2078967021132808,2.3348972221197677,-0.0340475550774147,0.34080118487581074,1.3566000803413358,0.9758372643501985,1.4749366530791246,-1.162394530930212,-0.5330242947328961,-0.23308631219593476,0.11167479771200228,False,True,False,False,0,0
-0.4168077967452088,-0.3283624481344984,-0.8082788422953766,-1.1055276372508756,-0.8178588453295043,0.057105952461717124,-1.7455971218456097,-1.5549641719592533,-1.5118301565308225,1.008640551370226,0.0,False,False,True,False,0,0
-1.2836417149042783,-0.9505540302334172,-0.7810759794945593,-1.1000553375076794,-1.3428310962459205,0.7194471307999246,-2.909419644741691,1.466632458991549,-5.7280317034425945,1.0057811404047423,0.0,False,True,False,False,0,0
1.0296233897658278,-0.36050523727270417,0.5258598333404917,0.5854129833966696,0.09785979689401834,-0.8829912038892873,0.0981158646456932,-0.8293051385419347,0.8627616427188606,-0.4779875545442751,0.31129723129851233,False,True,False,False,0,1
0.7004521719548671,0.05428980333881568,0.32163978989370917,0.7167481772333718,0.7421439230187117,-0.6586498370327977,0.605903729686736,0.693389226661619,0.5862380136010593,-0.6302310584685826,0.28449179807028235,False,True,False,False,0,0
0.6211627554021483,-0.49979065677527973,-0.23456295847954167,-0.06250730619772958,0.5094857663625723,-0.8317131771792324,0.7831182866138113,0.5387405801956331,0.35799628798001865,0.16536560977826723,0.12496727709849512,False,True,False,False,0,0
-0.323327895768074,-0.9640383668191684,2.7066648020887443,2.642997686838343,-1.104207345829368,-0.8082107482704574,0.622943590929724,-0.008477707299393983,0.5642916938298075,-3.0517672804338027,2.1562602662861254e-05,False,True,False,False,0,0
-1.7766599702643833,-1.1899010046305007,0.2512724696554954,0.39935479212800773,-0.22428226616832833,0.48442284171217354,0.622943590929724,-0.008477707299393983,0.5642916938298075,-0.28586312252593676,0.07989252102826441,False,True,False,False,0,0
-2.098622326590852,-1.232810089980159,-1.109553540117519,-1.4885886192745912,-0.9491019080586084,0.9437884976564141,-2.497055002661381,-1.5549641719592533,-2.479662858443125,1.2328005542787324,0.0,False,True,False,False,0,0
1.1449534504010153,0.12928964461313788,-0.6620870681906212,-0.5665061125460754,1.4073076273048537,-0.8829912038892873,1.0267883023885398,-0.6211242682992613,0.04416391525108474,0.6045016327163495,0.17299944515164178,False,True,False,False,0,0
-2.226164005694879,-1.2390706748235436,-1.574552375883167,-2.1425284385865058,-0.4092156727411572,2.0868611764013854,-0.3057288468131227,-2.506648150211474,0.34263386414014196,1.4408126458728137,0.0,False,True,False,False,0,0
-1.903758475258667,-1.2134985936555653,2.7861368269979745,2.0410447150867888,-1.725583591914072,0.48442284171217354,-0.49827927885888723,-2.346051478881412,0.09464045072497175,-2.202335381395532,0.0,False,True,False,False,0,0
-1.9142763702388124,-1.220722345397932,2.7862005558790344,2.100692782287625,-0.4092156727411572,0.27076439708694533,-0.3057288468131227,-2.506648150211474,0.34263386414014196,-2.2836970274026993,0.0,False,True,False,False,0,0
-0.08042423202504655,0.9925643475378066,-1.0661706318931259,-1.2237293117039076,1.183597861289335,0.6980812863374017,0.009508586182155538,0.3067676104966542,0.7486407799083403,1.0782594588577972,0.0016442150491663865,False,True,False,False,0,0
-1.3265128675442874,-1.1327852075208547,0.8285981007900425,0.7824157741517231,-0.5381321539036996,-0.33816217009495525,0.13730754550456564,-2.1497666583668913,0.9132381781927477,-0.6886270428426907,0.15648790760104403,False,True,False,False,0,0
-2.0038770792564318,-1.2009774239687963,-0.6539419263274001,-0.8373849498342746,-0.6239770481160548,2.57827559903941,-1.3366404520138975,-0.7817209396293235,-0.9851184820207286,0.820730320903467,0.0,False,False,True,False,0,0
-1.9567188113524214,-1.1947168391254117,-0.6539426860094261,-0.8319126500910785,-0.5911662824337787,2.257787932101568,-1.3707201744998734,-0.42483944778474064,-1.0290111215632365,0.8165714558171036,0.0,False,False,True,False,0,0
0.40011346983859264,0.5440846852246577,-0.0648493692712655,0.2899087972640888,1.7085701122057513,-0.25269879224486386,0.8103820646025921,1.1216470168751187,0.3228821763460124,-0.18102599219910862,0.14040551807324858,True,False,False,False,0,0
-1.1571718146162515,-0.8686848438199278,0.696117405524764,1.05603076131152,0.3633287192324333,0.6126179084873106,0.8103820646025921,0.193755138079203,0.3228821763460124,-1.010892217659741,0.18932652156683424,False,True,False,False,0,0
-1.9652930418804233,-1.186529920484063,1.4029158131476882,1.4555086425648238,0.12768776569608764,2.8346657325896842,0.7030309387717676,-0.960161685551615,0.46114399090491104,-1.478146362427421,0.1090999503564477,False,True,False,False,0,0
0.5442760483120237,0.360411604517467,-0.7532090701940118,-0.7498281539431397,1.2909785489767835,-0.4343084701763079,0.8103820646025921,1.1216470168751187,0.3228821763460124,0.7500588688567926,0.11067628603285463,True,False,False,False,0,0
1.5365951185265365,-0.5809129340828065,0.20437826890294347,0.9903631643931687,1.0404236110394027,-1.0282789462344426,2.071331796583705,-1.1386024314739065,-1.3011454867267849,-0.9485901673913777,0.29227033915565737,True,False,False,False,0,0
-0.5513595352247064,-0.7829533228896113,0.9391236056664743,1.154532156689047,0.21120607834188118,-0.5763913358520847,1.3045380406492444,-0.008477707299393983,-0.313561097020353,-1.1212756150398562,0.16943206578694373,True,False,False,False,0,0
1.7240137940066464,0.10021482454504184,0.34879348438562957,0.8962396088101989,1.2879957520965766,-0.9096985094674407,1.4067772081071725,-0.11554215485276886,-0.44523901564787643,-0.8342097140376763,0.2362827402110041,False,True,False,False,0,0
-1.4401214220403118,-0.9529619474808727,0.3712444095009178,0.7441096759493511,0.5243997507636067,1.5740809093008377,0.5207044234717959,0.7945056493509175,0.6959696124573309,-0.6595027849194618,0.14956829186771245,False,True,False,False,0,0
-1.9768543478348668,-1.1985695067213407,-0.09799471810583137,-0.09315218475962708,-0.5737169206845684,2.268470854332829,-0.06376281716269291,-0.5378519202021919,0.6542716048919455,0.19888827603627546,0.0,False,True,False,False,0,0
-1.9738672724084254,-1.199532673620323,-0.09799556219697134,-0.14787518219158627,-0.245161844329777,2.0868611764013854,-0.05865085878979651,-0.9006814369108511,0.6608555008233247,0.2505985897353495,0.0,False,True,False,False,0,0
-2.1041955764340528,-1.2191812783595604,0.29856478599416336,0.6620251798014126,-0.7796790452628559,3.1337875550650036,-0.08421065065427853,-0.7817209396293235,0.6279360211664448,-0.5697544003184342,0.13240503596028252,False,True,False,False,0,0
-2.0424611166324396,-1.199580831965272,0.6028322089526896,0.5635237844238853,-0.8327728297305387,3.6999824333218583,-0.3142487774346167,-0.4843196964255045,0.331660704254514,-0.45160927351661484,0.11270475688477706,False,True,False,False,0,0
-1.9009863129204096,-1.2101275095091275,2.962724913912991,2.221630606612255,-1.8827173315633723,0.6339837529498332,-1.3042647156522202,-1.0791221828331428,-0.9434204744553432,-2.444913655299956,0.0,False,False,True,False,0,0
-1.9039872936052102,-1.1577938360529283,-1.1751284485000473,-1.5285364073999215,-0.1914715004860522,3.187202166221311,-1.7626369830885977,-1.0910182325612954,-1.5337764763020785,1.251890915656121,0.0,False,False,True,False,0,0
-1.9766538973300256,-1.2004958405193051,1.8646429516552276,1.3843687459032763,-1.9453560660477174,2.150958709788954,-1.8444283170549403,-2.2330390064639603,-1.639118811204097,-1.3745124467077663,0.12312625081934475,False,False,True,False,0,0
-0.4497977960561006,-0.6880910502607602,1.7504628275750884,1.8221527253589513,-0.8804975798138491,-0.3915767812512622,0.622943590929724,-0.8412011882700874,0.5642916938298075,-1.941048681413321,0.03559101753087259,False,True,False,False,0,0
-0.5657757941438282,-0.6666270384513555,1.7504632918252154,2.139546110464316,-0.9601382565153739,-0.16723541439477263,0.6144236603082299,-0.4843196964255045,0.5752648537154313,-2.3693173275749215,2.1267693330173643e-05,True,False,False,False,0,0
0.48420830746005705,0.4369420548121297,-0.37883827429670675,-0.29289112538627865,0.6317804384510558,-0.38089385902000095,0.3537137832905134,0.36624785913741803,0.9110435462156212,0.37543538303075413,0.09773137779094324,False,True,False,False,0,0
0.28238554418105943,-0.22580652776620838,-0.18479176592679256,-0.1664810013184524,-0.37342211017867416,-0.5678449980670756,-0.10977044251876054,0.2889235359044252,0.5950165415095608,0.26531221548755446,0.05647710883621189,False,True,False,False,0,0
-1.8482547951731987,-1.1690147304260712,-0.41932333322883647,-0.4402601574705454,-0.0005725001528101212,1.8112417828348408,-0.01434721955802768,-0.06795795594015777,0.7179159322285827,0.5046720057938543,0.0,False,True,False,False,0,0
-0.4840801419762107,-0.9804005497823887,-0.2078021546495819,-0.003953698945533136,0.6228320478104351,-0.744113214882889,0.1287876148830716,0.7350254007101537,0.9022650183071197,0.1096888706508757,0.0008695023722144813,False,True,False,False,0,0
-1.9384985714804175,-1.2029037577667607,-0.9933312641381526,-1.277357849187228,-1.1221041271106091,1.381788309138132,-2.0437946935979,0.4971044061470984,-1.8958907525277688,1.1141890344737901,0.0,False,False,True,False,0,0
0.03250331421129114,-0.17988802744068022,-0.4842011362821419,-0.5714311823149518,-0.4092156727411572,-0.3573914301112258,-0.6891257247803529,-0.42483944778474064,-0.15115833071307605,0.6141569012846737,0.006500662842258232,False,True,False,False,0,0
0.032502671144001696,-0.09575303905568022,-0.4842031325576877,-0.5719784122892715,-0.5285275479494338,-0.2964987733930357,-0.6891257247803529,-0.42483944778474064,-0.15115833071307605,0.6146126158528818,0.006500534228800348,False,True,False,False,0,0
0.10939015420198907,-0.08192856007955343,-0.4841998406022422,-0.5604865828285599,-0.5076479697879851,-0.3039768189549187,-0.6959416692775482,-0.18691845322168543,-0.1599368586215776,0.6050247526752334,0.021878030840397814,False,True,False,False,0,0
0.46018636165954857,0.9573601639549016,-0.7203172863378606,-0.7115220557407678,0.4617610162792618,1.4672516869882233,0.3673456722849038,-1.4360036746777256,0.893486490398618,0.7208383271637124,0.09269132239942404,False,True,False,False,0,0
0.3352452466746645,0.5991958614157815,-0.7203172736764935,-0.7678867430956859,0.44386423499802,-0.17364516773352948,0.3673456722849038,-1.4360036746777256,0.893486490398618,0.765201241784582,0.0676782427617789,False,True,False,False,0,0
0.4986297816548976,0.6711348452591092,-0.7203185946791273,-0.7306751048419537,0.4468470318782269,-0.23026465555921502,0.2736264354484697,-0.18691845322168543,1.0141912491405136,0.7360129294960086,0.10035604852861063,False,True,False,False,0,0
0.2607611204336757,0.9573601639549016,-0.7203172863378606,-0.8029094614521401,-0.4092156727411572,0.09983764138676257,0.3673456722849038,-1.4360036746777256,0.893486490398618,0.7923141610580904,0.0521649394094172,False,True,False,False,0,0
0.464991789158967,0.5854203113181232,-0.7203172989992277,-0.7115220557407678,0.455795422518848,-0.2633817144761253,0.3673456722849038,-1.4360036746777256,0.893486490398618,0.7208383267687015,0.09364412235241831,False,True,False,False,0,0
0.4097293729156532,0.6083795614808873,-0.7203172129019314,-0.7733590428388821,-0.4092156727411572,-0.24201587001360256,0.3673456722849038,-1.4360036746777256,0.893486490398618,0.7694606648089328,0.08195858990581271,False,True,False,False,0,0
0.5250922149777063,0.5885866743401823,-0.7203101959722857,-0.7739062728132015,-0.4092156727411572,-0.29543048116990955,0.37416161678209897,-0.7222406909885597,0.8847079624901165,0.7698863584219485,0.10503139424568948,False,True,False,False,0,0
0.4097293729156532,0.590012161350676,-0.7203101959722857,-0.7728118128645625,0.5393137351646415,-0.24949391557548556,0.3673456722849038,-0.18691845322168543,0.893486490398618,0.7690353239905043,0.08270763676020804,False,True,False,False,0,0
0.3208289641764084,0.5930733947057111,-0.7203148722372005,-0.7700756629929645,-0.4092156727411572,-0.16616712217164648,0.3673456722849038,-1.4360036746777256,0.893486490398618,0.7669061044956825,0.06417850815796373,False,True,False,False,0,0
0.6788333128830963,1.5099127845387577,-1.211758423757527,-1.469982800147725,-0.4092156727411572,-0.13839152437036678,0.02654844742514355,-1.6739246692407808,0.7705870996795962,1.2195426339958433,0.1357675815259936,False,True,False,False,0,0
0.6211681828900725,1.7196072693586695,-1.2117569394232577,-1.4765495598395602,0.9121633451905057,0.01971572465230203,0.02654844742514355,-1.6739246692407808,0.7705870996795962,1.2231126746219723,0.12550144906237565,False,True,False,False,0,0
0.6163627553906541,1.659913218935483,-1.2117582055599674,-1.4743606399422817,0.9569052983936093,0.0036913413054100136,0.02654844742514355,-1.6739246692407808,0.7705870996795962,1.2219245835818413,0.12460250516416298,False,True,False,False,0,0
0.6043491866421077,1.6767500023881767,-1.2117584587873094,-1.4705300301220448,0.9330429233519537,0.10389715183464193,0.02654844742514355,-1.6739246692407808,0.7705870996795962,1.2198408009242558,0.1221666492268958,False,True,False,False,0,0
0.678785297192139,1.6766281617754553,-1.2117587077941958,-1.471077260096364,-0.4092156727411572,-0.05613302318965395,0.02654844742514355,-1.6739246692407808,0.7705870996795962,1.2201388397977697,0.13575797838780215,False,True,False,False,0,0
1.6759595190124599,0.16143949164574597,-0.26310189938200224,0.06663896774169469,1.3953764397840251,-0.8904692494511702,0.9637408157894842,0.2889235359044252,0.1253652984047252,0.0387979861075163,0.08010727155485085,False,True,False,False,0,0
1.752838983021346,0.1690854788048892,-0.26310189938200224,0.07375295740784904,-0.4092156727411572,-0.9022204639055579,0.9637408157894842,0.2889235359044252,0.1253652984047252,0.03176571646022636,0.06421615385327117,False,True,False,False,0,0
1.637516099017111,0.126235308062841,-0.26310958061137496,0.027238409590683986,1.4550323773881637,-0.8894009572280441,0.9637408157894842,0.2889235359044252,0.1253652984047252,0.07754034916372042,0.07999869939261317,False,True,False,False,0,0
1.5678374002755417,0.1568476416131932,-0.2631105091116288,0.06226112794713782,1.374496861622577,-0.8723082816580259,0.9637408157894842,0.2889235359044252,0.1253652984047252,0.04311964588252845,0.10082712792920999,False,True,False,False,0,0
0.3737570461584744,1.4745942730449433,-1.137453875427205,-1.3813315443079508,-0.4092156727411572,0.21734978593063822,-0.7896609061139822,-0.18691845322168543,-0.2806416173634731,1.171989011416547,0.07475140923169488,False,True,False,False,0,0
0.37368866667001344,1.493076001086064,-1.137453875427205,-1.378048164462033,-0.4092156727411572,0.22482783149252109,-0.7896609061139822,0.645805027749008,-0.2806416173634731,1.170083304811198,0.07473773333400269,False,True,False,False,0,0
0.3376479604243741,1.493076001086064,-1.1374529216042168,-1.374217554641796,0.48562339132091675,0.28144731931820677,-0.7896609061139822,0.645805027749008,-0.2806416173634731,1.1678548328703264,0.06820406901726499,False,True,False,False,0,0
-1.4259458353414376,-0.8793816902560706,1.7183915003068841,1.882348022534106,-0.4092156727411572,2.621007287964456,-0.9958432271541372,0.05100254134136989,-0.5461920865956464,-2.0220007386935244,0.023530395493178792,False,False,True,False,0,0
1.0560593715874576,0.2532764922968026,-0.6994964278273187,-0.5747145621608695,1.5296022993933367,-0.7272876123686521,0.9858926354053686,0.46736428182671663,0.09683508270209412,0.6101735631550996,0.19094669906079034,False,True,False,False,0,0
0.9503399666002483,0.04817385750944323,-0.6994968962979012,-0.5916786913647768,1.4759119555496119,-0.7482902374753121,0.8103820646025921,1.002686519593591,0.3228821763460124,0.6242508358646542,0.19214592164407293,False,True,False,False,0,0
1.1065163603313535,0.20429675861623905,-0.6994971031002304,-0.5539198231367252,-0.4092156727411572,-0.7558644293372765,0.8103820646025921,1.002686519593591,0.3228821763460124,0.592813374032329,0.17872477854171143,False,True,False,False,0,0
1.0344349478400743,0.06960249099468964,-0.6994902659619976,-0.5867536215959006,1.4401183929871293,-0.7443375562497453,0.8103820646025921,0.8242457736712995,0.3228821763460124,0.6201719798488697,0.1951412254746716,False,True,False,False,0,0
1.529393980280192,1.8298116701399374,-0.5604625465886004,-0.21682615895585472,-0.4092156727411572,-0.5625035369514448,2.156531102798645,-0.7222406909885597,-1.4108770855830566,0.3003211640208998,0.09419585022650918,False,True,False,False,0,0
1.52870589828032,1.860304089411366,-0.5604625465886004,-0.2190150788531337,2.6034091762678253,-0.5518206147201834,2.156531102798645,-0.7222406909885597,-1.4108770855830566,0.30233915702105124,0.09794931270463328,True,False,False,False,0,0
0.8566341303615851,-0.48601136294420155,-0.24969055730629072,0.0474859186405084,-0.4092156727411572,-0.8840594961124134,1.2704583181632685,0.645805027749008,-0.2696684574778452,0.05809314385478125,0.18086798551236621,False,True,False,False,0,0
0.8556288018321772,-0.48144359208412335,-0.24969055730629072,0.04912760856346722,0.72424714173747,-0.8616253594267644,1.3045380406492444,0.645805027749008,-0.313561097020353,0.05647835904849978,0.18200233623637585,True,False,False,False,0,0
0.6644115278723984,-0.29468905002411,-0.6193640704193729,-0.47621316678334247,1.0553375954404371,-0.776161981576673,0.605903729686736,-1.7334049178815445,0.5862380136010593,0.5294381661703309,0.1343690250188111,False,True,False,False,0,0
1.1401543528272835,0.9803194141176658,-1.3724062221624707,-1.6325101025206443,-0.4092156727411572,-0.5721181669595802,0.8103820646025921,-0.18691845322168543,0.3228821763460124,1.2975156416991136,0.17199718004252543,False,True,False,False,0,0
0.20077194525603745,0.7001358487458088,-1.0221640669300451,-1.1230389964291025,0.5930040790083658,0.029330354660437426,-0.27164912432714666,1.3595680114381739,0.38652650368264974,1.0137678308555609,0.04097800582760804,False,True,False,False,0,0
0.20069327669094308,0.6940940954218733,-1.0221640669300451,-1.1219445364804632,-0.4092156727411572,0.02505718576793286,-0.3142487774346167,1.3595680114381739,0.331660704254514,1.013033272285007,0.04013865533818861,False,True,False,False,0,0
-0.22458705700760517,1.5083821678612401,1.5596854841898635,1.3843687459032763,-1.2443987991990926,1.712958898307236,-0.9617635046681612,1.1216470168751187,-0.5022994470531387,-1.3840265458774843,0.12312625081934475,False,False,True,False,0,0
0.07575216170605896,1.6752193857106592,2.157654419263682,2.298242803016998,-0.4092156727411572,0.8690080420375845,0.622943590929724,-1.0791221828331428,0.5642916938298075,-2.576852947634341,0.015171994943874646,False,True,False,False,0,0
0.07580253531041087,1.699585244812697,2.157654419263682,2.298242803016998,-0.5285275479494338,0.8690080420375845,0.7166628277661581,-1.0791221828331428,0.4435869350879079,-2.576852947634341,0.015185313667404632,True,False,False,False,0,0
-0.27264133200179136,-1.0630538503683393,0.6517008654950519,0.2899087972640888,-1.6321623936259912,-0.9150399705830715,-2.052314624219394,-0.42483944778474064,-1.9068639124133968,-0.15867097315231088,0.05798175945281776,False,False,True,False,0,0
-0.15250564451632562,-0.4936644463317897,-0.19197258852864435,-0.3257249238454546,-0.9699814862200564,-0.44285480796131704,-1.2514411457989574,0.16996303862289747,-0.8753868831644571,0.4108076349912141,0.0,False,False,True,False,0,0
-0.15250564451632562,-0.4324397792310854,-0.1919727446855052,-0.3251776938711347,-0.4092156727411572,-0.3926450734743884,-1.2514411457989574,0.16996303862289747,-0.8753868831644571,0.4103174279513671,0.0,False,True,False,False,0,0
-0.11647458428002982,-0.5013474360515912,-0.1919746860951269,-0.3394056732034442,-0.4092156727411572,-0.4834499124401105,-1.1151222558550533,-0.18691845322168543,-0.6998163249944258,0.42303860324222875,0.0,False,True,False,False,0,0
-0.3447227444930709,-0.4355010125861205,-0.1919787799371551,-0.3667671719194241,-1.065430986386678,-0.13518664770098834,-1.4218397582288376,-0.5437999450662683,-1.094850080876996,0.44736142898029774,0.0,False,True,False,False,0,0
0.854231416611876,-0.519684929849589,0.15397355445668695,0.5005923373771325,0.5333481414042278,-0.8744448661042782,0.43550511725685587,0.05100254134136989,0.8057012113135984,-0.3972197319265803,0.2717205867026512,False,True,False,False,0,0
0.686041454132224,1.4609330508581941,-1.109375310273337,-1.159703404708515,2.164938034877409,-0.08177203654468136,0.5207044234717959,0.2889235359044252,0.6959696124573309,1.035425585418355,0.14023317289888956,False,True,False,False,0,0
0.40011346983859264,-0.26713808789876803,1.0280431206586207,0.8371387715836829,0.28875879722726094,-0.6586498370327977,1.0489401220044243,-0.5437999450662683,0.015633699548453655,-0.7448885655007799,0.24788781023879047,False,True,False,False,0,0
-0.07810490266722159,-0.8250606070477754,2.4665643434914544,2.4563922655953605,-0.9431363142981947,-0.7499888221100827,0.6876950636530784,-1.1980826801146702,0.48089567869904054,-2.7906461477870756,2.380391359131373e-05,True,False,False,False,0,0
-0.07802151827533735,-0.824124587007841,2.4665643434914544,2.459128415466959,-0.4092156727411572,-0.7537278448910242,0.691103035901676,-1.1980826801146702,0.4765064147447918,-2.7945460264697486,2.3921877324384334e-05,False,True,False,False,0,0
0.9287155428528642,-0.45999087942640227,-0.0554139074870932,0.2641889884710678,1.228339814492438,-0.8691034049886475,1.3215779018922325,0.4078840331859528,-0.3355074167916089,-0.15414546151447964,0.24033267895285837,True,False,False,False,0,0
0.8326069928644922,0.6359306616762042,-0.7080033471530848,-0.7334112547135517,0.8435590169457464,-0.3702109367887395,0.02654844742514355,0.2889235359044252,0.7705870996795962,0.7385565903420831,0.16769392726803078,False,True,False,False,0,0
0.6355844653883286,0.12929654141787636,-0.5063283651066599,-0.3870146809692488,0.6049352665291934,-0.5614352447283187,0.17990719861203566,0.5268445304674804,0.9681039776208794,0.4554331991830145,0.127963308265208,False,True,False,False,0,0
0.44817279291100215,-0.32835784515988803,-0.33961665098272353,-0.26279347679870074,0.2469996409043642,-0.6586498370327977,0.708142897144664,-0.662760442347796,0.4545600949735359,0.34934706002695176,0.0900021253350019,True,False,False,False,0,0
-0.22458705700760517,-0.8181551819655222,-0.3750051720214752,-0.26279347679870074,0.48562339132091675,-0.6800156814953205,0.28214636606996374,0.46736428182671663,1.0032180892548856,0.34824300475842257,0.000684243161745335,False,True,False,False,0,0
0.7605255803732127,-0.9712168497172828,0.0003039155869013024,0.1257398049682102,0.2469996409043642,-1.0218691928956856,-0.024571136303820486,-1.6144444206000168,0.7047481403658324,-0.011747906853126686,0.17759613212509626,False,True,False,False,0,0
-0.29666846949888426,0.2838888258471545,0.6629504901615745,0.7167481772333718,-0.6478394231577098,0.5912520640247877,0.4525449784998439,0.3484037845451889,0.7837548915423466,-0.6195828068385316,0.14336529986268337,False,True,False,False,0,0
1.1401543528272835,-0.4630521127814375,0.07414036600083798,0.3282148954664603,0.6377460322114695,-0.9278594772605853,0.32645000530173257,-0.5437999450662683,0.9461576578496275,-0.2165472164956609,0.238509166663792,False,True,False,False,0,0
1.1401543528272835,-0.44315409597370864,0.07414036600083798,0.3336871952096564,-0.4092156727411572,-0.9235863083680806,0.33326594979892776,-0.5437999450662683,0.9373791299411219,-0.22226651390754598,0.2387181041618259,False,True,False,False,0,0
0.41452972875771454,-0.828871593066409,0.4831031563327628,0.6073021823694529,-0.4092156727411572,-0.9083343002985087,0.605903729686736,-1.7334049178815445,0.5862380136010593,-0.5033947603027839,0.20438735500943095,False,True,False,False,0,0
0.40011851791681596,-0.8334613487406983,0.48310758781124713,0.6018298826262568,0.42596745371677874,-0.9043570483518102,0.674063174658688,-1.6144444206000168,0.4984527345160437,-0.4973672871021973,0.20100463363076915,False,True,False,False,0,0
-0.36635089588717656,-0.591627197128875,1.2476403522412987,0.968473965420385,-1.8946485190841997,-0.33816217009495525,-1.6160941763989007,0.3484037845451889,-1.3450381262692928,-0.8903406990398067,0.193694793084077,False,False,True,False,0,0
-0.44083129448144287,-0.6191750138882333,1.2476422936509202,0.9465847664476017,-1.6530419717874396,-0.22065002555107974,-1.4644394113363075,0.7647655250305355,-1.149715880305132,-0.8647292449772844,0.18931695328952036,False,False,True,False,0,0
0.3760913804197226,0.5287874942499716,-0.8444789569651062,-0.8319126500910785,1.4102904241850607,-0.17791833662603404,0.11174775364008362,1.1811272655158822,0.8803186985358638,0.8106270826808514,0.0771808808269028,False,True,False,False,0,0
0.5923356178935608,1.6614438356130004,-1.1715826748488254,-1.3900872238970645,-0.4092156727411572,0.12120348584928542,0.06914810053261358,-0.42483944778474064,0.825452899107728,1.175986045105487,0.11846951707474998,False,True,False,False,0,0
0.7845527178703056,1.0645033313811338,0.43808967504893975,0.8973340687588381,1.2671161739351284,-0.29222560450053114,1.0659799832474124,-1.6144444206000168,-0.006312620222798243,-0.8326918034374807,0.33817413878870156,False,True,False,False,0,1
0.0877657304546054,0.6206244949010279,-0.22913229554936013,-0.01653998835488358,0.8137310481436771,0.16393517477433112,1.0864278167389978,-1.0791221828331428,-0.03264820394830294,0.12123686448737958,0.018720933772593054,False,True,False,False,0,0
-0.6090212569610948,-1.0676457004008921,0.7372798898011906,0.6729697792878042,-1.2145708303970233,-0.7868449038079345,-0.5528068348364489,0.645805027749008,0.02441222745695522,-0.5682592775994426,0.13459395585756084,False,False,True,False,0,0
0.9287155428528642,2.4879768414725083,-0.8193417117972045,-0.952303244441389,0.008375890487811061,0.057105952461717124,-0.638006141051389,0.16996303862289747,-0.08531937139931232,0.9008648122882094,0.18575474175180592,False,False,True,False,0,0
1.1449597803267024,0.03899015744433743,-0.8966247973579861,-0.8209680506046866,2.0366777690285116,-0.7868449038079345,0.639983452172712,1.002686519593591,0.5423453740585515,0.800656491608353,0.1738589154796385,True,False,False,False,0,0
-0.4888855694756295,-0.5732565135627051,-0.8014758053445374,-0.9906093426437605,-0.17059192232460407,-0.10313788100720421,-0.740245308509317,0.5268445304674804,-0.21699729002683577,0.9289691481939052,0.0,False,False,True,False,0,0
-0.3687498819901638,0.1155209913202178,-1.0164139492670712,-1.2915858285195372,-0.34955973513701866,0.5912520640247877,-1.2514411457989574,-0.7817209396293235,-0.8753868831644571,1.1222271739710927,0.0,False,False,True,False,0,0
0.14783357419733803,-0.8258082653531102,0.17953316367854844,0.28443649752089273,0.25893082842519166,-0.8370546382948632,0.11515572588868121,0.0034183424287587915,0.8847079624901165,-0.1677332588136175,0.0868176265006711,False,True,False,False,0,0
-0.7147437893988897,-0.8074430669742717,1.9525799445605734,1.7756381775417858,-0.4092156727411572,-0.23026465555921502,-0.13533023438324257,0.0450545164772935,0.562097061852681,-1.8733762164950714,0.04487236449164285,False,True,False,False,0,0
-0.7964329294384213,-0.8013183985128286,1.9525803666061439,1.9042372215068906,-1.1250869239908161,-0.09245495877594279,-0.2972089161916287,0.11048278998213368,0.3536070240257659,-2.0439167841251833,0.019152555698621888,False,True,False,False,0,0
0.7364928160373356,0.27010567318421247,-1.2005208202149729,-1.4065041231266522,1.6041722213985095,-0.5945523036452292,0.19694705985502367,-0.5437999450662683,0.9900502973921353,1.184494797614759,0.14953339731765997,False,True,False,False,0,0
0.9006435121041866,-0.4184043185457365,-0.17948597783984246,0.010821510361095741,-0.4092156727411572,-0.8541473138648814,1.1341394282193644,-0.18691845322168543,-0.09409789930781388,0.09618882952962059,0.18233226165568087,False,True,False,False,0,0
0.8518287028621667,-0.34060277858002896,-0.17947252302707292,0.106586755867025,1.0702515798414722,-0.8370546382948632,1.3130579712707384,-0.5437999450662683,-0.3245342569059809,0.0017720752516643915,0.1932150025320069,False,True,False,False,0,0
0.8998829778563525,-0.4171336124559093,-0.17947252302707292,0.010821510361095741,-0.4092156727411572,-0.8712399894348998,1.1341394282193644,-1.5549641719592533,-0.09409789930781388,0.09618924929446186,0.18218015480611405,False,True,False,False,0,0
0.1838742804429778,-0.772236681639994,0.1503027095506662,0.2899087972640888,-0.0811080159183968,-0.8082107482704574,0.40312938089517864,0.05100254134136989,0.8473992188789838,-0.1743136521751172,0.0947705694832927,False,True,False,False,0,0
1.193014055320889,-0.6497873474385855,-0.3565157776483485,-0.09315218475962708,1.1418387049664382,-0.9577716595081172,0.4764007842400271,1.4785285087197015,0.7530300438625891,0.19082290541790434,0.16299956618819395,False,True,False,False,0,0
-0.22459102901989694,-0.2885666139909053,-0.1543268285068611,-0.31204417448746463,-0.9640158924596427,-0.17791833662603404,-1.4661433974606064,0.645805027749008,-1.1519105122822584,0.39970494047080124,0.0,False,True,False,False,0,0
0.35205927844315366,0.08643259247702176,-0.45029261510483604,-0.3667671719194241,0.4498298287584343,-0.4556743146388308,0.04358830866813156,-0.5437999450662683,0.7925334194508481,0.4393025233725027,0.07103812810772386,False,True,False,False,0,0
-1.239049682043935,-1.0454259697831665,-0.14399333815898877,-0.21354277910993763,-1.1414923068319545,0.0036913413054100136,-1.1031943529849617,1.270347638477028,-0.6844539011545491,0.31028507931598215,0.0,False,True,False,False,0,0
-1.305808244376795,-1.0508089169481984,-0.14399051045367015,-0.24090427782591747,-1.0356030175846087,0.27076439708694533,-1.2344012845559693,0.8837260223120633,-0.8534405633932052,0.3354489886428782,0.0,False,False,True,False,0,0
0.02769788671187275,-0.36815387877534594,-0.09526471633672981,0.17499050265697438,0.06504903121174219,-0.4343084701763079,0.3468978387933182,1.4785285087197015,0.9198220741241228,-0.06428828403499516,0.04064003129073603,False,True,False,False,0,0
0.7845527178703056,-0.4048886790357684,-0.1422044136017203,0.2242412003457375,1.5892582369974753,-0.8188936705017188,0.8274219258455802,0.7647655250305355,0.3009358565747565,-0.11584096667996359,0.20399472717679698,True,False,False,False,0,0
-0.10925679702155827,0.14307209151553466,-0.4468344581139318,-0.4105455698649914,-0.4092156727411572,0.09983764138676257,0.11174775364008362,-0.4843196964255045,0.8803186985358638,0.47793825219217173,3.868042701271613e-06,False,True,False,False,0,0
-0.10897213256802833,0.06317913094537718,-0.44683694818279424,-0.4160178696081875,-0.4092156727411572,0.06137912135422169,0.11174775364008362,-0.18691845322168543,0.8803186985358638,0.48272025609916963,3.868042701271613e-06,False,True,False,False,0,0
0.3953130904173971,0.02674522402419655,-0.4468344581139318,-0.4488516680673629,0.21418887522208804,-0.5069523413488856,-0.007531275060832474,-0.12743820458092156,0.7266944601370844,0.5112533760249639,0.079360102632399,False,True,False,False,0,0
0.0877657304546054,-0.8212164153205574,-0.17255193794409684,-0.24637657756911358,-0.5911662824337787,-0.8146205016092142,-0.5732546683280345,1.062166768234355,-0.0019233562685494724,0.3395690848802219,0.017553146090921068,False,False,True,False,0,0
0.21510955918919916,2.564507675348388,0.5185676455741023,0.9630016656771889,0.7152987510968493,1.2322273979004725,1.3045380406492444,0.4078840331859528,-0.313561097020353,-0.9066750729037265,0.2366608708101904,False,True,False,False,0,0
0.35686967042204815,1.6155253352874723,-1.0836667842219758,-1.2642243298035578,0.9569052983936093,0.39895946386208214,-0.22904947121967664,-2.566128398852238,0.44139230311078154,1.1032219750692982,0.07270296922106745,False,True,False,False,0,0
0.17906885294355895,2.01348567144205,-1.0130006979248076,-1.177761993861062,0.8733869857478157,0.9758372643501985,0.29237028281575655,-0.6032801937070321,0.9900502973921353,1.050274559458956,0.03703692818947144,False,True,False,False,0,0
0.49622706790518833,-0.23958207786386693,-0.30042592140445956,-0.0805658953502761,0.9151461420707125,-0.6479669148015362,-0.06035484491409531,1.4190482600789378,0.6586608688461982,0.18058076945683518,0.10051644988946924,False,True,False,False,0,0
-1.0174825944116779,-1.0921355672411739,0.5343932993326065,0.7878880738949192,-0.1407639535225348,-0.5411376924889221,0.708142897144664,0.5863247791082442,0.4545600949735359,-0.7040279706812712,0.15760212647497363,True,False,False,False,0,0
1.0728783678354232,-0.6038688471130573,-0.009995684501705534,0.12026750522501466,0.06803182809194906,-0.9470887372768557,0.622943590929724,-0.6032801937070321,0.5642916938298075,-0.0065956277722773425,0.20959387873070884,True,False,False,False,0,0
0.601946472892398,-0.3880518955830748,0.6052428488390242,1.0067800636227564,0.855490204466574,-0.7654790593454116,0.8103820646025921,-0.18691845322168543,0.3228821763460124,-0.9554192311172943,0.3202495133014473,True,False,False,False,0,1
1.6487451256723458,-0.4954576704643147,-0.18650202118982578,0.071016807536251,-0.4092156727411572,-0.9876838417556492,1.5601359592940647,-0.18691845322168543,-0.6427558935891676,0.03686154535129926,0.0845083390020401,False,True,False,False,0,0
0.10218201295286147,1.2022588323577188,-0.7734245380981326,-0.8756910480366461,0.31262117226891595,0.5912520640247877,-0.05865085878979651,0.7647655250305355,0.6608555008233247,0.8458696743195204,0.020870598663168007,False,True,False,False,0,0
-0.17653278201341896,0.4124606267586335,-0.15139513115988934,0.03818300907707561,0.9688364859144368,0.48442284171217354,0.563304076579266,-0.305878950503213,0.6411038130291952,0.07029878655476204,0.009001706283185862,False,True,False,False,0,0
1.2410683303150751,-0.527338013237177,0.5486976898342933,1.077919960284304,1.2611505801747147,-0.9470887372768557,2.156531102798645,-1.1386024314739065,-1.4108770855830566,-1.0415510071805887,0.3380285861906922,True,False,False,False,0,1
0.9215014575184232,-0.7416268797256775,0.02378589802953226,0.2915504871870477,0.6287976415708488,-0.9737960428550092,1.3028340545249457,-0.18691845322168543,-0.3113664650432306,-0.1799625204849647,0.24352881536624318,False,True,False,False,0,0
0.37128595292030425,0.26858265907197854,-0.4693362819249537,-0.3104024845645058,0.7570579074197461,-0.3274792478636938,1.0131564133941495,0.3484037845451889,0.061720971068087875,0.3884008854550414,0.07534372935002177,True,False,False,False,0,0
1.0848919365839693,0.06194940760710151,-0.117451018879671,0.20782430111614977,1.2044774394507831,-0.7868449038079345,0.5224084095960947,0.4316761326422583,0.6937749804802045,-0.0983141423510541,0.22627744091154375,True,False,False,False,0,0
1.2650954678121682,-0.4691745794915079,-0.4666219802510536,-0.5544670531110445,-0.5225619541890195,-0.9342692305993421,-1.0520747692559975,0.9432062709528272,-0.6186149418407854,0.6005369499627332,0.14698090643756637,False,False,True,False,0,0
0.44817279291100215,0.13082715809539405,-0.32416387448525374,-0.09315218475962708,0.664591204133332,-0.4663572368700922,1.6453352655090048,0.05100254134136989,-0.7524874924454352,0.19183222392248442,0.0906145536438605,True,False,False,False,0,0
0.3136208229272808,-0.7890734650926877,0.14440901198480174,0.24996100913875852,-0.39131889145991544,-0.8648302360961428,0.348601824917617,-0.008477707299393983,0.9176274421469964,-0.13326494276202194,0.11272843293535803,False,True,False,False,0,0
-0.4888855694756295,-1.0201965833978464,-0.3377871678461849,-0.2518488773123091,0.4826405944407099,-0.7782985660229254,0.006100613933557936,1.062166768234355,0.7442515159540875,0.33941798974849763,0.0006705453259213013,False,True,False,False,0,0
1.0007969553441434,-0.4783582795566136,-0.027671332811447298,-0.18508682044531855,-0.6150286574754342,-0.8936741261205488,-0.5476948764635524,-2.3876876529299467,0.03099612338833441,0.2875537556015423,0.19984060893117134,False,True,False,False,0,0
0.6644170303848403,-0.3742763454854164,0.42388488730175716,0.7112758774901762,0.48562339132091675,-0.776161981576673,0.622943590929724,0.16996303862289747,0.5642916938298075,-0.6208949750527611,0.2758346211100563,False,True,False,False,0,0
0.4721999304080955,0.2532764922968026,2.198945247597925,2.22710290635545,-0.46887161034529523,-0.4129426257137851,0.4525449784998439,-0.662760442347796,0.7837548915423466,-2.4763414670988366,0.09445565049762811,False,True,False,False,0,0
1.4092582927947268,-0.022234509656366704,0.4096104620355359,0.85355567081327,-0.4092156727411572,-0.8787180349967827,0.8785415095745441,-0.5437999450662683,0.23509689726099678,-0.7830402964452395,0.2888898854863523,True,False,False,False,0,0
0.6451898521716464,0.961940943828701,0.6632758872959917,1.2201997536073976,1.0404236110394027,-0.2847475589386481,2.071331796583705,-0.5437999450662683,-1.3011454867267849,-1.2095127454341865,0.28651474969518065,False,True,False,False,0,0
0.6163627553906541,0.5241956442174188,-1.4301023838455187,-1.817473833840667,-0.4092156727411572,-0.4375133468456864,-0.22904947121967664,-0.42483944778474064,0.44139230311078154,1.3749758813889106,0.12327255107813083,False,True,False,False,0,0
0.8566282977412685,0.4966358060275193,-1.4301023838455187,-1.825682283455461,2.266353128804444,-0.5796442856715038,-0.2972089161916287,0.2889235359044252,0.3536070240257659,1.378066146892391,0.1744733722271488,False,True,False,False,0,0
0.8686418450542385,0.5195949411399975,-1.4301028396547342,-1.815832143917708,2.3737338164918924,-0.5774596280752109,-0.03138708080101569,-0.305878950503213,0.6959696124573309,1.3743530859474906,0.1770252215337531,False,True,False,False,0,0
0.8205934241159454,0.4583791270841617,-1.4301024598137213,-1.8355324229932135,2.2365251600023752,-0.5721181669595802,-0.3312886386776047,-0.42483944778474064,0.30971438448325805,1.3817219148804711,0.16722496976763682,False,True,False,False,0,0
0.4241456554139088,2.2736905066200435,-0.5480959783212542,-0.48715776626973434,0.9032149545498851,0.6126179084873106,0.4695848397428319,0.2889235359044252,0.7618085717710946,0.5410346832121414,0.08609985053210875,False,True,False,False,0,0
0.98637461515202,-1.033973199865737,0.873209161622936,0.9794185649067766,-0.1884887036058453,-1.054986251812596,0.7558545086250305,-0.9006814369108511,0.39311039961402494,-0.9148618120473166,0.3931847992000122,True,False,False,False,0,1
0.6379817216403066,-1.0752996430296708,0.8732146482153451,0.935640166961209,-0.2004198911266728,-1.0539179595894699,0.759262480873628,-1.1861866303865174,0.3887211356597721,-0.863638933694142,0.3147506588722891,False,True,False,False,0,1
0.7869497190389261,0.5502071212578624,-0.41949426168465864,-0.14787518219158627,1.1209591268049894,-0.5304547702576606,1.3130579712707384,-0.5437999450662683,-0.3245342569059809,0.24056843525090907,0.1589922817425142,False,True,False,False,0,0
-0.3206994139543317,-1.0875445150479217,0.3691151896006137,0.727692776719764,0.6109008602896071,-0.9470887372768557,1.1341394282193644,-0.5437999450662683,-0.09409789930781388,-0.6410600203617137,0.14642628592364612,False,True,False,False,0,0
0.56590043347537,0.6956149767936426,0.4177770438137091,0.8371387715836829,1.037440814159196,-0.3274792478636938,0.708142897144664,-0.5437999450662683,0.4545600949735359,-0.7639277188072212,0.2820732427274659,False,True,False,False,0,0
0.04211416921012884,0.16909257503333408,-0.854693037959878,-1.0015539421301527,-0.4092156727411572,-0.12450372546972693,-0.740245308509317,0.05100254134136989,-0.21699729002683577,0.9350963172927559,0.008422833842025758,False,True,False,False,0,0
-0.0251618157817323,0.04970447418696063,-0.8546931181485364,-1.060107549382349,-0.10795318784025863,-0.05613302318965395,-0.825444614724257,-1.0196419341923788,-0.32672888888310736,0.9761217432050284,0.0,False,True,False,False,0,0
0.042148680488003805,0.15372645111869648,-0.8546911936207374,-1.002648402078792,-0.039348859595499455,-0.13518664770098834,-0.740245308509317,0.05100254134136989,-0.21699729002683577,0.9358730730969739,0.00842973609760076,False,True,False,False,0,0
0.15254189853602734,0.15219501574931454,-0.8546768440713598,-1.002648402078792,-0.051280047116327505,-0.18860125885729545,-0.740245308509317,-0.18691845322168543,-0.21699729002683577,0.9358735207759141,0.03050837970720548,False,True,False,False,0,0
0.022892459212453906,0.10021482454504184,-0.8546931181485364,-1.027820980897493,-0.09303920343922428,-0.14480127770912363,-0.791364892238281,-0.305878950503213,-0.28283624934059953,0.9536338191098366,0.004578491842490773,False,True,False,False,0,0
-0.0251618157817323,0.04970447418696063,-0.8546931181485364,-1.060107549382349,-0.10795318784025863,-0.05613302318965395,-0.825444614724257,-1.0196419341923788,-0.32672888888310736,0.9761217432050284,0.0,False,True,False,False,0,0
0.06614130670722171,0.17827627509843963,-0.854712717944804,-0.999365022232874,-0.01846928143405135,-0.14159640103974522,-0.774325030995293,0.16996303862289747,-0.2608899295693436,0.9335411891445932,0.013228261341444348,False,True,False,False,0,0
0.9815752453464688,-0.7707060649624765,0.30483781811828253,0.5629765544495662,-0.4092156727411572,-0.986615549532523,0.5207044234717959,-0.5913841439788793,0.6959696124573309,-0.4603079539574613,0.30892838364987757,False,True,False,False,0,1
0.9816699905938039,-0.7707259543589404,0.30483781811828253,0.5635237844238853,0.18436090642001876,-0.9770009195243877,0.5207044234717959,-0.5913841439788793,0.6959696124573309,-0.4609061377973368,0.3093128355086806,True,False,False,False,0,1
0.2511502654348385,-0.3742763454854164,-0.27205504748885695,-0.14787518219158627,-0.4092156727411572,-0.6276693625621395,0.622943590929724,-0.2463987018624492,0.5642916938298075,0.245168261308697,0.05025161568963057,False,True,False,False,0,0
0.34966152917292054,-0.30233736164208874,-0.2720553260389331,-0.04390148707086344,0.5512449226854691,-0.6436937459090317,0.8836534679474406,1.002686519593591,0.22851300132961758,0.1463240480695938,0.07072851061100162,False,True,False,False,0,0
0.15984714294588492,-0.3895825122605923,-0.2720724779708951,-0.1588197816779779,0.3364835473105715,-0.5518206147201834,0.622943590929724,-0.8412011882700874,0.5642916938298075,0.25542554880432183,0.03245832945199348,False,True,False,False,0,0
0.25114554960804814,-0.3467639645994384,-0.27205504748885695,-0.14896964214022548,-0.4092156727411572,-0.5806645047445893,0.5513761737091744,-0.18691845322168543,0.6564662368690718,0.24619531385649834,0.05024819528587785,False,True,False,False,0,0
-0.2197816295081863,0.09868420786752416,-0.520345004938767,-0.6951051565111803,-0.4092156727411572,0.13188640808054683,-0.825444614724257,-0.8412011882700874,-0.32672888888310736,0.7139891240476639,0.0,False,True,False,False,0,0
0.5921855688593206,0.3924955253763906,-0.7749303122825341,-0.7219194252528403,-0.4092156727411572,-0.4257621323912988,0.7507425502521341,-0.18691845322168543,0.3996942955454001,0.727384853746893,0.11846310001451735,False,True,False,False,0,0
0.5923356178935608,0.3757258264982111,-0.774926395699645,-0.7459975441229025,-0.4092156727411572,-0.480245035770732,0.759262480873628,-0.12743820458092156,0.3887211356597721,0.7463751572667472,0.11849340473069812,False,True,False,False,0,0
0.5995437591426888,0.4507260436965738,-0.774926395699645,-0.7306751048419537,1.3566000803413358,-0.4535377301925785,0.8052701062296957,-0.662760442347796,0.32946607227738756,0.7343092688555016,0.12182079226917207,False,True,False,False,0,0
0.40012280503208014,-0.35900581588550257,-0.17410092959485912,-0.13145828296199857,-0.4092156727411572,-0.6671961748178068,0.11685971201298001,-0.18691845322168543,0.886902594467239,0.23278468335039637,0.08002860599471695,False,True,False,False,0,0
0.40011851791681596,-0.36815387877534594,-0.1740976798439707,-0.12708044316744171,-0.4092156727411572,-0.6842888503878249,0.19694705985502367,-0.8412011882700874,0.9900502973921353,0.22865689255377855,0.0800305207193914,False,True,False,False,0,0
0.464991789158967,-0.3314190785149233,-0.1740976798439707,-0.08275481524755508,-0.3197317663349494,-0.7099278637428523,0.17309125411484044,-0.18691845322168543,0.9593254497123778,0.1866101802886444,0.09300434922169008,False,True,False,False,0,0
0.5467421470609113,0.32667751533443995,-0.5996176555207624,-0.539144613830096,-0.4092156727411572,-0.42469384016817263,0.5190004373474971,-0.18691845322168543,0.6981642444344572,0.5835252507768525,0.10936639412098623,False,True,False,False,0,0
0.640389892887747,0.3420522595928236,-0.5996190060665862,-0.5325778541382608,-0.4092156727411572,-0.5197718480263992,0.5377442847147839,-0.662760442347796,0.674023292686075,0.5779938389989971,0.1280965920868853,False,True,False,False,0,0
0.6403844311029008,0.31449333434066934,-0.5996178243389902,-0.5309361642153019,1.0225268297581616,-0.4946381368929105,0.5377442847147839,-0.662760442347796,0.674023292686075,0.5766092681237528,0.12951567588235793,False,True,False,False,0,0
0.3905076629179787,0.3145011593975067,-0.5996190060665862,-0.5495419833421681,0.9926988609560923,-0.3670060601193611,0.6485033827942059,-0.662760442347796,0.5313722141729236,0.5922600596313032,0.0795027283322512,False,True,False,False,0,0
0.3832995216688507,0.14001085816049957,-0.3243470422626039,-0.27647422615669065,-0.4092156727411572,-0.4460596846306955,0.8785415095745441,-2.2687271556484188,0.23509689726099678,0.36226529367087756,0.07669031421641374,False,True,False,False,0,0
0.38340305550247605,0.14148459983263223,-0.3243470422626039,-0.2742853062594125,0.4498298287584343,-0.3958499501437668,0.8785415095745441,-2.2687271556484188,0.23509689726099678,0.3602776525078526,0.07733578463419223,True,False,False,False,0,0
-0.6282429669587692,-0.8717267656786384,-0.10746263519433151,-0.22120399875041213,-0.4092156727411572,-0.4663572368700922,-1.4218397582288376,0.11048278998213368,-1.094850080876996,0.3184887469898203,0.0,False,True,False,False,0,0
-0.6281417910385388,-0.8732743340935781,-0.10745909001154408,-0.2190150788531337,-0.4092156727411572,-0.42362554794504653,-1.4218397582288376,-0.18691845322168543,-1.094850080876996,0.31647201248421064,0.0,False,True,False,False,0,0
0.8710504128598408,1.6461376688378246,-0.9835800700631145,-0.9785702832087297,-0.4092156727411572,-0.23987928556735028,1.3045380406492444,-0.5437999450662683,-0.313561097020353,0.9146788218985485,0.17425523792124642,False,True,False,False,0,0
0.5769663096721175,1.4470428838995566,-0.9835801122676715,-0.995534412412637,-0.4092156727411572,-0.010196457595229953,1.222746706682902,-0.7817209396293235,-0.2082187621183342,0.9267967870778426,0.11543558615410796,False,True,False,False,0,0
0.9623535353487943,1.9063425040158175,-0.9835801122676715,-0.9758341333371316,2.120196081674305,-0.16723541439477263,1.3045380406492444,-0.5437999450662683,-0.313561097020353,0.9127159923883924,0.19546057919914034,False,True,False,False,0,0
0.6163627553906541,1.4471575007605357,-0.9835805343132413,-0.985137042900565,1.9173658938202356,-0.01767450315711283,1.3045380406492444,-0.5437999450662683,-0.313561097020353,0.9193801827150005,0.1259807146132706,False,True,False,False,0,0
0.8710504128598408,1.8604240036902893,-0.9835791415628607,-0.9769285932857709,2.09633370663265,-0.16723541439477263,1.3045380406492444,-0.5437999450662683,-0.313561097020353,0.9135014304587427,0.1771668125137918,False,True,False,False,0,0
0.8326069928644922,1.7838931698144092,-0.9835799012448865,-0.9960816423869566,-0.4092156727411572,-0.10313788100720421,1.3045380406492444,-0.5437999450662683,-0.313561097020353,0.9271862128229128,0.16656655392217673,False,True,False,False,0,0
1.1906668597138481,-0.5151255385415319,-0.32557958414503163,-0.17031161113868967,-0.4092156727411572,-0.9342692305993421,1.137547400467962,-1.7334049178815445,-0.09848716326206668,0.2644965359346678,0.1619060031835879,False,True,False,False,0,0
1.1906113415711794,-0.49825629636434243,-0.32558954442048205,-0.16812269124141124,-0.4092156727411572,-0.9438838606074773,1.1341394282193644,-1.7334049178815445,-0.09409789930781388,0.2624528583930026,0.16191698884838854,False,True,False,False,0,0
0.40011851791681596,-0.35437832867768737,0.059228314287563866,0.13121210471140682,-0.4092156727411572,-0.6778790970490682,0.11174775364008362,-0.662760442347796,0.8803186985358638,-0.01538979036208596,0.10626999256834582,False,True,False,False,0,0
0.40012280503208014,-0.34371072552966486,0.059228314287563866,0.1476290039409945,-0.2004198911266728,-0.6372839925702748,0.11174775364008362,-0.18691845322168543,0.8803186985358638,-0.03186999248681973,0.10955422983731623,False,True,False,False,0,0
0.6404156155793307,-0.14473007586892642,-0.4286999196560034,-0.35746426235599077,-0.4092156727411572,-0.6629230059253023,0.605903729686736,-0.18691845322168543,0.5862380136010593,0.4317272434925014,0.12810409589986357,False,True,False,False,0,0
0.640389892887747,-0.17376556073060978,-0.4286999196560034,-0.3596531822532689,-0.4092156727411572,-0.714201032635357,0.605903729686736,-1.4360036746777256,0.5862380136010593,0.43367010690743113,0.12809895136154684,False,True,False,False,0,0
0.5466840566490838,2.2675680399099725,-1.1141904281806847,-1.273527239366991,-0.4092156727411572,0.32845217713575703,0.4525449784998439,-2.0902864097261276,0.7837548915423466,1.108048078231298,0.10935247574582577,False,True,False,False,0,0
0.5466840566490838,2.252261873134797,-1.1141908797694446,-1.273527239366991,1.2134258300914036,0.32738388491263076,0.4184652560138678,-2.3876876529299467,0.8276475310848543,1.108048064142578,0.11103660976139974,False,True,False,False,0,0
0.6572088891357123,2.3670581239486173,-1.1141901496306088,-1.2549214202401247,1.2402710020132655,0.22803270816189963,0.5530801598334731,-2.0902864097261276,0.6542716048919455,1.0964606364438712,0.13318352078718457,False,True,False,False,0,0
0.5467421470609113,2.278135521858846,-1.1141904281806847,-1.273527239366991,-0.4092156727411572,0.43955456834087553,0.5530801598334731,-0.18691845322168543,0.6542716048919455,1.108048078231298,0.10936757375831703,False,True,False,False,0,0
0.0877657304546054,2.6059397442584573,1.1371904357264413,1.4303360637461222,-0.4092156727411572,1.5954467537633605,0.9296610933035082,-0.662760442347796,0.16925793794723304,-1.454761390980853,0.13151811268033642,False,True,False,False,0,0
0.5201620324241053,-0.8181715558028049,-0.051524546537389665,-0.060318386300451686,-0.4092156727411572,-0.9193131394755761,-0.39944808364955675,-0.18691845322168543,0.22192910539824243,0.16897762344086303,0.10403240648482107,False,True,False,False,0,0
0.5418786291496653,-0.8166245652880046,-0.05150973273788514,-0.07782974547867806,-0.450974829064054,-0.9396106917149727,-0.25460926308415865,-0.4843196964255045,0.4084728234539017,0.18573466791102083,0.10837572582993307,False,True,False,False,0,0
0.5202542054022813,-0.8258082653531102,-0.051509479510543216,-0.06086561627477075,-0.4092156727411572,-0.9406789839380989,-0.39944808364955675,-1.257562928755434,0.22192910539824243,0.1695028070541527,0.10405084108045626,False,True,False,False,0,0
0.8637743208337784,0.6465645058244175,-1.1982338101374383,-1.4546603608667763,-0.4092156727411572,-0.291157312277405,-0.22223352672248142,-0.6032801937070321,0.45017083101928307,1.211566790830594,0.17275486416675567,False,True,False,False,0,0
0.7461092978749566,0.6650123785490387,-1.1982339916170335,-1.451376981020859,1.0613031892008515,-0.4642206524238399,-0.16089002624772458,-0.7222406909885597,0.5291775821958011,1.2097549866253168,0.15069589178221468,False,True,False,False,0,0
0.7292903016269918,0.6466449784188274,-1.1982339662942991,-1.4573965107383744,1.0255096266383685,-0.41470530788194326,-0.22904947121967664,-0.7222406909885597,0.44139230311078154,1.213073319312489,0.14728237925128498,False,True,False,False,0,0
0.762928294122922,0.7262370456497428,-1.1982339662942991,-1.4453574513033431,1.0284924235185753,-0.4076011645981544,-0.22904947121967664,-0.7222406909885597,0.44139230311078154,1.2064221734948115,0.15401412052391575,False,True,False,False,0,0
0.6644170303848403,0.5440936610251479,-1.1982339139606486,-1.4683411102247659,-0.4092156727411572,-0.4663572368700922,-0.3381045831747999,-0.8412011882700874,0.3009358565747565,1.2190693414079625,0.13288340607696808,False,True,False,False,0,0
0.3521071140752698,0.16137881213111027,-0.47477632270769893,-0.5199915647289101,-0.4092156727411572,-0.4076011645981544,-0.3142487774346167,-0.18691845322168543,0.331660704254514,0.5712553598656741,0.07042142281505397,False,True,False,False,0,0
0.3520642429226293,0.19358244187361587,-0.47477632270769893,-0.5188971047802711,-0.4092156727411572,-0.4001231190362714,-0.3142487774346167,-1.0196419341923788,0.331660704254514,0.5703287667850261,0.07041284858452586,False,True,False,False,0,0
0.30400996792844354,0.19205182519609817,-0.4747750565709891,-0.5309361642153019,-0.21831667240791458,-0.3274792478636938,-0.15237009562623058,-0.18691845322168543,0.5401507420814251,0.5805041275710026,0.06080199358568872,False,True,False,False,0,0
0.29920454042902517,0.24868464226424955,-0.47477609480309124,-0.47621316678334247,-0.22428226616832833,-0.32534266341744156,-0.15066610950193177,-0.18691845322168543,0.5423453740585515,0.5339490389493957,0.05984090808580503,False,True,False,False,0,0
0.16465257044530376,-0.4400928626186734,0.33946813429065226,0.3501040944392441,-0.8834803766940561,-0.6223279014465088,-0.5442869042149548,1.1811272655158822,0.03538538734258318,-0.23118459011508724,0.10295133297690959,False,True,False,False,0,0
0.06379861257120839,-0.4814532237531132,0.3394703711321728,0.27896419777769665,-0.4092156727411572,-0.5539571991664357,-0.740245308509317,-0.18691845322168543,-0.21699729002683577,-0.15708144768780977,0.06855256206978103,False,True,False,False,0,0
0.022892459212453906,-0.4798888962341311,0.3394703711321728,0.27896419777769665,-0.4092156727411572,-0.5689132902902018,-0.740245308509317,-0.2463987018624492,-0.21699729002683577,-0.15708144768780977,0.06037133139803011,False,True,False,False,0,0
-0.2967477811312685,1.4776571437837072,-1.4197051224120296,-1.942789497959854,-0.4092156727411572,2.021695350790691,-2.103434207948358,-0.8412011882700874,-1.9727028717271566,1.4178560719373787,0.0,False,True,False,False,0,0
-0.04198081202969713,1.8910363372406418,-1.4197053883007387,-1.8836886607333378,-0.4092156727411572,1.3176907757505634,-2.103434207948358,-0.8412011882700874,-1.9727028717271566,1.39906278100709,0.0,False,True,False,False,0,0
-0.11406222452097667,1.8114442700097264,-1.419705553742602,-1.8968221801170082,0.3266403176058889,1.477934609219485,-1.933035595518478,-0.6032801937070321,-1.7532396740146174,1.4034462951884905,0.0004536671077859822,False,True,False,False,0,0
-0.2976052041840684,1.5084110628682095,-1.425392186466856,-1.9537340974462458,0.09785979689401834,1.9800319540887712,-2.103434207948358,-0.18691845322168543,-1.9727028717271566,1.4208842017130192,0.00013591638457501886,False,False,True,False,0,0
0.11179286795169872,0.0849086577698656,-0.7400729018298955,-0.83027096016812,0.05908343745132845,-0.25163050002173776,-0.36536836116358073,-0.5616440196584974,0.2658217449407502,0.8126350070785137,0.022440633920133225,False,True,False,False,0,0
0.20784568544163898,0.11393321068724559,-0.7400729440344527,-0.819326360681728,-0.4092156727411572,-0.25163050002173776,-0.38240822240656874,-0.18691845322168543,0.24387542516949834,0.8042860644024,0.041569137088327796,False,True,False,False,0,0
0.2079014179400707,0.09715359119000648,-0.7400689768060952,-0.8187791307074082,-0.4092156727411572,-0.3274792478636938,-0.39944808364955675,-0.18691845322168543,0.22192910539824243,0.8038678316629131,0.04158028358801413,False,True,False,False,0,0
-0.17653278201341896,0.08031680773731284,-0.7400695254653361,-0.8357432599113155,-0.039348859595499455,0.09983764138676257,-0.38240822240656874,-0.18691845322168543,0.24387542516949834,0.8167965631352758,0.0,False,True,False,False,0,0
0.25586137639844936,0.2945366359154031,-0.44367721961438855,-0.5013857456020439,-0.4092156727411572,-0.20889881109669217,-0.8424844759672451,-0.18691845322168543,-0.34867520865436324,0.5564311023796771,0.051172275279689886,False,True,False,False,0,0
-0.14770021701690725,0.28695005920218986,-0.44367367443160116,-0.5035746654993223,-0.43904364154322595,0.24405709150879165,-0.9106439209391971,2.4302124869719224,-0.4364604877393789,0.5582940584978646,0.0,False,False,True,False,0,0
0.25595569293425735,0.28848067587970727,-0.44367721961438855,-0.5013857456020439,-0.4092156727411572,-0.27406463670738673,-0.9106439209391971,1.597489006001229,-0.4364604877393789,0.5564311023796771,0.051191138586851474,False,True,False,False,0,0
-0.2582250495035353,0.22878662545652081,-0.4436766287505907,-0.5511836732651272,-0.4897511885067439,0.3968228794158299,-0.825444614724257,-0.7222406909885597,-0.32672888888310736,0.5985017561793072,0.0,False,True,False,False,0,0
0.6164077701009257,1.9689637631200458,-1.159347320549171,-1.3802370843593117,-0.4092156727411572,0.21734978593063822,-0.024571136303820486,-0.18691845322168543,0.7047481403658324,1.1706711973362047,0.12328155402018515,False,True,False,False,0,0
0.28959368543018743,1.6767500023881767,-1.1593483207971715,-1.4420740714574256,0.9509397046331955,0.4491691983490109,-0.05865085878979651,-2.3282074042891825,0.6608555008233247,1.2058113524115555,0.059239486675805836,False,True,False,False,0,0
0.23399708855204457,0.5977367598805134,-0.007019419142549053,0.1257398049682102,-0.4092156727411572,-0.07108911431341994,-0.09954652577296774,1.597489006001229,0.6081843333723153,-0.011976381116925507,0.07194737870405095,False,True,False,False,0,0
0.23185353092004438,0.4981019600152968,-0.0076820728918985635,0.1257398049682102,-0.4092156727411572,-0.06681594542091537,-0.4846473898644968,-0.18691845322168543,0.11219750654197488,-0.01199705466704056,0.0715186671776509,False,True,False,False,0,0
-1.7359323752563747,-1.165821832155945,2.0754758161144813,2.095767712518748,-0.4092156727411572,0.8049105086500159,-0.09954652577296774,1.597489006001229,0.6081843333723153,-2.2991304116273072,0.0,False,True,False,False,0,0
1.4813397052860058,0.25939895900687276,-0.8583165988300943,-0.8373849498342746,2.1410756598357543,-0.8370546382948632,0.4866247009858199,-1.257562928755434,0.7398622519998387,0.8143542156776122,0.10672261919035493,False,True,False,False,0,0
0.8234754373521701,0.14023248286395537,-0.8583168014119678,-0.9030525467526257,1.9054347062994081,-0.6746742203796897,0.622943590929724,-1.257562928755434,0.5642916938298075,0.8635756315132281,0.16736308716517942,False,True,False,False,0,0
1.4813397052860058,0.33133794285020035,-0.8583174091575885,-0.8324598800653982,-0.4092156727411572,-0.8242351316173495,0.622943590929724,-1.257562928755434,0.5642916938298075,0.8106116245635371,0.10375362154546172,False,True,False,False,0,0
1.4813332746131105,0.25321196011457053,-0.8583174091575885,-0.8351960299369962,-0.4092156727411572,-0.8199619627248449,0.4866247009858199,-0.18691845322168543,0.7398622519998387,0.8126916979765277,0.10375018913071768,False,True,False,False,0,0
0.14783357419733803,-0.636011797340927,-0.5890081473701547,-0.6458544588224163,-0.4092156727411572,-0.737703461544132,-0.05865085878979651,-1.9118456638038361,0.6608555008233247,0.6721381350325718,0.0295667148394676,False,True,False,False,0,0
0.14782607174562618,-0.6681775746243027,-0.5890081473701547,-0.6458544588224163,-0.4092156727411572,-0.7302254159822491,-0.05865085878979651,-0.18691845322168543,0.6608555008233247,0.6721381350325718,0.029565214349125225,False,True,False,False,0,0
0.3472588154232109,-0.636011797340927,-0.5890092024840795,-0.6004343709538903,0.2469996409043642,-0.8103473327167097,-0.05865085878979651,-0.18691845322168543,0.6608555008233247,0.6349335248551856,0.06979481814145386,False,True,False,False,0,0
0.29199639917989667,1.1869526655825424,-1.0757571733299667,-1.2209931618323095,-0.4092156727411572,0.17461809700559253,0.2310267823409997,-0.008477707299393983,1.0339429369346431,1.0762161944589,0.05840727660933831,False,True,False,False,0,0
0.29199639917989667,1.1946057489701305,-1.0757592540146266,-1.2204459318579903,1.299926939617404,0.18530101923685394,0.2310267823409997,-0.008477707299393983,1.0339429369346431,1.075866982001094,0.0602127306921403,False,True,False,False,0,0
0.2655665479330946,1.1486872486446025,-1.0757592540146266,-1.2346739111902996,1.2372882051330587,0.29213024154946815,0.11174775364008362,-0.008477707299393983,0.8803186985358638,1.0849110511959104,0.054835633469782756,False,True,False,False,0,0
0.08780645804961335,1.1715434399491753,-1.0757571437867768,-1.2516380403942071,1.299926939617404,0.6126179084873106,0.4184652560138678,-0.5437999450662683,0.8276475310848543,1.0956021193639442,0.019381230471402923,False,True,False,False,0,0
0.28238554418105943,1.2588916494258697,-1.0757592540146266,-1.2264654615755057,1.2372882051330587,0.33486193047451385,0.11174775364008362,-0.008477707299393983,0.8803186985358638,1.0797018991084595,0.058199432719375714,False,True,False,False,0,0
0.08051836210081159,1.1715434399491753,-1.0757578612642456,-1.2587520300603616,1.1597354862476794,0.6339837529498332,0.11174775364008362,-0.008477707299393983,0.8803186985358638,1.100055325931454,0.017718284193763114,False,True,False,False,0,0
0.23914162686884569,1.0001238111028135,-0.9378890790258804,-1.1082637871224732,-0.4092156727411572,0.24298879928566564,-0.39944808364955675,-0.18691845322168543,0.22192910539824243,1.0064473378942258,0.04782832537376913,False,True,False,False,0,0
0.23913669668629206,0.9879724975052535,-0.9378899653215771,-1.1082637871224732,-0.4092156727411572,0.14256933031180827,-0.39944808364955675,-1.257562928755434,0.22192910539824243,1.006447310243468,0.047827339337258405,False,True,False,False,0,0
0.27037197543251296,1.0014419242674086,-0.9378873486390437,-1.1164722367372675,0.23160840900249585,0.29747170266509876,-0.39944808364955675,-0.18691845322168543,0.22192910539824243,1.0119838491194433,0.05439607343233939,False,True,False,False,0,0
0.5202542054022813,-0.5441747966898706,-1.0245402678978732,-1.2352211411646192,-0.4092156727411572,-0.8220985471710972,-1.0810425333690772,-0.36535919914397685,-0.655923685451918,1.0868554297343285,0.10405084108045626,False,True,False,False,0,0
0.5212338112401058,-0.542652848514444,-1.0245418294664819,-1.231390531344382,-0.006538093913223865,-0.8082107482704574,-1.0810425333690772,-0.36535919914397685,-0.655923685451918,1.0844280912864668,0.10424676224802117,False,False,True,False,0,0
0.04932231045925643,2.016546904797085,-0.366123518434167,-0.47566593680902314,-0.788030876527435,1.3176907757505634,-1.1611298812111208,0.7647655250305355,-0.7590713883768103,0.5368693303564978,0.00986446209185128,False,True,False,False,0,0
1.440391323841901,-0.27329840937956906,-0.20414377924030222,0.009179820438136916,1.3178237208986454,-0.9171765550293238,0.7933422033596041,-2.1497666583668913,0.34482849611726835,0.09702015806052236,0.11561547083203426,True,False,False,False,0,0
1.4404935715409477,-0.31917414509478237,-0.20414377924030222,0.009727050412456525,-0.4092156727411572,-0.9396106917149727,0.7933422033596041,-2.1497666583668913,0.34482849611726835,0.09648669070205784,0.11387415656361846,False,True,False,False,0,0
0.5923999246225208,-0.37431535374482505,0.12167198217765718,0.19687970162975763,-0.4092156727411572,-0.7483863837753935,0.5547841459577719,-0.18691845322168543,0.652076972914823,-0.07971668343415718,0.15787512857845698,False,True,False,False,0,0
0.6764305991333868,-0.28703119486691264,0.12167033619993434,0.3336871952096564,-0.051280047116327505,-0.7665473515685379,0.7422226196306401,-0.008477707299393983,0.41066745543102806,-0.22078366827085308,0.20204925020192915,False,True,False,False,0,0
0.5923356178935608,-0.3727457288078987,0.12167198217765718,0.19469078173247972,-0.4092156727411572,-0.775093689353547,0.4525449784998439,-1.7334049178815445,0.7837548915423466,-0.07749234984748009,0.15742094434121712,False,True,False,False,0,0
0.09257115795402424,-0.3298884618374057,0.1855983805640331,0.35229301433652255,-0.4092156727411572,-0.5080206335720118,-0.05865085878979651,0.16996303862289747,0.6608555008233247,-0.23828210033743125,0.08897283445810938,False,True,False,False,0,0
0.09252228484001453,-0.3727839183754433,0.1855983805640331,0.26692513834266585,-0.30183498505370815,-0.495201126894498,-0.05865085878979651,0.16996303862289747,0.6608555008233247,-0.14944792545170496,0.07188948463653609,False,True,False,False,0,0
-0.008342819533767016,-0.26254132802663105,-0.5648756407678545,-0.6557045983601696,-0.4092156727411572,-0.38089385902000095,-0.05865085878979651,-2.0308061610853634,0.6608555008233247,0.6808858443677169,0.0,False,True,False,False,0,0
-0.008342819533767016,-0.26101071134911336,-0.5648756407678545,-0.6573462882831281,0.06206623433153532,-0.37768898235062254,-0.05865085878979651,-2.0308061610853634,0.6608555008233247,0.6822157463660147,8.62031032382582e-05,False,True,False,False,0,0
-0.33040163595367555,-0.2181956310887958,-0.5648535086981673,-0.6075483606200449,-0.1974370942464659,0.12227177807241167,-0.05865085878979651,-2.0308061610853634,0.6608555008233247,0.6415510266510588,0.0,False,True,False,False,0,0
-0.6690891007038274,0.06501064096213688,1.5793971225335115,1.0943368595138916,-0.4092156727411572,1.3176907757505634,-1.6774376768736576,-1.4360036746777256,-1.4240448774458068,-1.0289980380330577,0.1811326280972217,False,True,False,False,0,0
-0.6690837418097476,0.07413997025579498,1.5793971225335115,1.0943368595138916,-1.9304420816466827,1.4458858425257006,-1.6774376768736576,-1.4360036746777256,-1.4240448774458068,-1.0289980380330577,0.1811326280972217,False,False,True,False,0,0
0.4097293729156532,-0.5074399964294481,-0.3445324731835129,-0.41218725978795023,-0.4092156727411572,-0.7697522282379162,-0.3142487774346167,-1.7334049178815445,0.331660704254514,0.4825653005137222,0.08194587458313066,False,True,False,False,0,0
0.4241456554139088,-0.5043787630744129,-0.3445326040176395,-0.45432396781055895,-0.39728448522032916,-0.7708205204610424,-0.4420477367570268,-1.4360036746777256,0.16706330597010663,0.5191738202360177,0.08482913108278177,False,True,False,False,0,0
0.40976881437608226,-0.4761943324846702,-0.3445309495990053,-0.4160178696081875,-0.4092156727411572,-0.7344985848747536,-0.3142487774346167,-0.18691845322168543,0.331660704254514,0.48591201075359103,0.08195376287521645,False,True,False,False,0,0
-0.46480269948010405,-0.46002276025075856,0.05387800039298618,0.185935102143366,0.008375890487811061,0.057105952461717124,0.4525449784998439,-0.7817209396293235,0.7837548915423466,-0.07072047860065417,0.03721431802591526,False,True,False,False,0,0
0.4121320866653624,-0.3895825122605923,0.05387922432513904,0.31617583603142946,0.4826405944407099,-0.714201032635357,0.8018621339810981,1.002686519593591,0.3338553362316404,-0.20461916374053168,0.14635967439695316,False,True,False,False,0,0
-0.4648584319785362,-0.4737664295240607,0.05387800039298618,0.1864823321176856,-0.4092156727411572,-0.06040619208215852,0.4525449784998439,-0.7817209396293235,0.7837548915423466,-0.07127542211865617,0.03731213083954612,False,True,False,False,0,0
0.3760913804197226,1.9063425040158175,-0.13566397340449274,0.13121210471140682,0.9163392608227955,0.5378374528684806,1.0489401220044243,-1.1386024314739065,0.015633699548453655,-0.021470063024128776,0.1027696985133328,False,True,False,False,0,0
0.44813849598889005,1.9062086238168592,-0.13566312931335275,0.09290600650903479,-0.4092156727411572,0.4021643405314607,1.1682191507053403,-0.18691845322168543,-0.1379905388503217,0.016752440303067634,0.10824933729954016,False,True,False,False,0,0
0.44817279291100215,1.8910363372406418,-0.13566312931335275,0.09618938635495244,-0.4092156727411572,0.3028131637807296,1.0489401220044243,-1.1386024314739065,0.015633699548453655,0.013488966205449527,0.10890874392248845,False,True,False,False,0,0
0.8086848896913669,-0.37431535374482505,0.09901657598373687,0.3829378928984195,-0.4092156727411572,-0.8199619627248449,1.1000597057333883,-0.18691845322168543,-0.050205259765306064,-0.2732478097364833,0.23836263404325095,False,True,False,False,0,0
0.6884441678819336,-0.3589701787102403,0.0990110893913281,0.4048270918712033,0.47160424598394435,-0.776161981576673,1.0148603995184482,-0.305878950503213,0.0595263390909655,-0.2964143520333333,0.21934438627979402,False,True,False,False,0,0
0.808579855367399,-0.37733757884045144,0.09901657598373687,0.3840323528470587,-0.4092156727411572,-0.8381229305179894,1.0148603995184482,-0.305878950503213,0.0595263390909655,-0.2744037526335565,0.23855757007485826,False,True,False,False,0,0
0.9047162716049871,-0.6651195197200341,0.08472484684914862,0.42124399110079097,-0.4092156727411572,-0.9332009383762159,-0.10977044251876054,-0.18691845322168543,0.5950165415095608,-0.31430031748601206,0.26519205254115563,False,True,False,False,0,0
0.6644170303848403,-0.7278487979919834,0.08472484684914862,0.24448870939556244,-0.4092156727411572,-0.926791185037459,-0.14385016500473657,-0.06795795594015777,0.5511239019670531,-0.1295053101682849,0.18178114795608058,False,True,False,False,0,0
0.5227343015825059,0.6986044133764271,-1.0990278080125429,-1.2707910894953929,1.109027939284162,-0.23881099334422415,-0.39944808364955675,-1.0196419341923788,0.22192910539824243,1.1068247936868245,0.10608717689884029,False,True,False,False,0,0
0.5226569191519909,0.6221551115785456,-1.0990278080125429,-1.2686021695981144,-0.4092156727411572,-0.3306841245330723,-0.14385016500473657,-1.0196419341923788,0.5511239019670531,1.1054658114116245,0.10453138383039817,False,True,False,False,0,0
0.14053797579682487,1.1256485372126723,-0.7875022563651203,-0.8921079472662341,0.48562339132091675,0.48442284171217354,-0.05865085878979651,-0.960161685551615,0.6608555008233247,0.8576698128857038,0.028782072091755144,False,True,False,False,0,0
0.14062543294821045,1.110421831706662,-0.7875022563651203,-0.8921079472662341,-0.4092156727411572,0.35622777493703645,-0.05865085878979651,-0.960161685551615,0.6608555008233247,0.8576698128857038,0.02812508658964208,False,True,False,False,0,0
0.8086848896913669,2.3041554756348512,-0.03852849730249102,0.26801959829130506,-0.4092156727411572,0.10411081027926714,1.6112555430230286,-0.18691845322168543,-0.7085948529029273,-0.15756934861315589,0.2153966696817896,False,True,False,False,0,0
0.808579855367399,2.380833674046276,-0.03852849730249102,0.26856682826562467,-0.4092156727411572,0.0464230302304557,1.6453352655090048,-2.3876876529299467,-0.7524874924454352,-0.15813398789465685,0.21548628844919068,False,True,False,False,0,0
0.8326069928644922,-0.6038688471130573,0.18446303577636064,0.1142479755074995,-0.4092156727411572,-0.9043570483518102,-0.740245308509317,-0.960161685551615,-0.21699729002683577,0.005484446136466571,0.18937099367439839,False,True,False,False,0,0
0.8326927351697718,-0.6038958157862288,0.18446687639104692,0.10932290573862304,-0.4092156727411572,-0.8904692494511702,-0.672085863537365,-0.18691845322168543,-0.12921201094182014,0.010398600751259281,0.18840312818167898,False,True,False,False,0,0
0.44817279291100215,0.21807230871389763,0.38277680469929465,0.6833671487998768,-0.4092156727411572,-0.44499139240756935,0.4695848397428319,0.7647655250305355,0.7618085717710946,-0.5909234428696519,0.2263242425768502,False,True,False,False,0,0
0.4483528517520902,0.20731705737806755,0.38277680469929465,0.6762531591337219,0.5154513601229861,-0.4076011645981544,0.47128882586713067,0.7647655250305355,0.7596139397939682,-0.5829813231797917,0.22565342006054087,False,True,False,False,0,0
0.008476176714198268,-0.8640736822910505,-0.13049805121941768,-0.2425459677488763,-0.4092156727411572,-0.8381229305179894,-1.5922383706587175,0.3484037845451889,-1.3143132785895393,0.3373740337930364,0.0016952353428396627,False,True,False,False,0,0
-0.5777681866865284,-0.848785815686955,-0.13049805121941768,-0.24364042769751554,-1.0564825957460569,-0.8071424560473314,-1.5666785787942357,0.31271563536073055,-1.2813937989326594,0.33837641008632546,0.0,False,False,True,False,0,0
0.7701364353720499,0.2532764922968026,0.32805589546603525,0.694858978260588,0.6347632353312627,-0.6169864403308781,1.5090163755651007,-0.5437999450662683,-0.5769169342754039,-0.605481335723755,0.2939329315044172,False,True,False,False,0,0
-0.332709175744524,0.22266415874645037,0.328062817013382,0.6620251798014126,0.18436090642001876,0.6660325196436174,1.3045380406492444,-0.18691845322168543,-0.313561097020353,-0.5688341172548285,0.132706248124033,False,True,False,False,0,0
0.6644170303848403,0.22266415874645037,0.32805589546603525,0.6565528800582165,0.5065029694823654,-0.5304547702576606,1.3045380406492444,-0.5437999450662683,-0.313561097020353,-0.5627472610499277,0.264942613784393,False,True,False,False,0,0
0.7437065841252474,0.4109300100811158,0.32805589546603525,0.6664030195959689,-0.4092156727411572,-0.5518206147201834,1.3045380406492444,-0.5437999450662683,-0.313561097020353,-0.5737082690729671,0.28206707609352155,False,True,False,False,0,0
0.7437065841252474,0.22266415874645037,0.32805589546603525,0.6674974795446081,0.5512449226854691,-0.6127132714383735,1.3045380406492444,-0.5437999450662683,-0.313561097020353,-0.5749273468458587,0.28305158603142366,False,True,False,False,0,0
0.2655665479330946,-0.33294969519244094,-0.1959648737314866,-0.06305453617204919,-0.4092156727411572,-0.6330108236777703,0.11174775364008362,-0.6032801937070321,0.8803186985358638,0.16709423503482018,0.0531171776293202,False,True,False,False,0,0
0.2655073857424515,-0.343701093860675,-0.1959648737314866,-0.0641489961206884,0.2082232814616743,-0.5849376736370938,0.2190988794709081,-0.5794880942507267,1.0185805130947623,0.16814290330346765,0.053398260050813634,False,True,False,False,0,0
0.9767698178470509,2.1543024057736697,-0.5375455987549941,-0.19055912018851462,-0.4092156727411572,-0.16723541439477263,0.708142897144664,0.2889235359044252,0.4545600949735359,0.27673091456608595,0.19537847526539995,False,True,False,False,0,0
0.7124657214113952,2.028775420941116,-0.5375450500957532,-0.202598179623546,2.0847007987998425,0.057105952461717124,0.708142897144664,0.3484037845451889,0.4545600949735359,0.28789125739652166,0.14541307375437967,False,True,False,False,0,0
0.977811586856203,2.184770938506004,-0.5375455987549941,-0.19220081011147344,2.1828348161586506,-0.11382080323846562,0.7234787722633532,0.2889235359044252,0.43480840717940633,0.2782548092630002,0.19861907492647182,True,False,False,False,0,0
0.5202542054022813,0.9665438640200071,-0.8274624594264836,-0.6890856267936649,-0.4092156727411572,-0.18860125885729545,1.0489401220044243,-0.9006814369108511,0.015633699548453655,0.6995900455650429,0.10408714914975377,False,True,False,False,0,0
0.5212338112401058,1.1196590838513514,-0.8274624594264836,-0.6907273167166231,2.663065113871964,-0.09245495877594279,1.0489401220044243,-0.9006814369108511,0.015633699548453655,0.7009049255045564,0.10798177186436303,True,False,False,False,0,0
0.25595569293425735,1.629300885385131,-0.03803554807681079,0.29921170682752163,-0.4092156727411572,0.5164716084059577,0.674063174658688,0.2889235359044252,0.4984527345160437,-0.18984046818667422,0.1110568120110148,False,True,False,False,0,0
0.25586137639844936,1.6307332590389523,-0.03803554807681079,0.29647555695592415,1.4102904241850607,0.5869788951322832,0.6842870914044809,0.2889235359044252,0.48528494265329336,-0.18700002198178733,0.11244980932098994,True,False,False,False,0,0
0.8422178478633294,0.017561523959091024,-0.8608030465416997,-0.8357432599113155,1.8159507998932007,-0.723067858087304,0.5956798129409432,1.4785285087197015,0.5994058054638137,0.8130299044527489,0.17098634235420468,False,True,False,False,0,0
1.2170411928179814,0.19817429190616861,-0.8608007252910651,-0.6923690066395822,-0.4092156727411572,-0.7879131960310608,0.605903729686736,1.7759297519235206,0.5862380136010593,0.7011789710591307,0.15661273422040117,False,True,False,False,0,0
1.2170411928179814,0.20735799197127414,-0.8608007252910651,-0.6951051565111803,1.7682260498098898,-0.7654790593454116,0.57182400720076,1.7759297519235206,0.6301306531435672,0.7033675461822282,0.15906742409669528,True,False,False,False,0,0
0.5202542054022813,0.39562384330593986,-0.7145859919073055,-0.6671964278208808,-0.4092156727411572,-0.42469384016817263,0.7933422033596041,-0.12743820458092156,0.34482849611726835,0.6855090316237797,0.10407830186977296,False,True,False,False,0,0
0.5201620324241053,0.3909448266690292,-0.7145859919073055,-0.6677436577952004,1.1716666737685069,-0.38089385902000095,0.7933422033596041,-0.12743820458092156,0.34482849611726835,0.6859506967952215,0.10568718209881628,True,False,False,False,0,0
1.625495372929631,0.08490198345668099,-0.9991742740310684,-0.9139971462390176,2.4948353698282935,-0.873376573881152,1.0489401220044243,0.5863247791082442,0.015633699548453655,0.867260492969591,0.07840228260813285,False,True,False,False,0,0
0.3760913804197226,1.4471575007605357,-1.1890337527108066,-1.4086930430239306,1.0642859860810583,0.20025711036061994,-0.22904947121967664,-0.5437999450662683,0.44139230311078154,1.1861001868341827,0.0766964510646127,False,True,False,False,0,0
0.3760913804197226,1.4517493507930885,-1.1890336260971357,-1.403767973255054,-0.4092156727411572,0.20025711036061994,-0.22904947121967664,-0.5437999450662683,0.44139230311078154,1.183291799323136,0.07521827608394452,False,True,False,False,0,0
0.37547189226407457,1.4470573314030417,-1.1890336260971357,-1.4065041231266522,-0.4092156727411572,0.3028131637807296,-0.22904947121967664,-0.5437999450662683,0.44139230311078154,1.184853176456659,0.07509437845281491,False,True,False,False,0,0
0.4241405666080908,1.3047973611584218,-1.1890346221246806,-1.4420740714574256,1.1865806581695417,0.07313033580860914,-0.02968309467671689,-1.1386024314739065,0.6981642444344572,1.2048851956685853,0.08647614201352032,False,True,False,False,0,0
0.3626105464720718,1.5084110628682095,-1.1721648445079889,-1.4065041231266522,0.9926988609560923,0.27076439708694533,-0.22904947121967664,-0.18691845322168543,0.44139230311078154,1.185379450701541,0.0739008577124089,False,True,False,False,0,0
1.2891226053092615,0.003785973861432466,-0.8450051211771399,-0.811117911066934,-0.4092156727411572,-0.8498741449723769,0.7933422033596041,-2.6256086474930016,0.34482849611726835,0.7947279577844341,0.14220293972746442,False,True,False,False,0,0
1.1449597803267024,0.05429632421951367,-0.21733232345964681,0.12026750522501466,1.1901600144257896,-0.7782985660229254,1.6453352655090048,-0.36535919914397685,-0.7524874924454352,-0.013064140778228804,0.1967714967222842,False,True,False,False,0,0
-0.037175384530278736,2.016546904797085,1.6803208796712183,1.6634560328062693,-0.4092156727411572,1.5206662981445307,-0.05865085878979651,0.46736428182671663,0.6608555008233247,-1.7353663588195598,0.06730879343874614,False,True,False,False,0,0
-0.13040770888803319,2.120503627171415,1.6977450310258375,1.6579837330630733,-1.0952589551887468,1.659544287150929,-0.05865085878979651,-0.18691845322168543,0.6608555008233247,-1.7277308045933641,0.06840325338738533,False,True,False,False,0,0
-0.13088122076894196,-0.42325607916597974,-0.4682551531111945,-0.8373849498342746,-1.468108565214611,-0.3520499689955951,-2.54135864189315,-1.317043177396198,-2.536723289848387,0.8265233988351777,0.0,False,True,False,False,0,0
-0.2483033786480582,-0.4049199819599853,-0.4546873756245321,-0.8592741488070581,-1.542678487219784,-0.33816217009495525,-2.5294307390230584,-0.18691845322168543,-2.5213608660085103,0.843494773441798,0.0,False,False,True,False,0,0
-0.2438019076208572,-0.39880387215144825,-0.4682559718796,-0.8264403503478827,-0.4092156727411572,-0.3306841245330723,-2.537950669644552,-1.3765234260369617,-2.5323340258941345,0.8181969990903619,0.0,False,False,True,False,0,0
-0.24380876700527965,-0.4201948458109445,-0.4682521228240024,-0.8444989395004292,-0.4092156727411572,-0.28902072783115274,-2.5294307390230584,-1.3765234260369617,-2.5213608660085103,0.831916963541571,0.0,False,True,False,False,0,0
0.9022856916060621,-0.1309082937601168,-0.6165518963778057,-0.5812813218527048,0.9121633451905057,-0.7633424748991594,0.4014253947708798,-2.6850888961337653,0.8495938508561103,0.6182196308625778,0.18173792681621206,False,True,False,False,0,0
1.4813397052860058,0.6512368284513801,-0.6210653361117665,-0.27373807628509317,2.6034091762678253,-0.7398400459903843,1.4578967918361365,0.16996303862289747,-0.5110779749616402,0.3505235077427466,0.10739836873821532,True,False,False,False,0,0
1.5780077238163313,0.6664587181228953,-0.6210640699750567,-0.2682657765418968,2.6332371450698955,-0.7654790593454116,1.4408569305931485,0.05100254134136989,-0.48913165519038826,0.34554862267575254,0.08810560294793218,False,True,False,False,0,0
-0.032369957030859896,-0.7875428484151702,0.33506624120082423,0.5088007869919261,-0.5881834855535718,-0.744113214882889,-0.2120096099766886,1.1811272655158822,0.4633386228820374,-0.4004451203964303,0.10176015739838523,False,True,False,False,0,0
-0.032369957030859896,-0.779889765027582,0.33506624120082423,0.5088007869919261,-0.4092156727411572,-0.7569327215604025,-0.26312919370565263,1.1811272655158822,0.3974996635682777,-0.4004451203964303,0.10176015739838523,False,True,False,False,0,0
-0.26783590450237255,-0.1844798774732331,1.8342710752834663,1.4992870405103913,-0.4092156727411572,-0.01874279538023909,-0.5698466960794368,-0.5437999450662683,0.0024659076857033208,-1.5200401784376794,0.10014259189792174,False,True,False,False,0,0
-0.18614363701225575,-0.19519419421585632,1.8342751691254946,1.5211762394831745,-1.444246190172956,-0.06788423764404151,-0.6039264185654128,-0.008477707299393983,-0.0414267318568045,-1.5478409567432536,0.0957647521033651,False,True,False,False,0,0
-0.2678097530992622,-0.18452331630037716,1.8342710752834663,1.4992870405103913,-1.5516268778604048,0.06137912135422169,-0.5459908903392536,-0.5437999450662683,0.0331907553654608,-1.5200401784376794,0.10014259189792174,False,False,True,False,0,0
0.44817279291100215,0.6895022453893205,-0.6422116339612827,-0.5856591616472614,0.40210507867512324,-0.17791833662603404,0.8137900368511897,-0.18691845322168543,0.31849291239175964,0.621051629113147,0.09022120642985328,False,True,False,False,0,0
1.5533568110483258,-0.38960562826616796,0.32778511102836694,0.7993799033556309,1.3566000803413358,-0.9620448284006217,1.3573616105025073,-1.0196419341923788,-0.3815946883112431,-0.723559483048815,0.2511357690268538,True,False,False,False,0,0
1.5534211177772848,-0.3742763454854164,0.32778511102836694,0.8032105131758682,-0.4092156727411572,-0.9673862895162524,1.3556576243782086,-1.0196419341923788,-0.3794000563341167,-0.727927079194904,0.25000480388499113,False,True,False,False,0,0
1.3852311552976333,-0.2824393448343599,-0.11019563348697954,0.3555763941824402,1.5594302681954053,-0.911835093913693,1.3556576243782086,0.11048278998213368,-0.3794000563341167,-0.25095780187272326,0.19628184795472942,True,False,False,False,0,0
-0.05639709452795322,0.8042984962031409,-0.5818999292676984,-0.6951051565111803,-0.46887161034529523,0.5805691417935264,-1.2173614233129813,0.5863247791082442,-0.8314942436219492,0.7120687262318065,0.0,False,False,True,False,0,0
0.9791725315967601,-0.01458142626877872,-0.8452170302578025,-0.8154957508614908,1.6518969714818206,-0.7483863837753935,1.1000597057333883,-0.5437999450662683,-0.050205259765306064,0.7980754556907615,0.19816688519392606,True,False,False,False,0,0
1.3059416015572263,1.0032786642804299,-0.6097755749115434,-0.4154706396338676,1.8636755499765107,-0.6063035180996167,1.8157338779388847,-0.12743820458092156,-0.9719506901579743,0.4771590099434429,0.14146296786165088,True,False,False,False,0,0
1.6015868577683359,-0.5549187789729826,-0.09586815709261795,0.2899087972640888,0.855490204466574,-0.9919570106481537,0.8836534679474406,1.002686519593591,0.22851300132961758,-0.18199372001344827,0.1388831555669307,True,False,False,False,0,0
1.6014753927714716,-0.5487666467224235,-0.09586815709261795,0.3117979962368726,-0.4092156727411572,-0.9962301795406583,0.8836534679474406,1.002686519593591,0.22851300132961758,-0.20473127936428448,0.14209510752132348,False,True,False,False,0,0
0.3760913804197226,0.5961346280607465,-0.8409970810131719,-0.8510656991922643,-0.4092156727411572,-0.22065002555107974,0.33326594979892776,0.2889235359044252,0.9373791299411219,0.8252535107717031,0.07522981176929583,False,True,False,False,0,0
0.37547189226407457,0.4827827904869845,-0.8409970810131719,-0.8505184692179446,0.7540751105395392,0.08915471915550115,-0.007531275060832474,0.2889235359044252,0.7266944601370844,0.8248402011768635,0.07614170499523093,False,True,False,False,0,0
0.3520642429226293,-0.49672567968682474,-0.3174127491395164,-0.2354319780827214,-0.4092156727411572,-0.7419766304366366,-0.22904947121967664,0.2889235359044252,0.44139230311078154,0.3250201665800929,0.07041284858452586,False,True,False,False,0,0
0.35189275831206956,-0.5120722994717581,-0.3174127491395164,-0.24090427782591747,-0.09602200031943114,-0.7227473704203661,-0.16089002624772458,0.2889235359044252,0.5291775821958011,0.33003854111127595,0.07037855166241391,False,True,False,False,0,0
0.18469526301603392,0.773611035634668,-0.8882294668809096,-0.912355456316059,0.7093331573364355,0.17461809700559253,0.009508586182155538,0.8242457736712995,0.7486407799083403,0.869512145023193,0.03792456667466085,False,True,False,False,0,0
0.1838742804429778,0.7782780126853415,-0.8882294668809096,-0.9112609963674195,-0.4092156727411572,0.08915471915550115,0.06062816991111957,0.8242457736712995,0.8144797392221,0.8687052849865352,0.036776954675300684,False,True,False,False,0,0
0.7437065841252474,0.46756282714926745,-1.3330879504129733,-1.7047444591308307,2.0366777690285116,-0.5411376924889221,-1.0810425333690772,0.645805027749008,-0.655923685451918,1.3317793378696807,0.15157003594870022,False,False,True,False,0,0
0.7437065841252474,0.6971553287769083,-1.3330879504129733,-1.704197229156511,-0.4092156727411572,-0.4556743146388308,-1.0810425333690772,0.645805027749008,-0.655923685451918,1.3315386500311044,0.14874131682504949,False,True,False,False,0,0
-0.05303329527836043,-0.34060277858002896,-0.6389457187274822,-1.1766675339124226,2.62727155130948,-0.3488450923262167,-2.3573281404688795,-0.18691845322168543,-2.299703036318841,1.0612297878377093,0.0036489882657076314,False,False,True,False,0,0
0.3664805254208854,0.16756195835581641,-0.099530626343926,-0.014351068457605691,-0.3197317663349494,-0.3702109367887395,0.19694705985502367,-0.42483944778474064,0.9900502973921353,0.12315870390822262,0.07330292222020529,False,True,False,False,0,0
0.37611495955367474,0.16137881213111027,-0.09953313751506701,-0.03842918732766736,-0.4092156727411572,-0.4343084701763079,0.19694705985502367,-0.18691845322168543,0.9900502973921353,0.1464348567811153,0.07522980904676317,False,True,False,False,0,0
0.3664805254208854,0.15072517490312276,-0.09953313751506701,-0.02201228809807966,-0.4092156727411572,-0.4289670090606772,0.19694705985502367,-0.42483944778474064,0.9900502973921353,0.13057905822354732,0.07330292222020529,False,True,False,False,0,0
-0.08282072945762277,-0.3329858621094977,-0.6590168470466865,-0.7098803658178091,-0.4092156727411572,-0.3702109367887395,-0.5153191401018752,2.013850746486576,0.07269413095371584,0.721445350970845,0.0,False,True,False,False,0,0
-0.16692192701458172,-0.3390721619025114,-0.6590148296688622,-0.741072474354026,0.032238265529466036,-0.2910932147440175,-0.5016872511074848,2.1328112437681037,0.09025118677071896,0.7461202403829326,4.477536879097244e-05,False,True,False,False,0,0
-0.08282694577475574,-0.33601092854747616,-0.6590168470466865,-0.7142582056123657,-0.4092156727411572,-0.3723475212349918,-0.5153191401018752,2.013850746486576,0.07269413095371584,0.7249248460133951,0.0,False,True,False,False,0,0
-0.1693246407642909,-0.38039881219548666,-0.6590177839878517,-0.7038608361002937,0.00539309360760419,-0.3264109556405677,-0.5016872511074848,-0.18691845322168543,0.09025118677071896,0.7166523306051993,7.4904077883353185e-06,False,True,False,False,0,0
-0.14770021701690725,-0.39723559564818045,-0.6590148296688622,-0.7241083451501185,0.032238265529466036,-0.30956398728186835,-0.5016872511074848,2.1328112437681037,0.09025118677071896,0.7327342780638171,4.477536879097244e-05,False,True,False,False,0,0
0.6884441678819336,1.2206262324879298,-0.022055932094395617,0.3030423166477589,-0.4092156727411572,-0.23133294778234115,1.3045380406492444,-0.7817209396293235,-0.313561097020353,-0.1933212331330878,0.19834245225521677,False,True,False,False,0,0
0.5683084803964674,1.0813401148338275,-0.022082225533402233,0.2762280479060986,0.9330429233519537,-0.10922714667902313,1.2994260822763481,-0.7817209396293235,-0.3069772010889778,-0.1655325701779075,0.17024817701329176,False,True,False,False,0,0
0.5611003391473398,1.1211361484492857,-0.022055721071610433,0.275680817931779,0.9330429233519537,-0.1565524921635112,1.2994260822763481,-0.7817209396293235,-0.3069772010889778,-0.16496620755039812,0.16869710276860234,False,True,False,False,0,0
0.1334172916990824,0.3542971930129645,0.0043951451531584074,-0.052657166659977175,-0.4092156727411572,-0.10313788100720421,-0.4505676673785208,-0.2463987018624492,0.1560901460844827,0.16336898673163508,0.02668345833981647,False,True,False,False,0,0
0.231928555437164,0.5134813274747956,0.004385096248138311,0.06007220804985939,-0.21831667240791458,-0.02835742538837425,-0.2120096099766886,0.9432062709528272,0.4633386228820374,0.05362436164128603,0.058400152697404666,False,True,False,False,0,0
0.20827439696803893,0.5746207543049399,0.004395140932702734,0.09837830625223087,-0.26007582873081136,0.014374263536671435,-0.3483284999205927,-0.2463987018624492,0.28776806471200617,0.015681541171485073,0.061330540644053966,False,True,False,False,0,0
0.08536301670489575,0.4124606267586335,0.004395647387386947,-0.01653998835488358,-0.340611344496398,0.07847179692423997,-0.4505676673785208,-0.2463987018624492,0.1560901460844827,0.12852249689529183,0.017072603340979153,False,True,False,False,0,0
0.13346423561122286,0.3741279326127994,0.004395647387386947,-0.049373786814059524,-0.4092156727411572,-0.09245495877594279,-0.4505676673785208,-0.18691845322168543,0.1560901460844827,0.16021348872679503,0.02669284712224458,False,True,False,False,0,0
0.7677337216223408,-0.161520627310469,-0.554230030839195,-0.30055234502675315,1.2700989708153354,-0.7547961371141503,1.0489401220044243,2.0257467962147286,0.015633699548453655,0.37688036026079424,0.1553470787421203,False,True,False,False,0,0
-2.0896193845364497,-1.2249602797534538,0.8824964854120627,0.9476792263962405,-0.5076479697879851,1.8945685762386797,0.4014253947708798,-0.2463987018624492,0.8495938508561103,-0.877399528191652,0.18954974023926094,False,True,False,False,0,0
-2.0934777882740505,-1.2235155294049804,0.8823107853612927,1.022649732878025,-0.4396402009192674,2.0548124097076013,0.6859910775287796,-0.06795795594015777,0.483090310676167,-0.9655139759792325,0.19549379835611977,False,True,False,False,0,0
-2.0789015963764474,-1.2260197633423342,0.8822905271739362,1.0013077638795609,-0.4092156727411572,1.873202731776157,0.6195356186811264,-0.008477707299393983,0.5686809577840563,-0.9403251566882679,0.19975989186301762,False,True,False,False,0,0
