pl_rade,pl_bmasse,pl_orbper,pl_orbsmax,pl_eqt,pl_dens,st_teff,st_met,stellar_index,orbital_stability,habitability_score,st_spectype_F,st_spectype_G,st_spectype_K,st_spectype_M,habitable,habitable_class,rank
1.3179551703057726,-0.5962157637254692,0.2988727948510994,0.6346636810854327,0.906197751430092,-0.97913750397064,0.5087765206017043,0.1104827899821336,0.7113320362972076,-0.5393689617352436,0.99661154,False,True,False,False,1,0,1
1.366009445299959,-0.5717258968851876,0.2988704313959079,0.6001881927032985,0.9330429233519536,-0.9684545817393786,0.5087765206017043,0.1104827899821336,0.7113320362972076,-0.5013081101922757,0.99661154,False,True,False,False,1,0,2
1.4308827165421103,-0.5533584967549763,0.2988716975326175,0.7408262961034345,0.9002321576696781,-0.9838379897523952,0.5087765206017043,0.1104827899821336,0.7113320362972076,-0.6580546174826372,0.99661154,False,True,False,False,1,0,3
1.4308827165421103,-0.5594809634650467,0.298870178168566,0.7441096759493511,-0.4092156727411572,-0.9855472573093969,0.5087765206017043,0.1104827899821336,0.7113320362972076,-0.6617607247559619,0.99661154,False,True,False,False,1,0,4
1.5365951185265363,-0.5809129340828065,0.2043782689029434,0.9903631643931688,1.0404236110394027,-1.0282789462344426,2.071331796583705,-1.1386024314739065,-1.3011454867267849,-0.9485901673913776,0.9960349,True,False,False,False,1,0,5
0.2318535309200443,2.1694662164811764,0.1900585581470686,0.5963575828830613,0.7540751105395392,0.8262763531125388,1.6453352655090048,0.1104827899821336,-0.7524874924454352,-0.5004885367882603,0.99504095,True,False,False,False,1,0,6
0.2790117988240539,2.120503627171415,1.1378973620560766,1.6579837330630731,0.9032149545498852,0.6767154418748789,1.4919765143221126,0.0510025413413698,-0.554970614504148,-1.7451969984425726,0.99488574,True,False,False,False,1,0,7
1.6487451256723458,-0.4954576704643147,-0.1865020211898257,0.071016807536251,-0.4092156727411572,-0.9876838417556492,1.560135959294065,-0.1869184532216854,-0.6427558935891676,0.0368615453512992,0.9939931,False,True,False,False,1,0,8
0.231928555437164,2.2782823566525963,0.1900640447394777,0.5974520428317005,-0.4092156727411572,0.8903738865001071,1.6453352655090048,0.1104827899821336,-0.7524874924454352,-0.5016921505503518,0.9934336,False,True,False,False,1,0,9
0.3520642429226293,2.2430781730696907,0.1900501172356699,0.5416345854511021,0.8793525795082295,0.7514958974937088,1.616367501395925,-0.0679579559401577,-0.7151787488343025,-0.4406071895523014,0.9906001,True,False,False,False,1,0,10
1.5678374002755415,-0.5885626803378813,0.1099942766895529,0.3172702959800687,0.5005373757219517,-1.002928371779659,0.5326323263418875,-0.1274382045809215,0.6806071886174542,-0.2040090446263573,0.9902019,False,True,False,False,1,0,11
1.683167660261588,-0.585501446982846,0.1099939390530967,0.3063256964936765,0.4856233913209167,-1.000503348433163,0.5326323263418875,-0.1274382045809215,0.6806071886174542,-0.1926148347758017,0.9902019,False,True,False,False,1,0,12
1.5413528883091228,-0.5870596583920195,0.1099942766895529,0.3227425957232642,-0.4092156727411572,-0.9994350562100368,0.5326323263418875,-0.1274382045809215,0.6806071886174542,-0.2097156746947114,0.9902019,False,True,False,False,1,0,13
0.9815752453464688,-0.7707060649624765,0.3048378181182825,0.5629765544495662,-0.4092156727411572,-0.986615549532523,0.5207044234717959,-0.5913841439788793,0.6959696124573309,-0.4603079539574613,0.9898621,False,True,False,False,1,1,14
0.981669990593804,-0.7707259543589404,0.3048378181182825,0.5635237844238853,0.1843609064200187,-0.9770009195243876,0.5207044234717959,-0.5913841439788793,0.6959696124573309,-0.4609061377973368,0.9898621,True,False,False,False,1,1,15
0.9215014575184232,-0.7416268797256775,0.0237858980295322,0.2915504871870477,0.6287976415708488,-0.9737960428550092,1.3028340545249455,-0.1869184532216854,-0.3113664650432306,-0.1799625204849647,0.9888981,False,True,False,False,1,0,16
0.3977158041671067,2.2293026229720327,0.1900586003516257,0.6226246216504019,0.9151461420707124,0.548520375099742,1.6453352655090048,0.1104827899821336,-0.7524874924454352,-0.5294456396698682,0.988601,False,True,False,False,1,0,17
0.6379817216403066,-1.0752996430296708,0.8732146482153451,0.935640166961209,-0.2004198911266728,-1.05391795958947,0.759262480873628,-1.1861866303865174,0.3887211356597721,-0.863638933694142,0.98792565,False,True,False,False,1,1,18
0.98637461515202,-1.033973199865737,0.873209161622936,0.9794185649067766,-0.1884887036058453,-1.054986251812596,0.7558545086250305,-0.9006814369108511,0.3931103996140249,-0.9148618120473166,0.98735446,True,False,False,False,1,1,19
0.0997792992031518,0.3298073261726826,0.0171973868418892,0.4529833296113277,1.2044774394507831,-0.0924549587759427,2.6251272869808155,-0.1869184532216854,-4.731668785827663,-0.3502833170225318,0.9872158,False,True,False,False,1,0,20
0.4481727929110021,0.130827158095394,-0.3241638744852537,-0.093152184759627,0.664591204133332,-0.4663572368700922,1.6453352655090048,0.0510025413413698,-0.7524874924454352,0.1918322239224844,0.9862932,True,False,False,False,0,0,21
1.3491837675828549,-0.6559127754052868,0.2969648112385534,0.6018298826262568,0.2082232814616743,-1.0197326084494334,0.7933422033596041,-1.4360036746777256,0.3448284961172683,-0.503174591480604,0.9861835,True,False,False,False,1,0,22
-1.8002391042163883,-1.1985695067213409,1.9848734366167904,1.6798729320358572,-1.3040547368032311,0.3775936193995593,-0.4880553621130944,-1.4360036746777256,0.107808242587722,-1.7471713396698247,0.98454535,False,True,False,False,1,0,23
0.7701364353720499,0.2532764922968026,0.3280558954660352,0.694858978260588,0.6347632353312627,-0.6169864403308781,1.5090163755651007,-0.5437999450662683,-0.5769169342754039,-0.605481335723755,0.98436606,False,True,False,False,1,0,24
-1.804526219480389,-1.1966431729233762,1.9848584117945007,1.5485377381991543,-1.2652783773605414,0.4844228417121735,-0.4880553621130944,-1.4360036746777256,0.107808242587722,-1.5780111102675023,0.9836301,False,True,False,False,1,0,25
-1.0307019143282246,-1.208201175711163,1.5071914562017903,1.0177246631091486,-1.8558721596415095,-1.031483822903821,-1.8137565668175617,-0.5437999450662683,-1.599615435615838,-0.9401983637857264,0.98348016,False,True,False,False,1,0,26
-1.962935128485223,-1.2346882654331743,3.397142749726976,2.439975366365772,-2.037822769334132,-0.2933943161926312,-1.5343028424325584,-0.2463987018624492,-1.239695791367274,-2.73823895152645,0.9830079,False,True,False,False,1,0,27
-1.8795507366004047,-1.2014590074182874,0.4061463119975383,0.3063256964936765,-1.032620220704402,0.8049105086500159,-0.6891257247803529,-0.3653591991439768,-0.151158330713076,-0.1833754379872614,0.9822187,False,False,True,False,1,0,28
-1.6116060326003483,-1.208201175711163,3.6753572996536334,2.588274689406383,-2.17503142582365,-0.6703636612593757,-1.614390190274602,-0.460527596969199,-1.3428434942921703,-2.942221335618576,0.9821583,False,True,False,False,1,0,29
1.0728783678354232,-0.4355010125861205,0.1940127030917565,0.6237190815990411,1.0195440328779548,-0.925722892814333,1.3692895133725989,-0.0084777072993939,-0.3969571121511198,-0.5305318215117398,0.98123026,True,False,False,False,1,1,30
-1.803427976301864,-1.2004958405193051,1.984872423707422,1.6032607356311142,-1.486930013528717,0.313496086011991,-0.4250078755140388,-1.364627376308809,0.1890096257413625,-1.6481347628139362,0.98078704,False,True,False,False,1,0,31
1.2410683303150751,-0.2824393448343599,0.1689418456920048,0.5673543942441226,0.9777848765550574,-0.902220463905558,1.5976236540286384,-0.5437999450662683,-0.6910377970859243,-0.4693348165981379,0.9802742,False,True,False,False,1,0,32
0.6644170303848403,0.4461341936640208,-0.1368857953294441,0.1470817739666749,-0.4092156727411572,-0.495201126894498,1.5942156817800406,-1.317043177396198,-0.6866485331316715,-0.0374380890678985,0.980243,False,True,False,False,1,0,33
-1.903758475258667,-1.2134985936555651,2.7861368269979745,2.0410447150867888,-1.725583591914072,0.4844228417121735,-0.4982792788588872,-2.346051478881412,0.0946404507249717,-2.202335381395532,0.9799287,False,True,False,False,1,0,34
1.1449597803267024,0.0542963242195136,-0.2173323234596468,0.1202675052250146,1.1901600144257896,-0.7782985660229254,1.6453352655090048,-0.3653591991439768,-0.7524874924454352,-0.0130641407782288,0.9790364,False,True,False,False,1,0,35
0.8205934241159454,0.3803176765307638,-0.1368857953294441,0.1498179238382729,1.1537698924872657,-0.5977571803146076,1.5942156817800406,-1.317043177396198,-0.6866485331316715,-0.0401902196194445,0.9782094,False,True,False,False,1,0,36
1.541407549028739,-0.5839708303053285,0.1099942766895529,0.324384285646223,-0.4092156727411572,-1.000503348433163,0.5377442847147839,-0.1274382045809215,0.674023292686075,-0.2114288997857842,0.97778773,False,True,False,False,1,0,37
1.6014753927714716,-0.5487666467224235,-0.0958681570926179,0.3117979962368726,-0.4092156727411572,-0.9962301795406584,0.8836534679474406,1.002686519593591,0.2285130013296175,-0.2047312793642844,0.9777499,False,True,False,False,1,0,38
-0.323327895768074,-0.9640383668191684,2.7066648020887443,2.642997686838343,-1.104207345829368,-0.8082107482704574,0.622943590929724,-0.0084777072993939,0.5642916938298075,-3.0517672804338027,0.977701,False,True,False,False,1,0,39
0.1358154139483436,2.28897895194297,0.0436977969961126,0.3172702959800687,0.4617610162792618,1.1147152533565967,0.7217747861390544,0.6874412017975426,0.4370030391565327,-0.206077370047765,0.9773557,False,True,False,False,1,0,40
0.6644234610577361,0.3710650618740361,-0.136893392149703,0.1448928540693964,-0.4092156727411572,-0.5219084324726515,1.5942156817800406,-1.317043177396198,-0.6866485331316715,-0.0352378052275261,0.9762239,False,True,False,False,1,0,41
1.5534211177772848,-0.3742763454854164,0.3277851110283669,0.8032105131758682,-0.4092156727411572,-0.9673862895162524,1.3556576243782086,-1.0196419341923788,-0.3794000563341167,-0.727927079194904,0.97578067,False,True,False,False,1,0,42
1.5533568110483258,-0.3896056282661679,0.3277851110283669,0.7993799033556309,1.3566000803413358,-0.9620448284006216,1.3573616105025073,-1.0196419341923788,-0.3815946883112431,-0.723559483048815,0.97578067,True,False,False,False,1,0,43
-1.9588623689844216,-1.213354118620718,1.2134308577067072,0.8261941720972907,-0.4092156727411572,0.3562277749370364,-1.864876150546526,-0.305878950503213,-1.665454394929602,-0.7265617657521465,0.9755475,False,False,True,False,1,0,44
-1.9438574655604188,-1.214269127174751,2.256343445108602,1.6142053351175063,-0.4092156727411572,0.1853010192368539,-1.864876150546526,-0.305878950503213,-1.665454394929602,-1.6537520098604104,0.97504926,False,False,True,False,1,0,45
-2.021858443209483,-1.2149433440040387,0.938189618820216,0.618246781855845,-1.7966338136006006,1.7236418205384976,-1.554750675924144,-0.3415670996876713,-1.2660313750927787,-0.5012695839144211,0.97488314,False,True,False,False,1,0,46
0.2151095591891991,2.564507675348388,0.5185676455741023,0.9630016656771888,0.7152987510968493,1.2322273979004723,1.3045380406492444,0.4078840331859528,-0.313561097020353,-0.9066750729037264,0.9736751,False,True,False,False,1,0,47
-0.5513595352247064,-0.7829533228896113,0.9391236056664743,1.154532156689047,0.2112060783418811,-0.5763913358520847,1.3045380406492444,-0.0084777072993939,-0.313561097020353,-1.1212756150398562,0.9734021,True,False,False,False,1,0,48
1.601586857768336,-0.5549187789729826,-0.0958681570926179,0.2899087972640888,0.855490204466574,-0.9919570106481536,0.8836534679474406,1.002686519593591,0.2285130013296175,-0.1819937200134482,0.9733533,True,False,False,False,1,0,49
-1.9397847060596176,-1.214798868969191,2.09893732934697,1.7345959294678164,-1.459756733950032,0.7301300530311859,-0.5357669735934608,-0.662760442347796,0.0463585472282111,-1.8149645097520417,0.9721347,False,False,True,False,1,0,50
-1.9567188113524212,-1.2121983183419394,0.4302240117621274,0.344631794696048,-1.0015991331502505,1.071983564431551,-0.5272470429719669,-0.662760442347796,0.0573317071138391,-0.2226149315106007,0.97123766,False,True,False,False,1,0,51
-1.9652930418804235,-1.2144617605545476,0.4305852827699886,0.3117979962368726,-1.1787772678345405,1.0613412373047686,-0.5851825711981261,-0.8055130390856291,-0.0172857801084262,-0.1883069226278455,0.9699137,False,True,False,False,1,0,52
-1.9468584462452196,-1.2009774239687965,0.2010954718463457,0.1180785853277362,-0.8357556266107455,1.6274955204571444,-0.5357669735934608,-0.662760442347796,0.0463585472282111,0.002177610351353,0.9697379,False,False,True,False,1,0,53
-1.8816942942324053,-1.1802693356406784,2.750860148035255,2.156510239668223,-1.5277645028187494,1.7984222761573272,-0.5732546683280345,-1.8345213405708432,-0.0019233562685494,-2.361457908934567,0.96956605,False,False,True,False,1,0,54
-1.9417139079284185,-1.1956800060243942,2.216054552957376,1.8221527253589516,-1.5605752685010257,1.9800319540887712,-0.6891257247803529,-0.3653591991439768,-0.151158330713076,-1.926523095649824,0.96881604,False,False,True,False,1,0,55
-2.014649937555557,-1.2139801771050562,0.663071617240145,0.344631794696048,-1.7948143075036742,1.691593053844713,-1.733669218975518,-0.4426835223769698,-1.4964677326909457,-0.2153505243512615,0.9688154,False,True,False,False,1,0,56
0.5683031429379641,-0.864075600197138,0.1449239497846752,0.4048270918712033,0.4140362661959513,-0.964181412846874,0.5138884789746007,0.3959879834578,0.7047481403658324,-0.2949819571797878,0.96861154,False,True,False,False,1,0,57
-1.9798692337780264,-1.2322321898407695,1.0046195915274254,0.5197453864783182,-1.8707861440425444,-0.0753622832059245,-2.2465690423894573,-1.911845663803836,-2.157051957805693,-0.3914112191784118,0.9678086,False,False,True,False,1,0,58
-1.7766599702643833,-1.1899010046305007,0.2512724696554954,0.3993547921280077,-0.2242822661683283,0.4844228417121735,0.622943590929724,-0.0084777072993939,0.5642916938298075,-0.2858631225259367,0.96755725,False,True,False,False,1,0,59
1.0200396722066116,-0.5839967876532559,0.2988855406273115,0.6861032986714742,0.664591204133332,-0.9406789839380988,0.5087765206017043,0.1104827899821336,0.7113320362972076,-0.5965980181270852,0.9650392,False,True,False,False,1,1,60
0.0397114554604191,2.039506154959849,0.3494888044620915,0.618246781855845,-0.4092156727411572,1.3390566202130862,0.7422226196306401,0.3484037845451889,0.410667455431028,-0.519635941608984,0.9642156,False,True,False,False,1,0,61
0.2078967021132808,2.028775420941116,0.8262116019103082,1.1818936554050268,0.1306705625762945,0.7942275864187546,0.1833151708606332,1.1632831909236532,0.9724932415751322,-1.1578824746924168,0.96407473,False,True,False,False,1,0,62
0.0389333440400031,2.076101633128334,0.3494888044620915,0.2899087972640888,0.3961394849147094,1.2108615534379497,0.733702689009146,-0.1869184532216854,0.421640615316656,-0.1680994208071597,0.9639411,False,True,False,False,1,0,63
-0.1669259976305248,1.477756178819544,-0.1502715192390609,-0.087679885016431,-0.4390436415432259,1.349739542444348,-0.1438501650047365,1.7402416027390624,0.5511239019670531,0.192047921631137,0.9635164,False,True,False,False,0,0,64
-2.063896692952444,-1.2144617605545476,1.809861858723696,1.3788964461600803,-1.852889362761303,0.8369592753438002,-0.980507352035448,-1.221874779570976,-0.5264403988015169,-1.3693947258528418,0.96321064,False,False,True,False,1,0,65
-1.8902685247604076,-1.1970284396829691,0.8930252562451425,0.5635237844238853,-1.7007667218707505,1.1791439573333349,-1.614390190274602,-0.460527596969199,-1.3428434942921703,-0.4425557964752087,0.9630746,False,True,False,False,1,0,66
1.2410683303150751,-0.527338013237177,0.5486976898342933,1.077919960284304,1.2611505801747147,-0.9470887372768556,2.156531102798645,-1.1386024314739065,-1.4108770855830566,-1.041551007180589,0.962238,True,False,False,False,1,1,67
-0.4047830857840912,0.7552338112020872,-0.0599945790803439,0.071016807536251,1.1418387049664382,1.381788309138132,0.5292243540932899,-0.4843196964255045,0.6849964525717029,0.0408083395057124,0.9620518,False,True,False,False,1,0,68
1.5606222131524774,-0.3589746282523635,-0.0717941291244873,0.2280718101659747,1.3387032990600944,-0.964181412846874,1.401665249734276,-1.2159267547068997,-0.4386551197165013,-0.1175620799143581,0.9616658,False,True,False,False,1,0,69
-0.4047905882358035,0.7905229461054823,-0.0599945790803439,0.0748474173564882,-0.4092156727411572,1.4245199980631778,0.5292243540932899,-0.4843196964255045,0.6849964525717029,0.0370193920368891,0.9612818,False,True,False,False,1,0,70
0.6379871791380378,-0.4431540959737086,0.1215313397119329,0.3232898256975838,0.0143414842482248,-0.8167570860554665,0.5888638684437479,0.2294432872636613,0.6081843333723153,-0.2099267517047503,0.96119034,False,True,False,False,1,0,71
-1.3953210675315022,-1.1744903342467852,2.0320051224115425,1.6306222343470935,-1.432315002652128,-0.5304547702576606,-0.6192622936841021,-0.9006814369108511,-0.061178419650934,-1.6819193843640972,0.9581755,False,True,False,False,1,0,72
0.5202542054022813,1.9981795046668744,1.1378973620560766,1.6306222343470935,1.0404236110394027,0.2707643970869453,1.4919765143221126,0.0510025413413698,-0.554970614504148,-1.7098138641128269,0.95812374,False,True,False,False,1,0,73
-0.7954718439385374,-1.0547885203097442,1.329699094448639,0.9201535586879652,-1.723734257848344,-0.6789473892721942,-1.6670433615154343,0.0450545164772935,-1.4106576223853406,-0.8313642224218712,0.957698,False,True,False,False,1,0,74
-0.1404824297584352,-0.9452084539440656,0.5616080638184959,0.3391594949528519,-1.3875730494490244,-0.850942437195503,-1.416727799855941,0.0510025413413698,-1.088266184945621,-0.2127840595406236,0.95684725,False,False,True,False,1,0,75
-1.6544771852403573,-1.2024221743172696,2.877235785313247,2.68677608478391,-0.8804975798138491,-0.3381621700949552,0.4474330201269474,-0.3356190748235949,0.7903387874737217,-3.1102330515938927,0.9568194,False,True,False,False,1,0,76
-1.969580157144424,-1.2057932584637074,1.2120313545968149,1.4390917433352357,-0.0811080159183968,1.659544287150929,0.9978205382754602,-1.7334049178815445,0.0814726588622174,-1.4634313085573585,0.95625037,False,True,False,False,1,0,77
-1.9009863129204096,-1.2101275095091275,2.962724913912991,2.221630606612255,-1.8827173315633725,0.6339837529498332,-1.3042647156522202,-1.0791221828331428,-0.9434204744553432,-2.444913655299956,0.9561413,False,False,True,False,1,0,78
-0.332709175744524,0.2226641587464503,0.328062817013382,0.6620251798014126,0.1843609064200187,0.6660325196436174,1.3045380406492444,-0.1869184532216854,-0.313561097020353,-0.5688341172548285,0.9551153,False,True,False,False,1,0,79
0.8566282977412685,-0.2059137276630378,0.6074033845206174,0.8918617690156421,0.7451267198989185,-0.850942437195503,1.866853461667849,-1.1386024314739065,-1.037789649471738,-0.8210720052420424,0.954922,True,False,False,False,1,1,80
0.6644170303848403,0.3741952098206934,-0.136893392149703,0.1459873140180357,1.0672687829612653,-0.5208401402495253,1.5942156817800406,-0.1869184532216854,-0.6866485331316715,-0.0363379341038005,0.9533394,False,True,False,False,1,0,81
0.0174977677199987,-1.1258504058481826,1.1727652054752038,1.1654767561754384,-1.074379377027299,-1.0304155306806948,-0.2120096099766886,1.1216470168751187,0.4633386228820374,-1.1272037161019663,0.95136744,False,True,False,False,1,0,82
0.9287155428528642,-0.4599908794264022,-0.0554139074870932,0.2641889884710678,1.228339814492438,-0.8691034049886475,1.3215779018922325,0.4078840331859528,-0.3355074167916089,-0.1541454615144796,0.9506535,True,False,False,False,1,0,83
-1.880370799587237,-1.1985695067213409,2.3252225482581235,1.7674297279269922,-2.025354678374867,0.943788497656414,-1.4150238137316422,-0.1452822791731507,-1.0860715529684946,-1.8509586741460515,0.9500588,False,True,False,False,1,0,84
-1.910846678027612,-1.1932720887769386,2.8178866399510056,2.402216498137721,-1.4591601745739906,1.563397987069576,-0.2375694018411706,-0.1274382045809215,0.4304191432251575,-2.7027072601054964,0.9488122,False,True,False,False,1,0,85
-1.8780502462580049,-1.1853259618603351,2.817892333345744,2.4733563947992687,-1.6261967998655775,1.5527150648383148,-0.2375694018411706,-0.1274382045809215,0.4304191432251575,-2.8038833085184414,0.9488122,False,True,False,False,1,0,86
0.2078967021132808,2.334897222119768,-0.0340475550774147,0.3408011848758107,1.3566000803413358,0.9758372643501984,1.4749366530791246,-1.162394530930212,-0.5330242947328961,-0.2330863121959347,0.9462696,False,True,False,False,1,0,87
0.6644170303848403,-0.3742763454854164,0.4238848873017571,0.7112758774901762,0.4856233913209167,-0.776161981576673,0.622943590929724,0.1699630386228974,0.5642916938298075,-0.6208949750527611,0.9440197,False,True,False,False,1,0,88
0.1598425085742845,2.09306099916937,0.8262162866161344,1.1162260584866748,0.1604985313783632,1.1253981755878584,0.2616985325783781,0.7647655250305355,1.0295536729803902,-1.0787104869323525,0.94362795,False,False,True,False,1,0,89
-1.9142763702388124,-1.220722345397932,2.7862005558790344,2.100692782287625,-0.4092156727411572,0.2707643970869453,-0.3057288468131227,-2.506648150211474,0.3426338641401419,-2.2836970274026998,0.9435127,False,True,False,False,1,0,90
-1.954575253720421,-1.2027592827319131,2.1321145426220656,1.5485377381991543,-1.9423732691675104,1.6670223327128122,-1.7967167055745736,0.1699630386228974,-1.577669115844586,-1.5734169960663096,0.9433953,False,False,True,False,1,0,91
-1.9888721758324284,-1.1898046879406026,2.0862379781477327,2.238047505841842,-1.8707861440425444,3.3367630774589707,-0.929387768306484,-1.4954839233184891,-0.4606014394877571,-2.4950706455378446,0.94118595,False,False,True,False,1,0,92
-1.9061839171499488,-1.1961615894738853,2.0602007208019524,1.8221527253589516,-1.4674523499009655,1.3604224646756091,-0.2068976516037922,0.0926387153899045,0.4699225188134126,-1.9313854419548069,0.9410225,False,True,False,False,1,0,93
1.50296412903339,0.2226641587464503,0.3087495896877489,0.8710670299914974,1.4192388148256811,-0.8562838983111337,1.5669519037912598,0.7647655250305355,-0.6515344214976652,-0.8063589692648717,0.9409833,False,True,False,False,1,0,94
0.1982858642629041,2.0685712550847093,0.8262145984338548,1.1496070869201704,0.5273825476438135,0.8369592753438002,0.082779989527004,0.7826095996227648,0.8430099549247311,-1.1188575368764122,0.94089156,False,True,False,False,1,0,95
-1.4851361323123211,-1.1879746708325365,2.354439496927768,2.314659702246585,-1.2891407524021965,-0.8520107294186292,0.5190004373474971,0.4673642818267166,0.6981642444344572,-2.5937248597640137,0.94012517,False,True,False,False,1,0,96
-1.8774071789684048,-1.1894194211810096,1.2221380798599628,1.329645748471317,-0.3913188914599154,1.3390566202130862,0.0606281699111195,0.2294432872636613,0.8144797392221,-1.326528614227776,0.93911195,False,True,False,False,1,0,97
-0.255822335753826,-0.9467269828770012,0.561589071767849,0.3391594949528519,-1.4203838151313006,-0.8124839171629619,-1.3025607295279211,0.0510025413413698,-0.9412258424782208,-0.2127846520568676,0.93904614,False,True,False,False,1,0,98
0.0565259952520676,-0.9130550883664588,0.5399220962987087,0.7550542754357432,0.3812255005136751,-0.8872643727817918,0.2139869210980116,0.2294432872636613,1.0119966171633872,-0.6666091113550129,0.9388863,False,True,False,False,1,0,99
-1.8452538144883976,-1.2091643426101453,0.4910694774880038,0.2351857998321291,-1.578472049782267,0.2707643970869453,-1.2241773678101766,-1.0791221828331428,-0.8402727715304509,-0.107286073934456,0.9338419,False,True,False,False,1,0,100
0.9287155428528642,2.059404171767578,1.1377621808600276,1.668928332549465,1.2730817676955422,-0.1672354143947726,1.4919765143221126,0.0510025413413698,-0.554970614504148,-1.759390223112059,0.9326342,False,True,False,False,1,0,101
-0.3206994139543317,-1.0875445150479215,0.3691151896006137,0.727692776719764,0.6109008602896071,-0.9470887372768556,1.1341394282193644,-0.5437999450662683,-0.0940978993078138,-0.6410600203617137,0.93263084,False,True,False,False,1,0,102
1.5245885527807737,-0.3252966118048528,0.0622336163819317,0.5870546733196279,1.7443636747682347,-0.9524301983924864,1.5362801535538817,0.5863247791082442,-0.6120310459094102,-0.4942539772574613,0.9319905,False,True,False,False,1,0,103
-2.0199396804663503,-1.2154249274535298,1.622426778615872,1.329645748471317,-1.7386184142805765,1.6702272093821902,-0.9004200041934043,-0.1095941299886924,-0.4232926958766245,-1.314040360019298,0.93109185,False,True,False,False,1,0,104
0.854231416611876,-0.519684929849589,0.1539735544566869,0.5005923373771325,0.5333481414042278,-0.8744448661042782,0.4355051172568558,0.0510025413413698,0.8057012113135984,-0.3972197319265803,0.93104756,False,True,False,False,1,0,105
0.4842134991566419,2.595120008898741,0.7090977968690185,1.1310012677933043,0.2604222268652951,0.6767154418748789,1.0574600526259184,1.1216470168751187,0.0046605396628297,-1.1001091081855736,0.9308439,True,False,False,False,1,0,106
0.8556288018321772,-0.4814435920841233,-0.2496905573062907,0.0491276085634672,0.72424714173747,-0.8616253594267644,1.3045380406492444,0.645805027749008,-0.313561097020353,0.0564783590484997,0.93075705,True,False,False,False,1,0,107
-2.0939064998004504,-1.2354106406074108,0.8542531958722501,0.6237190815990411,-2.0020292067716485,0.4951057639434349,-2.411855696446441,-2.2687271556484188,-2.3699312595868576,-0.5099335604611542,0.92935836,False,False,True,False,1,0,108
-1.4315471915123097,-1.1672665825044184,2.032059988335633,1.6776840121385788,-1.4919709402562664,-0.4022597034825236,-0.6124463491869069,-0.662760442347796,-0.0523998917424324,-1.7428556997669535,0.92841744,False,True,False,False,1,0,109
-2.097764903538052,-1.2272718803110112,0.8542742137416328,0.3397067249271721,-0.4092156727411572,1.7556905872322814,-2.205673375406286,-2.090286409726128,-2.1043807903546843,-0.204226335913186,0.92701674,False,True,False,False,1,0,110
-1.99744640636043,-1.2110906764081095,2.6942072830010777,2.528079392231227,-1.0982417520689536,1.691593053844713,0.1202676842615776,0.8539858979916813,0.8912918584214917,-2.886102834862021,0.9270049,False,True,False,False,1,0,111
-1.2000429672562607,-1.1542638293681584,0.0149875857809183,0.6839143787741964,-0.4092156727411572,-0.6511717914709145,-1.2514411457989574,-0.0084777072993939,-0.8753868831644571,-0.6030091212353875,0.9256222,False,True,False,False,1,0,112
1.6255025302685653,-0.3574395620327226,0.1181310198459322,0.605113262472175,-0.4092156727411572,-0.9705911661856308,0.759262480873628,0.7647655250305355,0.3887211356597721,-0.5123695498674721,0.9241513,False,True,False,False,1,0,113
0.231928555437164,-0.4967256796868247,1.5675221529460217,1.7291236297246202,-0.4092156727411572,-0.6693327592640591,0.5752319794493576,0.8242457736712995,0.6257413891893184,-1.8243856895123367,0.92331576,False,True,False,False,1,0,114
0.0541232857894734,2.246121899758696,0.8262144718201839,2.005474766756015,0.1276877656960876,1.3070078535193024,0.4048333670194774,1.062166768234355,0.8452045869018575,-2.215236509355321,0.9231487,False,True,False,False,1,0,115
-0.5657757941438282,-0.6666270384513555,1.7504632918252154,2.139546110464316,-0.960138256515374,-0.1672354143947726,0.6144236603082299,-0.4843196964255045,0.5752648537154313,-2.369317327574921,0.9227466,True,False,False,False,1,0,116
0.7533174391240847,-0.0069283428811907,0.8733127738103542,1.2803950507825534,2.1559896442367887,-0.6906986037265818,-1.8478362893035376,0.1104827899821336,-1.64350807515835,-1.2766418516821916,0.92150384,False,True,False,False,1,0,117
-0.2245870570076051,1.50838216786124,1.5596854841898635,1.3843687459032763,-1.2443987991990926,1.712958898307236,-0.9617635046681612,1.1216470168751187,-0.5022994470531387,-1.3840265458774843,0.92052305,False,False,True,False,1,0,118
-0.7964329294384213,-0.8013183985128286,1.952580366606144,1.9042372215068903,-1.125086923990816,-0.0924549587759427,-0.2972089161916287,0.1104827899821336,0.3536070240257659,-2.0439167841251837,0.9204551,False,True,False,False,1,0,119
-0.5977032726641325,-0.9990976419421214,1.6250392406937475,1.7674297279269922,-0.3528408117052459,-0.6800156814953205,0.8308298980941777,-0.5437999450662683,0.2965465926205077,-1.8728030758605465,0.9204276,False,True,False,False,1,0,120
-0.2606316731023655,1.829796250174993,3.044463323532754,2.445994896083288,-1.8367822596081853,2.04412948747634,-1.253145131923256,1.954370497845812,-0.8775815151415834,-2.7578078297173456,0.91993594,False,True,False,False,1,0,121
0.4001185179168159,-0.8334613487406983,0.4831075878112471,0.6018298826262568,0.4259674537167787,-0.9043570483518102,0.674063174658688,-1.6144444206000168,0.4984527345160437,-0.4973672871021973,0.918819,False,True,False,False,1,0,122
0.7437065841252474,0.2226641587464503,0.3280558954660352,0.6674974795446081,0.5512449226854691,-0.6127132714383735,1.3045380406492444,-0.5437999450662683,-0.313561097020353,-0.5749273468458587,0.91879267,False,True,False,False,1,0,123
-1.824458587426916,-1.2048300915647252,1.936423618098028,1.7674297279269922,-0.9672671410590687,0.2814473193182067,-0.0058272889365336,-0.3356190748235949,0.7288890921142107,-1.8630884691937608,0.9175902,False,True,False,False,1,0,124
-1.1571718146162515,-0.8686848438199278,0.696117405524764,1.05603076131152,0.3633287192324333,0.6126179084873106,0.8103820646025921,0.193755138079203,0.3228821763460124,-1.010892217659741,0.9174693,False,True,False,False,1,0,125
-2.0081641945204325,-1.2216855122969144,1.7325469087223848,1.6142053351175063,-0.8685663922930217,0.5912520640247877,0.0640361421597171,-0.5437999450662683,0.8188690031763528,-1.670093476207678,0.91672987,False,True,False,False,1,0,126
0.9287155428528642,1.9216486707909937,1.1377621808600276,1.6798729320358572,-0.4092156727411572,-0.1992841810885569,1.4919765143221126,0.0510025413413698,-0.554970614504148,-1.7735996169048118,0.9151324,False,True,False,False,1,0,127
-0.190953094400023,-0.9497897045175286,0.8686926409563148,1.329645748471317,0.4498298287584343,-0.8402595149642416,0.7422226196306401,1.1692312157877296,0.410667455431028,-1.3375554468702515,0.9151004,False,True,False,False,1,0,128
-0.2245910290198969,1.8451023402339253,2.5602711213833333,2.3693826996785448,-0.7790824858868144,2.0227636430138167,0.467880853618533,-1.4360036746777256,0.7640032037482171,-2.664313330126264,0.9147914,False,True,False,False,1,0,129
-2.0863902821613367,-1.226501346791825,1.3745218533394106,1.1654767561754384,-1.680036283553312,1.638178442688406,-0.9327957405550816,0.0807426656617517,-0.464990703442006,-1.1209092883186953,0.9147878,False,True,False,False,1,0,130
0.0757521617060589,1.6752193857106592,2.157654419263682,2.298242803016998,-0.4092156727411572,0.8690080420375845,0.622943590929724,-1.0791221828331428,0.5642916938298075,-2.576852947634341,0.91473377,False,True,False,False,1,0,131
-1.9331396774004168,-1.1976063398223586,0.937236639923311,0.5854129833966696,-1.7991990189175784,1.638178442688406,-1.914291748151191,-0.5437999450662683,-1.7290987222662393,-0.4651533722352441,0.9127625,False,False,True,False,1,0,132
0.0758025353104108,1.699585244812697,2.157654419263682,2.298242803016998,-0.5285275479494338,0.8690080420375845,0.7166628277661581,-1.0791221828331428,0.4435869350879079,-2.576852947634341,0.91106457,True,False,False,False,1,0,133
0.5586976253976302,-0.1752961774081274,0.0043396841448137,0.295928326981604,0.5989696727687795,-0.6800156814953205,1.3897373468641845,-0.4248394477847406,-0.4232926958766245,-0.1851100963375705,0.9108555,False,True,False,False,1,0,134
-1.0717540653972943,-1.114773986509887,0.077155923802555,0.071016807536251,-1.0890249097091145,-0.615918148107752,-0.731725377887823,0.7826095996227648,-0.2060241301412118,0.0450871771300206,0.9100587,False,True,False,False,1,0,135
0.4289510829133277,0.7277676623272605,-0.2494802942033508,0.0551471382809829,1.2641333770549217,-0.2035573499810614,0.8734295512016478,0.7052852763897718,0.2416807931923719,0.0505588676903098,0.9095474,False,True,False,False,1,0,136
0.452978220410421,-0.4431540959737086,0.1215313397119329,0.3063256964936765,-0.4092156727411572,-0.7558644293372765,0.5888638684437479,0.2294432872636613,0.6081843333723153,-0.1922548895842919,0.90902644,False,True,False,False,1,0,137
-1.5172894967923278,-1.122753824267955,0.2998525314371381,0.1804628024001699,-1.3100203305636449,0.3028131637807296,-1.4559194807148137,1.30008776279741,-1.138742720419504,-0.0575006885297602,0.9089112,False,False,True,False,1,0,138
-0.2678359045023725,1.5849130017371202,3.0445304287783728,2.3743077694474213,-1.784285034516544,2.076178254170124,-1.0350349080130097,1.894890249205048,-0.5966686220695294,-2.65615927274181,0.90820587,False,True,False,False,1,0,139
-2.0789015963764474,-1.2260197633423342,0.8822905271739362,1.0013077638795609,-0.4092156727411572,1.873202731776157,0.6195356186811264,-0.0084777072993939,0.5686809577840563,-0.940325156688268,0.907026,False,True,False,False,1,0,140
-2.04246111663244,-1.199580831965272,0.6028322089526896,0.5635237844238853,-0.8327728297305387,3.6999824333218574,-0.3142487774346167,-0.4843196964255045,0.331660704254514,-0.4516092735166148,0.90500724,False,True,False,False,1,0,141
0.3136208229272808,-0.7890734650926877,0.1444090119848017,0.2499610091387585,-0.3913188914599154,-0.8648302360961428,0.348601824917617,-0.0084777072993939,0.9176274421469964,-0.1332649427620219,0.90462893,False,True,False,False,1,0,142
0.0445065938832041,1.731726124231734,2.821864250629382,2.5554408909472075,-1.2324676116782651,0.9758372643501984,-0.1131784147673581,0.7647655250305355,0.5906272775553121,-2.921473392663942,0.90384,False,True,False,False,1,0,143
0.0445168829598375,1.7364440528113632,2.821864250629382,2.560913190690404,-0.4092156727411572,0.9758372643501984,-0.1131784147673581,0.7647655250305355,0.5906272775553121,-2.9293578183043048,0.90384,False,True,False,False,1,0,144
0.147833574197338,-0.8258082653531102,0.1795331636785484,0.2844364975208927,0.2589308284251916,-0.8370546382948632,0.1151557258886812,0.0034183424287587,0.8847079624901165,-0.1677332588136175,0.90383554,False,True,False,False,1,0,145
-1.4806346612851202,-1.1263319892976738,0.2998467253562327,0.1914074018865615,-1.402487033850059,0.1340229925267991,-1.4559194807148137,1.30008776279741,-1.138742720419504,-0.0685990854307753,0.9024854,False,True,False,False,1,0,146
-1.44516751104219,-1.082952688035058,2.515135415702458,2.6758314852975182,-0.3943016883401223,0.3775936193995593,1.0659799832474124,-0.8055130390856291,-0.0063126202227982,-3.105555867346108,0.90137863,False,True,False,False,1,0,147
-1.8452538144883976,-1.2086827591606542,0.4910694774880038,0.3052312365450373,-1.3816074556886109,0.2707643970869453,-1.2241773678101766,-0.1869184532216854,-0.8402727715304509,-0.1795879708879764,0.900667,False,True,False,False,1,0,148
-1.9888721758324284,-1.1980879232718498,2.0754336115574885,1.5293846890979688,-1.7067323156311642,2.524860987883104,-0.929387768306484,-1.4954839233184891,-0.4606014394877571,-1.5507640635767708,0.9006036,False,True,False,False,1,0,149
-1.9375376638958173,-1.2101275095091275,0.8776682840920468,0.9465847664476016,-1.0493537112023623,0.943788497656414,0.2906662966914577,-0.0976980802605397,0.9922449293692616,-0.876271737923653,0.9005941,False,True,False,False,1,0,150
1.243471044064784,-0.3758069621629339,-0.2673540084990615,0.0682806576646535,-0.4092156727411572,-0.9218770408110788,1.3556576243782086,0.5863247791082442,-0.3794000563341167,0.0370435003500728,0.90032405,False,True,False,False,1,0,151
0.3760913804197226,1.9063425040158173,-0.1356639734044927,0.1312121047114068,0.9163392608227956,0.5378374528684806,1.0489401220044243,-1.1386024314739065,0.0156336995484536,-0.0214700630241287,0.89891565,False,True,False,False,1,0,152
-2.0581090873460437,-1.228138730520095,2.4413391018222224,1.5649546374287422,-2.1392378632611666,0.9972031088127212,-2.2465690423894573,-1.911845663803836,-2.157051957805693,-1.5847527918972604,0.8987092,False,False,True,False,1,0,153
0.2559556929342573,-0.1278470604050816,2.1206557943756423,2.2708813043010188,-0.7731168921264007,-0.495201126894498,0.9467009545464962,-0.2463987018624492,0.1473116181759771,-2.539749647793997,0.8981612,False,True,False,False,1,0,154
1.3852311552976333,-0.2824393448343599,-0.1101956334869795,0.3555763941824402,1.559430268195405,-0.911835093913693,1.3556576243782086,0.1104827899821336,-0.3794000563341167,-0.2509578018727232,0.8975131,True,False,False,False,1,0,155
0.7605255803732127,-0.9712168497172828,0.0003039155869013,0.1257398049682102,0.2469996409043642,-1.0218691928956856,-0.0245711363038204,-1.6144444206000168,0.7047481403658324,-0.0117479068531266,0.89690334,False,True,False,False,1,0,156
-0.4497977960561006,-0.6880910502607602,1.7504628275750884,1.8221527253589516,-0.8804975798138491,-0.3915767812512622,0.622943590929724,-0.8412011882700874,0.5642916938298075,-1.941048681413321,0.8966343,False,True,False,False,1,0,157
-2.0934777882740505,-1.2235155294049804,0.8823107853612927,1.022649732878025,-0.4396402009192674,2.0548124097076013,0.6859910775287796,-0.0679579559401577,0.483090310676167,-0.9655139759792324,0.8965003,False,True,False,False,1,0,158
0.5995383680952443,0.6665334056961184,-0.0942305358721698,0.2614528385994698,0.959888095273816,-0.3702109367887395,0.973964732535277,0.7409734255742301,0.1121975065419748,-0.1525364769036656,0.8956986,False,True,False,False,1,0,159
-0.231799157407679,-0.8518307281307286,0.164076208929936,0.3282148954664603,-0.0930392034392242,-0.7291571237591229,0.150939434498956,1.3833601108944795,0.9307952340097468,-0.2137413874216877,0.8953559,False,True,False,False,1,0,160
-0.0780215182753373,-0.824124587007841,2.4665643434914544,2.459128415466959,-0.4092156727411572,-0.7537278448910242,0.691103035901676,-1.1980826801146702,0.4765064147447918,-2.7945460264697486,0.8931911,False,True,False,False,1,0,161
-1.9766538973300256,-1.2004958405193051,1.864642951655228,1.3843687459032763,-1.9453560660477172,2.150958709788954,-1.8444283170549405,-2.2330390064639603,-1.639118811204097,-1.3745124467077665,0.8927965,False,False,True,False,1,0,162
0.8086848896913669,-0.374315353744825,0.0990165759837368,0.3829378928984195,-0.4092156727411572,-0.8199619627248449,1.1000597057333883,-0.1869184532216854,-0.050205259765306,-0.2732478097364833,0.8923866,False,True,False,False,1,0,163
1.0728783678354232,-0.6038688471130573,-0.0099956845017055,0.1202675052250146,0.068031828091949,-0.9470887372768556,0.622943590929724,-0.6032801937070321,0.5642916938298075,-0.0065956277722773,0.8922221,True,False,False,False,1,0,164
-0.3611190719036002,-0.9389960274456304,-0.1105969988239844,0.071016807536251,0.2253445355540616,-0.7547961371141503,0.142419503877462,1.1394910914673475,0.9198220741241228,0.0392296392244238,0.8902069,False,True,False,False,1,0,165
0.3929103766676879,-0.4446847126512261,0.1215286555021083,0.3090618463652745,-0.0781252190381893,-0.7056546948503478,0.5803439378222539,0.2294432872636613,0.6191574932579432,-0.1951011462436463,0.8899432,False,True,False,False,1,0,166
-2.287469753970092,-1.2430196591093707,3.3699671932745336,2.238047505841842,-2.049753956854959,2.0868611764013854,-1.6195021486474983,-1.7334049178815445,-1.3494273902235456,-2.455020709521217,0.8889941,False,False,True,False,1,0,167
0.8086848896913669,2.3041554756348512,-0.038528497302491,0.268019598291305,-0.4092156727411572,0.1041108102792671,1.6112555430230286,-0.1869184532216854,-0.7085948529029273,-0.1575693486131558,0.8887173,False,True,False,False,1,0,168
-1.8259617958003935,-1.1990510901708318,3.4960938658708227,2.642997686838343,-2.0408055662143383,0.3348619304745138,-1.3366404520138977,0.645805027749008,-0.9851184820207286,-3.027138579052246,0.88774437,False,True,False,False,1,0,169
0.0036707492147794,-0.9727474663948004,-0.3800343936464493,-0.4417376784012082,-0.2391962505693627,-1.0368252840194516,-0.3721843056607759,0.2472873618558904,0.2570432170322487,0.5071785194522119,0.88719314,False,True,False,False,0,0,170
0.808579855367399,-0.3773375788404514,0.0990165759837368,0.3840323528470587,-0.4092156727411572,-0.8381229305179894,1.0148603995184482,-0.305878950503213,0.0595263390909655,-0.2744037526335565,0.88583654,False,True,False,False,1,0,171
0.0646560356240082,-0.8334810936621274,0.2884040388980639,0.4431331900735747,0.0382038592898797,-0.9577716595081172,0.691103035901676,-0.6032801937070321,0.4765064147447918,-0.3312865608966461,0.88568455,True,False,False,False,1,0,172
-1.1616454193942367,-1.017135350042811,1.0724296532483109,1.1654767561754384,-1.1310525177512298,0.0571059524617171,0.57182400720076,-0.5437999450662683,0.6301306531435672,-1.1303339965376913,0.8840035,False,True,False,False,1,0,173
0.1286118641996635,-0.2120309776685499,0.6525027520779216,0.929620637243694,-0.4092156727411572,-0.4556743146388308,0.7711903837437197,0.7052852763897718,0.3733587118198954,-0.8635099344329666,0.8823829,False,True,False,False,1,0,174
-2.097764903538052,-1.2297279559034158,0.8542742981507466,0.3391594949528519,-1.8976313159644067,1.381788309138132,-2.265312889756744,-2.090286409726128,-2.181192909554072,-0.2036534237171829,0.8818875,False,True,False,False,1,0,175
0.9006435121041866,-0.4184043185457365,-0.1794859778398424,0.0108215103610957,-0.4092156727411572,-0.8541473138648814,1.1341394282193644,-0.1869184532216854,-0.0940978993078138,0.0961888295296205,0.88097787,False,True,False,False,0,0,176
-1.521576612056329,-1.1667849990549273,0.7844679608840857,0.7583376552816614,-0.7283749389232964,-0.1886012588572954,-0.183041845863609,-0.305878950503213,0.5006473664931701,-0.6626949277712125,0.8785502,False,True,False,False,1,0,177
-0.4648584319785362,-0.4737664295240607,0.0538780003929861,0.1864823321176856,-0.4092156727411572,-0.0604061920821585,0.4525449784998439,-0.7817209396293235,0.7837548915423466,-0.0712754221186561,0.8784006,False,True,False,False,1,0,178
-2.0495348568180414,-1.210368301233873,2.242310429908381,1.6579837330630731,-1.6709387530686812,3.048324177214913,-0.791364892238281,-1.911845663803836,-0.2828362493405995,-1.7107413888153953,0.8781494,False,False,True,False,1,0,179
0.0877657304546054,2.6059397442584573,1.1371904357264413,1.4303360637461222,-0.4092156727411572,1.5954467537633603,0.9296610933035082,-0.662760442347796,0.169257937947233,-1.454761390980853,0.87650055,False,True,False,False,1,0,180
-0.0781049026672215,-0.8250606070477754,2.4665643434914544,2.4563922655953605,-0.9431363142981948,-0.7499888221100827,0.6876950636530784,-1.1980826801146702,0.4808956786990405,-2.790646147787076,0.8764206,True,False,False,False,1,0,181
0.1285340530576219,-0.0559597986242294,0.6524166547816556,0.9301678672180128,-0.170591922324604,-0.359528014557478,0.7711903837437197,0.7052852763897718,0.3733587118198954,-0.8641500454128683,0.8755236,True,False,False,False,1,0,182
-0.2918668982596457,1.829796250174993,3.0444633657373106,2.440522596340092,-1.8379753783602684,2.172324554251477,-1.2173614233129813,1.894890249205048,-0.8314942436219492,-2.75002037450156,0.87376344,False,True,False,False,1,0,183
-2.0081641945204325,-1.1860483370345718,2.268506798434026,2.2435198055850383,-0.4897511885067439,3.902957955715826,1.180147053575432,-2.393635677794023,-0.1533529626901984,-2.496997795705305,0.87329954,True,False,False,False,1,0,184
-2.029385415077237,-1.2088753925404505,2.24256365725034,1.6360945340902897,-0.4092156727411572,2.460763454495535,-0.8782681845775199,-2.3282074042891825,-0.3947624801739934,-1.682416751084198,0.8732899,False,True,False,False,1,0,185
-0.2247242446960532,-0.2825014690993442,1.335085915285016,1.5540100379423505,-0.7134609545222621,-0.177918336626034,0.622943590929724,1.954370497845812,0.5642916938298075,-1.6052719556401451,0.87241465,True,False,False,False,1,0,186
-1.99744640636043,-1.2231302626453875,0.9725148804546396,1.1162260584866748,-0.1228671722412935,0.6980812863374017,0.5377442847147839,-0.662760442347796,0.674023292686075,-1.074146246083494,0.8719294,False,True,False,False,1,0,187
-0.2077720606381813,-0.2518319978398355,0.4210602629158768,0.3714460634377082,-0.9461191111784016,-0.177918336626034,-0.4676075286215088,0.0510025413413698,0.1341438263132267,-0.2510783834434241,0.87118673,False,True,False,False,1,0,188
0.2318535309200443,-0.5885959095958961,1.5675221529460217,1.7674297279269922,-0.4092156727411572,-0.7120644481891046,0.5752319794493576,0.8242457736712995,0.6257413891893184,-1.87459750077276,0.8702554,False,True,False,False,1,0,189
-2.1063391340660536,-1.2267421385165709,1.374514045496367,1.1435875572026548,-0.4092156727411572,2.003765134117742,-0.9532435740466672,-0.662760442347796,-0.4913262871675147,-1.094496892435611,0.86990666,False,False,True,False,1,0,190
-0.7147437893988897,-0.8074430669742717,1.9525799445605732,1.7756381775417858,-0.4092156727411572,-0.230264655559215,-0.1353302343832425,0.0450545164772935,0.562097061852681,-1.8733762164950716,0.8694905,False,True,False,False,1,0,191
0.7437065841252474,0.4109300100811158,0.3280558954660352,0.6664030195959689,-0.4092156727411572,-0.5518206147201834,1.3045380406492444,-0.5437999450662683,-0.313561097020353,-0.5737082690729671,0.8694385,False,True,False,False,1,0,192
-1.4401214220403118,-0.9529619474808728,0.3712444095009178,0.7441096759493511,0.5243997507636067,1.5740809093008377,0.5207044234717959,0.7945056493509175,0.6959696124573309,-0.6595027849194618,0.86932015,False,True,False,False,1,0,193
0.1502316707239082,0.3405136874456704,1.704003207145895,2.183324508409884,0.1396189532169151,-0.1351866477009883,1.0830198444904002,0.1878071132151266,-0.0282589399940501,-2.4311216716642545,0.868962,False,True,False,False,1,0,194
-0.464802699480104,-0.4600227602507585,0.0538780003929861,0.185935102143366,0.008375890487811,0.0571059524617171,0.4525449784998439,-0.7817209396293235,0.7837548915423466,-0.0707204786006541,0.8684376,False,True,False,False,1,0,195
-1.9103190970489932,-1.1942352556759206,0.9918159950724154,1.2749227510393577,-0.561755905194939,1.4886175314507462,0.6348714937998156,0.7350254007101537,0.5489292699899307,-1.2662194459589136,0.8673801,False,True,False,False,1,0,196
0.1157803781654747,-0.8161922478253965,2.277601078579466,2.7524436817022613,-0.3509019937331121,-0.8402595149642416,0.6893990497773772,1.4309443098070906,0.4787010467219141,-3.225164352519985,0.8673467,False,True,False,False,1,0,197
0.7605255803732127,-0.9482575995545188,0.2360024388898057,0.6888394485430723,1.1776322675289206,-1.0186643162263072,-0.4505676673785208,0.5268445304674804,0.1560901460844827,-0.601618657290294,0.86600727,False,True,False,False,1,0,198
-0.5978295324957725,-1.1104397354644668,1.218537609102878,1.1654767561754384,-1.3370146423295173,-0.8936741261205488,-0.3738882917850747,0.5922728039723206,0.2548485850551263,-1.125775703235223,0.8653327,False,True,False,False,1,0,199
0.6644170303848403,0.2226641587464503,0.3280558954660352,0.6565528800582165,0.5065029694823654,-0.5304547702576606,1.3045380406492444,-0.5437999450662683,-0.313561097020353,-0.5627472610499277,0.86477685,False,True,False,False,1,0,200
-0.2245870570076051,-0.3222353784498176,1.335085915285016,1.5556517278653093,-0.4092156727411572,-0.2099671033198183,0.622943590929724,1.954370497845812,0.5642916938298075,-1.607369714819755,0.8642267,False,True,False,False,1,0,201
-1.9824415029364268,-1.2091643426101453,2.774387500376654,2.314659702246585,-1.378624658808404,1.5527150648383148,-0.1779298874907126,-1.0791221828331428,0.5072312624245453,-2.580623272240529,0.862182,False,True,False,False,1,0,202
1.1401543528272835,-0.4630521127814375,0.0741403660008379,0.3282148954664603,0.6377460322114695,-0.9278594772605852,0.3264500053017325,-0.5437999450662683,0.9461576578496276,-0.2165472164956609,0.8618316,False,True,False,False,1,0,203
1.1401543528272835,-0.4431540959737086,0.0741403660008379,0.3336871952096564,-0.4092156727411572,-0.9235863083680806,0.3332659497989277,-0.5437999450662683,0.937379129941122,-0.2222665139075459,0.8618316,False,True,False,False,1,0,204
-1.3265128675442874,-1.1327852075208549,0.8285981007900425,0.7824157741517231,-0.5381321539036996,-0.3381621700949552,0.1373075455045656,-2.1497666583668917,0.9132381781927476,-0.6886270428426907,0.8610505,False,True,False,False,1,0,205
-1.9652930418804235,-1.186529920484063,1.4029158131476882,1.4555086425648238,0.1276877656960876,2.834665732589684,0.7030309387717676,-0.960161685551615,0.461143990904911,-1.478146362427421,0.85985214,False,True,False,False,1,0,206
-1.9875306452933443,-1.203866924665743,2.774389188558933,2.3693826996785448,-1.5577117834960268,2.0548124097076013,-0.027979108552418,-0.5021637710177336,0.7003588764115797,-2.657633249320017,0.859572,False,True,False,False,1,0,207
-2.006020636888432,-1.1947168391254115,0.4545958772889585,0.5088007869919261,-0.3674565164182604,3.1551533995275265,0.4866247009858199,-1.0196419341923788,0.7398622519998387,-0.3967160206602774,0.8582282,False,True,False,False,1,0,208
-1.3543791167602932,-1.1634139149084894,1.4620705643204197,1.3953133453896684,-0.4092156727411572,-0.487723081332615,-0.4931673204859908,0.5863247791082442,0.1012243466563469,-1.400741414088366,0.8581587,False,True,False,False,1,0,209
-0.0371753845302787,2.016546904797085,1.6803208796712183,1.6634560328062693,-0.4092156727411572,1.5206662981445307,-0.0586508587897965,0.4673642818267166,0.6608555008233247,-1.7353663588195598,0.8581251,False,True,False,False,1,0,210
1.387627121127917,-0.3681582822780913,0.2605875640431234,0.7151064873104135,1.3566000803413358,-0.9428155683843512,0.98418864928107,-0.3237230250954422,0.0990297146792205,-0.6302912862929757,0.8578056,False,True,False,False,1,0,211
-0.7734749984881699,-1.0044913765764218,0.1806726867173633,0.6729697792878042,-0.4092156727411572,-0.5838693814139677,-1.2838168821606346,1.359568011438174,-0.9170848907298426,-0.5856243750103466,0.8577024,False,True,False,False,1,0,212
0.1238018644918159,-0.0635670901197808,0.6524962525761445,0.9285261772950542,-0.1079531878402586,-0.3586285125056058,0.8615016483315562,0.9432062709528272,0.2570432170322487,-0.862235457703174,0.8575242,False,True,False,False,1,0,213
0.5010324954046073,-0.2059085109584795,-0.2110657908373048,0.0743001873821686,-0.4092156727411572,-0.6693327592640591,1.1767390813268344,0.1104827899821336,-0.1489636987359496,0.0328477332261461,0.85727876,False,True,False,False,1,0,214
-1.2600625809522734,-1.148918253078807,0.5222020909995668,0.4540777895599669,-1.2235192210376444,-0.5838693814139677,-1.1492019783410292,1.656969254641993,-0.7437089645369337,-0.3356999807257231,0.8572007,False,False,True,False,1,0,215
-2.0057851756567877,-1.2029037577667607,0.7287862227063207,0.618246781855845,-1.356283510175654,2.5034951434205808,-0.7180934888934326,0.4554682320985638,-0.1884670743242087,-0.5078025758547796,0.85711664,False,True,False,False,1,0,216
-0.0131482470331854,-0.92835958274679,1.4161587590409972,1.4226748441056478,-0.1795403129652246,-0.8797863272199089,0.0947078923970956,-0.7222406909885597,0.8583723787646078,-1.436439946410024,0.85525066,False,True,False,False,1,0,217
-0.2966684694988842,0.7277676623272605,0.6922670415857224,0.3336871952096564,-0.4151812665015709,0.98652018658146,-0.0126432334337288,0.5268445304674804,0.7201105642057092,-0.2029821247111064,0.8543385,False,True,False,False,1,0,218
-0.5805548116081289,-0.7824814063610185,1.679896470646095,1.1709490559186346,-1.188023938163182,-0.359528014557478,-0.5698466960794368,1.597489006001229,0.0024659076857033,-1.117999022896913,0.8534939,False,False,True,False,1,0,219
-0.1404920757677792,-0.9406045161669307,0.5616080638184959,0.3424428747987701,-0.4092156727411572,-0.8498741449723769,-1.416727799855941,0.0510025413413698,-1.088266184945621,-0.2162224641003528,0.8525863,False,True,False,False,1,0,220
0.5683084803964674,1.0905238148989334,-0.0268213752381624,0.28826710734113,-0.4092156727411572,-0.1458695699322497,0.8751335373259466,-0.3415670996876713,0.2394861612152455,-0.178138382674965,0.8502354,False,True,False,False,1,0,221
-1.6094624749683475,-1.0916579809343137,2.515141788590564,2.440522596340092,-0.6418738293972961,1.1788127867441651,0.8274219258455802,-1.7334049178815445,0.3009358565747565,-2.766534211724508,0.8465064,True,False,False,False,1,0,222
-0.4609292201016777,-0.7699602366742495,0.1518524608834548,0.3993547921280077,-0.1169015784808792,-0.4770401591013536,0.2003550321036212,1.8175659259720556,0.994439561346384,-0.2889648397285781,0.84523857,False,True,False,False,1,0,223
-1.5644477646963382,-1.170156083201365,3.2623819110655865,2.757915981445457,-0.4092156727411572,-0.1138208032384656,-0.4164879448925447,0.5863247791082442,0.1999827856269905,-3.202488988498155,0.8451539,False,True,False,False,1,0,224
-2.0456764530804405,-1.197847131547104,-0.0271720951067754,0.1257398049682102,-0.716443751402469,4.063201789184746,-0.5221350845990704,0.2889235359044252,0.0639156030452142,-0.0126051066872564,0.8441764,False,True,False,False,1,0,225
-0.4408312944814428,-0.6191750138882333,1.2476422936509202,0.9465847664476016,-1.6530419717874396,-0.2206500255510797,-1.4644394113363075,0.7647655250305355,-1.149715880305132,-0.8647292449772844,0.8437667,False,False,True,False,1,0,226
-2.012451309784433,-1.1990510901708318,2.6942072830010777,2.5554408909472075,-1.369676268167783,2.7278365102770703,0.2088749627251152,1.1216470168751187,1.005412721232012,-2.9254560498515683,0.8417982,False,True,False,False,1,0,227
-1.0559260144070268,-1.133462217534149,0.083429588995029,0.0359940891797971,-0.0691768283975687,-0.6874937270572034,0.1662753096176452,-1.150498481202059,0.9505469218038762,0.079772402937442,0.841576,False,True,False,False,1,0,228
-1.577314898093947,-1.1181560507589732,0.2998520292029099,0.1580263734530665,-1.429332205771921,0.6767154418748789,-1.4559194807148137,1.30008776279741,-1.138742720419504,-0.0348310667991157,0.8406417,False,True,False,False,1,0,229
0.4483528517520902,0.2073170573780675,0.3827768046992946,0.6762531591337219,0.5154513601229861,-0.4076011645981544,0.4712888258671306,0.7647655250305355,0.7596139397939682,-0.5829813231797917,0.84030986,False,True,False,False,1,0,230
-1.116444219608243,-1.0926211478332957,1.0872902998111666,1.2749227510393577,-0.4092156727411572,-0.4770401591013536,0.2957782550643541,0.645805027749008,0.9856610334378824,-1.2632408272977802,0.839853,False,True,False,False,1,0,231
0.5010324954046073,-0.098765343532247,-0.2110657908373048,0.073752957407849,1.1000795486435408,-0.5894672326631487,1.1767390813268344,0.1104827899821336,-0.1489636987359496,0.0333891451344447,0.83831227,False,True,False,False,1,0,232
0.4481727929110021,0.2180723087138976,0.3827768046992946,0.6833671487998768,-0.4092156727411572,-0.4449913924075693,0.4695848397428319,0.7647655250305355,0.7618085717710946,-0.5909234428696519,0.8379101,False,True,False,False,1,0,233
-2.0108145813496163,-1.1985695067213409,0.4547786230207389,0.5635237844238853,-0.7214846781300189,2.962860799364821,0.5104805067260031,-0.8412011882700874,0.7091374043200812,-0.4562282668165539,0.8370765,False,True,False,False,1,0,234
0.063738592957512,-0.7982571651577933,0.2884040388980639,0.4480582598424512,-0.4092156727411572,-0.8616253594267644,0.691103035901676,-0.6032801937070321,0.4765064147447918,-0.3365518666292899,0.8358912,False,True,False,False,1,0,235
1.0007969553441434,0.3910319932733871,-0.0836671150977988,0.1284759548398082,-0.4092156727411572,-0.6800156814953205,0.4934406454830151,1.656969254641993,0.7310837240913372,-0.0171069266125043,0.8353768,False,True,False,False,1,0,236
1.0007969553441434,0.3757258264982111,-0.0836671150977988,0.1284759548398082,0.6944191729354012,-0.6458303303552839,0.4934406454830151,1.656969254641993,0.7310837240913372,-0.0171069266125043,0.8314195,False,True,False,False,1,0,237
0.0156843179633258,0.055826940897031,2.533500348837012,2.221630606612255,-1.1907084553553684,-0.177918336626034,-0.0637628171626929,-0.0798540056683105,0.6542716048919455,-2.458304654091208,0.8309276,False,True,False,False,1,0,238
-1.9768543478348668,-1.1985695067213409,-0.0979947181058313,-0.093152184759627,-0.5737169206845684,2.268470854332829,-0.0637628171626929,-0.5378519202021919,0.6542716048919455,0.1988882760362754,0.8306787,False,True,False,False,0,0,239
0.1838742804429778,-0.772236681639994,0.1503027095506662,0.2899087972640888,-0.0811080159183968,-0.8082107482704574,0.4031293808951786,0.0510025413413698,0.8473992188789838,-0.1743136521751172,0.8306204,False,True,False,False,1,0,240
0.3640728257561241,-0.7768308868564067,0.0171683965316906,0.0392774690257148,-0.4444126759275982,-0.8851277883355396,-0.3091368190617203,1.252503563884799,0.3382446001858891,0.0744834836505326,0.8299255,False,True,False,False,1,0,241
0.6451898521716464,0.961940943828701,0.6632758872959917,1.2201997536073976,1.0404236110394027,-0.2847475589386481,2.071331796583705,-0.5437999450662683,-1.3011454867267849,-1.2095127454341863,0.82950777,False,True,False,False,1,0,242
0.3280371054255369,-0.1707043273755745,2.1206557943756423,2.218894456740657,-0.4092156727411572,-0.5657084136208232,0.9467009545464962,-0.2463987018624492,0.1473116181759771,-2.467386751622881,0.8293287,False,True,False,False,1,0,243
0.5490814672372116,1.1716343776408928,-0.2725366436887057,0.0212188798731682,1.1060451424039552,-0.1245037254697269,1.0455321497558268,0.164015013758821,0.0200229635027064,0.0831344934689467,0.8272177,False,True,False,False,0,0,244
0.378489084675246,0.9573491168158372,-0.158575054804677,0.1377788644032415,0.7540751105395392,-0.0390403476196356,0.9671487880380818,0.5387405801956331,0.1209760344504764,-0.0287698118845708,0.82646793,False,True,False,False,1,0,245
0.7845527178703056,-0.4048886790357684,-0.1422044136017203,0.2242412003457375,1.5892582369974753,-0.8188936705017188,0.8274219258455802,0.7647655250305355,0.3009358565747565,-0.1158409666799635,0.8232072,True,False,False,False,1,0,246
0.0108745133192232,1.0338795671104997,2.438776863167168,2.719609883243085,-0.4092156727411572,0.7408129752624474,-1.2582570902961523,0.8242457736712995,-0.8841654110729587,-3.1719428333565816,0.8231968,False,True,False,False,1,0,247
-1.9931592910964293,-1.204348508115234,0.7287891770253099,0.618246781855845,-1.3637106744073693,2.311202543257875,-0.8237406285999582,0.4673642818267166,-0.3245342569059809,-0.5078024836855859,0.8215971,False,False,True,False,1,0,248
0.5130408231547435,-0.022240646955847,0.6491671317977911,0.8918617690156421,0.1217221719356733,-0.5945523036452292,1.4578967918361363,-1.9713259124446,-0.5110779749616402,-0.8197690549106519,0.8214977,False,True,False,False,1,0,249
-0.1304077088880331,2.120503627171415,1.6977450310258375,1.6579837330630731,-1.0952589551887468,1.659544287150929,-0.0586508587897965,-0.1869184532216854,0.6608555008233247,-1.727730804593364,0.8213752,False,True,False,False,1,0,250
-0.2245870570076051,-0.2778474948018071,0.3230501395747491,0.4020909419996052,-0.4092156727411572,-0.1672354143947726,-0.1949697487337006,1.597489006001229,0.4852849426532933,-0.2865234950547649,0.82110375,False,True,False,False,1,0,251
0.8302042791147826,-0.2074391276359972,-0.0046711997960073,0.15310130368419,0.178395312659605,-0.7889814882541868,0.5343363124661863,-0.0084777072993939,0.6784125566403277,-0.0393700983065617,0.81861013,False,True,False,False,1,0,252
0.4947521201955308,-0.7877788243054207,-0.098323238377466,0.071016807536251,0.2912643466066344,-0.9150399705830716,-0.1148824008916569,1.8651501248846665,0.5884326455781858,0.0396125574557562,0.8175082,False,True,False,False,1,0,253
0.4457700791612925,0.2685826590719785,0.4872132471155402,1.0363304822360149,0.9002321576696781,-0.4343084701763079,0.5343363124661863,1.4131002352148614,0.6784125566403277,-0.9940321204733634,0.81703025,False,True,False,False,1,0,254
0.4121320866653624,-0.3895825122605923,0.053879224325139,0.3161758360314294,0.4826405944407099,-0.714201032635357,0.8018621339810981,1.002686519593591,0.3338553362316404,-0.2046191637405316,0.81657326,False,True,False,False,1,0,255
1.752838983021346,0.1690854788048892,-0.2631018993820022,0.073752957407849,-0.4092156727411572,-0.902220463905558,0.9637408157894842,0.2889235359044252,0.1253652984047252,0.0317657164602263,0.8162889,False,True,False,False,1,0,256
1.67595951901246,0.1614394916457459,-0.2631018993820022,0.0666389677416946,1.3953764397840251,-0.8904692494511702,0.9637408157894842,0.2889235359044252,0.1253652984047252,0.0387979861075163,0.8162889,False,True,False,False,1,0,257
-1.9606918354037208,-1.1956800060243942,2.2945976555671885,1.9315987202228704,-1.6649731593082675,2.1402757875576923,-0.3023208745645251,-1.0136939093283024,0.3470231280943907,-2.069885625397005,0.81494826,False,True,False,False,1,0,258
-0.8062094900164427,-0.784407740158983,2.5589521867727405,1.6579837330630731,-1.817423907855643,-0.0390403476196356,-0.5971104740682177,0.4197800829141055,-0.0326482039483029,-1.7008627618018644,0.81285095,False,True,False,False,1,0,259
-1.973893897537772,-1.208201175711163,-1.0148485822481954,-1.029462670820452,2.0593470253180834,2.0868611764013854,1.0267883023885398,-1.3527313265806562,0.0441639152510847,0.9497886807433832,0.8124548,False,True,False,False,0,0,260
0.0901639298719415,1.309389188171286,0.7172875067444243,0.9739462651635812,-0.158660734803776,0.5912520640247877,0.1219716703858764,1.7580856773312914,0.893486490398618,-0.9133036739273042,0.80997497,False,True,False,False,1,0,261
0.3496615291729205,-0.3023373616420887,-0.2720553260389331,-0.0439014870708634,0.5512449226854691,-0.6436937459090317,0.8836534679474406,1.002686519593591,0.2285130013296175,0.1463240480695938,0.8098392,False,True,False,False,0,0,262
0.6884441678819336,1.2206262324879298,-0.0220559320943956,0.3030423166477589,-0.4092156727411572,-0.2313329477823411,1.3045380406492444,-0.7817209396293235,-0.313561097020353,-0.1933212331330878,0.80941063,False,True,False,False,1,0,263
0.5124502473044359,0.617000097860158,0.4872128250699706,1.05603076131152,0.5272930637374079,-0.3274792478636938,0.5922718406923455,1.4963725833119308,0.6037950694180625,-1.0174096474901186,0.80901635,False,True,False,False,1,0,264
0.1838742804429778,-0.6497873474385855,-0.1467200901772017,0.0414663889229932,-0.4092156727411572,-0.7654790593454116,0.605903729686736,-0.1869184532216854,0.5862380136010593,0.0672213273650199,0.80895036,False,True,False,False,1,0,265
-2.1260598642804576,-1.2321840314958203,0.8544186377356635,0.3610486939256362,-2.140192358262833,1.5035736225745124,-2.3828879323333614,-2.2687271556484188,-2.332622515975725,-0.226614495351188,0.80784285,False,False,True,False,1,0,266
0.808579855367399,2.380833674046276,-0.038528497302491,0.2685668282656246,-0.4092156727411572,0.0464230302304557,1.6453352655090048,-2.3876876529299467,-0.7524874924454352,-0.1581339878946568,0.8076655,False,True,False,False,1,0,267
-2.016429139691944,-1.2159065109030207,0.0319274947099655,-0.0055953888684919,-0.9315034064653877,1.5847638315320989,-0.2307534573439754,-0.835253163406011,0.4391976711336591,0.1187630873374003,0.8072971,False,True,False,False,0,0,268
0.8518287028621667,-0.3406027785800289,-0.1794725230270729,0.106586755867025,1.0702515798414722,-0.8370546382948632,1.3130579712707384,-0.5437999450662683,-0.3245342569059809,0.0017720752516643,0.8069769,False,True,False,False,1,0,269
-2.1453518829684617,-1.237577766130121,2.5856867056046053,2.2599367048146264,-0.4092156727411572,0.7194471307999246,0.0487002670410279,-0.1869184532216854,0.7991173153822233,-2.509971657215457,0.80648756,False,True,False,False,1,0,270
0.0252951729621631,-0.0727448600144477,0.6525027520779216,0.919223267731622,-0.1377811566423279,-0.2740646367073867,0.8189019952240861,0.2175472375355085,0.3119090164603844,-0.8514096529968603,0.8056995,False,True,False,False,1,0,271
-2.1041955764340528,-1.2191812783595604,0.2985647859941633,0.6620251798014126,-0.7796790452628559,3.133787555065004,-0.0842106506542785,-0.7817209396293235,0.6279360211664448,-0.5697544003184342,0.8049875,False,True,False,False,1,0,272
1.5678374002755415,0.1568476416131932,-0.2631105091116288,0.0622611279471378,1.374496861622577,-0.8723082816580259,0.9637408157894842,0.2889235359044252,0.1253652984047252,0.0431196458825284,0.8036238,False,True,False,False,1,0,273
0.5611003391473398,1.1211361484492857,-0.0220557210716104,0.275680817931779,0.9330429233519536,-0.1565524921635112,1.299426082276348,-0.7817209396293235,-0.3069772010889778,-0.1649662075503981,0.8015993,False,True,False,False,1,0,274
0.3283136243600645,-0.1447204441999365,2.1206557943756423,2.2052137073826668,-0.7253921420430895,-0.5571620758358141,0.9467009545464962,-0.1869184532216854,0.1473116181759771,-2.4484152471090344,0.801303,False,True,False,False,1,0,275
-1.735932375256375,-1.165821832155945,2.0754758161144813,2.095767712518748,-0.4092156727411572,0.8049105086500159,-0.0995465257729677,1.597489006001229,0.6081843333723153,-2.2991304116273072,0.801257,False,True,False,False,1,0,276
0.8326927351697718,-0.6038958157862288,0.1844668763910469,0.109322905738623,-0.4092156727411572,-0.8904692494511702,-0.672085863537365,-0.1869184532216854,-0.1292120109418201,0.0103986007512592,0.80079776,False,True,False,False,1,0,277
0.6379871791380378,-0.4370316292636382,0.121530090457046,0.3232898256975838,0.0143414842482248,-0.7355668770978798,0.5888638684437479,0.2294432872636613,0.6081843333723153,-0.2099267906791525,0.800055,False,True,False,False,1,0,278
-0.6090212569610948,-1.067645700400892,0.7372798898011906,0.6729697792878042,-1.2145708303970233,-0.7868449038079345,-0.5528068348364489,0.645805027749008,0.0244122274569552,-0.5682592775994426,0.7996887,False,False,True,False,1,0,279
-2.0896193845364497,-1.2249602797534538,0.8824964854120627,0.9476792263962404,-0.5076479697879851,1.89456857623868,0.4014253947708798,-0.2463987018624492,0.8495938508561103,-0.877399528191652,0.7990744,False,True,False,False,1,0,280
-2.048891789528441,-1.2173512612514945,0.9553702498809854,0.7222204769765679,-1.712697909391578,2.268470854332829,-1.3894640218671603,0.0212624170209879,-1.0531520733116149,-0.6166119736990914,0.7985798,False,False,True,False,1,0,281
0.4145297287577145,-0.828871593066409,0.4831031563327628,0.6073021823694529,-0.4092156727411572,-0.9083343002985088,0.605903729686736,-1.7334049178815445,0.5862380136010593,-0.5033947603027839,0.79779935,False,True,False,False,1,0,282
0.5538158872465124,-0.4921636396697955,0.1206151800705488,0.4376608903303792,0.420001859956365,-0.8188936705017188,0.8274219258455802,1.2406075141566462,0.3009358565747565,-0.3306767965779706,0.7971919,False,True,False,False,1,0,283
-2.04031755900044,-1.2067564253626897,2.6942072830010777,2.4864899141829397,-1.196674049115782,2.941494954902298,0.1645713234933464,1.002686519593591,0.94835228982675,-2.8265065036234858,0.79518384,False,True,False,False,1,0,284
0.5659057666467587,-0.1814186441181978,0.3230506038248762,0.4704946887895546,-0.1974370942464659,-0.6864254348340773,-0.0671707894112905,1.597489006001229,0.6498823409376967,-0.3595206461876928,0.79423606,False,True,False,False,1,0,285
0.3040099679284435,-0.57019528020767,1.548164484221875,1.6798729320358572,-0.4092156727411572,-0.7622741826760333,1.0864278167389978,-2.1497666583668917,-0.0326482039483029,-1.760795837262627,0.79412377,False,True,False,False,1,0,286
0.5683084803964674,1.0813401148338275,-0.0220822255334022,0.2762280479060986,0.9330429233519536,-0.1092271466790231,1.299426082276348,-0.7817209396293235,-0.3069772010889778,-0.1655325701779075,0.7919618,False,True,False,False,1,0,287
0.8566341303615851,-0.4860113629442015,-0.2496905573062907,0.0474859186405084,-0.4092156727411572,-0.8840594961124134,1.2704583181632685,0.645805027749008,-0.2696684574778452,0.0580931438547812,0.7909955,False,True,False,False,1,0,288
-1.9766538973300256,-1.1817140859891515,0.9565773002109892,0.6467027405204635,-1.5904032373030943,3.476303407643708,-1.5343028424325584,-0.2463987018624492,-1.239695791367274,-0.5321968371431397,0.79076177,False,True,False,False,1,0,289
0.7941086977937639,0.1001647398662947,0.8733127738103542,1.2201997536073976,-0.4092156727411572,-0.6479669148015362,-1.8478362893035376,0.1104827899821336,-1.64350807515835,-1.2029599897853245,0.7884771,False,False,True,False,1,1,290
-1.986728618200428,-1.2110906764081095,1.331241502188511,1.077919960284304,-1.5456612840999908,1.5420321426070536,-1.3366404520138977,0.645805027749008,-0.9851184820207286,-1.0171371126881288,0.78590316,False,True,False,False,1,0,291
0.452978220410421,-0.4324397792310854,0.1215863069269607,0.3063256964936765,-0.0333832658350857,-0.7494546759985197,0.5803439378222539,0.2294432872636613,0.6191574932579432,-0.1922531747106107,0.7829815,False,True,False,False,1,0,292
-0.2247242446960532,-0.236558408017892,0.3230506038248762,0.4070160117684817,-0.4092156727411572,-0.1245037254697269,-0.2034896793551946,1.597489006001229,0.4743117827676654,-0.2917468710808784,0.7812163,False,True,False,False,1,0,293
0.601946472892398,-0.3880518955830748,0.6052428488390242,1.0067800636227564,0.855490204466574,-0.7654790593454116,0.8103820646025921,-0.1869184532216854,0.3228821763460124,-0.9554192311172944,0.7804291,True,False,False,False,1,1,294
-0.4336231532323152,-1.0247884334303992,-0.2504624786536952,-0.1653865413698131,-0.4092156727411572,-0.8220985471710972,0.0759640450298087,0.7052852763897718,0.8342314270162295,0.2622408797753865,0.7794387,False,True,False,False,0,0,295
0.9239041669810172,0.5134725051067927,0.1857305230319788,0.733712306437279,1.0493720016800234,-0.608440102545869,2.088371657826693,1.3417239368459448,-1.3230918064980408,-0.6535618512492996,0.7764649,False,True,False,False,1,1,296
-0.3615417407410357,-0.9819311664599062,0.2384688309959282,0.2171272106795831,-0.7850480796472281,-0.8188936705017188,-0.2375694018411706,-0.9006814369108511,0.4304191432251575,-0.0966972075412767,0.7764273,False,True,False,False,1,0,297
0.2511502654348385,-0.3742763454854164,-0.2720550474888569,-0.1478751821915862,-0.4092156727411572,-0.6276693625621395,0.622943590929724,-0.2463987018624492,0.5642916938298075,0.245168261308697,0.775817,False,True,False,False,0,0,298
-1.9855800700113952,-1.2048300915647252,1.2120306371193457,1.4390917433352357,-0.354153242332537,1.947983187394987,1.2244506928072008,-0.6508643926196431,-0.2104133940954606,-1.4634313309413054,0.7753278,False,True,False,False,1,0,299
0.3304348911362497,0.3451055144585344,-0.1203304247805283,0.1366844044546029,0.7988170637426428,-0.306113403401171,0.725182758387652,0.693389226661619,0.4326137752022799,-0.0264784977300898,0.7746908,False,True,False,False,1,0,300
-1.9513599172724203,-1.2063711586030967,0.9917818093812506,1.2201997536073976,-0.4092156727411572,1.5325531857112549,0.7013269526474688,0.5268445304674804,0.4633386228820374,-1.1992639787896584,0.7725841,True,False,False,False,1,0,301
-0.2726413320017913,-1.063053850368339,0.6517008654950519,0.2899087972640888,-1.6321623936259912,-0.9150399705830716,-2.052314624219394,-0.4248394477847406,-1.9068639124133968,-0.1586709731523108,0.76847047,False,False,True,False,1,0,302
-0.5612627929201247,-1.114773986509887,1.218579813659871,1.0888645597706956,-1.3398482993657137,-0.9096985094674408,-0.4846473898644968,0.2829755110403488,0.1121975065419748,-1.0337150177913492,0.76571053,False,True,False,False,1,0,303
-0.4336231532323152,-1.0355027501730223,-0.2504624786536952,-0.1659337713441327,0.0203070780086385,-0.8413278071873678,0.0759640450298087,0.7052852763897718,0.8342314270162295,0.2627521816833802,0.7643752,False,True,False,False,0,0,304
-2.0231690979444354,-1.21378754372526,2.6995771333850875,2.500717893515248,-0.4092156727411572,1.8304710428511115,0.1134517397643824,1.062166768234355,0.8825133305129901,-2.8466971925909146,0.7640321,False,True,False,False,1,0,305
0.4746026441578047,0.1629701083232636,0.0113353848983267,0.2417525595239644,0.1485673438575357,-0.4909279580019934,0.9875966215296674,0.0985867402539809,0.0946404507249717,-0.1289865047898487,0.7638388,False,True,False,False,1,0,306
-0.3398332895344774,-0.8839847500102607,0.2473377388070244,0.2461303993185212,-0.8715491891732285,-0.7013815259578432,-0.5630307515822417,0.5863247791082442,0.0112444355942048,-0.1261179179008703,0.76227546,False,True,False,False,1,0,307
-0.3399173169936521,-0.8824410824212617,0.2473377388070244,0.2505082391130781,-0.4092156727411572,-0.7024498181809694,-0.5630307515822417,0.5863247791082442,0.0112444355942048,-0.130616280710819,0.76227546,False,True,False,False,1,0,308
0.5755166216455959,-0.7707060649624765,0.0171713044256674,0.0529582183837044,-0.4092156727411572,-0.9278594772605852,-0.3159527635589155,1.062166768234355,0.3294660722773875,0.0610337637823673,0.761923,False,True,False,False,1,0,309
0.5755166216455959,-0.7737672983175116,0.0171713044256674,0.0540526783323436,-0.3734221101786741,-0.9278594772605852,-0.3159527635589155,1.062166768234355,0.3294660722773875,0.0599559640777652,0.761923,False,True,False,False,1,0,310
0.5683920791441158,0.4522022414442987,-0.1182621904650792,0.1147952054818185,2.036677769028512,-0.359528014557478,0.7763023421166161,-0.662760442347796,0.3667748158885202,-0.0045063464529798,0.7610827,True,False,False,False,1,0,311
-0.0323699570308598,-0.779889765027582,0.3350662412008242,0.5088007869919261,-0.4092156727411572,-0.7569327215604025,-0.2631291937056526,1.1811272655158822,0.3974996635682777,-0.4004451203964303,0.76037663,False,True,False,False,1,0,312
-1.875263621336404,-1.1942352556759206,2.1247074318469843,2.331076601476173,-0.2600758287308113,3.2619826218401404,1.137547400467962,-0.9006814369108511,-0.0984871632620666,-2.623945721287954,0.75758857,False,True,False,False,1,0,313
0.3280371054255369,0.4216443268237393,-0.1182621904650792,0.0819614070226431,0.9330429233519536,-0.2655182989223776,0.7763023421166161,-0.662760442347796,0.3667748158885202,0.0281562509651735,0.75731575,False,True,False,False,1,0,314
1.193014055320889,-0.6497873474385855,-0.3565157776483485,-0.093152184759627,1.1418387049664382,-0.9577716595081172,0.4764007842400271,1.4785285087197015,0.7530300438625891,0.1908229054179043,0.7568436,False,True,False,False,0,0,315
1.7216037578640662,0.1920446138692087,-0.8672058998831297,-0.9035997767269456,1.329754908419474,-1.05391795958947,0.5650080627035647,-0.383203273736206,0.6389091810520687,0.8637031262107673,0.75573415,False,True,False,False,0,0,316
0.3520592784431536,-0.4064235074495018,1.7851569992421887,1.953487919195654,0.7421439230187117,-0.699244941511591,-1.6382459960147853,1.407152210350785,-1.3735683419719238,-2.115179277774108,0.75006455,False,True,False,False,1,0,317
-0.2245910290198969,0.008371533162018,1.8668882340872632,1.3843687459032763,-0.3853532976995016,0.0998376413867625,0.0657401282840159,2.2517717410496307,0.8210636351534791,-1.3744423981206637,0.7489684,False,True,False,False,1,0,318
0.2078967021132808,2.2736728618840374,0.2883972861689451,0.618246781855845,0.1724297188991912,1.0185689532752442,0.1696832818662428,0.2889235359044252,0.954936185758129,-0.5215418820284812,0.7478201,False,True,False,False,1,0,319
-1.7380759328883748,-1.2192775950494588,0.3950591748754395,0.344631794696048,-0.7373233295639177,-0.1565524921635112,-1.1662418395840173,1.2406075141566462,-0.7656552843081895,-0.2237120082544744,0.7442191,False,False,True,False,1,0,320
-0.4648619902842055,-0.9865243206685986,0.8957078200921835,0.8590279705564661,-1.157897689673092,-0.7654790593454116,-0.6192622936841021,1.5558528319526943,-0.061178419650934,-0.7741724093447221,0.74224603,False,True,False,False,1,0,321
0.3351730087824659,-0.5885910937614012,1.5482142855991268,1.6246027046295783,-0.0125036876736376,-0.7857766115848085,0.7967501756082017,-2.215194931871732,0.3404392321630155,-1.6892456282186024,0.74116415,True,False,False,False,1,0,322
0.0997792992031518,0.312970542719989,1.0095153201386304,0.5142730867351222,-0.606080266834813,-0.0892500821065643,0.0333643919223387,0.1699630386228974,0.7793656275880937,-0.3853279776831048,0.7405707,False,True,False,False,1,0,323
0.0949693509406876,-0.1140771873094425,0.2042127426304166,0.5088007869919261,0.3245523597897434,-0.3915767812512622,0.6791751330315844,0.9372582460887507,0.4918688385846685,-0.4045275033347812,0.7403958,False,True,False,False,1,0,324
0.0276978867118727,-0.3681538787753459,-0.0952647163367298,0.1749905026569743,0.0650490312117421,-0.4343084701763079,0.3468978387933182,1.4785285087197015,0.9198220741241228,-0.0642882840349951,0.7398964,False,True,False,False,1,0,325
0.4241456554139088,-0.7997877818353111,2.580239785479069,2.276353604044215,-0.4092156727411572,-0.9096985094674408,0.2821463660699637,-1.6739246692407808,1.0032180892548856,-2.5330535485709933,0.7395346,False,True,False,False,1,0,326
0.4193351476829024,0.5746968653425231,-0.0869670894090927,0.0436553088202716,0.6616084072531251,-0.2740646367073867,0.9467009545464962,-1.221874779570976,0.1473116181759771,0.0669352874144501,0.73918664,False,True,False,False,1,0,327
0.822996137865655,2.380833674046276,0.2291188756442239,0.7058035777469801,1.0791999704820927,0.0357401079991942,1.0898357889875956,0.164015013758821,-0.0370374679025557,-0.6208309693920847,0.7373015,False,True,False,False,1,1,328
0.4601863616595485,0.9573601639549016,-0.7203172863378606,-0.7115220557407678,0.4617610162792618,1.4672516869882233,0.3673456722849038,-1.4360036746777256,0.893486490398618,0.7208383271637124,0.734717,False,True,False,False,0,0,329
0.2847834092034053,0.4522481448710623,-0.3937802490408886,-0.1965786499060303,0.941991313992575,-0.2099671033198183,0.382681547403593,1.080010842826584,0.8737348026044885,0.286800601193615,0.7328519,False,True,False,False,0,0,330
0.7004521719548671,0.0542898033388156,0.3216397898937091,0.7167481772333718,0.7421439230187117,-0.6586498370327977,0.605903729686736,0.693389226661619,0.5862380136010593,-0.6302310584685826,0.7313875,False,True,False,False,1,0,331
-0.2966684694988842,0.2838888258471545,0.6629504901615745,0.7167481772333718,-0.6478394231577098,0.5912520640247877,0.4525449784998439,0.3484037845451889,0.7837548915423466,-0.6195828068385316,0.7310979,False,True,False,False,1,0,332
1.0728783678354232,0.2440927922316967,1.7612126658776983,1.1643822962267998,-2.028874378693511,-0.7120644481891046,-2.359032126593178,0.645805027749008,-2.3018976682959718,-1.1075225493094685,0.73056513,False,False,True,False,1,1,333
-0.1404961913984325,-0.267138087898768,1.6141665027211738,1.953487919195654,-0.1735747192048109,-0.2633817144761253,0.7950461894839029,0.5327925553315567,0.3426338641401419,-2.1205138595257904,0.7301467,False,True,False,False,1,0,334
-1.017482594411678,-1.092135567241174,0.5343932993326065,0.7878880738949192,-0.1407639535225348,-0.5411376924889221,0.708142897144664,0.5863247791082442,0.4545600949735359,-0.7040279706812712,0.7298387,True,False,False,False,1,0,335
-1.9372927045603048,-1.1691929163023829,2.6072937506028158,2.095767712518748,-1.8777062328046248,3.2619826218401404,-0.7538771975037074,-0.4248394477847406,-0.2345543458438389,-2.282538692752506,0.72978145,False,True,False,False,1,0,336
0.8422178478633294,0.017561523959091,-0.8608030465416997,-0.8357432599113155,1.8159507998932007,-0.723067858087304,0.5956798129409432,1.4785285087197015,0.5994058054638137,0.8130299044527489,0.7225866,False,True,False,False,0,0,337
1.2433983774610595,-0.3299278072052291,-0.2673540084990615,0.0655445077930554,1.2969441427371973,-0.9150399705830716,1.3556576243782086,0.5863247791082442,-0.3794000563341167,0.0397462122317564,0.7202744,False,True,False,False,1,0,338
0.6412730386321315,-0.2059297006302571,1.3350888696040055,1.8768757227909112,-0.2004198911266728,-0.7227473704203661,0.708142897144664,1.4785285087197015,0.4545600949735359,-2.02666587593546,0.71944594,True,False,False,False,1,0,339
-1.804526219480389,-1.1842664782714547,1.7236839517538245,1.559482337685547,-0.4092156727411572,0.8049105086500159,-0.473912277281414,0.2889235359044252,0.1260236879978647,-1.600142769450986,0.7191809,False,True,False,False,1,0,340
-1.3993938270323028,-0.9606672826727304,0.2349393060991483,0.4157716913575949,0.384208297393882,1.2535932423629954,-0.2733531104514454,1.4190482600789378,0.3843318717055233,-0.3037942653668357,0.71545106,False,True,False,False,1,0,341
0.5923999246225208,-0.374315353744825,0.1216719821776571,0.1968797016297576,-0.4092156727411572,-0.7483863837753935,0.5547841459577719,-0.1869184532216854,0.652076972914823,-0.0797166834341571,0.71333957,False,True,False,False,1,0,342
-0.0323742591510277,-0.9191775243996636,2.27759343955465,2.757915981445457,-0.4092156727411572,-0.8488058527492507,1.0148603995184482,0.7647655250305355,0.0595263390909655,-3.2332125358079584,0.7128206,False,True,False,False,1,0,343
-1.4594134407283157,-1.1118844858129402,3.199805214411851,2.642997686838343,-1.393538643209438,0.2707643970869453,-1.1662418395840173,1.2406075141566462,-0.7656552843081895,-3.0363822274740144,0.7127511,False,False,True,False,1,0,344
0.9070911191054806,2.00736320473198,-0.2654157642191515,0.0551471382809829,-0.4092156727411572,-0.1586890766097634,1.129027469846468,-0.305878950503213,-0.0875140033764387,0.0500617110103748,0.7103702,False,True,False,False,1,0,345
0.9070741850001875,1.9888579754185245,-0.2654168193330762,0.0513165284607456,1.6429485808411988,-0.162962245502268,1.129027469846468,-0.305878950503213,-0.0875140033764387,0.0538337419368487,0.7103702,False,True,False,False,1,0,346
-2.0188819826804347,-1.208586442470756,0.5180390334977633,0.5049701771716893,-0.4092156727411572,2.193690398714,-0.473912277281414,0.2889235359044252,0.1260236879978647,-0.3905932694588314,0.7091263,False,True,False,False,1,0,347
-0.5105134722170499,-0.7018310455820845,0.1518613238404231,0.5088007869919261,0.2112060783418811,-0.3242743711943154,0.433801131132557,2.370732238331158,0.8078958432907248,-0.4061607690953585,0.70830095,False,True,False,False,1,0,348
-1.6395482001970063,-1.1672665825044184,0.9227891759734176,0.8371387715836829,-1.509450129974279,0.2066668636993767,-0.8544123788373367,1.1632831909236532,-0.36403763249424,-0.7481722905266401,0.70502204,False,True,False,False,1,0,349
0.4001134698385926,0.5440846852246577,-0.0648493692712655,0.2899087972640888,1.7085701122057513,-0.2526987922448638,0.8103820646025921,1.1216470168751187,0.3228821763460124,-0.1810259921991086,0.70465904,True,False,False,False,1,0,350
0.4247737178000847,-0.8028523862744925,2.580239785479069,2.2599367048146264,-0.6478394231577098,-0.9470887372768556,0.2821463660699637,-1.6739246692407808,1.0032180892548856,-2.51014159087432,0.70427567,False,True,False,False,1,0,351
-0.1861436370122557,-0.1951941942158563,1.8342751691254944,1.5211762394831745,-1.444246190172956,-0.0678842376440415,-0.6039264185654128,-0.0084777072993939,-0.0414267318568045,-1.5478409567432536,0.7032991,False,True,False,False,1,0,352
0.3760863752126522,0.1767385238102763,1.0094680510347978,1.0013077638795609,-1.0594653926262645,-0.4129426257137851,-0.0842106506542785,0.0510025413413698,0.6279360211664448,-0.936357457244053,0.70204264,False,True,False,False,1,0,353
0.6884441678819336,-0.3589701787102403,0.0990110893913281,0.4048270918712033,0.4716042459839443,-0.776161981576673,1.0148603995184482,-0.305878950503213,0.0595263390909655,-0.2964143520333333,0.7017308,False,True,False,False,1,0,354
-0.1525097408549607,-0.9069326523814124,0.1915893174292099,0.2844364975208927,-0.3167489694547425,-0.8188936705017188,0.0947078923970956,-0.1274382045809215,0.8583723787646078,-0.1673571295017416,0.6986037,False,True,False,False,1,0,355
0.231928555437164,0.5134813274747956,0.0043850962481383,0.0600722080498593,-0.2183166724079145,-0.0283574253883742,-0.2120096099766886,0.9432062709528272,0.4633386228820374,0.053624361641286,0.6971989,False,True,False,False,1,0,356
0.0997747698658755,-0.978871275615053,1.0257058322923405,1.3460626477009048,-0.0661940315173618,-0.941747276161225,0.5803439378222539,0.5387405801956331,0.6191574932579432,-1.3530096854113016,0.6948704,False,True,False,False,1,0,357
-1.472150848161594,-1.052168138076042,0.6444838862492241,0.771471174665331,-0.3107237197567249,0.8476421975750617,-0.0347950530496132,0.6755451520693898,0.6915803485030781,-0.6819439359608751,0.6914369,False,True,False,False,1,0,358
0.6211627554021483,-0.4997906567752797,-0.2345629584795416,-0.0625073061977295,0.5094857663625723,-0.8317131771792324,0.7831182866138113,0.5387405801956331,0.3579962879800186,0.1653656097782672,0.6898596,False,True,False,False,0,0,359
-1.9738672724084252,-1.199532673620323,-0.0979955621969713,-0.1478751821915862,-0.245161844329777,2.0868611764013854,-0.0586508587897965,-0.9006814369108511,0.6608555008233247,0.2505985897353495,0.68763983,False,True,False,False,0,0,360
-0.3663508958871765,-0.591627197128875,1.2476403522412989,0.968473965420385,-1.8946485190842,-0.3381621700949552,-1.6160941763989007,0.3484037845451889,-1.3450381262692928,-0.8903406990398067,0.6823267,False,False,True,False,1,0,361
0.2318535309200443,0.4981019600152968,-0.0076820728918985,0.1257398049682102,-0.4092156727411572,-0.0668159454209153,-0.4846473898644968,-0.1869184532216854,0.1121975065419748,-0.0119970546670405,0.6756537,False,True,False,False,1,0,362
-2.085760980798849,-1.222118937401456,2.4804933244586875,1.3679518466736886,-2.4336399153375887,2.204373320945261,-3.0508504930584914,-1.4776398487262603,-5.910186157544003,-1.3348346214513056,0.6753969,False,False,False,True,1,0,363
-2.226164005694879,-1.2390706748235436,-1.574552375883167,-2.1425284385865058,-0.4092156727411572,2.0868611764013854,-0.3057288468131227,-2.506648150211474,0.3426338641401419,1.4408126458728137,0.6736273,False,True,False,False,0,0,364
1.637516099017111,0.126235308062841,-0.2631095806113749,0.0272384095906839,1.4550323773881635,-0.8894009572280441,0.9637408157894842,0.2889235359044252,0.1253652984047252,0.0775403491637204,0.6701334,False,True,False,False,0,0,365
-2.1069822013556534,-1.2284276805897898,0.7582146162065003,1.039613862081932,-0.024434875194465,1.9800319540887712,1.2261546789314997,-0.3950993234643587,-0.212608026072587,-0.9894686233490126,0.66259277,False,True,False,False,1,0,366
0.0925222848400145,-0.3727839183754433,0.1855983805640331,0.2669251383426658,-0.3018349850537081,-0.495201126894498,-0.0586508587897965,0.1699630386228974,0.6608555008233247,-0.1494479254517049,0.6599276,False,True,False,False,1,0,367
0.4193351476829024,0.6665334056961184,-0.2219052716189681,0.0983783062522308,1.1209591268049894,-0.2313329477823411,1.2534184569202804,-0.2761388261828311,-0.2477221377065932,0.0086213941120947,0.6597116,False,True,False,False,1,0,368
-1.920278331608414,-1.187011503933554,1.3493420659780595,0.9028063685020336,-1.8588549565217167,1.9800319540887712,-1.948371470637167,-0.6032801937070321,-1.772991361808747,-0.8106056794360796,0.65959483,False,True,False,False,1,0,369
0.6692169467975868,-0.6773413014974242,-0.069006138294077,0.0130104302583741,0.9091805483102988,-0.910766801690567,0.7558545086250305,-1.8761575146193776,0.3931103996140249,0.0975005026743807,0.6588225,False,True,False,False,0,0,370
0.3208240532858735,-0.5885659791363519,-0.0468044732923905,-0.0805658953502761,-0.7253921420430895,-0.776161981576673,-0.6022224324411141,0.4554682320985638,-0.0392320998796781,0.1884932814178012,0.6579919,False,True,False,False,0,0,371
0.4770053579075138,0.7614412292326478,-0.0599945790803439,0.071016807536251,0.3424491410709852,-0.2420158700136025,0.5292243540932899,-0.4843196964255045,0.6849964525717029,0.0408083395057124,0.6486068,False,True,False,False,1,0,372
-0.2678359045023725,-0.1844798774732331,1.8342710752834663,1.4992870405103913,-0.4092156727411572,-0.018742795380239,-0.5698466960794368,-0.5437999450662683,0.0024659076857033,-1.5200401784376794,0.6465468,False,True,False,False,1,0,373
-0.4888855694756295,-1.0201965833978464,-0.3377871678461849,-0.2518488773123091,0.4826405944407099,-0.7782985660229254,0.0061006139335579,1.062166768234355,0.7442515159540875,0.3394179897484976,0.6456119,False,True,False,False,0,0,374
0.7845527178703056,-0.0559080765617541,-0.1074223720469601,0.1749905026569743,0.664591204133332,-0.7270205393128707,1.2193387344343043,0.1699630386228974,-0.2038294981640854,-0.0646675800170211,0.64136976,False,True,False,False,1,0,375
-0.9320982632562036,-1.034831133894362,1.5800369436175277,1.4500363428216276,-0.4092156727411572,-0.5924157191989768,-0.4164879448925447,0.5863247791082442,0.1999827856269905,-1.4657251688967592,0.63828325,False,True,False,False,1,0,376
-2.098622326590852,-1.232810089980159,-1.109553540117519,-1.4885886192745912,-0.9491019080586084,0.943788497656414,-2.497055002661381,-1.5549641719592533,-2.479662858443125,1.2328005542787324,0.6365347,False,True,False,False,0,0,377
0.6884441678819336,-0.1048878102423175,-0.576829473790542,-0.4269624690945791,-0.4092156727411572,-0.7067229870734739,1.1409553727165596,0.2294432872636613,-0.1028764272163154,0.4882061673015535,0.63630015,False,True,False,False,0,0,378
0.2339970885520445,0.5977367598805134,-0.007019419142549,0.1257398049682102,-0.4092156727411572,-0.0710891143134199,-0.0995465257729677,1.597489006001229,0.6081843333723153,-0.0119763811169255,0.6362073,False,True,False,False,1,0,379
0.4001134698385926,-0.267138087898768,1.0280431206586207,0.8371387715836829,0.2887587972272609,-0.6586498370327977,1.0489401220044243,-0.5437999450662683,0.0156336995484536,-0.7448885655007799,0.6323985,False,True,False,False,1,0,380
0.2558613763984493,1.6307332590389525,-0.0380355480768107,0.2964755569559241,1.410290424185061,0.5869788951322832,0.6842870914044809,0.2889235359044252,0.4852849426532933,-0.1870000219817873,0.627059,True,False,False,False,1,0,381
-0.3711563148123644,0.3711258675635357,-0.9601659145640274,-1.0726938387916998,0.5601933133260897,0.8049105086500159,-0.0808026784056809,0.6101168785645498,0.6323252851206935,0.9815077524949828,0.62476754,False,True,False,False,0,0,382
-1.2214785435762652,-0.6688277122811157,2.218612782179516,1.6579837330630731,-0.4092156727411572,2.0868611764013854,-0.0995465257729677,-0.2463987018624492,0.6081843333723153,-1.71148071083448,0.6214116,False,True,False,False,1,0,383
0.688431306536141,-0.1585033625243723,-0.576829473790542,-0.4269624690945791,0.9330429233519536,-0.7227473704203661,1.1409553727165596,0.2294432872636613,-0.1028764272163154,0.4882061673015535,0.6207646,False,True,False,False,0,0,384
0.44813849598889,1.9062086238168592,-0.1356631293133527,0.0929060065090347,-0.4092156727411572,0.4021643405314607,1.1682191507053403,-0.1869184532216854,-0.1379905388503217,0.0167524403030676,0.6206756,False,True,False,False,1,0,385
-0.5489534132183621,-0.8380531987732511,0.195424023477607,0.142703934172118,-0.4092156727411572,-0.4770401591013536,-0.5187271123504729,-0.1869184532216854,0.068304866999463,-0.0226706589384765,0.61743295,False,True,False,False,1,0,386
0.4955111196561002,-0.4508630430414376,0.0115632473015325,0.1585736034273861,0.8435590169457464,-0.8188936705017188,-0.0756907200327845,-0.4843196964255045,0.6389091810520687,-0.0443767424803889,0.61394787,False,True,False,False,1,0,387
-2.025955722866036,-1.2080567006763157,0.5154909713534034,0.6373998309570308,-0.1258499691215004,2.482129298958058,0.3622337139120073,0.1104827899821336,0.9000703863299933,-0.5356417601976382,0.613086,False,True,False,False,1,0,388
-2.001947877387632,-1.2000142570698142,2.0777614883075586,1.6142053351175063,-1.6822733812134676,2.65305605465824,-0.9992511994027348,-0.5437999450662683,-0.5505813505498992,-1.6593234308885587,0.61017144,False,True,False,False,1,0,389
0.2559556929342573,1.629300885385131,-0.0380355480768107,0.2992117068275216,-0.4092156727411572,0.5164716084059577,0.674063174658688,0.2889235359044252,0.4984527345160437,-0.1898404681866742,0.6088817,False,True,False,False,1,0,390
0.5442760483120237,0.360411604517467,-0.7532090701940118,-0.7498281539431397,1.2909785489767835,-0.4343084701763079,0.8103820646025921,1.1216470168751187,0.3228821763460124,0.7500588688567926,0.6086794,True,False,False,False,0,0,391
0.5995437591426888,0.4507260436965738,-0.774926395699645,-0.7306751048419537,1.3566000803413358,-0.4535377301925785,0.8052701062296957,-0.662760442347796,0.3294660722773875,0.7343092688555016,0.6080203,False,True,False,False,0,0,392
-1.8491646603634653,-1.1874930873830452,1.222131749176414,1.2749227510393577,-0.6484658105025537,1.1147152533565967,0.0026926416849603,0.3365077348170361,0.7398622519998387,-1.2590340277984524,0.6018276,False,True,False,False,1,0,393
-0.8204600669355143,-0.9161146493266492,0.8588408312174052,0.7441096759493511,-1.1787772678345405,-0.3274792478636938,-0.9447236434251732,1.30008776279741,-0.4803531272818867,-0.6442906940348959,0.5989864,False,True,False,False,1,0,394
0.1670506391056239,1.1104100174051628,-0.0149255565995177,0.0513165284607456,-0.1174981378569207,0.3209741315738739,0.0742600589055099,0.7469214504383064,0.8320367950391071,0.0616485980038371,0.59745586,False,True,False,False,1,0,395
0.4530686785424914,-0.7079756308902484,0.0522817818429482,0.0545999083066633,-0.6239770481160548,-0.8723082816580259,-0.5783666267009309,1.4190482600789378,-0.0085072521999246,0.0605123443481465,0.59661525,False,True,False,False,1,0,396
0.8326069928644922,-0.6038688471130573,0.1844630357763606,0.1142479755074995,-0.4092156727411572,-0.9043570483518102,-0.740245308509317,-0.960161685551615,-0.2169972900268357,0.0054844461364665,0.5960638,False,True,False,False,1,0,397
0.8806553923672089,-0.374280718311296,-0.3651672897863732,-0.3120441744874646,1.2909785489767835,-0.8616253594267644,0.0776680311541075,-0.7222406909885597,0.8364260589933559,0.3931271148012911,0.58752465,False,True,False,False,0,0,398
-0.1765327820134189,0.4124606267586335,-0.1513951311598893,0.0381830090770756,0.9688364859144368,0.4844228417121735,0.563304076579266,-0.305878950503213,0.6411038130291952,0.070298786554762,0.58507806,False,True,False,False,1,0,399
-0.0275688402258394,-0.766116623810338,-0.0226832184249846,0.1749905026569743,0.3812255005136751,-0.752659552667898,0.1645713234933464,1.0562187433702783,0.94835228982675,-0.0620238778712161,0.5833351,False,True,False,False,1,0,400
1.7240137940066464,0.1002148245450418,0.3487934843856295,0.8962396088101989,1.2879957520965766,-0.9096985094674408,1.4067772081071723,-0.1155421548527688,-0.4452390156478764,-0.8342097140376763,0.5742348,False,True,False,False,1,0,401
-1.8859814094964065,-1.207719592261672,0.0549073273334918,-0.0384291873276673,-1.0803449707877124,0.6233008307185718,-0.8237406285999582,0.4673642818267166,-0.3245342569059809,0.1512531086855497,0.5728839,False,False,True,False,0,0,402
-1.5708784375923397,-1.097918565777698,1.0947748559483312,0.9476792263962404,-1.2384332054386789,0.8796909642688459,-0.6584539745429745,0.2294432872636613,-0.111654955124817,-0.8707768424589357,0.5727479,False,True,False,False,1,0,403
0.4721999304080955,0.4828689939244434,-0.4541480013861596,-0.3394056732034442,-0.4092156727411572,-0.2473573311292332,0.5377442847147839,0.3484037845451889,0.674023292686075,0.4148592891166748,0.572298,False,True,False,False,0,0,404
-0.964625588513574,-1.158411712049193,0.0241242224197563,-0.1216081434242456,-0.7074953607618484,-0.8417465777388332,-0.9106439209391972,-0.2463987018624492,-0.4364604877393789,0.2296748703604798,0.5687733,False,True,False,False,0,0,405
-0.5490445144177221,-0.8380705839357777,0.195424023477607,0.1421567041977984,-0.7015297670014347,-0.487723081332615,-0.5187271123504729,-0.1869184532216854,0.068304866999463,-0.0221209564163643,0.5633747,False,True,False,False,1,0,406
-0.0323699570308598,-0.7875428484151702,0.3350662412008242,0.5088007869919261,-0.5881834855535718,-0.744113214882889,-0.2120096099766886,1.1811272655158822,0.4633386228820374,-0.4004451203964303,0.56169045,False,True,False,False,1,0,407
-0.7863363442801725,-0.8532741734362123,2.089004486858634,2.084823113032357,-0.8327728297305387,-0.2324012400054673,-0.0399070114225097,2.067382970263264,0.6849964525717029,-2.283744828006184,0.5605562,False,True,False,False,1,0,408
1.3371702202698847,0.467554234929995,-0.0061651989090076,0.7824157741517231,0.2768276097064329,-0.7975278260391959,0.1287876148830716,-0.5437999450662683,0.9022650183071196,-0.7146700870828838,0.5579925,False,True,False,False,1,0,409
0.169453348568218,0.3144933343406693,2.072739272639046,1.7291236297246202,-1.539695690339577,-0.1672354143947726,-0.534062987469162,-0.1214901797168452,0.0485531792053375,-1.8086238660064256,0.557413,False,True,False,False,1,0,410
-0.5393459879117362,-0.7814227138692705,-0.3794087110890261,-0.2633407067730208,0.9091805483102988,-0.4129426257137851,0.4627688952456366,0.0212624170209879,0.7705870996795962,0.3486041686364307,0.5537876,False,True,False,False,0,0,411
-2.101623307275652,-1.2296316392135176,-0.2498741471292108,-0.0449959470195026,0.700384766695815,1.4886175314507462,1.2261546789314997,-0.3950993234643587,-0.212608026072587,0.1480695469730084,0.5513474,False,True,False,False,0,0,412
0.7316873971121473,0.0542898033388156,0.066344804483191,0.2516026990617173,0.6019524696489864,-0.6714693437103114,0.622943590929724,-0.4188914229206643,0.5642916938298075,-0.1373881537622366,0.55072486,False,True,False,False,1,0,413
-0.1044706615408273,-0.429432579539083,2.600299189372341,2.10671231200514,-1.5665408622614394,-0.4343084701763079,-0.6618619467915722,-0.5437999450662683,-0.1160442190790698,-2.2977397571711142,0.5428661,False,False,True,False,1,0,414
-0.1044513695221394,-0.4247866958434973,2.600299189372341,2.10671231200514,-0.4092156727411572,-0.4268304246144249,-0.6618619467915722,-0.5437999450662683,-0.1160442190790698,-2.2977397571711142,0.5428661,False,True,False,False,1,0,415
-2.057680375819643,-1.2173512612514945,2.156504345085619,1.909709521250086,-1.3905558463292311,2.193690398714,-0.1591860401234257,-1.317043177396198,0.5313722141729236,-2.044872688012894,0.5415979,False,True,False,False,1,0,416
0.8157879966165265,-0.1002959602097647,-0.1074237563564293,0.173348812734015,0.664591204133332,-0.752659552667898,1.2193387344343043,0.1699630386228974,-0.2038294981640854,-0.06300710163902,0.53780395,False,True,False,False,1,0,417
-1.1914687367282588,-1.089250063686858,0.8994476925010172,0.8995229886561166,-0.826807235970125,-0.3274792478636938,0.1952430737307248,0.3484037845451889,0.9878556654150088,-0.8208349112373088,0.53601605,False,True,False,False,1,0,418
1.3011361740578071,-0.1140715103074231,0.1408881390222056,0.727692776719764,0.4498298287584343,-0.8765814505505304,1.4374489583445509,-0.9006814369108511,-0.4847423912361355,-0.64818027490233,0.5329348,True,False,False,False,1,0,419
0.2554326648720489,0.3713925386196899,1.761131970764728,1.2803950507825534,-1.990098019250821,-0.2344929561783481,-2.17159365292031,0.1104827899821336,-2.0604881508121764,-1.248943563278866,0.53126293,False,True,False,False,1,0,420
-1.0751477244047012,-1.095196800596209,0.0650771906139018,-0.031315197661513,-0.692581376360814,-0.5304547702576606,-0.525543056847668,-0.2404506769983728,0.0595263390909655,0.1447071089584388,0.53043514,False,True,False,False,0,0,421
-2.265176754597287,-1.242682550694727,-0.2233660135410578,-0.5719784122892715,-0.4092156727411572,1.4672516869882233,-2.205673375406286,-2.090286409726128,-2.1043807903546843,0.6227502431688925,0.5278392,False,True,False,False,0,0,422
-0.2366006257561516,-0.5059093797519304,0.4351999290316193,0.5799406836534735,-0.4092156727411572,-0.3808938590200009,-0.825444614724257,0.3484037845451889,-0.3267288888831073,-0.4748126993414984,0.52723056,False,True,False,False,1,0,423
-0.2366006257561516,-0.5105012297844833,0.4351999290316193,0.5088007869919261,-0.4092156727411572,-0.3915767812512622,-0.825444614724257,0.3484037845451889,-0.3267288888831073,-0.3973211377500305,0.52723056,False,True,False,False,1,0,424
0.3520642429226293,0.7430738291024365,-1.251547817801964,-1.4141653427671264,2.45426933225748,-0.049723269850897,0.8257179397212813,0.9432062709528272,0.3031304885518829,1.1872592646805638,0.5269068,False,True,False,False,0,0,425
1.1689805471705137,-0.5732598890774194,0.2663767631258729,0.3938824923848116,-0.3346457507359843,-0.9577716595081172,0.2208028655952069,0.8777779974479869,1.0207751450718887,-0.2795971769992492,0.5266601,False,True,False,False,1,0,426
-0.6690837418097476,0.0741399702557949,1.5793971225335115,1.0943368595138916,-1.9304420816466827,1.4458858425257006,-1.6774376768736576,-1.4360036746777256,-1.4240448774458068,-1.0289980380330577,0.5111132,False,False,True,False,1,0,427
-0.1885503849374288,-0.9390754414714602,0.7624684135058394,0.9575293659339928,0.1038253906544321,-0.8306448849561063,-0.0399070114225097,0.8896740471761396,0.6849964525717029,-0.8926601513871126,0.5079052,False,True,False,False,1,0,428
-1.9159912163444128,-1.165340248706454,2.0943425192271268,2.2615783947375854,-0.5434415323504681,3.080372943908697,0.871725565077349,0.2889235359044252,0.2438754251694983,-2.527589947792752,0.5066584,False,True,False,False,1,0,429
-1.1614589298802525,-0.9100047037862652,0.8588408312174052,0.727692776719764,-0.4092156727411572,0.5912520640247877,-0.9447236434251732,1.2406075141566462,-0.4803531272818867,-0.6257815018226486,0.5066133,False,False,True,False,1,0,430
0.8326069928644922,-0.0819285600795534,-0.1074223720469601,0.1749905026569743,-0.4092156727411572,-0.7505229682216458,1.2193387344343043,0.1699630386228974,-0.2038294981640854,-0.0646675800170211,0.50623477,False,True,False,False,1,0,431
0.6764305991333868,-0.2870311948669126,0.1216703361999343,0.3336871952096564,-0.0512800471163275,-0.7665473515685379,0.7422226196306401,-0.0084777072993939,0.410667455431028,-0.220783668270853,0.50575566,False,True,False,False,1,0,432
0.7437009444251177,0.008371533162018,0.0663447622786339,0.2100132210134276,0.6377460322114695,-0.6906986037265818,0.622943590929724,-0.4188914229206643,0.5642916938298075,-0.0948106313193296,0.50170106,False,True,False,False,1,0,433
-0.6282429669587692,-0.8717267656786384,-0.1074626351943315,-0.2212039987504121,-0.4092156727411572,-0.4663572368700922,-1.4218397582288376,0.1104827899821336,-1.094850080876996,0.3184887469898203,0.49998754,False,True,False,False,0,0,434
1.4092582927947268,-0.0222345096563667,0.4096104620355359,0.85355567081327,-0.4092156727411572,-0.8787180349967827,0.8785415095745441,-0.5437999450662683,0.2350968972609967,-0.7830402964452395,0.499113,True,False,False,False,1,0,435
-0.4888855694756295,-0.5732565135627051,-0.8014758053445374,-0.9906093426437604,-0.170591922324604,-0.1031378810072042,-0.740245308509317,0.5268445304674804,-0.2169972900268357,0.9289691481939052,0.4942424,False,False,True,False,0,0,436
-0.2005639322503987,-0.3436685381934308,3.2545234225534627,2.6977206842703025,-0.4151812665015709,-0.2420158700136025,0.4610649091213378,-2.090286409726128,0.7727817316567186,-3.1144545328282205,0.49329042,False,True,False,False,1,0,437
-2.0231690979444354,-1.220722345397932,2.699577137605543,2.4941511338234124,-1.196674049115782,1.2642761645942566,0.0895959340241992,1.359568011438174,0.8517884828332326,-2.8372972100594467,0.49208578,False,True,False,False,1,0,438
-1.873120063704404,-1.1691929163023829,2.8178928018163267,2.3693826996785448,-1.8021818157977856,1.9907148763200329,-0.3057288468131227,-0.4843196964255045,0.3426338641401419,-2.6562760184438168,0.488775,False,True,False,False,1,0,439
-2.0360304437364385,-1.2067564253626897,0.5154953648477862,0.6565528800582165,-0.1109359847204655,2.4287146878017505,0.2702184631998721,0.1699630386228974,1.0185805130947625,-0.5568995022957672,0.48460358,False,True,False,False,1,0,440
-2.085332269272449,-1.209116184265196,-1.452173636766097,-1.8749329811442248,1.9114003000598216,3.988421333565917,-0.6823097802831578,1.30008776279741,-0.1423798028045745,1.395064718202033,0.48304686,False,True,False,False,0,0,441
0.0108788904639074,-0.6543791974711384,2.9505700014989653,2.7031929840134974,-0.9431363142981948,-0.6853571426109512,0.4320971450082582,-0.2404506769983728,0.8100904752678513,-3.131940165720388,0.48104164,False,True,False,False,1,0,442
0.4721999304080955,0.2532764922968026,2.198945247597925,2.22710290635545,-0.4688716103452952,-0.4129426257137851,0.4525449784998439,-0.662760442347796,0.7837548915423466,-2.4763414670988366,0.480319,False,True,False,False,1,0,443
0.7845527178703056,1.0645033313811338,0.4380896750489397,0.8973340687588381,1.2671161739351284,-0.2922256045005311,1.0659799832474124,-1.6144444206000168,-0.0063126202227982,-0.8326918034374807,0.4785714,False,True,False,False,1,1,444
-0.4840801419762107,-0.9804005497823888,-0.2078021546495819,-0.0039536989455331,0.6228320478104351,-0.744113214882889,0.1287876148830716,0.7350254007101537,0.9022650183071196,0.1096888706508757,0.47786203,False,True,False,False,0,0,445
-1.1616454193942367,-0.9130534159716138,0.8588792373642687,0.7490347457182281,-0.4092156727411572,0.4310082305558664,-0.9447236434251732,1.2406075141566462,-0.4803531272818867,-0.6498525383531718,0.4757939,False,True,False,False,1,0,446
-0.6690891007038274,0.0650106409621368,1.5793971225335115,1.0943368595138916,-0.4092156727411572,1.3176907757505634,-1.6774376768736576,-1.4360036746777256,-1.4240448774458068,-1.0289980380330577,0.47299725,False,True,False,False,1,0,447
1.519702956225918,-0.0804483170308526,-0.2966422828700242,0.0108215103610957,1.3864280491434045,-0.9043570483518102,1.3829214023669891,-0.1869184532216854,-0.4145141679681229,0.0925337732567605,0.47058463,False,True,False,False,0,0,448
-1.848254795173199,-1.1690147304260712,-0.4193233332288364,-0.4402601574705454,-0.0005725001528101,1.8112417828348408,-0.0143472195580276,-0.0679579559401577,0.7179159322285827,0.5046720057938543,0.46823344,False,True,False,False,0,0,449
0.6644170303848403,-0.7278487979919834,0.0847248468491486,0.2444887093955624,-0.4092156727411572,-0.926791185037459,-0.1438501650047365,-0.0679579559401577,0.5511239019670531,-0.1295053101682849,0.46718264,False,True,False,False,1,0,450
-0.2245910290198969,-0.2885666139909053,-0.1543268285068611,-0.3120441744874646,-0.9640158924596428,-0.177918336626034,-1.4661433974606064,0.645805027749008,-1.1519105122822584,0.3997049404708012,0.46319282,False,True,False,False,0,0,451
0.4962270679051883,-0.3589701787102403,0.0115632473015325,0.15310130368419,-0.4092156727411572,-0.7334302926516275,-0.0756907200327845,-0.4843196964255045,0.6389091810520687,-0.0388636141042387,0.46228436,False,True,False,False,1,0,452
-0.2678097530992622,-0.1845233163003771,1.8342710752834663,1.4992870405103913,-1.5516268778604048,0.0613791213542216,-0.5459908903392536,-0.5437999450662683,0.0331907553654608,-1.5200401784376794,0.4601513,False,False,True,False,1,0,453
0.9767698178470507,0.0389901574443374,0.1907933394843193,0.4869115880191423,-0.4092156727411572,-0.7654790593454116,0.1117477536400836,-0.5437999450662683,0.8803186985358638,-0.3813097365702512,0.4590514,False,True,False,False,1,0,454
0.4962270679051883,-0.3084598283521592,0.0511946768639189,0.1054922959183857,-0.1198843753610861,-0.7120644481891046,0.1373075455045656,-0.4248394477847406,0.9132381781927476,0.0100590730715787,0.45327547,False,True,False,False,1,0,455
-2.0383883571316392,-1.2163399360075628,-0.2605295316332702,-0.2786631460539693,-0.4092156727411572,1.873202731776157,-0.473912277281414,0.2889235359044252,0.1260236879978647,0.3662427556546562,0.44549176,False,True,False,False,0,0,456
0.7172711403365831,0.1002080735156133,0.066344804483191,0.311250766262553,0.5572105164458828,-0.6479669148015362,0.622943590929724,-0.4188914229206643,0.5642916938298075,-0.1991008608073086,0.44444048,False,True,False,False,1,0,457
0.56590043347537,0.6956149767936426,0.4177770438137091,0.8371387715836829,1.037440814159196,-0.3274792478636938,0.708142897144664,-0.5437999450662683,0.4545600949735359,-0.7639277188072212,0.44317707,False,True,False,False,1,0,458
0.4481727929110021,0.6895022453893205,-0.6422116339612827,-0.5856591616472614,0.4021050786751232,-0.177918336626034,0.8137900368511897,-0.1869184532216854,0.3184929123917596,0.621051629113147,0.4424223,False,True,False,False,0,0,459
0.8638422716107131,1.4624636675357114,-0.6270727327541707,-0.3240832339224955,-0.4092156727411572,-0.2847475589386481,2.020212212854741,-0.103646105124616,-1.2353065274130213,0.3957625012662309,0.44224837,False,True,False,False,0,0,460
0.556294911647921,-0.67886906431142,-0.19515045239519,-0.1259859832188025,0.4170190630761581,-0.8872643727817918,0.176499226363438,-0.3950993234643587,0.9637147136666306,0.2269674115490974,0.4393686,False,True,False,False,0,0,461
-0.6859112737042035,-0.9023408253203904,-0.0665102452026168,-0.0542988565829354,-0.6746845950795722,-0.4663572368700922,-0.559622779333644,1.5023206081760068,0.0156336995484536,0.1627336997426329,0.4383378,False,True,False,False,0,0,462
0.895077550356934,1.984403954569216,-0.2654144136733277,0.2242412003457375,1.2909785489767835,-0.6906986037265818,1.129027469846468,-0.305878950503213,-0.0875140033764387,-0.1196848868473401,0.43376252,False,True,False,False,1,0,463
1.084891936583969,0.0619494076071015,-0.117451018879671,0.2078243011161497,1.2044774394507831,-0.7868449038079345,0.5224084095960947,0.4316761326422583,0.6937749804802045,-0.0983141423510541,0.42962012,True,False,False,False,1,0,464
-2.0553224624244426,-1.2101275095091275,-0.8487091197125293,-0.7569421436092943,-0.4092156727411572,2.941494954902298,0.8223099674726837,0.9432062709528272,0.3075197525061356,0.7526513725370547,0.42850918,True,False,False,False,0,0,465
-1.6180367054963496,-1.1499295783227383,-0.1654805222153384,-0.0384291873276673,0.3812255005136751,0.3989594638620821,1.0336042468857352,-0.4843196964255045,0.0353853873425831,0.1443774224666293,0.4250226,False,True,False,False,0,0,466
0.9047162716049872,-0.6651195197200341,0.0847248468491486,0.4212439911007909,-0.4092156727411572,-0.933200938376216,-0.1097704425187605,-0.1869184532216854,0.5950165415095608,-0.314300317486012,0.42239153,False,True,False,False,1,0,467
0.5201620324241053,-0.8181715558028049,-0.0515245465373896,-0.0603183863004516,-0.4092156727411572,-0.919313139475576,-0.3994480836495567,-0.1869184532216854,0.2219291053982424,0.168977623440863,0.42222574,False,True,False,False,0,0,468
0.0228924592124539,-0.4798888962341311,0.3394703711321728,0.2789641977776966,-0.4092156727411572,-0.5689132902902018,-0.740245308509317,-0.2463987018624492,-0.2169972900268357,-0.1570814476878097,0.41924036,False,True,False,False,1,0,469
0.0637986125712083,-0.4814532237531132,0.3394703711321728,0.2789641977776966,-0.4092156727411572,-0.5539571991664357,-0.740245308509317,-0.1869184532216854,-0.2169972900268357,-0.1570814476878097,0.41208392,False,True,False,False,1,0,470
1.7456382177540306,0.2073579919712741,0.3605455543031555,0.950962606242158,1.4401183929871293,-0.8947424183436749,1.0983557196090896,0.5863247791082442,-0.0480106277881796,-0.8975200366165024,0.4119252,False,True,False,False,1,0,471
0.4001185179168159,-0.3543783286776873,0.0592283142875638,0.1312121047114068,-0.4092156727411572,-0.6778790970490682,0.1117477536400836,-0.662760442347796,0.8803186985358638,-0.0153897903620859,0.4112799,False,True,False,False,1,0,472
0.9599448110634854,0.1614324337513436,-0.1490925771440143,0.0874337067658387,0.7839030793416085,-0.7227473704203661,1.1000597057333883,-0.4783716715614281,-0.050205259765306,0.0217672654329193,0.40781352,False,True,False,False,1,0,473
-2.068183808216445,-1.2118130515823464,-0.0814218326657634,-0.0384291873276673,-0.0184692814340513,3.1231046328337424,0.3894974919007882,-0.4367354975128934,0.864956274695987,0.1469998954137525,0.40557554,False,True,False,False,0,0,474
-1.4259458353414376,-0.8793816902560706,1.718391500306884,1.882348022534106,-0.4092156727411572,2.621007287964456,-0.9958432271541372,0.0510025413413698,-0.5461920865956464,-2.0220007386935244,0.40301678,False,False,True,False,1,0,475
0.5923302397074622,-0.2258116447348343,0.2819171984882176,0.1421567041977984,-0.4181640633817778,-0.7120644481891046,-0.1438501650047365,1.5380087573604653,0.5511239019670531,-0.0194225321036421,0.4028031,False,True,False,False,1,0,476
0.4481727929110021,1.8910363372406416,-0.1356631293133527,0.0961893863549524,-0.4092156727411572,0.3028131637807296,1.0489401220044243,-1.1386024314739065,0.0156336995484536,0.0134889662054495,0.40117255,False,True,False,False,1,0,477
-1.9760108300404255,-1.2001105737597122,-0.2977940452303671,-0.6310792495157875,-0.6809484685280064,2.161641632020215,-1.1236421864765471,-0.5437999450662683,-0.7107894848800538,0.6691818535491908,0.39810872,False,False,True,False,0,0,478
-1.0714295093362332,-0.9739589858786852,0.0575113484999688,-0.1424028824483902,-1.2891407524021965,-0.0710891143134199,-1.4184317859802398,0.3484037845451889,-1.0904608169227474,0.2503106244156036,0.39154866,False,True,False,False,0,0,479
-1.0401550034853466,-1.0243870336252483,0.1496818805172972,0.2297135000889335,-1.2590145039121066,-0.3101729138490503,-1.09126645011487,1.0740628179625076,-0.6690914773146683,-0.1123324639370766,0.39036047,False,False,True,False,1,0,480
-0.8901387656770842,-0.5946851470479517,-0.4957735118573583,-0.2573211770555051,0.2469996409043642,0.6980812863374017,-0.2290494712196766,-0.4843196964255045,0.4413923031107815,0.3394858098647694,0.38525257,False,True,False,False,0,0,481
0.0877657304546054,-0.8212164153205574,-0.1725519379440968,-0.2463765775691135,-0.5911662824337787,-0.8146205016092142,-0.5732546683280345,1.062166768234355,-0.0019233562685494,0.3395690848802219,0.38503152,False,False,True,False,0,0,482
1.0296233897658278,-0.3605052372727041,0.5258598333404917,0.5854129833966696,0.0978597968940183,-0.8829912038892873,0.0981158646456932,-0.8293051385419347,0.8627616427188606,-0.4779875545442751,0.38414112,False,True,False,False,1,1,483
0.991186100345306,2.090016505317931,-0.5851700649571981,-0.4050732701217955,1.559430268195405,-0.1992841810885569,1.5873997372828454,-1.0017978596001498,-0.6778700052231699,0.4688327993505825,0.38000157,False,True,False,False,0,0,484
-0.1284826440854626,-0.267138087898768,1.269727516279863,1.2749227510393577,-0.6478394231577098,-0.2740646367073867,0.3349699359232265,-0.1869184532216854,0.9351844979639996,-1.2575491294221488,0.37943792,False,True,False,False,1,0,485
-0.1089721325680283,0.0631791309453771,-0.4468369481827942,-0.4160178696081875,-0.4092156727411572,0.0613791213542216,0.1117477536400836,-0.1869184532216854,0.8803186985358638,0.4827202560991696,0.3694754,False,True,False,False,0,0,486
1.024824092841237,2.396139840821452,-1.0559449741883709,-1.4612271205586116,-0.4092156727411572,-0.7868449038079345,-0.0586508587897965,0.1699630386228974,0.6608555008233247,1.2196165646464892,0.3691506,False,True,False,False,0,0,487
1.432245804840299,0.8501346457588063,1.5265217004048026,1.4883424410239992,-0.4092156727411572,-0.6906986037265818,-0.2409773740897682,-0.1274382045809215,0.4260298792709048,-1.515772195123134,0.368458,False,True,False,False,1,0,488
0.3808307863440759,-0.2886031314043966,-0.3883354813477599,-0.34487797294664,0.1992748908210531,-0.6479669148015362,0.0776680311541075,0.1699630386228974,0.8364260589933559,0.4217919717597876,0.36451113,False,True,False,False,0,0,489
-2.0917629421684505,-1.2248158047186064,-0.69061084921621,-0.8045511513750987,0.1604985313783632,1.9800319540887712,0.1662753096176452,0.2889235359044252,0.9505469218038762,0.7945032598397928,0.36121213,False,True,False,False,0,0,490
0.0925711579540242,-0.3298884618374057,0.1855983805640331,0.3522930143365225,-0.4092156727411572,-0.5080206335720118,-0.0586508587897965,0.1699630386228974,0.6608555008233247,-0.2382821003374312,0.36081183,False,True,False,False,1,0,491
-1.9567188113524212,-1.1947168391254115,-0.6539426860094261,-0.8319126500910785,-0.5911662824337787,2.257787932101568,-1.3707201744998734,-0.4248394477847406,-1.0290111215632365,0.8165714558171036,0.35768273,False,False,True,False,0,0,492
0.3808968079191415,-0.2717250280917367,-0.3883354813477599,-0.3465196628695988,-0.4092156727411572,-0.6276693625621395,0.0776680311541075,0.1699630386228974,0.8364260589933559,0.4232543618892154,0.3555223,False,True,False,False,0,0,493
-0.2245870570076051,-0.8181551819655222,-0.3750051720214752,-0.2627934767987007,0.4856233913209167,-0.6800156814953205,0.2821463660699637,0.4673642818267166,1.0032180892548856,0.3482430047584225,0.3520352,False,True,False,False,0,0,494
-1.6994918955123668,-1.141742659681389,-1.0565650857442712,-1.0726938387916998,1.5624130650756125,1.0613006422002895,0.5292243540932899,0.7647655250305355,0.6849964525717029,0.9785002797411252,0.347339,False,True,False,False,0,0,495
0.9287155428528642,0.1537864082581581,-0.5694660447319481,-0.5238221745491473,-0.4092156727411572,-0.7109961559659785,0.0691481005326135,0.4078840331859528,0.825452899107728,0.5715418331951327,0.34457067,False,True,False,False,0,0,496
0.2727698618904349,0.253268974104939,-0.3930370689967963,-0.2244873785963292,0.6466944228520901,-0.306113403401171,0.5377442847147839,1.0145825693217438,0.674023292686075,0.3126024759349248,0.34308627,False,True,False,False,0,0,497
-1.2321963317362674,-1.0800036614566286,-0.1853159465246474,-0.0329568875844718,0.3752599067532614,-0.1992841810885569,0.4610649091213378,0.4495202072344875,0.7727817316567186,0.1384801760543659,0.3389159,False,True,False,False,0,0,498
0.3905076629179787,0.3145011593975067,-0.5996190060665862,-0.5495419833421681,0.9926988609560924,-0.3670060601193611,0.6485033827942059,-0.662760442347796,0.5313722141729236,0.5922600596313032,0.33651054,False,True,False,False,0,0,499
0.0325033142112911,-0.0834591767570709,-0.689267562576232,-0.6606296681290458,0.9181289389509194,-0.2954304811699095,0.1151557258886812,1.811617901107979,0.8847079624901165,0.6809925515937879,0.33378297,False,True,False,False,0,0,500
0.4001228050320801,-0.3590058158855025,-0.1741009295948591,-0.1314582829619985,-0.4092156727411572,-0.6671961748178068,0.11685971201298,-0.1869184532216854,0.886902594467239,0.2327846833503963,0.326766,False,True,False,False,0,0,501
-0.224509888932853,-0.5885910937614012,-0.2526200304731089,-0.2567739470811855,0.3663115161126402,-0.4738352824319752,-0.1949697487337006,0.645805027749008,0.4852849426532933,0.3465723972173434,0.3256352,False,True,False,False,0,0,502
0.544384233665711,0.351170849575558,0.1960554036502246,0.426716290843987,0.3305179535501577,-0.4663572368700922,0.185019156984932,1.062166768234355,0.9746878735522586,-0.3166528714850608,0.31735137,False,True,False,False,1,0,503
1.625495372929631,0.0849019834566809,-0.9991742740310684,-0.9139971462390176,2.494835369828293,-0.873376573881152,1.0489401220044243,0.5863247791082442,0.0156336995484536,0.867260492969591,0.31533274,False,True,False,False,0,0,504
-1.9245654468724147,-1.1826290945431848,-0.1860173862618734,-0.0822075852732349,0.5733176195990007,2.3325683877203978,0.631463521551218,-1.1386024314739065,0.5533185339441795,0.1857163599988563,0.31526986,True,False,False,False,0,0,505
0.1478260717456261,-0.6681775746243027,-0.5890081473701547,-0.6458544588224163,-0.4092156727411572,-0.7302254159822491,-0.0586508587897965,-0.1869184532216854,0.6608555008233247,0.6721381350325718,0.3149542,False,True,False,False,0,0,506
-0.66272913091276,-0.6688277122811157,-0.787831325295996,-0.8592741488070581,-0.1577957237085165,-0.0604061920821585,-0.4096720003953495,1.5261127076323124,0.208761313535492,0.8331013090636032,0.31430876,False,True,False,False,0,0,507
0.2655617313590955,-0.129383277368375,-0.4219858077067489,-0.2742853062594125,0.420001859956365,-0.5090889257951379,0.725182758387652,0.8658819477198342,0.4326137752022799,0.3572315067454114,0.314222,False,True,False,False,0,0,508
0.9287095859062048,-0.1753015475451727,-0.4088262158135015,-0.0482793268654203,1.818933596773408,-0.8188936705017188,0.6076077158110348,1.674813329234222,0.584043381623933,0.1462693559394043,0.31352392,True,False,False,False,0,0,509
-0.1525056445163256,-0.4936644463317897,-0.1919725885286443,-0.3257249238454546,-0.9699814862200564,-0.442854807961317,-1.2514411457989574,0.1699630386228974,-0.8753868831644571,0.4108076349912141,0.3120467,False,False,True,False,0,0,510
0.2223129588888449,-0.6804025194899473,-0.2641735574931722,-0.1205136834756064,0.4587782193990549,-0.7932546571466913,0.4695848397428319,0.8420898482635286,0.7618085717710946,0.2196464473640802,0.31051674,False,True,False,False,0,0,511
0.5467421470609113,0.3266775153344399,-0.5996176555207624,-0.539144613830096,-0.4092156727411572,-0.4246938401681726,0.5190004373474971,-0.1869184532216854,0.6981642444344572,0.5835252507768525,0.30201685,False,True,False,False,0,0,512
-1.9267090045044155,-1.1899010046305007,1.3994643244767888,0.8699725700428582,-2.010977597412269,1.947983187394987,-2.3982238074520508,-1.1386024314739065,-2.352374203769854,-0.7710682503494659,0.30133873,False,False,True,False,1,0,513
0.895077550356934,0.0696024909946896,-0.4424514304610796,-0.2458293475947934,-0.4092156727411572,-0.7355668770978798,1.1852590119483284,-0.1274382045809215,-0.1599368586215776,0.3306479376532427,0.29687634,False,True,False,False,0,0,514
-1.46617304039939,-1.034349550444871,-0.6235782376396954,-0.6732159575383962,-0.339298913869107,0.98652018658146,-0.4198959171411424,0.984842445001362,0.1955935216727377,0.6932021103192584,0.2965041,False,True,False,False,0,0,515
0.97917253159676,-0.0145814262687787,-0.8452170302578025,-0.8154957508614908,1.6518969714818206,-0.7483863837753935,1.1000597057333883,-0.5437999450662683,-0.050205259765306,0.7980754556907615,0.29403552,True,False,False,False,0,0,516
1.6014753927714716,-0.2059085109584795,-0.4541480013861596,-0.2485654974663914,1.147804298726852,-0.9278594772605852,0.7507425502521341,1.1216470168751187,0.3996942955454001,0.3327862585034006,0.29180768,False,True,False,False,0,0,517
-1.2943595030642805,-1.0006387089804931,-0.2910682426188256,-0.1259859832188025,0.5840556883677452,0.4310082305558664,0.0555162115382231,1.4190482600789378,0.8078958432907248,0.2239749569753081,0.29164615,False,True,False,False,0,0,518
0.8320496678801718,-0.0528824803819812,-0.1073902965836452,0.1804628024001699,0.6347632353312627,-0.744113214882889,1.2193387344343043,-0.1869184532216854,-0.2038294981640854,-0.0702058984862472,0.29027268,False,True,False,False,1,0,519
0.2799828304313502,-0.4370316292636382,0.4958732001649636,0.6620251798014126,-0.4092156727411572,-0.6800156814953205,0.0265484474251435,0.5863247791082442,0.7705870996795962,-0.5635987490564951,0.28415304,False,True,False,False,1,0,520
0.5212338112401058,1.1196590838513514,-0.8274624594264836,-0.6907273167166231,2.663065113871964,-0.0924549587759427,1.0489401220044243,-0.9006814369108511,0.0156336995484536,0.7009049255045564,0.28401497,True,False,False,False,0,0,521
1.5197831252813552,-0.2365208445088317,-0.2966422828700242,0.0135576602326937,-0.4092156727411572,-0.9364058150455944,1.3829214023669891,-0.2463987018624492,-0.4145141679681229,0.0898647413456898,0.28387895,False,True,False,False,0,0,522
1.075281081585132,0.0099084405715029,-0.452509198438116,-0.2589628669784635,0.9449741108727818,-0.7975278260391959,1.0949477473604918,0.6398570028849316,-0.0436213638339308,0.3423331714133757,0.28331757,False,True,False,False,0,0,523
0.4481727929110021,-0.328357845159888,-0.3396166509827235,-0.2627934767987007,0.2469996409043642,-0.6586498370327977,0.708142897144664,-0.662760442347796,0.4545600949735359,0.3493470600269517,0.28325546,True,False,False,False,0,0,524
1.3395729297324783,-0.3987704623959565,-0.6634110631275975,-0.5079525052938791,1.493808736830854,-0.9428155683843512,0.4048333670194774,0.693389226661619,0.8452045869018575,0.5551606249667425,0.2812858,False,True,False,False,0,0,525
-1.173677208382655,-1.1564261390563733,0.0241300761918112,-0.0986244845028231,-0.9431363142981948,-0.6906986037265818,-0.946427629549472,-0.7817209396293235,-0.4825477592590091,0.2079008058728957,0.27966833,False,False,True,False,0,0,526
-1.239049682043935,-1.0454259697831665,-0.1439933381589887,-0.2135427791099376,-1.1414923068319545,0.00369134130541,-1.1031943529849615,1.270347638477028,-0.6844539011545491,0.3102850793159821,0.27619055,False,True,False,False,0,0,527
-2.065397183294845,-1.206419316948046,-1.4521726660612857,-1.8535910121457604,-0.4092156727411572,3.689299511090597,-0.6550460022943769,1.5380087573604653,-0.1072656911705682,1.3875837950361214,0.27547246,False,True,False,False,0,0,528
0.3240265090960638,0.3217412849771561,1.7611493590422092,1.2152746838385218,-2.444377984106334,-0.3167963256324324,-2.188633514163298,1.2406075141566462,-2.0824344705834283,-1.1692616202791652,0.27505478,False,False,True,False,1,0,529
-0.5825914057142925,-0.7538692815097827,-0.5492713330289564,-0.33174445356297,-0.4092156727411572,-0.3167963256324324,0.8955813708175322,1.597489006001229,0.2131505774897408,0.4050479357396194,0.27466294,False,True,False,False,0,0,530
-1.307220848856283,-1.0550576387729889,0.1804785457551946,0.4212439911007909,1.0523547985602304,0.1318864080805468,-1.2309933123073715,2.013850746486576,-0.8490512994389524,-0.3113129822525737,0.27177456,False,True,False,False,1,0,531
0.4481727929110021,-0.3742763454854164,-0.454102420464607,-0.4422849083755278,-0.4092156727411572,-0.7120644481891046,0.1969470598550236,-0.5437999450662683,0.9900502973921352,0.5053419554967996,0.27137482,False,True,False,False,0,0,532
0.4265432760706845,-0.7906063678949984,-0.0983241246731629,-0.0001230891252958,0.7302127354978837,-0.9064936327980624,-0.0535389004169001,2.0733309951273395,0.6674393967546998,0.1093800918676112,0.26852763,False,True,False,False,0,0,533
0.6404156155793307,-0.1447300758689264,-0.4286999196560034,-0.3574642623559907,-0.4092156727411572,-0.6629230059253023,0.605903729686736,-0.1869184532216854,0.5862380136010593,0.4317272434925014,0.26828083,False,True,False,False,0,0,534
-1.866511456232928,-1.186529920484063,-1.2494540497295343,-1.5870900146521183,-0.2400910896334246,1.3390566202130862,-1.7029974687381395,1.407152210350785,-1.456964357102687,1.2793229302155718,0.26796678,False,True,False,False,0,0,535
0.2919963991798966,-0.1661124773430217,-0.4233076122272172,-0.3372167533061655,0.2887587972272609,-0.5379328158195436,0.5258163818446923,-0.1869184532216854,0.6893857165259557,0.4138675934685104,0.26738882,False,True,False,False,0,0,536
0.3754718922640745,0.4827827904869845,-0.8409970810131719,-0.8505184692179446,0.7540751105395392,0.0891547191555011,-0.0075312750608324,0.2889235359044252,0.7266944601370844,0.8248402011768635,0.265436,False,True,False,False,0,0,537
-0.0804242320250465,2.44205834114698,-0.1727187303533336,-0.087679885016431,-0.4092156727411572,1.8838856540074187,0.1799071986120356,-0.5437999450662683,0.9681039776208794,0.1913476108815767,0.2637785,False,True,False,False,0,0,538
-0.0811058833520225,2.4724929704044696,-0.1727187303533336,-0.1971258798803493,0.9211117358311264,1.89456857623868,0.1799071986120356,-0.5437999450662683,0.9681039776208794,0.2942045566908698,0.2637785,False,True,False,False,0,0,539
-0.1116595107712674,2.5185891750228606,-0.1727187303533336,-0.087679885016431,0.8733869857478157,2.0930572712955167,0.1799071986120356,-0.5437999450662683,0.9681039776208794,0.1913476108815767,0.2637785,False,True,False,False,0,0,540
0.2790117988240539,-0.4278818808317216,0.4958732001649636,0.6620251798014126,-0.4092156727411572,-0.6479669148015362,0.0265484474251435,0.5863247791082442,0.7705870996795962,-0.5635987490564951,0.26024777,False,True,False,False,1,0,541
-0.1525056445163256,-0.4324397792310854,-0.1919727446855052,-0.3251776938711347,-0.4092156727411572,-0.3926450734743884,-1.2514411457989574,0.1699630386228974,-0.8753868831644571,0.4103174279513671,0.25987253,False,True,False,False,0,0,542
1.181000486572342,0.309909309364954,-0.3664975774227972,0.1301176447627676,2.4304069572158244,-0.7515912604447719,1.0864278167389978,1.2406075141566462,-0.0326482039483029,-0.0275750662027004,0.25926542,False,True,False,False,1,0,543
-2.003877079256432,-1.203866924665743,-0.8226435853135632,-0.9139971462390176,0.6586256103729181,2.407348843339228,0.0009886555606615,0.2651314364481196,0.7376676200227124,0.872767918293248,0.25820202,False,True,False,False,0,0,544
-0.2774506393405238,-0.8809122992764113,-0.2135039480947986,0.0097270504124565,0.5035201726021585,-0.7355668770978798,0.1287876148830716,2.0733309951273395,0.9022650183071196,0.0961946710461131,0.25734532,False,True,False,False,0,0,545
-0.3919217399920884,0.3297355702387087,-0.3652709441783484,-0.3120441744874646,-0.4092156727411572,0.9544714198876756,-0.2972089161916287,2.0733309951273395,0.3536070240257659,0.3931238809792999,0.25722787,False,True,False,False,0,0,546
0.3712859529203042,0.2685826590719785,-0.4693362819249537,-0.3104024845645058,0.7570579074197461,-0.3274792478636938,1.0131564133941495,0.3484037845451889,0.0617209710680878,0.3884008854550414,0.25676745,True,False,False,False,0,0,547
-1.4643873518576096,-1.1059111173388323,-0.2707948194170417,-0.514519264985714,-0.5195791573088125,0.3722521582839287,-0.7623971281252014,0.0510025413413698,-0.2455275057294668,0.5729831110772706,0.25635296,False,False,True,False,0,0,548
0.5418786291496653,-0.8166245652880046,-0.0515097327378851,-0.077829745478678,-0.450974829064054,-0.9396106917149728,-0.2546092630841586,-0.4843196964255045,0.4084728234539017,0.1857346679110208,0.2553333,False,True,False,False,0,0,549
1.1449597803267024,0.0389901574443374,-0.8966247973579861,-0.8209680506046866,2.036677769028512,-0.7868449038079345,0.639983452172712,1.002686519593591,0.5423453740585515,0.800656491608353,0.25307432,True,False,False,False,0,0,550
-0.1428989008610262,0.2410241020385295,-0.1959411547704564,-0.31806370420498,-1.0588688332502223,0.1959839414681153,-1.479775286454997,1.2762956633411044,-1.1694675680992614,0.4038142802632949,0.25259438,False,True,False,False,0,0,551
-2.188223035608471,-1.226838455206469,0.1973266049068581,-0.0329568875844718,-0.4092156727411572,2.888080343745991,-1.864876150546526,-0.305878950503213,-1.665454394929602,0.1504179036697313,0.25059733,False,False,True,False,0,0,552
-0.2245870570076051,-0.4477459460062614,-0.2526200304731089,-0.2562267171068659,-0.4092156727411572,-0.3360255856487029,-0.1949697487337006,0.645805027749008,0.4852849426532933,0.3460729810161657,0.2501278,False,True,False,False,0,0,553
-1.6733404924019613,-1.1288747499109868,-0.4068020852601103,-0.2244873785963292,0.9926988609560924,0.9224226531938914,0.3792735751549954,0.4673642818267166,0.8781240665587373,0.3121730333280905,0.24954836,False,True,False,False,0,0,554
-1.7980955465843875,-1.1388531589844426,-0.8726383016410593,-1.2970581282627336,0.2320856565033292,2.172324554251477,-0.4045600420224531,0.4078840331859528,0.2153452094668672,1.1300618887158689,0.24806114,False,True,False,False,0,0,555
0.9287155428528642,0.0389901574443374,-0.3644033873047974,-0.093152184759627,1.3804624553829907,-0.744113214882889,0.674063174658688,0.0510025413413698,0.4984527345160437,0.1905768268381359,0.24737138,True,False,False,False,0,0,556
0.9046884053557718,0.1935824418736158,-0.8741328494133005,-0.9873259627978432,0.3812255005136751,-0.6906986037265818,-0.4335278061355327,0.9432062709528272,0.1780364658557346,0.9243589118698958,0.24676801,False,True,False,False,0,0,557
0.2127021210384687,-0.9130550883664588,-0.3507626212572712,-0.093152184759627,1.0135784391175404,-0.9246546005912069,0.11685971201298,1.9305783983895064,0.886902594467239,0.1910023930720307,0.24494363,False,True,False,False,0,0,558
0.3472588154232109,-0.636011797340927,-0.5890092024840795,-0.6004343709538903,0.2469996409043642,-0.8103473327167097,-0.0586508587897965,-0.1869184532216854,0.6608555008233247,0.6349335248551856,0.24195927,False,True,False,False,0,0,559
-0.3927770194872566,0.4002156933384926,-0.3652709441783484,-0.3311972235886501,-0.4092156727411572,0.98652018658146,-0.2972089161916287,2.0733309951273395,0.3536070240257659,0.4102990121174138,0.24180332,False,True,False,False,0,0,560
-0.2247242446960532,-0.160034797893754,-0.2526201444254129,-0.1478751821915862,-0.4092156727411572,0.0250571857679328,0.0572201976625219,2.013850746486576,0.8100904752678513,0.2457745937151023,0.23740304,False,True,False,False,0,0,561
-0.0323699570308598,-0.3895825122605923,-0.9798987353748304,-1.4086930430239306,1.350634486580922,-0.3702109367887395,-0.0245711363038204,1.1811272655158822,0.7047481403658324,1.192624805861657,0.23710419,False,True,False,False,0,0,562
-1.8495409297523984,-1.1475216610752828,-1.1986056618277376,-1.6801191102864492,0.9926988609560924,2.567592676808149,-0.8373725175943486,-2.209246907007655,-0.342091312722984,1.324996497875152,0.23631465,False,True,False,False,0,0,563
-1.6613365696627589,-1.159802039037306,0.9226101189199184,0.7824157741517231,-1.271243971120955,0.4737399194809121,-0.9106439209391972,1.062166768234355,-0.4364604877393789,-0.6856940447722809,0.23573531,False,True,False,False,1,0,564
0.6355844653883286,1.0247072977656762,-0.935133881136254,-0.9911565726180804,1.374496861622577,-0.2633817144761253,0.5479682014605767,-0.5437999450662683,0.6608555008233247,0.9251895222505986,0.23457241,False,True,False,False,0,0,565
0.6355844653883286,1.013992981023053,-0.935133881136254,-0.9906093426437604,-0.4092156727411572,-0.2633817144761253,0.5479682014605767,-0.5437999450662683,0.6608555008233247,0.924799267723408,0.23457241,False,True,False,False,0,0,566
0.6596061089472106,-0.7997900219688846,0.1445869041925278,-0.0384291873276673,0.0411866561700866,-0.9545667828387387,-0.1438501650047365,0.645805027749008,0.5511239019670531,0.1540509427403335,0.23417172,False,True,False,False,0,0,567
-0.308685864497804,-0.7370350527128136,0.071773618853776,0.2516026990617173,0.6466944228520901,-0.5625035369514448,-0.0467229559197049,0.5863247791082442,0.6762179246632014,-0.1372187849688602,0.23259886,False,True,False,False,1,0,568
0.3760913804197226,1.8757301704654656,-0.2654130209229469,-0.0017647790482547,1.117976329924783,0.4107106783164698,1.129027469846468,-0.305878950503213,-0.0875140033764387,0.1057637638915107,0.23137806,False,True,False,False,0,0,569
0.9911800362207652,-0.2977502680166332,-0.1164190752566317,0.0436553088202716,0.831627829424919,-0.8562838983111337,0.2139869210980116,-0.0382178316197758,1.0119966171633872,0.0660164408735617,0.2287771,False,True,False,False,1,0,570
-2.003877079256432,-1.2009774239687965,-0.6539419263274001,-0.8373849498342746,-0.6239770481160548,2.57827559903941,-1.3366404520138977,-0.7817209396293235,-0.9851184820207286,0.820730320903467,0.22705685,False,False,True,False,0,0,571
-2.21618709964634,-1.233243515084701,-1.3251095587544324,-1.5920150844209944,1.5660819052382668,4.0204701002597005,0.4661768674942342,0.1104827899821336,0.7661978357253434,1.279396414572732,0.22663465,False,True,False,False,0,0,572
-0.2414099952580552,-0.4508111686059589,-0.2895035930774188,0.0261439496420447,0.9688364859144368,-0.3274792478636938,1.2534184569202804,1.204919364972188,-0.2477221377065932,0.0777881049952043,0.22616845,False,True,False,False,0,0,573
0.8229903631213942,-0.3390767111805669,-0.3405586144902535,-0.2792103760282887,1.3894108460236114,-0.8338497616254847,0.1117477536400836,-0.5437999450662683,0.8803186985358638,0.3642424356086714,0.22492315,False,True,False,False,0,0,574
0.9285097613201924,0.1567893218574598,-0.5694660447319481,-0.5221804846261885,0.3722771098730545,-0.6789473892721942,0.0691481005326135,0.4078840331859528,0.825452899107728,0.5701534673918914,0.22358944,False,True,False,False,0,0,575
0.472146341467295,-0.2977869277861922,-0.4541480013861596,-0.34487797294664,-0.4092156727411572,-0.6906986037265818,0.5377442847147839,-0.1869184532216854,0.674023292686075,0.4197387449689879,0.22337203,False,True,False,False,0,0,576
0.8782585541089688,-0.3895825122605923,-0.276373523271788,-0.0739991356584413,-0.4092156727411572,-0.8573521905342599,0.9807806770324722,-0.8709413125904694,0.1034189786334733,0.1750598870718632,0.22318609,False,True,False,False,0,0,577
0.7845527178703056,-0.1538675439228809,-0.2754241148804043,-0.1221553733985652,0.4229846568365719,-0.7312937082053752,0.8223099674726837,-0.4248394477847406,0.3075197525061356,0.2208464582549201,0.22317973,False,True,False,False,0,0,578
0.563503052897049,0.8196046629783168,-0.4453977727893281,-0.2409042778259174,1.6250517995599576,-0.2847475589386481,1.1000597057333883,-1.6144444206000168,-0.050205259765306,0.3260456491930573,0.22191776,False,True,False,False,0,0,579
0.563503052897049,0.8333802130759754,-0.4453977727893281,-0.2425459677488763,-0.4092156727411572,-0.2740646367073867,1.1000597057333883,-1.6144444206000168,-0.050205259765306,0.3275497550028374,0.22191776,False,True,False,False,0,0,580
0.5212338112401058,-0.2825014690993442,-0.275318008403668,-0.1642920814211739,-0.4092156727411572,-0.7120644481891046,0.622943590929724,-0.1869184532216854,0.5642916938298075,0.2604426179191442,0.2196082,False,True,False,False,0,0,581
1.4332786052043196,0.4874521520017914,-1.1872957521720062,-1.407598583075291,1.144821501846645,-0.7868449038079345,-0.4693115147458076,1.829461975700208,0.1319491943361044,1.1855311341491956,0.21704027,False,True,False,False,0,0,582
0.8998829778563525,-0.4171336124559093,-0.1794725230270729,0.0108215103610957,-0.4092156727411572,-0.8712399894348998,1.1341394282193644,-1.5549641719592533,-0.0940978993078138,0.0961892492944618,0.2153558,False,True,False,False,0,0,583
0.4818107854069327,0.3145011593975067,-0.5861657126612234,-0.4909883760899716,-0.4092156727411572,-0.4321718857300556,0.5547841459577719,0.8837260223120633,0.652076972914823,0.5431202564498789,0.21468593,False,True,False,False,0,0,584
0.4001228050320801,-0.3437107255296648,0.0592283142875638,0.1476290039409945,-0.2004198911266728,-0.6372839925702748,0.1117477536400836,-0.1869184532216854,0.8803186985358638,-0.0318699924868197,0.2129772,False,True,False,False,1,0,585
0.7437009444251177,-0.1599954574862401,-0.0580873551498237,-0.0220122880980796,0.1754125157793981,-0.7547961371141503,0.1475314622503584,-0.662760442347796,0.926405970055498,0.1318720886479761,0.21287218,False,True,False,False,0,0,586
-0.4840801419762107,-0.492133829654272,-0.9798982711247036,-1.1356252858384532,0.7063503604562287,-0.0523940004087123,0.0435883086681315,-1.0791221828331428,0.7925334194508481,1.0235054823923966,0.21180148,False,True,False,False,0,0,587
0.5467421470609113,-0.2335003531136233,-0.3564828580938939,-0.2956272752578767,0.1306705625762945,-0.7013815259578432,0.0180285168036495,0.8242457736712995,0.7596139397939682,0.3786047883589303,0.21137302,False,True,False,False,0,0,588
1.5173450428307178,-0.0222874838358108,-0.6260180408749121,-0.3886563708922076,1.860692753096304,-0.9043570483518102,1.2874981794062563,-0.1869184532216854,-0.291614777249101,0.4531442479630607,0.20987901,False,True,False,False,0,0,589
-0.3919217399920884,-0.4049199819599853,-0.9798986087611594,-1.078166138534896,1.231322611372645,0.0571059524617171,-0.0245711363038204,1.1811272655158822,0.7047481403658324,0.9846486925300362,0.20973887,False,True,False,False,0,0,590
-0.3447227444930709,-0.4355010125861205,-0.1919787799371551,-0.3667671719194241,-1.065430986386678,-0.1351866477009883,-1.4218397582288376,-0.5437999450662683,-1.094850080876996,0.4473614289802977,0.20909943,False,True,False,False,0,0,591
-2.13677765244046,-1.2247194880287082,0.3499989731470249,-0.1807089806507622,-1.8946485190842,3.187202166221311,-2.7151652265716275,-1.6739246692407808,-2.760575751515177,0.2952638161495056,0.20894332,False,False,True,False,0,0,592
1.4813332746131105,0.2532119601145705,-0.8583174091575885,-0.8351960299369962,-0.4092156727411572,-0.8199619627248449,0.4866247009858199,-0.1869184532216854,0.7398622519998387,0.8126916979765277,0.20828159,False,True,False,False,0,0,593
-0.1693246407642909,-0.3803988121954866,-0.6590177839878517,-0.7038608361002937,0.0053930936076041,-0.3264109556405677,-0.5016872511074848,-0.1869184532216854,0.0902511867707189,0.7166523306051993,0.20788997,False,True,False,False,0,0,594
0.1742634254441405,-0.0130508095912611,0.5228043500278592,0.6248135415476803,-0.5643211105119162,-0.3702109367887395,0.0606281699111195,0.5268445304674804,0.8144797392221,-0.5214839224968357,0.2078843,False,True,False,False,1,0,595
1.6255947032467408,-0.305439288798606,0.1181310198459322,0.6073021823694529,1.350634486580922,-0.9577716595081172,0.759262480873628,-0.1869184532216854,0.3887211356597721,-0.5147812042209474,0.205886,False,True,False,False,1,0,596
0.0877657304546054,0.6206244949010279,-0.2291322955493601,-0.0165399883548835,0.8137310481436771,0.1639351747743311,1.0864278167389978,-1.0791221828331428,-0.0326482039483029,0.1212368644873795,0.20545308,False,True,False,False,0,0,597
-0.2654370920275538,-0.7691778418510196,-0.8270239751816031,-1.002648402078792,-0.3793877039390879,-0.6266010703390134,-1.2003215620699934,1.1394910914673475,-0.8095479238506934,0.9367362382529808,0.20499133,False,True,False,False,0,0,598
0.3280992685968648,-0.3789048440184754,-0.2213653909259116,-0.16976438116437,-0.3435941413766049,-0.6693327592640591,-0.2290494712196766,1.30008776279741,0.4413923031107815,0.2672370872244422,0.2032119,False,True,False,False,0,0,599
0.3280371054255369,-0.3788681955179691,-0.2213653909259116,-0.1703116111386896,-0.4092156727411572,-0.661854713702176,-0.2290494712196766,1.30008776279741,0.4413923031107815,0.2677478226712072,0.2032119,False,True,False,False,0,0,600
0.239136696686292,-0.2334596111537965,-0.2601965376785942,-0.1434973423970299,0.6287976415708488,-0.5443425691583005,0.091299920148498,1.4487883843993197,0.853983114810359,0.241427196993701,0.20320179,False,True,False,False,0,0,601
0.5683084803964674,0.5211344108623838,-0.1182621904650792,0.107133985841344,-0.4092156727411572,-0.4043962879287759,0.7763023421166161,-0.662760442347796,0.3667748158885202,0.00313631532186,0.20282486,False,True,False,False,1,0,602
0.8950702622609851,0.118522700960896,-0.4424514304610796,-0.2463765775691135,0.998664454716506,-0.7120644481891046,1.1852590119483284,-0.1274382045809215,-0.1599368586215776,0.3311487285629766,0.20214191,False,True,False,False,0,0,603
0.5442813428993746,0.1002148245450418,0.1960554036502246,0.426716290843987,-0.4092156727411572,-0.5625035369514448,0.185019156984932,1.062166768234355,0.9746878735522586,-0.3166528714850608,0.20001207,False,True,False,False,1,0,604
-0.2029626332602215,-0.4416234792961909,-0.3648566642469038,-0.2622462468243816,0.2678792190658123,-0.3702109367887395,0.4184652560138678,0.3484037845451889,0.8276475310848543,0.3480610005203625,0.19992025,False,True,False,False,0,0,605
0.700435229275344,1.013897097758259,-0.6220747002968146,-0.4641741073483116,1.4878431430704404,-0.3167963256324324,1.1443633449651571,-0.2820868510469075,-0.1072656911705682,0.5190075964483994,0.19866507,False,True,False,False,0,0,606
0.7004577366304796,1.0155235977005708,-0.6220748691150425,-0.4636268773739918,-0.4092156727411572,-0.3167963256324324,1.1477713172137547,-0.305878950503213,-0.111654955124817,0.5185364340479223,0.19866507,False,True,False,False,0,0,607
0.5202542054022813,-0.8258082653531102,-0.0515094795105432,-0.0608656162747707,-0.4092156727411572,-0.9406789839380988,-0.3994480836495567,-1.257562928755434,0.2219291053982424,0.1695028070541527,0.19704749,False,True,False,False,0,0,608
0.6403844311029008,0.3144933343406693,-0.5996178243389902,-0.5309361642153019,1.0225268297581616,-0.4946381368929105,0.5377442847147839,-0.662760442347796,0.674023292686075,0.5766092681237528,0.19693588,False,True,False,False,0,0,609
0.4746026441578047,-0.2472351612514549,0.1808604547914256,0.2762280479060986,-0.3137661725745356,-0.6789473892721942,0.0606281699111195,0.4078840331859528,0.8144797392221,-0.1592011404135319,0.19390911,False,True,False,False,1,0,610
0.0877657304546054,-0.7309100313470186,-0.4050890740395055,-0.457060117682157,-0.4092156727411572,-0.775093689353547,0.1543474067475536,-1.7928851665223084,0.9351844979639996,0.5196461107649686,0.19196196,False,True,False,False,0,0,611
0.484208307460057,0.4369420548121297,-0.3788382742967067,-0.2928911253862786,0.6317804384510558,-0.3808938590200009,0.3537137832905134,0.366247859137418,0.9110435462156212,0.3754353830307541,0.19107471,False,True,False,False,0,0,612
-0.092442000002994,-0.3926480263627517,2.600305439867232,2.1614353094371,-1.542678487219784,-0.4110496118944056,-0.4846473898644968,-0.4248394477847406,0.1121975065419748,-2.372942920689997,0.18979517,False,True,False,False,1,0,613
-1.6469935968355174,-1.1319316008566316,-0.4067185202372639,-0.2627934767987007,0.9032149545498852,0.8903738865001071,0.3792735751549954,0.4673642818267166,0.8781240665587373,0.3472536079666781,0.18976638,False,True,False,False,0,0,614
1.0560593715874576,0.2532764922968026,-0.6994964278273187,-0.5747145621608695,1.5296022993933367,-0.7272876123686521,0.9858926354053686,0.4673642818267166,0.0968350827020941,0.6101735631550996,0.18958858,False,True,False,False,0,0,615
-1.5194330544243284,-1.1055275842796577,-1.428746604656671,-1.8010569346110792,1.9710562376639595,0.5228813617447147,-0.3261766803047083,1.062166768234355,0.3162982804146372,1.36872032777121,0.18930738,False,True,False,False,0,0,616
1.4332786052043196,0.3451055144585344,-0.5395300570248118,-0.4160178696081875,0.9807676734352648,-0.8092790404935836,0.2344347545895973,1.109750967146966,1.038332200888892,0.4798284055168501,0.1887137,False,True,False,False,0,0,617
1.1065163603313537,0.204296758616239,-0.6994971031002304,-0.5539198231367252,-0.4092156727411572,-0.7558644293372765,0.8103820646025921,1.002686519593591,0.3228821763460124,0.592813374032329,0.187367,False,True,False,False,0,0,618
0.3088153954278624,-0.3589701787102403,-0.2498911555656792,-0.2004092597262675,-0.4092156727411572,-0.6533083759171668,0.2957782550643541,-0.7222406909885597,0.9856610334378824,0.2948389361875813,0.18703769,False,True,False,False,0,0,619
0.3088153954278624,-0.355908945355205,-0.2498911555656792,-0.2004092597262675,-0.0125036876736376,-0.6533083759171668,0.2957782550643541,-0.7222406909885597,0.9856610334378824,0.2948389361875813,0.18703769,False,True,False,False,0,0,620
1.0344349478400745,0.0696024909946896,-0.6994902659619976,-0.5867536215959006,1.4401183929871293,-0.7443375562497453,0.8103820646025921,0.8242457736712995,0.3228821763460124,0.6201719798488697,0.18678845,False,True,False,False,0,0,621
-0.1813382095128373,-0.9008084825514728,-0.1605139490347649,-0.1741422209589269,-0.4092156727411572,-0.7985961182623221,-0.791364892238281,0.8837260223120633,-0.2828362493405995,0.2732194368838156,0.18544139,False,True,False,False,0,0,622
0.8326069928644922,1.6308315020626485,-0.7956571474810068,-0.7011246862286957,1.6071550182787164,-0.2313329477823411,0.725182758387652,0.7647655250305355,0.4326137752022799,0.7102074877261418,0.18207383,False,True,False,False,0,0,623
0.5923356178935608,2.1512411724186347,-0.6130641961970061,-0.4433793683241671,-0.4092156727411572,0.2066668636993767,0.9637408157894842,-0.5437999450662683,0.1253652984047252,0.5013308564887562,0.18162172,False,True,False,False,0,0,624
0.7340957291264102,-0.2028472776034443,-0.2754241148804043,-0.144044572371349,-0.4092156727411572,-0.7622741826760333,0.733702689009146,-0.5437999450662683,0.421640615316656,0.2414662500899174,0.18148682,False,True,False,False,0,0,625
0.7340890840977511,-0.1983014187903178,-0.2754252079784305,-0.144044572371349,0.3931566880345026,-0.7569327215604025,0.733702689009146,-0.5437999450662683,0.421640615316656,0.2414662159873162,0.18148682,False,True,False,False,0,0,626
0.2318535309200443,0.2991068628510738,-1.0499193451773456,-1.0453323400757202,-0.4092156727411572,-0.2633817144761253,1.3232818880165311,2.013850746486576,-0.3377020487687353,0.959780988341024,0.18125688,False,True,False,False,0,0,627
1.5173804115316456,-0.0298875930439548,-0.6260180408749121,-0.3897508308408468,-0.4092156727411572,-0.9000838794593056,1.2874981794062563,0.7052852763897718,-0.291614777249101,0.4541072999540563,0.18091096,False,True,False,False,0,0,628
0.1790688529435589,2.01348567144205,-1.0130006979248076,-1.177761993861062,0.8733869857478157,0.9758372643501984,0.2923702828157565,-0.6032801937070321,0.9900502973921352,1.050274559458956,0.18083903,False,True,False,False,0,0,629
-1.3860551966979588,-1.0959922319797335,-0.1718716848944813,-0.2573211770555051,-1.115571801942956,0.0891547191555011,-0.9822113381597468,0.2353913121277377,-0.5286350307786433,0.3495909374046537,0.18010002,False,True,False,False,0,0,630
0.5202542054022813,0.9665438640200072,-0.8274624594264836,-0.6890856267936649,-0.4092156727411572,-0.1886012588572954,1.0489401220044243,-0.9006814369108511,0.0156336995484536,0.6995900455650429,0.179143,False,True,False,False,0,0,631
0.3520642429226293,0.3298073261726826,-0.3927640055130506,-0.2190150788531337,0.7481095167791254,-0.3381621700949552,0.2088749627251152,1.002686519593591,1.005412721232012,0.3075710359570573,0.17901206,False,True,False,False,0,0,632
1.6567378090147853,0.718583962262155,-1.0413068300499828,-1.075429988663298,1.947193862622304,-0.7740253971304207,0.1458274761260596,1.359568011438174,0.9242113380783716,0.9808557941181564,0.17439713,False,True,False,False,0,0,633
-0.1284785070192327,-0.4355010125861205,-0.0680514290103353,-0.1478751821915862,-0.4092156727411572,-0.4663572368700922,-0.9617635046681612,0.1699630386228974,-0.5022994470531387,0.2515327903471814,0.17229305,False,True,False,False,0,0,634
0.3664805254208854,0.1675619583558164,-0.099530626343926,-0.0143510684576056,-0.3197317663349494,-0.3702109367887395,0.1969470598550236,-0.4248394477847406,0.9900502973921352,0.1231587039082226,0.1707964,False,True,False,False,0,0,635
-0.0804242320250465,0.9925643475378066,-1.066170631893126,-1.2237293117039076,1.183597861289335,0.6980812863374017,0.0095085861821555,0.3067676104966542,0.7486407799083403,1.0782594588577972,0.16966811,False,True,False,False,0,0,636
0.4483528517520902,0.3144212165448913,-0.3927564086927919,-0.2299596783395253,0.8525074075863671,-0.4236255479450465,0.2088749627251152,1.002686519593591,1.005412721232012,0.3176440065009462,0.16962469,False,True,False,False,0,0,637
0.5923356178935608,2.212465839519339,-0.6130641961970061,-0.437907068580971,-0.4092156727411572,0.3348619304745138,0.9637408157894842,-0.5437999450662683,0.1253652984047252,0.4965867586877043,0.16907583,True,False,False,False,0,0,638
1.1449534504010153,0.1292896446131378,-0.6620870681906212,-0.5665061125460754,1.4073076273048537,-0.8829912038892873,1.0267883023885398,-0.6211242682992613,0.0441639152510847,0.6045016327163495,0.16834769,False,True,False,False,0,0,639
-0.9964049922162171,-0.9182879391175126,-1.2283230721342069,-1.3572534254378887,2.4990112854605835,-0.0283574253883742,0.9245491349306116,1.5380087573604653,0.1758418338786082,1.1550841036687132,0.1681568,False,True,False,False,0,0,640
0.8037547071377655,-0.5319616959357412,-0.0588524393589956,-0.0127093785346468,0.3603459223522264,-0.8861960805586657,0.7933422033596041,-2.0308061610853634,0.3448284961172683,0.1228359540065902,0.16808929,True,False,False,False,0,0,641
-1.883837851864406,-1.1937536722264297,-1.1939698288784968,-1.466699420301807,0.3692943129928476,1.2322273979004723,-1.1492019783410292,1.656969254641993,-0.7437089645369337,1.218306050355162,0.16800946,False,False,True,False,0,0,642
1.1761950590729238,-0.1201939770174936,-1.0686282032468366,-1.154778334939639,1.9024519094192007,-0.8530790216417553,0.8342378703427753,-0.4486315472410462,0.2921573286662549,1.0334480972675015,0.16758794,True,False,False,False,0,0,643
0.5201620324241053,0.3909448266690292,-0.7145859919073055,-0.6677436577952004,1.1716666737685069,-0.3808938590200009,0.7933422033596041,-0.1274382045809215,0.3448284961172683,0.6859506967952215,0.16700613,True,False,False,False,0,0,644
0.1021820129528614,1.2022588323577188,-0.7734245380981326,-0.8756910480366461,0.3126211722689159,0.5912520640247877,-0.0586508587897965,0.7647655250305355,0.6608555008233247,0.8458696743195204,0.16687173,False,True,False,False,0,0,645
0.3760913804197226,0.5287874942499716,-0.8444789569651062,-0.8319126500910785,1.410290424185061,-0.177918336626034,0.1117477536400836,1.1811272655158822,0.8803186985358638,0.8106270826808514,0.16608737,False,True,False,False,0,0,646
0.777344576621178,1.3522592667544442,-0.4987366938038469,-0.1752366809075661,1.1865806581695415,-0.2633817144761253,0.8768375234502453,-0.5437999450662683,0.2372915292381191,0.263687789437495,0.16572465,True,False,False,False,0,0,647
0.3808968079191415,-0.4156029957783916,-0.4783008674667534,-0.4997440556790851,-0.2183166724079145,-0.715269324858483,-0.1898577903608042,-0.2463987018624492,0.4918688385846685,0.553952959994932,0.16570821,False,True,False,False,0,0,648
0.4097688143760822,-0.4761943324846702,-0.3445309495990053,-0.4160178696081875,-0.4092156727411572,-0.7344985848747536,-0.3142487774346167,-0.1869184532216854,0.331660704254514,0.485912010753591,0.1652736,False,True,False,False,0,0,649
-1.9524316960884205,-1.1937536722264297,-0.4553921917263177,-0.3826368411746922,0.5094857663625723,2.161641632020215,-0.0399070114225097,2.067382970263264,0.6849964525717029,0.453165297969258,0.16368914,False,True,False,False,0,0,650
0.4241456554139088,2.2736905066200435,-0.5480959783212542,-0.4871577662697343,0.9032149545498852,0.6126179084873106,0.4695848397428319,0.2889235359044252,0.7618085717710946,0.5410346832121414,0.16257657,False,True,False,False,0,0,651
0.0882351695760137,-0.7263287761503546,-0.4050890740395055,-0.4543239678105589,-0.0512800471163275,-0.8402595149642416,0.1543474067475536,-1.7928851665223084,0.9351844979639996,0.5172845723158256,0.16162822,False,True,False,False,0,0,652
0.7845527178703056,1.4318513339853596,0.7090366002613785,0.4704946887895546,0.5243997507636067,-0.2313329477823411,0.6280555493026204,0.8539858979916813,0.5577077978984323,-0.3474786093792765,0.1613152,False,True,False,False,1,0,653
0.9623535353487944,1.9063425040158173,-0.9835801122676716,-0.9758341333371316,2.120196081674305,-0.1672354143947726,1.3045380406492444,-0.5437999450662683,-0.313561097020353,0.9127159923883924,0.16092482,False,True,False,False,0,0,654
1.0007969553441434,-0.4783582795566136,-0.0276713328114472,-0.1850868204453185,-0.6150286574754342,-0.8936741261205488,-0.5476948764635524,-2.3876876529299467,0.0309961233883344,0.2875537556015423,0.1608901,False,True,False,False,0,0,655
0.80377442786798,-0.5150930798170361,-0.0588524393589956,-0.0039536989455331,-0.4092156727411572,-0.8819229116661611,0.7933422033596041,-2.0308061610853634,0.3448284961172683,0.1143358215006262,0.15999825,False,True,False,False,0,0,656
1.2410683303150751,0.5593998278003238,-0.5510185172793585,-0.2299596783395253,2.290215503846099,-0.715269324858483,1.7646142942099208,-0.0084777072993939,-0.9061117308442146,0.3127065265027816,0.15983342,True,False,False,False,0,0,657
0.0493223104592564,2.016546904797085,-0.366123518434167,-0.4756659368090231,-0.788030876527435,1.3176907757505634,-1.1611298812111208,0.7647655250305355,-0.7590713883768103,0.5368693303564978,0.15866023,False,True,False,False,0,0,658
0.1334172916990824,0.3542971930129645,0.0043951451531584,-0.0526571666599771,-0.4092156727411572,-0.1031378810072042,-0.4505676673785208,-0.2463987018624492,0.1560901460844827,0.163368986731635,0.15806116,False,True,False,False,0,0,659
0.2655665479330946,-0.3329496951924409,-0.1959648737314866,-0.0630545361720491,-0.4092156727411572,-0.6330108236777703,0.1117477536400836,-0.6032801937070321,0.8803186985358638,0.1670942350348201,0.15753376,False,True,False,False,0,0,660
-0.6931162382009207,-0.7064201645067371,-0.0123639088082618,-0.249112727440711,-1.4388771557885836,-0.064679360974663,-2.094914277326864,0.693389226661619,-1.9617297118415329,0.3470695204308651,0.15612322,False,True,False,False,0,0,661
0.4962270679051883,-0.2395820778638669,-0.3004259214044595,-0.0805658953502761,0.9151461420707124,-0.6479669148015362,-0.0603548449140953,1.4190482600789378,0.6586608688461982,0.1805807694568351,0.15389833,False,True,False,False,0,0,662
0.1117883171788459,-0.097240488230169,-0.3803102848355135,-0.3065718747442685,-0.510630766668192,-0.3274792478636938,-0.0586508587897965,0.3484037845451889,0.6608555008233247,0.3877309334906682,0.1538696,False,True,False,False,0,0,663
0.0853630167048957,0.4124606267586335,0.0043956473873869,-0.0165399883548835,-0.340611344496398,0.0784717969242399,-0.4505676673785208,-0.2463987018624492,0.1560901460844827,0.1285224968952918,0.15336707,False,True,False,False,0,0,664
0.5202542054022813,0.3956238433059398,-0.7145859919073055,-0.6671964278208808,-0.4092156727411572,-0.4246938401681726,0.7933422033596041,-0.1274382045809215,0.3448284961172683,0.6855090316237797,0.1525225,False,True,False,False,0,0,665
1.0721281226642223,1.07970547613122,-0.4646571048956807,-0.0548460865572556,1.1418387049664382,-0.5112255102413902,0.9637408157894842,-0.1869184532216854,0.1253652984047252,0.1508377384412056,0.15251708,False,True,False,False,0,0,666
-1.9224218892404143,-1.170156083201365,0.9372468112215464,0.5607876345522878,-1.71359274845564,2.941494954902298,-1.793308733325976,-0.8709413125904694,-1.5732798518903377,-0.4381858529588856,0.15210378,False,False,True,False,1,0,667
0.4955111196561002,0.3756786313201607,-0.5861583690683067,-0.4898939161413324,-0.4092156727411572,-0.4129426257137851,0.5547841459577719,0.8837260223120633,0.652076972914823,0.5421856504009471,0.15187287,False,True,False,False,0,0,668
0.5921855688593206,0.3924955253763906,-0.7749303122825341,-0.7219194252528403,-0.4092156727411572,-0.4257621323912988,0.7507425502521341,-0.1869184532216854,0.3996942955454001,0.727384853746893,0.14934805,False,True,False,False,0,0,669
0.6139546270143662,-0.3130563580755657,-0.1256984223844864,0.0272384095906839,0.3991222817949164,-0.7580010137835288,0.6570233134157,0.3246116850888833,0.5203990542872996,0.0818273187443057,0.1487457,False,True,False,False,0,0,670
0.5923356178935608,-0.3727457288078987,0.1216719821776571,0.1946907817324797,-0.4092156727411572,-0.775093689353547,0.4525449784998439,-1.7334049178815445,0.7837548915423466,-0.07749234984748,0.14805554,False,True,False,False,1,0,671
-0.6883139831667976,-0.548770144992759,-0.787831578523338,-0.8439517095261097,0.2201544689825018,0.2173497859306382,-0.3210647219318119,1.1811272655158822,0.3228821763460124,0.8215323270244541,0.14711997,False,True,False,False,0,0,672
0.654806175386003,0.8027678795256232,-1.3907595490438514,-1.8021513945597183,-0.0993030768876584,-0.3584597223343519,-1.5411187869297536,0.1104827899821336,-1.2484743192757757,1.37033011839642,0.14682625,False,True,False,False,0,0,673
0.8813514934161824,-0.2977676644482125,-0.2757822585305926,-0.202598179623546,-0.4092156727411572,-0.8295765927329802,0.665543244037194,-0.1869184532216854,0.5094258944016716,0.2960577639542798,0.14472333,False,True,False,False,0,0,674
0.5298597893929018,-0.6253005952874218,-0.2885590972964691,-0.1861812803939577,0.5810728914875384,-0.858420482757386,0.1543474067475536,0.5684807045160151,0.9351844979639996,0.2804319728446446,0.14448757,False,True,False,False,0,0,675
0.6692224578842587,0.3696033597881407,-0.2239525302695915,0.0042547506692604,-0.4092156727411572,-0.5304547702576606,0.7865262588624089,0.1104827899821336,0.3536070240257659,0.1012003150363694,0.14255226,False,True,False,False,0,0,676
0.9503399666002484,0.0481738575094432,-0.6994968962979012,-0.5916786913647768,1.475911955549612,-0.7482902374753121,0.8103820646025921,1.002686519593591,0.3228821763460124,0.6242508358646542,0.14228128,False,True,False,False,0,0,677
1.4092582927947268,0.1002148245450418,-0.3373755890063877,-0.1040967842460187,1.5087227212318886,-0.858420482757386,0.708142897144664,-0.5437999450662683,0.4545600949735359,0.2018180155577925,0.14215954,False,True,False,False,0,0,678
0.5923356178935608,0.3757258264982111,-0.774926395699645,-0.7459975441229025,-0.4092156727411572,-0.480245035770732,0.759262480873628,-0.1274382045809215,0.3887211356597721,0.7463751572667472,0.1416226,False,True,False,False,0,0,679
-2.270508337609499,-1.2399856833775766,-0.5813567566191966,-0.6513267585656127,-0.1431203630578983,3.294031388533925,0.2565865742054817,-1.6917687438330098,1.0361375689117696,0.6768216698649957,0.14153191,False,True,False,False,0,0,680
1.67355680526275,-0.2518270112840078,-0.3692703746126898,-0.1287221330904005,1.7920884248515447,-0.9545667828387387,0.7439266057549389,-0.662760442347796,0.4084728234539017,0.2241163572077327,0.1414081,True,False,False,False,0,0,681
-0.3230983207456868,-0.9390738994894132,-0.4069709372517285,-0.6584407482317671,-1.0803449707877124,-0.8594887749805121,-1.6518778850091755,-1.7334049178815445,-1.391125397788927,0.688028269122291,0.14135464,False,True,False,False,0,0,682
-2.210341157118984,-1.2349772155028689,-1.531169058274571,-2.052235492823773,1.1242402033732168,3.133787555065004,-1.2275853400587742,-0.2820868510469075,-0.8446620354847036,1.4419062317743443,0.1404827,False,True,False,False,0,0,683
0.6524195383185336,0.1904616366458785,-1.0367467829796433,-1.100602567481999,-0.4092156727411572,-0.5828010891908416,0.1969470598550236,1.062166768234355,0.9900502973921352,0.9981759402843616,0.1396179,False,True,False,False,0,0,684
0.6908468816316424,0.1935824418736158,-1.0367471341215573,-1.134530825889814,1.5892582369974753,-0.5625035369514448,0.1969470598550236,1.062166768234355,0.9900502973921352,1.0210018922110216,0.1396179,False,True,False,False,0,0,685
0.6524034616362934,0.1721538083883692,-1.0367467964851014,-1.09950810753336,-0.4092156727411572,-0.5902791347527245,0.1969470598550236,1.062166768234355,0.9900502973921352,0.997433346665622,0.1396179,False,True,False,False,0,0,686
0.7124657214113952,2.028775420941116,-0.5375450500957532,-0.202598179623546,2.0847007987998425,0.0571059524617171,0.708142897144664,0.3484037845451889,0.4545600949735359,0.2878912573965216,0.13553445,False,True,False,False,0,0,687
0.1598471429458849,-0.3895825122605923,-0.2720724779708951,-0.1588197816779779,0.3364835473105715,-0.5518206147201834,0.622943590929724,-0.8412011882700874,0.5642916938298075,0.2554255488043218,0.13504873,False,True,False,False,0,0,688
0.3760863752126522,-0.6207087682745578,-0.47526209715869,-0.2682657765418968,0.1903265001804325,-0.8188936705017188,-0.0416109975468085,0.3484037845451889,0.6828018205945765,0.3500973698831738,0.13466589,False,True,False,False,0,0,689
-0.2630304770029541,1.5389945014115922,-0.15932004964472,-0.4641741073483116,-0.4092156727411572,1.766373509463543,-2.120474069191346,-1.2991991028039689,-1.9946491914984128,0.5334446708186221,0.13462704,False,True,False,False,0,0,690
0.601946472892398,-0.2242759110886908,-0.3978380061729945,-0.064696226095008,0.4259674537167787,-0.6906986037265818,0.0214364890522471,1.4785285087197015,0.7640032037482171,0.1623690720315636,0.13396454,False,True,False,False,0,0,691
0.4818107854069327,0.3757258264982111,-0.5861583690683067,-0.4920828360386106,0.6616084072531251,-0.4129426257137851,0.5547841459577719,-0.1869184532216854,0.652076972914823,0.5440550110094687,0.13377124,False,True,False,False,0,0,692
0.0877657304546054,0.406338160048563,-1.1584585769880091,-1.4617743505329308,-0.4092156727411572,-0.049723269850897,-1.4218397582288376,-0.5437999450662683,-1.094850080876996,1.2167184365433374,0.1322344,False,True,False,False,0,0,693
-1.9039872936052105,-1.1577938360529283,-1.1751284485000473,-1.5285364073999217,-0.1914715004860522,3.187202166221311,-1.7626369830885975,-1.0910182325612954,-1.5337764763020785,1.251890915656121,0.13002607,False,False,True,False,0,0,694
-1.1784644156422015,-1.063053850368339,-0.4186805578258308,-0.5243694045234666,-0.6955641732410208,-0.2313329477823411,-1.1066023252335593,0.9432062709528272,-0.6888431651087978,0.5767086888701949,0.12988015,False,False,True,False,0,0,695
1.2891226053092617,-0.048254993174166,-0.508672912656743,-0.3322916835372893,1.7264668934869924,-0.8594887749805121,0.6263515631783215,-0.3356190748235949,0.5599024298755546,0.4068038456564653,0.12981524,False,True,False,False,0,0,696
1.1689805471705137,-0.2763217419244959,-0.218326498224633,-0.0263901278926365,1.3655484709819563,-0.888332665004918,0.6110156880596324,-0.2226066024061437,0.5796541176696842,0.1311071646880382,0.12894976,True,False,False,False,0,0,697
-0.9598174644186545,-0.6972364644416312,-0.5492340242005743,-0.3596531822532689,0.9449741108727818,0.5805691417935264,0.8955813708175322,1.597489006001229,0.2131505774897408,0.4299096696454694,0.12821999,False,True,False,False,0,0,698
0.0421486804880038,0.1537264511186964,-0.8546911936207374,-1.002648402078792,-0.0393488595954994,-0.1351866477009883,-0.740245308509317,0.0510025413413698,-0.2169972900268357,0.935873073096974,0.12815084,False,True,False,False,0,0,699
0.0661413067072217,0.1782762750984396,-0.854712717944804,-0.999365022232874,-0.0184692814340513,-0.1415964010397452,-0.774325030995293,0.1699630386228974,-0.2608899295693436,0.9335411891445932,0.12815084,False,True,False,False,0,0,700
0.0421141692101288,0.169092575033334,-0.854693037959878,-1.0015539421301527,-0.4092156727411572,-0.1245037254697269,-0.740245308509317,0.0510025413413698,-0.2169972900268357,0.935096317292756,0.12815084,False,True,False,False,0,0,701
-2.190366593240471,-0.4431540959737086,2.172183338008572,1.2803950507825534,-2.437517551281858,1.766373509463543,-2.71175725432303,-1.1980826801146702,-2.7561864875609263,-1.236119534064857,0.12778875,False,False,False,True,1,0,702
0.368883239170595,0.2226641587464503,-0.4729819115580215,-0.5167081848829926,0.2419288862080118,-0.4022597034825236,-0.0126432334337288,-0.0620099310760813,0.7201105642057092,0.5685306259234886,0.12708156,False,True,False,False,0,0,703
1.0464485165886204,0.6206244949010279,0.0227753099123312,0.4540777895599669,1.0493720016800234,-0.5945523036452292,1.4664167224576306,0.7647655250305355,-0.5220511348472682,-0.3512811565623723,0.12638187,True,False,False,False,1,0,704
0.3040099679284435,-0.8472368988383567,0.0892659305679397,-0.0143510684576056,-0.9371707205377808,-0.9139716783599452,-0.912347907063496,-0.2463987018624492,-0.4386551197165013,0.1290488012397943,0.12603018,False,True,False,False,0,0,705
-0.181424380529644,-0.8641098010497623,-0.1605139490347649,-0.1807089806507622,-0.7373233295639177,-0.8295765927329802,-0.791364892238281,0.8837260223120633,-0.2828362493405995,0.2793367735706526,0.12597746,False,False,True,False,0,0,706
-2.18393592034447,-1.229968747628161,-1.311542524067973,-1.6801191102864492,0.5959868758885727,3.689299511090597,-1.278704923787738,-0.0679579559401577,-0.9105009947984634,1.3214730802779346,0.12573272,False,True,False,False,0,0,707
0.0805183621008115,1.171543439949175,-1.0757578612642456,-1.2587520300603616,1.1597354862476794,0.6339837529498332,0.1117477536400836,-0.0084777072993939,0.8803186985358638,1.100055325931454,0.12546916,False,True,False,False,0,0,708
-1.065536869405864,-0.7018283144741841,-0.5492715440517414,-0.3733339316112588,0.9211117358311264,1.112685498132657,0.8734295512016478,1.597489006001229,0.2416807931923719,0.442024353138479,0.12468774,False,True,False,False,0,0,709
-1.7745164126323827,-1.1712155667902455,1.249552893946,1.789318926899776,-1.717470384399909,0.965154342118937,-1.1236421864765471,-0.5437999450662683,-0.7107894848800538,-1.913320789349478,0.12448336,False,False,True,False,1,0,710
0.3424533879237925,-0.2931536615769831,-0.0332719197289948,0.0086325904638178,-0.3943016883401223,-0.6020303492071122,-0.0910265951514737,0.2651314364481196,0.6191574932579432,0.1028844380868662,0.12337207,False,True,False,False,0,0,711
0.2511455496080481,-0.3467639645994384,-0.2720550474888569,-0.1489696421402254,-0.4092156727411572,-0.5806645047445893,0.5513761737091744,-0.1869184532216854,0.6564662368690718,0.2461953138564983,0.123161234,False,True,False,False,0,0,712
0.464991789158967,-0.3314190785149233,-0.1740976798439707,-0.082754815247555,-0.3197317663349494,-0.7099278637428523,0.1730912541148404,-0.1869184532216854,0.9593254497123778,0.1866101802886444,0.12300042,False,True,False,False,0,0,713
0.3088153954278624,-0.527338013237177,-0.0588524393589956,0.0184827300015702,0.0918942031336046,-0.7398400459903843,0.7933422033596041,-2.0308061610853634,0.3448284961172683,0.0924748112175277,0.12265848,False,True,False,False,0,0,714
0.3411749701520674,1.825774556082853,-0.2430311002583425,-0.093152184759627,0.1217221719356733,0.4416911527871278,0.5207044234717959,-1.1980826801146702,0.6959696124573309,0.1943634138170128,0.12262733,False,True,False,False,0,0,715
0.6499952710968347,-0.3344848841677029,-0.2498976550674562,-0.1872757403425969,0.1485673438575357,-0.7782985660229254,0.2889623105671589,-0.5259558704740391,0.994439561346384,0.2826552771438292,0.121846184,False,True,False,False,0,0,716
1.0728783678354232,0.8257271296883872,-0.4646705259448045,-0.2595100969527836,-0.4092156727411572,-0.5870742580833461,0.9637408157894842,-0.4843196964255045,0.1253652984047252,0.3424528146845916,0.121521026,False,True,False,False,0,0,717
-1.1784644156422015,-1.0584620003357863,-0.4186805578258308,-0.5243694045234666,-0.4092156727411572,-0.177918336626034,-1.1066023252335593,0.9432062709528272,-0.6888431651087978,0.5767086888701949,0.121186376,False,True,False,False,0,0,718
0.3761149595536747,0.1613788121311102,-0.099533137515067,-0.0384291873276673,-0.4092156727411572,-0.4343084701763079,0.1969470598550236,-0.1869184532216854,0.9900502973921352,0.1464348567811153,0.12087215,False,True,False,False,0,0,719
1.5780077238163313,0.6664587181228953,-0.6210640699750567,-0.2682657765418968,2.6332371450698955,-0.7654790593454116,1.4408569305931485,0.0510025413413698,-0.4891316551903882,0.3455486226757525,0.11967128,False,True,False,False,0,0,720
0.3953080509134043,0.329799424399602,-0.1986920477952697,-0.1172303036296893,-0.0751424221579824,-0.3702109367887395,0.4355051172568558,-0.1214901797168452,0.8057012113135984,0.2185854439903823,0.11923141,False,True,False,False,0,0,721
-0.6281417910385388,-0.8732743340935781,-0.107459090011544,-0.2190150788531337,-0.4092156727411572,-0.4236255479450465,-1.4218397582288376,-0.1869184532216854,-1.094850080876996,0.3164720124842106,0.11776569,False,True,False,False,0,0,722
0.1334642356112228,0.3741279326127994,0.0043956473873869,-0.0493737868140595,-0.4092156727411572,-0.0924549587759427,-0.4505676673785208,-0.1869184532216854,0.1560901460844827,0.160213488726795,0.117373616,False,True,False,False,0,0,723
0.5923356178935608,0.130827158095394,-1.2515516162120937,-1.4885886192745912,-0.4092156727411572,-0.5838693814139677,0.4525449784998439,-0.1869184532216854,0.7837548915423466,1.2283704814915286,0.11563718,False,True,False,False,0,0,724
0.1958878491915247,-0.3758069621629339,-0.2213741947965005,-0.16976438116437,-0.4032500789807429,-0.6020303492071122,-0.1966737348579994,1.204919364972188,0.483090310676167,0.2672368125602452,0.11560294,False,True,False,False,0,0,725
0.9046884053557718,2.6059397442584573,-0.4992870412270376,-0.3082135646672274,-0.4092156727411572,0.0677888746929785,1.3726974856211964,-0.7222406909885597,-0.4013463761053726,0.3854969786239133,0.11489418,False,True,False,False,0,0,726
-0.1092567970215582,0.1430720915155346,-0.4468344581139318,-0.4105455698649914,-0.4092156727411572,0.0998376413867625,0.1117477536400836,-0.4843196964255045,0.8803186985358638,0.4779382521921717,0.114646584,False,True,False,False,0,0,727
-0.2029626332602215,-0.3513170953226521,-0.3648566642469038,-0.2611517868757424,-0.4092156727411572,-0.2644500066992514,0.4184652560138678,0.3484037845451889,0.8276475310848543,0.347063545671166,0.11458587,False,True,False,False,0,0,728
0.0781548754557681,-0.0360100597540252,-0.8111269324149449,-0.7914176319914286,1.1865806581695415,-0.306113403401171,0.4184652560138678,0.8837260223120633,0.8276475310848543,0.7806232365691976,0.11430373,False,True,False,False,0,0,729
0.1646525704453037,-0.4400928626186734,0.3394681342906522,0.3501040944392441,-0.8834803766940561,-0.6223279014465088,-0.5442869042149548,1.1811272655158822,0.0353853873425831,-0.2311845901150872,0.11270632,False,True,False,False,1,0,730
-2.265176754597287,-1.2404672668270675,-0.2233658869273869,-0.5719784122892715,-1.503902127777094,2.834665732589684,-2.265312889756744,-2.090286409726128,-2.181192909554072,0.6227502471190011,0.111940324,False,True,False,False,0,0,731
-0.6090212569610948,-0.8747879990336738,-0.441322627379741,-0.6573462882831281,-1.0815380895397957,-0.4887913735557412,-1.854652233800733,0.5625326796519386,-1.6522866030668515,0.6860703679034444,0.11087585,False,True,False,False,0,0,732
0.5769663096721175,1.4470428838995566,-0.9835801122676716,-0.995534412412637,-0.4092156727411572,-0.0101964575952299,1.222746706682902,-0.7817209396293235,-0.2082187621183342,0.9267967870778426,0.110535055,False,True,False,False,0,0,733
1.1906113415711794,-0.4982562963643424,-0.325589544420482,-0.1681226912414112,-0.4092156727411572,-0.9438838606074772,1.1341394282193644,-1.7334049178815445,-0.0940978993078138,0.2624528583930026,0.10981783,False,True,False,False,0,0,734
0.3520642429226293,-0.4967256796868247,-0.3174127491395164,-0.2354319780827214,-0.4092156727411572,-0.7419766304366366,-0.2290494712196766,0.2889235359044252,0.4413923031107815,0.3250201665800929,0.10956562,False,True,False,False,0,0,735
-1.746650163416377,-1.1513743286712117,-0.0433811772655625,-0.2409042778259174,-1.468108565214611,1.2642761645942566,-2.17159365292031,0.1104827899821336,-2.0604881508121764,0.3385878105294407,0.10832337,False,True,False,False,0,0,736
0.0276978867118727,0.0343983074117846,-0.9546816813896544,-1.0518990997675552,1.5087227212318886,-0.2099671033198183,-0.4573836118757159,1.4785285087197015,0.1473116181759771,0.9673163853572272,0.10819082,False,True,False,False,0,0,737
0.6691392878481373,0.3664755716003856,-0.2239525302695915,0.0053492106178996,0.7868858762218154,-0.5304547702576606,0.7865262588624089,-0.1869184532216854,0.3536070240257659,0.1001345340216659,0.10810007,False,True,False,False,0,0,738
-1.3951067117683018,-1.119589821004798,0.1015539139501647,-0.0657906860436472,-1.2473815960792995,-0.0710891143134199,-1.13386610322234,-0.6032801937070321,-0.7239572767428041,0.1789974144016323,0.10787453,False,True,False,False,0,0,739
-2.265391110360488,-1.239744891652831,-0.223309332821016,-0.3722394716626196,-1.6291795967457845,3.294031388533925,-2.411855696446441,-2.2687271556484188,-2.3699312595868576,0.451226210634095,0.10759506,False,False,True,False,0,0,740
0.0276978867118727,0.0129696739265382,-0.9546816813896544,-1.0518990997675552,-0.4092156727411572,-0.2206500255510797,-0.4573836118757159,1.4785285087197015,0.1473116181759771,0.9673163853572272,0.1075342,False,True,False,False,0,0,741
1.1209326428296094,0.5838896946406056,-1.0413059015497288,-1.1022442574049578,1.7503292685286485,-0.6682644670409328,0.2855543383185613,1.395256160622632,0.9988288253006368,0.999146863004792,0.10711439,False,True,False,False,0,0,742
1.2650954678121682,1.1869526655825424,-0.3853564304878418,0.0146521201813329,2.33794025392941,-0.5945523036452292,1.4067772081071723,-0.4843196964255045,-0.4452390156478764,0.0860289396979887,0.1067688,False,True,False,False,0,0,743
0.8566282977412685,0.4966358060275193,-1.430102383845519,-1.825682283455461,2.266353128804444,-0.5796442856715038,-0.2972089161916287,0.2889235359044252,0.3536070240257659,1.378066146892391,0.10616511,False,True,False,False,0,0,744
-0.2976052041840684,1.5084110628682097,-1.425392186466856,-1.9537340974462456,0.0978597968940183,1.9800319540887712,-2.103434207948358,-0.1869184532216854,-1.9727028717271569,1.4208842017130192,0.10552782,False,False,True,False,0,0,745
-1.9384985714804173,-1.2029037577667607,-0.9933312641381526,-1.277357849187228,-1.1221041271106091,1.381788309138132,-2.0437946935979,0.4971044061470984,-1.8958907525277688,1.11418903447379,0.10468945,False,False,True,False,0,0,746
-0.0804628160624224,0.7781908942393286,-0.7008543172440159,-0.7388835544567476,-0.0065380939132238,0.5378374528684806,-0.3943361252766603,2.013850746486576,0.2285130013296175,0.7430922345718897,0.1037502,False,True,False,False,0,0,747
-0.0804242320250465,0.756849379200095,-0.7008543172440159,-0.737241864533789,-0.4092156727411572,0.5164716084059577,-0.3943361252766603,2.013850746486576,0.2285130013296175,0.7417993332822297,0.10305184,False,True,False,False,0,0,748
0.251145474583531,2.22775459170724,-0.9113309330376902,-0.999365022232874,0.5094857663625723,0.8262763531125388,-0.0433149836711072,0.3365077348170361,0.6806071886174542,0.931774807367871,0.1029146,False,True,False,False,0,0,749
0.147833574197338,-0.636011797340927,-0.5890081473701547,-0.6458544588224163,-0.4092156727411572,-0.737703461544132,-0.0586508587897965,-1.911845663803836,0.6608555008233247,0.6721381350325718,0.10224727,False,True,False,False,0,0,750
-2.2812534368372908,-1.2398893666876782,-1.5316729680237022,-2.0691996220276803,0.8942665639092638,4.105933478109792,-2.035274762976406,0.1699630386228974,-1.8849175926421409,1.4451135145799512,0.10118888,False,False,True,False,0,0,751
-0.1284785070192327,-0.3084598283521592,-0.3876132347639362,-0.4778548567063013,-0.7194265482826758,-0.306113403401171,-0.7027576137747433,-0.5437999450662683,-0.1687153865300792,0.5380762872326348,0.101130985,False,False,True,False,0,0,752
0.3518927583120695,-0.5120722994717581,-0.3174127491395164,-0.2409042778259174,-0.0960220003194311,-0.7227473704203661,-0.1608900262477245,0.2889235359044252,0.5291775821958011,0.3300385411112759,0.101104334,False,True,False,False,0,0,753
0.5298080417681075,-0.2197270664581776,-0.4730311642760325,-0.2912494354633198,1.1000795486435408,-0.6874937270572034,0.3843855335278918,-0.1869184532216854,0.8715401706273622,0.3710126890248902,0.1000402,False,True,False,False,0,0,754
0.8710504128598408,1.6461376688378246,-0.9835800700631144,-0.9785702832087296,-0.4092156727411572,-0.2398792855673502,1.3045380406492444,-0.5437999450662683,-0.313561097020353,0.9146788218985484,0.09984858,False,True,False,False,0,0,755
1.4332854302918197,1.2022588323577188,-0.8427329544423,-0.6951051565111803,1.69067333092451,-0.6479669148015362,1.060868024874516,0.2889235359044252,0.0002712757085769,0.7039312266359631,0.09792878,True,False,False,False,0,0,756
1.2650954678121682,-0.4691745794915079,-0.4666219802510536,-0.5544670531110445,-0.5225619541890195,-0.934269230599342,-1.0520747692559975,0.9432062709528272,-0.6186149418407854,0.6005369499627332,0.09687316,False,False,True,False,0,0,757
0.5683920791441158,-0.3896056282661679,-0.9798985243520456,-1.0228959111286169,1.410290424185061,-0.7654790593454116,0.1969470598550236,1.7164495032827567,0.9900502973921352,0.9462683271270546,0.09683178,False,True,False,False,0,0,758
0.0877657304546054,0.2548071089743199,-0.3927609245803901,-0.2792103760282887,-0.4092156727411572,-0.1138208032384656,0.2821463660699637,0.3484037845451889,1.0032180892548856,0.3626138217589635,0.09671877,False,True,False,False,0,0,759
0.0882351695760137,0.2838406675022054,-0.3927609245803901,-0.2792103760282887,0.6765223916541594,-0.1245037254697269,0.2821463660699637,0.3484037845451889,1.0032180892548856,0.3626138217589635,0.09671877,False,True,False,False,0,0,760
-1.4486956525683132,-1.1177598038967318,-0.2894523145406721,-0.5801868619040653,-1.6411107842666122,0.0998376413867625,-2.8191083801538546,0.9432062709528272,-5.61171620865495,0.6275155922836948,0.09652826,False,False,False,True,0,0,761
0.5683031429379641,-0.3436685381934308,-0.2398976651289434,-0.0165399883548835,0.906197751430092,-0.850942437195503,0.3503058110419157,0.5744287293800914,0.91543281016987,0.1209010052128711,0.09563785,False,True,False,False,0,0,762
0.3832995216688507,0.1400108581604995,-0.3243470422626039,-0.2764742261566906,-0.4092156727411572,-0.4460596846306955,0.8785415095745441,-2.2687271556484188,0.2350968972609967,0.3622652936708775,0.09457129,False,True,False,False,0,0,763
0.383403055502476,0.1414845998326322,-0.3243470422626039,-0.2742853062594125,0.4498298287584343,-0.3958499501437668,0.8785415095745441,-2.2687271556484188,0.2350968972609967,0.3602776525078526,0.09457129,True,False,False,False,0,0,764
0.3520592784431536,0.0864325924770217,-0.450292615104836,-0.3667671719194241,0.4498298287584343,-0.4556743146388308,0.0435883086681315,-0.5437999450662683,0.7925334194508481,0.4393025233725027,0.094517745,False,True,False,False,0,0,765
0.5466840566490838,-0.1293776770825992,-0.3564828580938939,-0.2874188256430825,-0.4092156727411572,-0.6575815448096715,0.0180285168036495,0.8242457736712995,0.7596139397939682,0.3711834273435598,0.09428195,False,True,False,False,0,0,766
0.3664805254208854,0.1507251749031227,-0.099533137515067,-0.0220122880980796,-0.4092156727411572,-0.4289670090606772,0.1969470598550236,-0.4248394477847406,0.9900502973921352,0.1305790582235473,0.09424519,False,True,False,False,0,0,767
0.1526390016967568,-0.6819302976664553,-0.1074266769117733,-0.3837313011233314,-1.3848885322568385,-0.7644107671222856,-1.9125877620268923,-1.2159267547068997,-1.7269040902891128,0.4649858710449703,0.092965044,False,True,False,False,0,0,768
-0.3687498819901638,0.0542963242195136,-0.5599582021325326,-0.6075483606200449,-0.4092156727411572,0.4310082305558664,-0.638006141051389,0.645805027749008,-0.0853193713993123,0.6417037510047817,0.09251691,False,False,True,False,0,0,769
-0.2967477811312685,1.4776571437837072,-1.4197051224120296,-1.942789497959854,-0.4092156727411572,2.021695350790691,-2.103434207948358,-0.8412011882700874,-1.9727028717271569,1.4178560719373787,0.09213037,False,True,False,False,0,0,770
0.9239041669810172,0.6512273156371857,-0.3571092159242292,-0.1314582829619985,1.109027939284162,-0.5625035369514448,1.4408569305931485,-0.7222406909885597,-0.4891316551903882,0.227075169169651,0.090847805,False,True,False,False,0,0,771
1.2170411928179814,0.2073579919712741,-0.8608007252910651,-0.6951051565111803,1.7682260498098898,-0.7654790593454116,0.57182400720076,1.7759297519235206,0.6301306531435672,0.7033675461822282,0.09040577,True,False,False,False,0,0,772
1.190666859713848,-0.5151255385415319,-0.3255795841450316,-0.1703116111386896,-0.4092156727411572,-0.934269230599342,1.137547400467962,-1.7334049178815445,-0.0984871632620666,0.2644965359346678,0.08998044,False,True,False,False,0,0,773
0.4001185179168159,-0.3681538787753459,-0.1740976798439707,-0.1270804431674417,-0.4092156727411572,-0.6842888503878249,0.1969470598550236,-0.8412011882700874,0.9900502973921352,0.2286568925537785,0.08994619,False,True,False,False,0,0,774
0.9767698178470507,2.1543024057736697,-0.5375455987549941,-0.1905591201885146,-0.4092156727411572,-0.1672354143947726,0.708142897144664,0.2889235359044252,0.4545600949735359,0.2767309145660859,0.08943761,False,True,False,False,0,0,775
0.8782585541089688,1.4793004509884058,-0.8325298339709792,-0.7771896526591193,2.6332371450698955,-0.2633817144761253,1.2193387344343043,1.002686519593591,-0.2038294981640854,0.7689363783632279,0.08842797,False,True,False,False,0,0,776
0.8637743208337784,1.401128717825074,-0.6270727327541707,-0.3229887739738565,2.427424160335617,-0.3167963256324324,2.020212212854741,-0.103646105124616,-1.2353065274130213,0.3947815803674195,0.08671334,True,False,False,False,0,0,777
-0.4168077967452088,-0.3283624481344984,-0.8082788422953766,-1.1055276372508756,-0.8178588453295043,0.0571059524617171,-1.7455971218456097,-1.5549641719592533,-1.5118301565308223,1.008640551370226,0.08605272,False,False,True,False,0,0,778
0.0325033142112911,-0.1798880274406802,-0.4842011362821419,-0.5714311823149518,-0.4092156727411572,-0.3573914301112258,-0.6891257247803529,-0.4248394477847406,-0.151158330713076,0.6141569012846737,0.0857921,False,True,False,False,0,0,779
-2.014594867416434,-1.205504308394013,-0.4430967381375048,-0.7115220557407678,-1.330899908725093,2.460763454495535,-2.3982238074520508,-1.1386024314739065,-2.352374203769854,0.7294870866428075,0.08506832,False,True,False,False,0,0,780
-1.643759397080355,-1.1282583230956382,-0.3635297529750392,-0.4652685672969506,-1.0624481895064712,0.91173973096263,-1.1066023252335593,0.4673642818267166,-0.6888431651087978,0.5280157961618762,0.08448336,False,True,False,False,0,0,781
1.2170411928179814,0.1981742919061686,-0.8608007252910651,-0.6923690066395822,-0.4092156727411572,-0.7879131960310608,0.605903729686736,1.7759297519235206,0.5862380136010593,0.7011789710591307,0.084446125,False,True,False,False,0,0,782
1.414063720294145,0.6451143617413096,-0.8427339251471108,-0.7881342521455112,1.5534646744349916,-0.7227473704203661,0.7916382172353053,-0.5437999450662683,0.3470231280943907,0.7770994072471695,0.084090486,True,False,False,False,0,0,783
0.895077550356934,2.334915173720748,-0.4992849309991878,-0.3120441744874646,1.2462365957736803,-0.049723269850897,1.3726974856211964,-0.7222406909885597,-0.4013463761053726,0.388942896754385,0.083530895,False,True,False,False,0,0,784
0.9049306273681874,2.319445750156194,-0.4992849309991878,-0.3339333734602481,1.0135784391175404,-0.0604061920821585,1.3726974856211964,-0.7222406909885597,-0.4013463761053726,0.4085642360283017,0.083530895,True,False,False,False,0,0,785
-0.2269897707573143,-0.9277473360757827,-0.4069712031404376,-0.6195874200550763,-0.4092156727411572,-0.8018009949317005,-1.6774376768736576,-2.2687271556484188,-1.4240448774458068,0.6563692264849584,0.08351651,False,True,False,False,0,0,786
0.712471305379026,0.110929141287665,-0.5694660447319481,-0.5637699626744779,0.2768276097064329,-0.6394205770165271,0.0691481005326135,0.4078840331859528,0.825452899107728,0.6051075917776314,0.08347891,False,True,False,False,0,0,787
1.041643089089202,2.4879768414725083,-1.1939021327690795,-1.326061316901672,2.2365251600023752,-0.1351866477009883,1.2125227899371092,-0.5437999450662683,-0.1950509702555838,1.137608231562299,0.083235435,True,False,False,False,0,0,788
0.8710504128598408,1.8604240036902893,-0.9835791415628607,-0.9769285932857708,2.09633370663265,-0.1672354143947726,1.3045380406492444,-0.5437999450662683,-0.313561097020353,0.9135014304587428,0.08261688,False,True,False,False,0,0,789
0.6884441678819336,-0.3360109285474761,-0.1365592164674312,-0.1188719935526475,-0.0154864845538444,-0.7943229493698176,0.0163245306793507,-0.1869184532216854,0.7574193078168419,0.2220761378045072,0.08234272,False,True,False,False,0,0,790
0.1141910266414397,1.5083683589374095,1.3935269873989933,1.2530335520665736,-1.1877256584751614,0.6660325196436174,-0.4335278061355327,0.6814931769334662,0.1780364658557346,-1.2268393734410492,0.08219833,False,True,False,False,1,0,791
-0.1068540832718486,0.5747059945754998,-1.1127699494059666,-1.4393379215858275,-0.546424329230675,0.4096423860933436,-2.258496945259549,0.95510232068098,-2.17241438164557,1.2057412567239276,0.081771135,False,False,True,False,0,0,792
-1.9395703502964177,-1.183158836337625,1.399415367190677,0.8754448697860537,-1.987115222370614,2.567592676808149,-2.3982238074520508,-1.1386024314739065,-2.352374203769854,-0.7773844275252667,0.08163958,False,True,False,False,1,0,793
0.5467421470609113,2.278135521858846,-1.1141904281806847,-1.273527239366991,-0.4092156727411572,0.4395545683408755,0.5530801598334731,-0.1869184532216854,0.6542716048919455,1.108048078231298,0.08153027,False,True,False,False,0,0,794
-0.3304016359536755,-0.2181956310887958,-0.5648535086981673,-0.6075483606200449,-0.1974370942464659,0.1222717780724116,-0.0586508587897965,-2.0308061610853634,0.6608555008233247,0.6415510266510588,0.08106121,False,True,False,False,0,0,795
0.0156843179633258,2.1083839054481417,-0.4073198170016567,-0.4373598386066516,-0.0721596252777756,0.7194471307999246,-0.5459908903392536,1.2406075141566462,0.0331907553654608,0.5025307670454889,0.080997884,False,True,False,False,0,0,796
0.2559556929342573,0.2884806758797072,-0.4436772196143885,-0.5013857456020439,-0.4092156727411572,-0.2740646367073867,-0.9106439209391972,1.597489006001229,-0.4364604877393789,0.5564311023796771,0.080555074,False,True,False,False,0,0,797
0.9287155428528642,1.467055517568265,-0.4987261426645987,-0.2846826757714847,-0.4092156727411572,-0.2633817144761253,0.7711903837437197,0.3484037845451889,0.3733587118198954,0.3642682630118857,0.08032641,False,True,False,False,0,0,798
-0.0530332952783604,-0.3406027785800289,-0.6389457187274822,-1.1766675339124226,2.62727155130948,-0.3488450923262167,-2.3573281404688795,-0.1869184532216854,-2.299703036318841,1.0612297878377093,0.080248594,False,False,True,False,0,0,799
-0.2270821580912535,-0.9237828062762062,-0.406970987897197,-0.6184929601064371,-1.0564825957460569,-0.7770166153551741,-1.6774376768736576,-2.2687271556484188,-1.4240448774458068,0.6554715190006901,0.07901086,False,False,True,False,0,0,800
0.6155503470481258,2.503121677792105,-1.135990981072709,-1.3019831980316097,0.7540751105395392,0.3241790082432524,0.2497706297082865,1.002686519593591,1.044916096820271,1.1248507959802818,0.07896465,False,True,False,False,0,0,801
0.977811586856203,2.184770938506004,-0.5375455987549941,-0.1922008101114734,2.1828348161586506,-0.1138208032384656,0.7234787722633532,0.2889235359044252,0.4348084071794063,0.2782548092630002,0.078680806,True,False,False,False,0,0,802
1.4813397052860058,0.6512368284513801,-0.6210653361117665,-0.2737380762850931,2.6034091762678253,-0.7398400459903843,1.4578967918361363,0.1699630386228974,-0.5110779749616402,0.3505235077427466,0.07833044,True,False,False,False,0,0,803
0.6163627553906541,1.4471575007605355,-0.9835805343132412,-0.985137042900565,1.917365893820236,-0.0176745031571128,1.3045380406492444,-0.5437999450662683,-0.313561097020353,0.9193801827150004,0.07831283,False,True,False,False,0,0,804
0.640389892887747,0.3420522595928236,-0.5996190060665862,-0.5325778541382608,-0.4092156727411572,-0.5197718480263992,0.5377442847147839,-0.662760442347796,0.674023292686075,0.5779938389989971,0.0782144,False,True,False,False,0,0,805
0.8326069928644922,1.7838931698144092,-0.9835799012448864,-0.9960816423869566,-0.4092156727411572,-0.1031378810072042,1.3045380406492444,-0.5437999450662683,-0.313561097020353,0.9271862128229128,0.07744092,False,True,False,False,0,0,806
0.7869497190389261,0.5502071212578624,-0.4194942616846586,-0.1478751821915862,1.1209591268049894,-0.5304547702576606,1.3130579712707384,-0.5437999450662683,-0.3245342569059809,0.240568435250909,0.07593746,False,True,False,False,0,0,807
0.063738592957512,2.041036771637367,-0.407320694856442,-0.4543239678105589,0.4349158443573994,1.168129864512904,-0.5664387238308393,0.8837260223120633,0.006855171639952,0.5172149499454078,0.075581826,False,True,False,False,0,0,808
0.063738592957512,2.07777157189779,-0.4073254217668254,-0.4532295078619197,-0.4092156727411572,1.168129864512904,-0.5664387238308393,0.8837260223120633,0.006855171639952,0.5162696509474207,0.075581826,False,True,False,False,0,0,809
0.0637986125712083,2.039366447601152,-0.4073254217668254,-0.4543239678105589,-0.1019875940798449,1.1360810978191196,-0.5664387238308393,0.8837260223120633,0.006855171639952,0.5172148024746982,0.075581826,False,True,False,False,0,0,810
0.4241456554139088,-0.5043787630744129,-0.3445326040176395,-0.4543239678105589,-0.3972844852203291,-0.7708205204610424,-0.4420477367570268,-1.4360036746777256,0.1670633059701066,0.5191738202360177,0.075534135,False,True,False,False,0,0,811
0.1117928679516987,0.0849086577698656,-0.7400729018298955,-0.83027096016812,0.0590834374513284,-0.2516305000217377,-0.3653683611635807,-0.5616440196584974,0.2658217449407502,0.8126350070785137,0.07520268,False,True,False,False,0,0,812
-0.1765327820134189,0.0803168077373128,-0.7400695254653361,-0.8357432599113155,-0.0393488595954994,0.0998376413867625,-0.3824082224065687,-0.1869184532216854,0.2438754251694983,0.8167965631352758,0.07518167,False,True,False,False,0,0,813
-1.305808244376795,-1.0508089169481984,-0.1439905104536701,-0.2409042778259174,-1.0356030175846087,0.2707643970869453,-1.234401284555969,0.8837260223120633,-0.8534405633932052,0.3354489886428782,0.07470963,False,False,True,False,0,0,814
0.3376479604243741,-0.2181534443786204,-0.4204687227010734,-0.4592490375794351,-0.1914715004860522,-0.6052352258764906,-0.2324574434682742,-0.4843196964255045,0.4370030391565327,0.5210541459390761,0.07422528,False,True,False,False,0,0,815
-0.3687498819901638,0.0389901574443374,-0.5599582021325326,-0.5856591616472614,-0.4092156727411572,0.420325308324605,-0.638006141051389,0.645805027749008,-0.0853193713993123,0.6236177814161965,0.07411401,False,True,False,False,0,0,816
-0.1020486557724297,-0.4048886790357684,-0.068748774905533,-0.1610087015752563,-0.8894459704544698,-0.4236255479450465,-1.00606714389993,0.5863247791082442,-0.5593598784584008,0.2638170434862793,0.07404261,False,True,False,False,0,0,817
0.7364928160373356,0.2701056731842124,-1.2005208202149729,-1.4065041231266522,1.6041722213985097,-0.5945523036452292,0.1969470598550236,-0.5437999450662683,0.9900502973921352,1.184494797614759,0.072999805,False,True,False,False,0,0,818
0.0084761767141982,-0.8640736822910505,-0.1304980512194176,-0.2425459677488763,-0.4092156727411572,-0.8381229305179894,-1.5922383706587175,0.3484037845451889,-1.3143132785895393,0.3373740337930364,0.072887525,False,True,False,False,0,0,819
0.5683084803964674,-0.3803988121954866,-0.9798985243520456,-1.025084831025895,-0.4092156727411572,-0.7686839360147902,0.1969470598550236,1.7164495032827567,0.9900502973921352,0.9478067435433062,0.0712532,False,True,False,False,0,0,820
0.9359236841019922,0.14613332487057,-0.3578528180138914,-0.195484189957391,0.9688364859144368,-0.7334302926516275,0.6280555493026204,-0.2642427764546783,0.5577077978984323,0.2869067513269163,0.07116688,False,True,False,False,0,0,821
0.1238064367002451,2.0747103385427543,-1.025509271865069,-1.235768371138939,0.5601933133260897,0.98652018658146,-0.5511028487121501,-0.5437999450662683,0.0266068594340816,1.0871715367199948,0.07068107,False,True,False,False,0,0,822
0.3112132154354977,-0.0314243009815749,-0.5472336126082133,-0.5112358851397966,0.2320856565033292,-0.4823816202169843,0.0095085861821555,0.9432062709528272,0.7486407799083403,0.5615733441333155,0.06963786,False,True,False,False,0,0,823
0.3518927583120695,-0.1447204441999365,-0.6301196991872022,-0.5528253631880854,-0.4092156727411572,-0.5304547702576606,0.2651065048269757,1.002686519593591,1.0251644090261416,0.5940609611116524,0.068351865,False,True,False,False,0,0,824
0.5202542054022813,-0.2059085109584795,-0.4730311642760325,-0.2792103760282887,-0.4092156727411572,-0.6800156814953205,0.3843855335278918,0.8837260223120633,0.8715401706273622,0.3601095413188457,0.06795562,False,True,False,False,0,0,825
-2.0295997708404374,-1.2053116750142163,-0.4430895633628161,-0.7169943554839638,-1.3637106744073693,2.8239828103584226,-2.3982238074520508,-1.1386024314739065,-2.352374203769854,0.7338333500212363,0.06729144,False,False,True,False,0,0,826
0.5298650604011185,-0.2502963946064901,-0.4730356379590737,-0.2852299057458043,-0.4092156727411572,-0.7120644481891046,0.3843855335278918,0.8837260223120633,0.8715401706273622,0.3655653927623946,0.06633612,False,True,False,False,0,0,827
0.2991612405648585,0.5424895065548929,-0.58238317144527,-0.6458544588224163,-0.1377811566423279,-0.1672354143947726,-0.2290494712196766,-0.3653591991439768,0.4413923031107815,0.672344821815716,0.06573721,False,True,False,False,0,0,828
0.4481676633775889,-0.0773425711583726,-0.3945332205422033,-0.5801868619040653,0.4170190630761581,-0.5838693814139677,0.0265484474251435,0.3484037845451889,0.7705870996795962,0.6242372657391712,0.06571269,False,True,False,False,0,0,829
1.440391323841901,-0.273298409379569,-0.2041437792403022,0.0091798204381369,1.3178237208986454,-0.9171765550293238,0.7933422033596041,-2.1497666583668917,0.3448284961172683,0.0970201580605223,0.06551583,True,False,False,False,0,0,830
0.2343312691868736,0.5134813274747956,-0.8266885629058115,-1.0004594821815138,-0.3764049070588811,-0.0454501009583925,-0.9958432271541372,-0.7222406909885597,-0.5461920865956464,0.9351929333497088,0.06522105,False,True,False,False,0,0,831
0.9406507431343846,0.5688417529110465,-0.8753850797215655,-0.7279389549703557,1.8640334856021357,-0.5945523036452292,0.7013269526474688,1.8056698762439023,0.4633386228820374,0.7290136051397631,0.0651278,False,True,False,False,0,0,832
0.2079014179400707,0.0971535911900064,-0.7400689768060952,-0.8187791307074082,-0.4092156727411572,-0.3274792478636938,-0.3994480836495567,-0.1869184532216854,0.2219291053982424,0.8038678316629131,0.065075144,False,True,False,False,0,0,833
0.991186100345306,1.6614438356130004,-0.5851700649571981,-0.403978810173156,-0.4092156727411572,-0.3167963256324324,1.5873997372828454,-1.0017978596001498,-0.6778700052231699,0.4678739646861036,0.06479402,False,True,False,False,0,0,834
0.3280371054255369,-0.1293776770825992,-0.3876529914566239,-0.4121872597879502,-0.436060844663019,-0.5518206147201834,-0.4710155008701064,0.4078840331859528,0.129754562358978,0.4812200214801909,0.06380977,False,True,False,False,0,0,835
0.2992045404290251,0.590012161350676,-0.58238317144527,-0.6442127688994581,-0.4092156727411572,-0.1458695699322497,-0.2290494712196766,-0.3653591991439768,0.4413923031107815,0.6710097874004083,0.06312048,False,True,False,False,0,0,836
0.0325033142112911,-0.3895825122605923,-0.6049776342588918,-0.7230138852014792,-0.4658888134650883,-0.5197718480263992,-0.9447236434251732,1.359568011438174,-0.4803531272818867,0.7335537642262968,0.06291682,False,True,False,False,0,0,837
0.0373087417107099,-0.3451946286125817,-0.0332790945036835,-0.4269624690945791,-0.340611344496398,-0.4791767435476059,-0.1012505118972665,-0.1869184532216854,0.6059897013951888,0.5051639163780222,0.06266051,False,True,False,False,0,0,838
-0.0828269457747557,-0.3360109285474761,-0.6590168470466865,-0.7142582056123657,-0.4092156727411572,-0.3723475212349918,-0.5153191401018752,2.013850746486576,0.0726941309537158,0.7249248460133951,0.062659316,False,True,False,False,0,0,839
-0.0563970945279532,0.4216443268237393,-1.0428960848481164,-1.24780743057397,0.4229846568365719,0.2814473193182067,-0.799884822859775,0.7647655250305355,-0.2938094092262275,1.0942220462176755,0.06232606,False,False,True,False,0,0,840
0.0325026711440016,-0.0957530390556802,-0.4842031325576877,-0.5719784122892715,-0.5285275479494338,-0.2964987733930357,-0.6891257247803529,-0.4248394477847406,-0.151158330713076,0.6146126158528818,0.06210742,False,True,False,False,0,0,841
-1.8624535987447848,-1.1581164969640871,-0.224613917882231,-0.1336472028592764,-0.3124239139784427,2.4180317655704893,0.4661768674942342,0.1104827899821336,0.7661978357253434,0.233271035620879,0.062061798,False,True,False,False,0,0,842
0.712471305379026,2.396139840821452,-0.4366098977276585,-0.0958883346312251,2.326009066408582,0.1532522525430696,1.3181699296436349,-1.1386024314739065,-0.3311181528373561,0.1909262219983722,0.062027007,True,False,False,False,0,0,843
-0.0828207294576227,-0.3329858621094977,-0.6590168470466865,-0.7098803658178091,-0.4092156727411572,-0.3702109367887395,-0.5153191401018752,2.013850746486576,0.0726941309537158,0.721445350970845,0.062023792,False,True,False,False,0,0,844
0.3518927583120695,0.5593064006111225,-1.0498273392431008,-1.0590130894337102,2.0754541284712023,-0.2099671033198183,0.9807806770324722,1.656969254641993,0.1034189786334733,0.9692770438184556,0.060997915,False,True,False,False,0,0,845
1.4645138282180417,0.8961247565801067,-1.0869111962339884,-1.1487588052221236,1.9710562376639595,-0.715269324858483,1.0319002607614365,1.145439116331424,0.0375800193197095,1.0288960322364975,0.060862802,False,True,False,False,0,0,846
0.8205934241159454,0.4583791270841617,-1.4301024598137213,-1.8355324229932133,2.2365251600023752,-0.5721181669595802,-0.3312886386776047,-0.4248394477847406,0.309714384483258,1.3817219148804711,0.060669854,False,True,False,False,0,0,847
0.5250922149777063,0.5885866743401823,-0.7203101959722857,-0.7739062728132015,-0.4092156727411572,-0.2954304811699095,0.3741616167820989,-0.7222406909885597,0.8847079624901165,0.7698863584219485,0.059685793,False,True,False,False,0,0,848
1.5173804115316456,0.9726663307300776,-1.083881858644413,-1.0606547793566687,2.6123575669084462,-0.7184742015278616,1.6351113487632118,1.4309443098070906,-0.7393197005826808,0.9693497817324522,0.059219327,False,True,False,False,0,0,849
-0.5777681866865284,-0.848785815686955,-0.1304980512194176,-0.2436404276975155,-1.0564825957460569,-0.8071424560473314,-1.5666785787942357,0.3127156353607305,-1.2813937989326594,0.3383764100863254,0.059007525,False,False,True,False,0,0,850
1.589461824022925,0.6359306616762042,-1.126175298434585,-1.213879172166155,-0.4092156727411572,-0.7953912415929436,1.1307314559707666,-0.1869184532216854,-0.0897086353535651,1.070096252158124,0.058533885,False,True,False,False,0,0,851
0.8566341303615851,-0.0712142433369302,-0.3496528102265794,-0.1812562106250813,0.7033675635760218,-0.7547961371141503,0.210578948849414,-0.1869184532216854,1.0076073532091383,0.2739453135270072,0.057491805,False,True,False,False,0,0,852
0.1838742804429778,0.7782780126853415,-0.8882294668809096,-0.9112609963674196,-0.4092156727411572,0.0891547191555011,0.0606281699111195,0.8242457736712995,0.8144797392221,0.8687052849865352,0.057382505,False,True,False,False,0,0,853
0.2823855441810594,-0.2258065277662083,-0.1847917659267925,-0.1664810013184524,-0.3734221101786741,-0.5678449980670756,-0.1097704425187605,0.2889235359044252,0.5950165415095608,0.2653122154875544,0.0569546,False,True,False,False,0,0,854
0.4721999304080955,0.5440936610251479,-1.0498273392431008,-1.0622964692796275,2.0873853159920297,-0.2847475589386481,0.9807806770324722,1.656969254641993,0.1034189786334733,0.971546532541999,0.05670611,False,True,False,False,0,0,855
0.4217429416642,0.5440936610251479,-1.0498284745456836,-1.0639381592025865,2.0098325971066497,-0.2847475589386481,0.9807806770324722,1.656969254641993,0.1034189786334733,0.9726799493912252,0.05670611,False,True,False,False,0,0,856
-0.1068540832718486,0.0053165905389501,-0.6008859446629633,-0.6983885363570976,-0.2958693912932943,-0.0710891143134199,-0.8578203510859342,1.1216470168751187,-0.3684268964484887,0.7140999589929962,0.056550067,False,True,False,False,0,0,857
-0.1068540832718486,0.0037859738614324,-0.6008859446629633,-0.6972940764084584,-0.4092156727411572,-0.0710891143134199,-0.8578203510859342,1.1216470168751187,-0.3684268964484887,0.7132257697818329,0.056550067,False,True,False,False,0,0,858
0.712471305379026,1.4471575007605355,-0.4987459788063854,-0.3016468049753921,1.2671161739351284,-0.1138208032384656,0.8478697593371657,0.8837260223120633,0.2746002728492518,0.3795983102448353,0.055270027,True,False,False,False,0,0,859
0.2007719452560374,0.7001358487458088,-1.0221640669300451,-1.1230389964291023,0.5930040790083658,0.0293303546604374,-0.2716491243271466,1.359568011438174,0.3865265036826497,1.0137678308555609,0.0545558,False,True,False,False,0,0,860
1.529393980280192,1.8298116701399372,-0.5604625465886004,-0.2168261589558547,-0.4092156727411572,-0.5625035369514448,2.156531102798645,-0.7222406909885597,-1.4108770855830566,0.3003211640208998,0.05395062,False,True,False,False,0,0,861
0.2031298586512378,0.504222885658329,-0.8266897361924959,-1.023990371077256,-0.3465769382568118,-0.0892500821065643,-1.0128830883971252,-0.7222406909885597,-0.5681384063669024,0.9518175494069664,0.05392569,False,True,False,False,0,0,862
0.2030959904406523,0.4721546771818202,-0.8266888076922421,-1.0234431411029363,-0.4092156727411572,-0.1106159265690872,-1.0128830883971252,-0.7222406909885597,-0.5681384063669024,0.951432927218235,0.05392569,False,True,False,False,0,0,863
0.7437065841252474,0.4675628271492674,-1.3330879504129731,-1.7047444591308307,2.036677769028512,-0.5411376924889221,-1.0810425333690772,0.645805027749008,-0.655923685451918,1.3317793378696807,0.053153377,False,False,True,False,0,0,864
0.277580116681641,-0.2564188613165606,-0.3978380905821085,-0.285777135720124,-0.4092156727411572,-0.5945523036452292,0.0214364890522471,1.4785285087197015,0.7640032037482171,0.3684069760797487,0.052928735,False,True,False,False,0,0,865
0.6477037115281324,-0.222789937196941,-0.3978281303066581,-0.2206567687760919,0.5452793289250554,-0.7419766304366366,0.0214364890522471,1.4785285087197015,0.7640032037482171,0.3089257862743135,0.052317813,False,True,False,False,0,0,866
0.0613314163208128,2.6059397442584573,-0.94356711130551,-1.2653187897521967,-1.1256834833668576,1.638178442688406,-2.757764879679097,1.371464061166327,-2.8154415509433126,1.1082742267835537,0.052284937,False,True,False,False,0,0,867
0.3832945036004343,-0.4201989884880937,-0.9005348300997046,-0.9413586449549972,0.6765223916541594,-0.72167907819724,-0.0211631640552228,2.156603343224409,0.7091374043200812,0.8903787793148075,0.051980823,False,True,False,False,0,0,868
0.4097293729156532,0.590012161350676,-0.7203101959722857,-0.7728118128645625,0.5393137351646415,-0.2494939155754855,0.3673456722849038,-0.1869184532216854,0.893486490398618,0.7690353239905043,0.051381208,False,True,False,False,0,0,869
0.277580116681641,-0.2778474948018071,-0.3978369932636266,-0.2912494354633198,0.3991222817949164,-0.5924157191989768,0.0214364890522471,1.4785285087197015,0.7640032037482171,0.3733586056733426,0.050745193,False,True,False,False,0,0,870
0.0469151574016909,-0.0819343981712365,-0.6465815782014668,-0.6557045983601696,0.5810728914875384,-0.2954304811699095,-0.0092352611851312,1.9186823486613536,0.724499828159958,0.6783367728596172,0.050671257,False,True,False,False,0,0,871
0.109390154201989,-0.0819285600795534,-0.4841998406022422,-0.5604865828285599,-0.5076479697879851,-0.3039768189549187,-0.6959416692775482,-0.1869184532216854,-0.1599368586215776,0.6050247526752334,0.050169546,False,True,False,False,0,0,872
0.3929053414508106,0.008371533162018,-0.5016350917553513,-0.4515878179389609,0.3394663441907783,-0.5165669713570209,0.2327307684652985,0.5922728039723206,1.0361375689117696,0.5119090652745121,0.05006853,False,True,False,False,0,0,873
-1.7123532413043696,-1.100808066474645,-1.3903062298971878,-1.7819038855098934,1.20746023633099,2.0868611764013854,-0.9651714769167588,0.2770274861762724,-0.5066887110073914,1.3623786393915132,0.04999837,False,False,True,False,0,0,874
1.52870589828032,1.860304089411366,-0.5604625465886004,-0.2190150788531337,2.6034091762678253,-0.5518206147201834,2.156531102798645,-0.7222406909885597,-1.4108770855830566,0.3023391570210512,0.049928673,True,False,False,False,0,0,875
-0.1140622245209766,1.8114442700097264,-1.419705553742602,-1.896822180117008,0.3266403176058889,1.477934609219485,-1.933035595518478,-0.6032801937070321,-1.7532396740146174,1.4034462951884903,0.049107414,False,True,False,False,0,0,876
-0.0804242320250465,-0.3038679783196064,-0.4801863560504222,-0.5320306241639411,-0.4092156727411572,-0.306113403401171,-0.757285169752305,0.2889235359044252,-0.2389436097980917,0.5812584554392798,0.048776098,False,True,False,False,0,0,877
0.2655665479330946,1.1486872486446025,-1.0757592540146266,-1.2346739111902996,1.2372882051330587,0.2921302415494681,0.1117477536400836,-0.0084777072993939,0.8803186985358638,1.0849110511959104,0.04847585,False,True,False,False,0,0,878
0.6572088891357123,2.3670581239486173,-1.1141901496306088,-1.2549214202401249,1.2402710020132657,0.2280327081618996,0.5530801598334731,-2.090286409726128,0.6542716048919455,1.0964606364438712,0.04832721,False,True,False,False,0,0,879
0.452978220410421,-0.1400919938252224,-0.3469611301952275,-0.1746894509332465,-0.4092156727411572,-0.6191230247771303,1.2585304152931769,-1.4954839233184891,-0.2543060336379684,0.267912804011617,0.048298508,False,True,False,False,0,0,880
0.8037686852770843,-0.3987704623959565,-0.2215010785766446,-0.1478751821915862,0.891283767029057,-0.8456009760798723,0.3673456722849038,-1.1564465060661355,0.893486490398618,0.2467454500152113,0.048252482,False,True,False,False,0,0,881
1.1521679215758305,0.7124614955520846,-0.6088290111073011,-0.3038357248726705,2.179852019278444,-0.6458303303552839,1.9673886430014784,0.2829755110403488,-1.167272936122135,0.3781369505775709,0.048246168,True,False,False,False,0,0,882
0.7893581453697245,2.181853505968987,-1.1862382241465177,-1.352875585643332,1.541533486914164,0.0143742635366714,0.639983452172712,-0.1869184532216854,0.5423453740585515,1.1538154433383767,0.048005406,False,True,False,False,0,0,883
0.0877657304546054,0.1767456584209222,-0.7080413312543786,-0.8045511513750987,0.0829458124929839,-0.1672354143947726,-0.6703818774130661,0.8837260223120633,-0.1270173789646977,0.7939594615978104,0.047688965,False,False,True,False,0,0,884
-1.7680857397363812,-1.1538785626085657,-0.0434250700048356,-0.2808520659512478,-2.0432812876249105,1.381788309138132,-2.188633514163298,1.2406075141566462,-2.0824344705834283,0.3750013159667633,0.047674526,False,False,True,False,0,0,885
0.4697972166583858,0.1614394916457459,-0.5759601443255973,-0.5178026448316319,0.3573631254720196,-0.4984060035638764,0.1117477536400836,1.7759297519235206,0.8803186985358638,0.5662451165074682,0.0474853,False,True,False,False,0,0,886
0.7869554316200148,0.4369504935989152,-0.2656738450851644,-0.064696226095008,-0.4092156727411572,-0.5667767058439495,1.2210427205586032,-1.4776398487262603,-0.2060241301412118,0.1664923451742844,0.047398545,False,True,False,False,0,0,887
1.551018404027576,0.1338883914504291,-0.5012840764548393,-0.3574642623559907,1.5087227212318886,-0.8744448661042782,0.973964732535277,-1.2337708292991283,0.1121975065419748,0.4294627543764476,0.04734721,True,False,False,False,0,0,888
0.2655073857424515,-0.343701093860675,-0.1959648737314866,-0.0641489961206884,0.2082232814616743,-0.5849376736370938,0.2190988794709081,-0.5794880942507267,1.0185805130947625,0.1681429033034676,0.046659578,False,True,False,False,0,0,889
-0.0684149032334958,1.762449453906058,-0.861664635690892,-1.1914427432190515,-1.2751216070652238,1.2963249312880407,-2.88215586675291,1.4309443098070906,-5.69291759180859,1.063893985001011,0.04657239,False,True,False,False,0,0,890
0.4530686785424914,-0.1983014187903178,-0.3469644643552301,-0.1752366809075661,0.9539225015134024,-0.6479669148015362,1.2585304152931769,-1.4954839233184891,-0.2543060336379684,0.2684227974180664,0.046462215,True,False,False,False,0,0,891
0.7869554316200148,-0.3436640119350642,-0.2763711387143179,-0.0657906860436472,1.0284924235185753,-0.8199619627248449,0.9858926354053686,-0.8709413125904694,0.0968350827020941,0.1672068638712407,0.046422437,False,True,False,False,0,0,892
1.3515864770454489,0.2456159290513935,-0.934851469343134,-0.9769285932857708,1.7175185028463718,-0.8114156249398359,1.1000597057333883,-1.1683425557942884,-0.050205259765306,0.9150216421448552,0.045984343,False,True,False,False,0,0,893
0.6355844653883286,0.1292965414178763,-0.5063283651066599,-0.3870146809692488,0.6049352665291934,-0.5614352447283187,0.1799071986120356,0.5268445304674804,0.9681039776208794,0.4554331991830145,0.04582435,False,True,False,False,0,0,894
0.2992045404290251,0.2486846422642495,-0.4747760948030912,-0.4762131667833424,-0.2242822661683283,-0.3253426634174415,-0.1506661095019317,-0.1869184532216854,0.5423453740585515,0.5339490389493957,0.045812923,False,True,False,False,0,0,895
-0.1284826440854626,1.982857150764319,-1.157872904350615,-1.5433116167065506,-0.7701340952461933,1.659544287150929,-2.899195727995898,1.062166768234355,-5.714863911579844,1.2600764555683654,0.045774072,False,False,True,False,0,0,896
-1.778803527896384,-1.1215161548027626,-1.2587994891936405,-1.497344298863705,1.619086205799544,2.4180317655704893,-0.0007153305636372,0.2889235359044252,0.7354729880455859,1.2328337693410312,0.04557019,False,True,False,False,0,0,897
0.0565304517083844,-0.4201948458109445,-0.0687486904964188,-0.1746894509332465,-0.8447040172513661,-0.5090889257951379,-1.00606714389993,0.5863247791082442,-0.5593598784584008,0.2765925086390965,0.045421317,False,True,False,False,0,0,898
0.6644115278723984,-0.29468905002411,-0.6193640704193729,-0.4762131667833424,1.0553375954404371,-0.776161981576673,0.605903729686736,-1.7334049178815445,0.5862380136010593,0.5294381661703309,0.045387823,False,True,False,False,0,0,899
0.8205934241159454,2.212465839519339,-1.193901119859712,-1.4174487226130437,2.5318220511428597,-0.0176745031571128,0.8359418564670741,-1.90589763893976,0.2899626966891285,1.1909177791727303,0.045070626,False,True,False,False,0,0,900
0.2823855441810594,1.2588916494258695,-1.0757592540146266,-1.2264654615755055,1.2372882051330587,0.3348619304745138,0.1117477536400836,-0.0084777072993939,0.8803186985358638,1.0797018991084597,0.04487176,False,True,False,False,0,0,901
0.4955111196561002,0.5134114978746195,-0.8265095227341352,-1.0070262418733484,-0.4092156727411572,-0.3167963256324324,-0.9958432271541372,-0.7222406909885597,-0.5461920865956464,0.9398553516125264,0.044811934,False,True,False,False,0,0,902
0.5466840566490838,2.2675680399099725,-1.1141904281806847,-1.273527239366991,-0.4092156727411572,0.328452177135757,0.4525449784998439,-2.090286409726128,0.7837548915423466,1.108048078231298,0.04455918,False,True,False,False,0,0,903
0.7364984428761194,1.8298116701399372,-1.1109978644669385,-1.2204459318579903,2.45426933225748,0.0571059524617171,1.3198739157679338,-1.1386024314739065,-0.3333127848144825,1.074767603660787,0.044456918,False,True,False,False,0,0,904
0.4097688143760822,-0.1487175868307128,-0.7081734315177671,-0.7498281539431397,0.8525074075863671,-0.5945523036452292,0.0521082392896255,1.2406075141566462,0.8035065793364761,0.7514638960433659,0.044447176,False,True,False,False,0,0,905
0.3808968079191415,-0.3406027785800289,-0.4783008674667534,-0.4986495957304458,-0.4092156727411572,-0.6768108048259419,-0.1898577903608042,-0.2463987018624492,0.4918688385846685,0.5530206053354269,0.04443867,False,True,False,False,0,0,906
-0.2606277632532449,-0.363562028742793,-0.8238684881711753,-0.9627006139534616,-0.0641060737012169,-0.6266010703390134,-0.8475964343401414,1.6986054286905277,-0.3552591045857384,0.9082451091568188,0.044126607,False,True,False,False,0,0,907
-0.255822335753826,-0.3528477120001698,-0.5392079096412831,-0.6173985001577975,-0.3823705008192948,-0.2046256422041876,-0.765805100373799,1.062166768234355,-0.2499167696837196,0.6504479392660207,0.04411895,False,True,False,False,0,0,908
-0.753187142943952,-0.8487695101382055,-0.1016247320528117,-0.3667671719194241,-1.8707861440425444,-0.2633817144761253,-3.006546853826723,1.8354100005642848,-5.853125726138745,0.45018030526197,0.044008177,False,False,False,True,0,0,909
-0.3759580232392918,-0.7339712647020539,-0.0643513554987461,-0.2518488773123091,-1.3875730494490244,-0.4642206524238399,-2.0284588184792107,0.2889235359044252,-1.8761390647336396,0.3479486725904296,0.043916896,False,False,True,False,0,0,910
1.4813397052860058,0.2593989590068727,-0.8583165988300943,-0.8373849498342746,2.1410756598357543,-0.8370546382948632,0.4866247009858199,-1.257562928755434,0.7398622519998387,0.8143542156776122,0.04390784,False,True,False,False,0,0,911
0.601946472892398,1.5879742350921555,-1.202827793047965,-1.4130708828184873,1.4043248304246456,-0.0710891143134199,-0.0245711363038204,0.9432062709528272,0.7047481403658324,1.188158289278144,0.04386188,False,True,False,False,0,0,912
0.6644170303848403,-0.0038671095261553,-0.645748249223637,-0.9358863452118016,-1.5725064560218531,-0.6693327592640591,-2.9281634921089776,-0.5437999450662683,-5.752172655190975,0.8943375324732211,0.04380671,False,False,False,True,0,0,913
0.3040099679284435,0.1920518251960981,-0.4747750565709891,-0.5309361642153019,-0.2183166724079145,-0.3274792478636938,-0.1523700956262305,-0.1869184532216854,0.5401507420814251,0.5805041275710026,0.04349747,False,True,False,False,0,0,914
0.2655073857424515,0.4215735340566641,-1.163710005605552,-1.437696231662869,-0.4092156727411572,-0.1373232321472406,-1.3178966046466103,-0.1869184532216854,-0.9609775302723464,1.203236646631608,0.04344438,False,True,False,False,0,0,915
0.7557390161809556,1.9521276057258368,-1.2511363233712811,-1.4502825210722197,2.2037143943200985,-0.0390403476196356,0.4610649091213378,0.3484037845451889,0.7727817316567186,1.207499642577983,0.043428183,False,True,False,False,0,0,916
0.3760913804197226,0.5961346280607465,-0.8409970810131719,-0.8510656991922643,-0.4092156727411572,-0.2206500255510797,0.3332659497989277,0.2889235359044252,0.937379129941122,0.8252535107717031,0.042578857,False,True,False,False,0,0,917
0.0877657304546054,0.7736861626527887,-1.158458619192566,-1.466699420301807,-0.4092156727411572,0.2707643970869453,-1.5070390644437774,0.0510025413413698,-1.2045816797332678,1.2194139332786285,0.04238512,False,True,False,False,0,0,918
0.4721999304080955,1.8145055033647608,-1.1109983287170655,-1.1985567328852065,-0.4092156727411572,0.2280327081618996,1.3198739157679338,-1.1386024314739065,-0.3333127848144825,1.0607170438982436,0.042309124,False,True,False,False,0,0,919
0.9887833865955972,1.5068515511837222,-0.832531944198829,-0.6376460092076228,2.6153403637886528,-0.3573914301112258,1.2193387344343043,1.002686519593591,-0.2038294981640854,0.6578581667904413,0.042183094,False,True,False,False,0,0,920
0.640389892887747,-0.1737655607306097,-0.4286999196560034,-0.3596531822532689,-0.4092156727411572,-0.714201032635357,0.605903729686736,-1.4360036746777256,0.5862380136010593,0.4336701069074311,0.04200962,False,True,False,False,0,0,921
0.200693276690943,0.6940940954218733,-1.0221640669300451,-1.1219445364804632,-0.4092156727411572,0.0250571857679328,-0.3142487774346167,1.359568011438174,0.331660704254514,1.013033272285007,0.04153393,False,True,False,False,0,0,922
0.4241456554139088,0.5777672279305351,-0.6870002071608894,-0.6803299472045511,0.3335007504303646,-0.2740646367073867,0.0418843225438327,1.1811272655158822,0.7903387874737217,0.6969469756689761,0.04132464,False,True,False,False,0,0,923
-0.1164745842800298,-0.5013474360515912,-0.1919746860951269,-0.3394056732034442,-0.4092156727411572,-0.4834499124401105,-1.115122255855053,-0.1869184532216854,-0.6998163249944258,0.4230386032422287,0.041177873,False,True,False,False,0,0,924
0.6307790378889098,-0.1982554275708915,-0.3469617632635825,-0.1752366809075661,-0.4092156727411572,-0.7227473704203661,1.2585304152931769,-1.4954839233184891,-0.2543060336379684,0.2684228816870436,0.041039936,False,True,False,False,0,0,925
-0.0059401057840578,-0.0528468432067189,-0.068748774905533,-0.1538947119091019,-0.4092156727411572,-0.2206500255510797,-1.0128830883971252,0.5863247791082442,-0.5681384063669024,0.2571563340196877,0.04073835,False,True,False,False,0,0,926
-0.0419808120296971,1.8910363372406416,-1.419705388300739,-1.8836886607333376,-0.4092156727411572,1.3176907757505634,-2.103434207948358,-0.8412011882700874,-1.9727028717271569,1.39906278100709,0.04062424,False,True,False,False,0,0,927
0.9118906175244892,0.8440840503701044,-0.8427442146181058,-0.7760951927104799,1.3178237208986454,-0.5016108802332548,0.9296610933035082,1.4606844341274725,0.169257937947233,0.7677676955127196,0.04043414,False,True,False,False,0,0,928
0.5212338112401058,-0.542652848514444,-1.024541829466482,-1.231390531344382,-0.0065380939132238,-0.8082107482704574,-1.0810425333690772,-0.3653591991439768,-0.655923685451918,1.0844280912864668,0.04033353,False,False,True,False,0,0,929
0.5202542054022813,-0.5441747966898706,-1.0245402678978732,-1.2352211411646192,-0.4092156727411572,-0.8220985471710972,-1.0810425333690772,-0.3653591991439768,-0.655923685451918,1.0868554297343285,0.04033353,False,True,False,False,0,0,930
-0.1477002170169072,0.2869500592021898,-0.4436736744316011,-0.5035746654993223,-0.4390436415432259,0.2440570915087916,-0.9106439209391972,2.4302124869719224,-0.4364604877393789,0.5582940584978646,0.04028406,False,False,True,False,0,0,931
0.6812360266328051,1.7838931698144092,-1.4094205471457122,-1.7561840767168726,2.215645581840926,-0.0283574253883742,-0.0586508587897965,1.1216470168751187,0.6608555008233247,1.3513374825854414,0.03973074,False,True,False,False,0,0,932
0.8783505127313819,-0.323806881562197,-0.2763562405056994,-0.0767352855300388,1.3327377052996807,-0.8391912227411155,0.9858926354053686,-0.8709413125904694,0.0968350827020941,0.1776746678466428,0.039693985,False,True,False,False,0,0,933
0.5923356178935608,0.0696024909946896,-0.410516086275507,-0.202598179623546,0.8047826575030566,-0.5197718480263992,-0.0075312750608324,1.4785285087197015,0.7266944601370844,0.2918543220470028,0.039511394,False,True,False,False,0,0,934
0.3521071140752698,0.1613788121311102,-0.4747763227076989,-0.5199915647289101,-0.4092156727411572,-0.4076011645981544,-0.3142487774346167,-0.1869184532216854,0.331660704254514,0.5712553598656741,0.039373,False,True,False,False,0,0,935
0.1117883171788459,0.5287785951657251,-0.9933379746627146,-1.2915858285195372,-0.3913188914599154,0.0571059524617171,-1.527486897935363,-0.0679579559401577,-1.2309172634587724,1.1229471009584475,0.03914511,False,False,True,False,0,0,936
0.8710504128598408,-0.3436640119350642,-0.2763735021695094,-0.1259859832188025,1.0821827673622997,-0.8295765927329802,0.9858926354053686,-0.8709413125904694,0.0968350827020941,0.2244334052273549,0.038683888,False,True,False,False,0,0,937
0.1887680225168349,-0.7998087788737087,-0.0711416466733731,-0.16976438116437,-0.9162911423763322,-0.850942437195503,-1.0980823946120652,0.8242457736712995,-0.6778700052231699,0.2719237853805629,0.038660903,False,False,True,False,0,0,938
0.1846952630160339,0.773611035634668,-0.8882294668809096,-0.912355456316059,0.7093331573364355,0.1746180970055925,0.0095085861821555,0.8242457736712995,0.7486407799083403,0.869512145023193,0.038294464,False,True,False,False,0,0,939
0.9863806728458882,0.6236857282560633,-0.9944839549987492,-0.9692673736452966,2.1470412535961683,-0.600962056983986,1.1341394282193644,0.7052852763897718,-0.0940978993078138,0.9076556343229046,0.03821603,False,True,False,False,0,0,940
0.7292903016269918,1.699709252550941,-1.202827890118446,-1.4054096631780129,1.5003708899673087,-0.0977964198915734,-0.1268103037617485,1.002686519593591,0.573070221738309,1.183798618159455,0.03819109,False,True,False,False,0,0,941
-1.645463724748655,-1.1167003203078514,-0.3635297529750392,-0.437907068580971,-1.0206890331835743,1.1147152533565967,-0.9702834352896552,0.5387405801956331,-0.5132726069387665,0.5043717637863049,0.038051933,False,True,False,False,0,0,942
0.2078456854416389,0.1139332106872455,-0.7400729440344527,-0.819326360681728,-0.4092156727411572,-0.2516305000217377,-0.3824082224065687,-0.1869184532216854,0.2438754251694983,0.8042860644024,0.03799585,False,True,False,False,0,0,943
0.7437350934417531,0.8807633531464408,-1.251543639550822,-1.4158070326900851,2.669030707632378,-0.3915767812512622,0.708142897144664,-0.1869184532216854,0.4545600949735359,1.1881899432661869,0.03776968,False,True,False,False,0,0,944
0.4986297816548976,0.6711348452591092,-0.7203185946791273,-0.7306751048419537,0.4468470318782269,-0.230264655559215,0.2736264354484697,-0.1869184532216854,1.0141912491405136,0.7360129294960086,0.037473593,False,True,False,False,0,0,945
-0.1669219270145817,-0.3390721619025114,-0.6590148296688622,-0.741072474354026,0.032238265529466,-0.2910932147440175,-0.5016872511074848,2.132811243768104,0.0902511867707189,0.7461202403829326,0.03699228,False,True,False,False,0,0,946
0.3953130904173971,0.0267452240241965,-0.4468344581139318,-0.4488516680673629,0.214188875222088,-0.5069523413488856,-0.0075312750608324,-0.1274382045809215,0.7266944601370844,0.5112533760249639,0.036326494,False,True,False,False,0,0,947
0.378489084675246,0.0236776232209506,-0.7270980814871641,-0.7963427017603047,0.238051250263743,-0.5016108802332548,-0.0126432334337288,-0.1274382045809215,0.7201105642057092,0.7870456252433298,0.036326494,False,True,False,False,0,0,948
-0.1092609662411523,-0.8227491570332044,-0.0711394435954983,-0.203145409597865,-1.0021956925262911,-0.7601375982297811,-1.1457940060924316,0.443572182370411,-0.7393197005826808,0.3029487015126306,0.03604096,False,True,False,False,0,0,949
0.1525418985360273,0.1521950157493145,-0.8546768440713598,-1.002648402078792,-0.0512800471163275,-0.1886012588572954,-0.740245308509317,-0.1869184532216854,-0.2169972900268357,0.935873520775914,0.03549765,False,True,False,False,0,0,950
1.3059416015572265,1.00327866428043,-0.6097755749115434,-0.4154706396338676,1.8636755499765107,-0.6063035180996167,1.8157338779388847,-0.1274382045809215,-0.9719506901579744,0.4771590099434429,0.035157897,True,False,False,False,0,0,951
0.6163627553906541,0.5241956442174188,-1.430102383845519,-1.817473833840667,-0.4092156727411572,-0.4375133468456864,-0.2290494712196766,-0.4248394477847406,0.4413923031107815,1.3749758813889106,0.034920342,False,True,False,False,0,0,952
0.2275664156560431,-0.153533421325624,2.7108949648361667,2.642997686838343,-1.2622955804803344,-0.487723081332615,0.2906662966914577,-1.317043177396198,0.9922449293692616,-3.051635307315657,0.034794006,False,True,False,False,1,0,953
-0.2630304770029541,-0.0834591767570709,-0.15932004964472,-0.4669102572199097,-1.4889881433760594,0.0763352124779876,-2.120474069191346,-1.2991991028039689,-1.9946491914984128,0.5357993041690395,0.03472891,False,True,False,False,0,0,954
-0.1477002170169072,-0.3972355956481804,-0.6590148296688622,-0.7241083451501185,0.032238265529466,-0.3095639872818683,-0.5016872511074848,2.132811243768104,0.0902511867707189,0.7327342780638171,0.034482613,False,True,False,False,0,0,955
-0.753187142943952,-0.8747898632432067,-0.1016218621429362,-0.4247735491973009,-1.8081474095581995,-0.3242743711943154,-3.0150667844482166,2.7216657053116653,-5.864098886024373,0.501125891790699,0.03423898,False,True,False,False,0,0,956
0.1886797079423962,-0.8120327152554517,-0.0711416466733731,-0.1675754612670916,-0.4092156727411572,-0.8594887749805121,-1.0980823946120652,0.8242457736712995,-0.6778700052231699,0.269880135271646,0.034150515,False,True,False,False,0,0,957
0.8326069928644922,0.6359306616762042,-0.7080033471530848,-0.7334112547135517,0.8435590169457464,-0.3702109367887395,0.0265484474251435,0.2889235359044252,0.7705870996795962,0.7385565903420831,0.033729807,False,True,False,False,0,0,958
0.4097293729156532,0.6083795614808873,-0.7203172129019314,-0.7733590428388821,-0.4092156727411572,-0.2420158700136025,0.3673456722849038,-1.4360036746777256,0.893486490398618,0.7694606648089328,0.033720944,False,True,False,False,0,0,959
-0.0347726707805695,0.3925626099509047,-0.5953281109616502,-0.6321737094644267,-0.1228671722412935,0.1543205447661959,-0.491463334361692,1.4190482600789378,0.1034189786334733,0.6607933488238679,0.03369003,False,True,False,False,0,0,960
-0.0347726707805695,0.3895013765958694,-0.5953281109616502,-0.6321737094644267,-0.4092156727411572,0.1532522525430696,-0.491463334361692,1.4190482600789378,0.1034189786334733,0.6607933488238679,0.03369003,False,True,False,False,0,0,961
0.464991789158967,0.5854203113181232,-0.7203172989992277,-0.7115220557407678,0.455795422518848,-0.2633817144761253,0.3673456722849038,-1.4360036746777256,0.893486490398618,0.7208383267687015,0.033618376,False,True,False,False,0,0,962
0.7292903016269918,0.6466449784188274,-1.1982339662942991,-1.4573965107383744,1.0255096266383683,-0.4147053078819432,-0.2290494712196766,-0.7222406909885597,0.4413923031107815,1.213073319312489,0.033505857,False,True,False,False,0,0,963
-0.3711525957398729,-0.3344803118699585,-0.5392218371450908,-0.595509301185014,-0.5673039073921231,-0.0283574253883742,-0.765805100373799,1.062166768234355,-0.2499167696837196,0.6324192467441857,0.03344336,False,True,False,False,0,0,964
0.4097293729156532,-0.5074399964294481,-0.3445324731835129,-0.4121872597879502,-0.4092156727411572,-0.7697522282379162,-0.3142487774346167,-1.7334049178815445,0.331660704254514,0.4825653005137222,0.033179015,False,True,False,False,0,0,965
-0.2483033786480582,-0.4049199819599853,-0.4546873756245321,-0.8592741488070581,-1.542678487219784,-0.3381621700949552,-2.5294307390230584,-0.1869184532216854,-2.5213608660085103,0.843494773441798,0.032797046,False,False,True,False,0,0,966
-0.008342819533767,-0.2610107113491133,-0.5648756407678545,-0.6573462882831281,0.0620662343315353,-0.3776889823506225,-0.0586508587897965,-2.0308061610853634,0.6608555008233247,0.6822157463660147,0.032448396,False,True,False,False,0,0,967
-0.008342819533767,-0.262541328026631,-0.5648756407678545,-0.6557045983601696,-0.4092156727411572,-0.3808938590200009,-0.0586508587897965,-2.0308061610853634,0.6608555008233247,0.6808858443677169,0.032448396,False,True,False,False,0,0,968
0.7076603003426492,0.21806496697421,0.084721048439019,0.4486054898167708,-0.4092156727411572,-0.1768500444029078,-1.125346172600846,0.6755451520693898,-0.7129841168571761,-0.3434917358345413,0.03201799,False,True,False,False,1,0,969
0.8234754373521701,0.1402324828639553,-0.8583168014119678,-0.9030525467526256,1.905434706299408,-0.6746742203796897,0.622943590929724,-1.257562928755434,0.5642916938298075,0.8635756315132281,0.031602994,False,True,False,False,0,0,970
0.0878064580496133,1.171543439949175,-1.0757571437867768,-1.2516380403942071,1.299926939617404,0.6126179084873106,0.4184652560138678,-0.5437999450662683,0.8276475310848543,1.0956021193639442,0.031231139,False,True,False,False,0,0,971
1.2891226053092617,0.0037859738614324,-0.8450051211771399,-0.811117911066934,-0.4092156727411572,-0.8498741449723769,0.7933422033596041,-2.6256086474930016,0.3448284961172683,0.7947279577844341,0.030839818,False,True,False,False,0,0,972
0.0949738717037329,0.8349108297534931,-1.1584592311586424,-1.466699420301807,-0.4092156727411572,0.2921302415494681,-1.4388796194718254,-0.0084777072993939,-1.116796400648252,1.2194139141864386,0.030480428,False,True,False,False,0,0,973
0.1574397991116903,-0.3069339220423611,-0.3374735035786118,-0.3700505517653414,-0.2391962505693627,-0.5411376924889221,-0.3994480836495567,0.9491542958169036,0.2219291053982424,0.4457285056966,0.030449191,False,True,False,False,0,0,974
0.6164077701009257,1.9689637631200456,-1.159347320549171,-1.3802370843593117,-0.4092156727411572,0.2173497859306382,-0.0245711363038204,-0.1869184532216854,0.7047481403658324,1.1706711973362047,0.030289182,False,True,False,False,0,0,975
0.762928294122922,0.7262370456497428,-1.1982339662942991,-1.4453574513033431,1.0284924235185753,-0.4076011645981544,-0.2290494712196766,-0.7222406909885597,0.4413923031107815,1.2064221734948115,0.029431624,False,True,False,False,0,0,976
0.5467421470609113,0.0588352482309674,-0.5322340286437359,-0.3831840711490115,1.001647251596713,-0.58600596586022,0.0316604057980399,1.894890249205048,0.7771709956109714,0.4512503666296094,0.029416502,False,True,False,False,0,0,977
1.416459636822603,1.385919638465949,-0.6544425483415416,-0.3164220142820212,2.3051294882471347,-0.6052352258764906,2.088371657826693,1.4428403595352433,-1.3230918064980408,0.3880359751077124,0.0294005,False,True,False,False,0,0,978
0.6163627553906541,2.334915173720748,-1.135990981072709,-1.2943219783911353,1.1776322675289206,0.2658716187050275,0.2497706297082865,1.002686519593591,1.044916096820271,1.1201725385923058,0.029129004,False,True,False,False,0,0,979
0.6644170303848403,2.5338953417980368,-1.135990934647696,-1.2532797303171657,-0.4092156727411572,0.2707643970869453,0.2497706297082865,1.002686519593591,1.044916096820271,1.0947521905197604,0.029129004,False,True,False,False,0,0,980
0.7677337216223408,-0.161520627310469,-0.554230030839195,-0.3005523450267531,1.2700989708153354,-0.7547961371141503,1.0489401220044243,2.0257467962147286,0.0156336995484536,0.3768803602607942,0.02881304,False,True,False,False,0,0,981
0.8637743208337784,0.6465645058244175,-1.1982338101374383,-1.4546603608667763,-0.4092156727411572,-0.291157312277405,-0.2222335267224814,-0.6032801937070321,0.450170831019283,1.211566790830594,0.028516158,False,True,False,False,0,0,982
0.6812360266328051,-0.2059085109584795,-0.4730381280279364,-0.2764742261566906,1.1149935330445755,-0.7398400459903843,0.3843855335278918,0.8837260223120633,0.8715401706273622,0.3576264115756716,0.02836353,False,True,False,False,0,0,983
0.902285691606062,-0.1309082937601168,-0.6165518963778057,-0.5812813218527048,0.9121633451905056,-0.7633424748991594,0.4014253947708798,-2.6850888961337653,0.8495938508561103,0.6182196308625778,0.028341323,False,True,False,False,0,0,984
0.5466840566490838,0.1048066745775946,-0.5322431870326034,-0.3831840711490115,-0.4092156727411572,-0.5657084136208232,0.0316604057980399,1.894890249205048,0.7771709956109714,0.4512500809051097,0.028227087,False,True,False,False,0,0,985
1.096905505332516,1.5175658679263455,-0.8325291586980673,-0.6332681694130662,-0.4092156727411572,-0.4225572557219204,1.2193387344343043,1.002686519593591,-0.2038294981640854,0.6542867968821792,0.028050058,False,True,False,False,0,0,986
0.2174916947856411,2.55975589145226,-1.1987038296273038,-1.5438588466808705,-0.0751424221579824,1.2407737356854818,-1.6859576074951517,-0.4248394477847406,-1.4350180373314347,1.2590840446397986,0.027818253,False,True,False,False,0,0,987
-1.5237201696883294,-1.098400149227189,-0.0528843773637088,-0.437907068580971,-1.8409581752404751,0.6980812863374017,-2.8702279638828183,1.894890249205048,-5.677555167968712,0.5140633149876742,0.026811777,False,False,False,True,0,0,988
0.880661267858678,0.3910319932733871,-1.126171773509985,-1.302530428005929,1.541533486914164,-0.6479669148015362,0.5377442847147839,-2.3282074042891825,0.674023292686075,1.1254904851950351,0.026500547,False,True,False,False,0,0,989
0.8686418450542385,0.5195949411399975,-1.4301028396547342,-1.815832143917708,2.3737338164918924,-0.5774596280752109,-0.0313870808010156,-0.305878950503213,0.6959696124573309,1.3743530859474906,0.026488865,False,True,False,False,0,0,990
0.647598034136875,0.1889905918410631,-0.8112099487785505,-0.9129026862903784,0.7272299386176768,-0.5806645047445893,0.450840992375545,-1.1683425557942884,0.7859495235194729,0.8723183045281475,0.026068946,False,True,False,False,0,0,991
-0.0058670104688065,-0.4049247977944802,-0.0680514290103353,-0.1538947119091019,-0.4092156727411572,-0.487723081332615,-1.0128830883971252,-0.1869184532216854,-0.5681384063669024,0.2571780898994752,0.025661768,False,True,False,False,0,0,992
-0.0251618157817323,0.0497044741869606,-0.8546931181485364,-1.060107549382349,-0.1079531878402586,-0.0561330231896539,-0.825444614724257,-1.0196419341923788,-0.3267288888831073,0.9761217432050284,0.025594076,False,True,False,False,0,0,993
-0.0251618157817323,0.0497044741869606,-0.8546931181485364,-1.060107549382349,-0.1079531878402586,-0.0561330231896539,-0.825444614724257,-1.0196419341923788,-0.3267288888831073,0.9761217432050284,0.025594076,False,True,False,False,0,0,994
0.5466787577746175,0.2379628840460063,-0.2580936534218538,-0.0274845878412757,1.0613031892008515,-0.5090889257951379,1.2874981794062563,-1.150498481202059,-0.291614777249101,0.1309243793975199,0.025292713,False,True,False,False,0,0,995
0.3352452466746645,0.5991958614157815,-0.7203172736764935,-0.7678867430956859,0.44386423499802,-0.1736451677335294,0.3673456722849038,-1.4360036746777256,0.893486490398618,0.765201241784582,0.025287349,False,True,False,False,0,0,996
0.3208289641764084,0.5930733947057111,-0.7203148722372005,-0.7700756629929645,-0.4092156727411572,-0.1661671221716464,0.3673456722849038,-1.4360036746777256,0.893486490398618,0.7669061044956825,0.025287349,False,True,False,False,0,0,997
-0.3423200307433612,-0.3360109285474761,-0.5392069051728265,-0.5976982210822922,-0.4390436415432259,-0.0764305754290506,-0.757285169752305,0.8837260223120633,-0.2389436097980917,0.6342283132918131,0.025282346,False,True,False,False,0,0,998
0.082960302955187,0.6359306616762042,-1.1584592311586424,-1.4803801696597974,0.0739974218523628,0.1425693303118082,-1.4388796194718254,-0.0084777072993939,-1.116796400648252,1.2268498569197366,0.025070865,False,True,False,False,0,0,999
0.0228924592124539,0.1002148245450418,-0.8546931181485364,-1.027820980897493,-0.0930392034392242,-0.1448012777091236,-0.791364892238281,-0.305878950503213,-0.2828362493405995,0.9536338191098366,0.024671784,False,True,False,False,0,0,1000
1.4813397052860058,0.3313379428502003,-0.8583174091575885,-0.8324598800653982,-0.4092156727411572,-0.8242351316173495,0.622943590929724,-1.257562928755434,0.5642916938298075,0.8106116245635371,0.023885388,False,True,False,False,0,0,1001
1.4404935715409477,-0.3191741450947823,-0.2041437792403022,0.0097270504124565,-0.4092156727411572,-0.9396106917149728,0.7933422033596041,-2.1497666583668917,0.3448284961172683,0.0964866907020578,0.023770079,False,True,False,False,0,0,1002
0.1382227191985008,0.6512368284513801,-1.158458619192566,-1.4732661799936424,0.1127737812950527,0.1746180970055925,-1.4150238137316422,0.3484037845451889,-1.0860715529684946,1.2229926740575792,0.023389705,False,True,False,False,0,0,1003
-0.3927770194872566,-0.3298884618374057,-0.5392218371450908,-0.5889425414931787,-0.4092156727411572,0.0143742635366714,-0.765805100373799,1.062166768234355,-0.2499167696837196,0.6269857684312865,0.023248782,False,False,True,False,0,0,1004
-0.3711525957398729,-0.3145822950622296,-0.5392079096412831,-0.586206391621581,-0.4092156727411572,-0.0069915809258514,-0.765805100373799,1.062166768234355,-0.2499167696837196,0.6247188595157456,0.023248782,False,True,False,False,0,0,1005
1.5534211177772848,1.6308315020626485,-0.9054126302150988,-0.7936065518887068,2.194766003679478,-0.5817327969677154,1.28238622103336,1.0978549174188132,-0.2850308813177259,0.7793718221499939,0.023125328,True,False,False,False,0,0,1006
0.0445168829598375,-0.1385613771477048,-0.7929967790104883,-1.0803550584321742,-0.8631973579086495,-0.3413670467643336,-1.9194037065240876,-0.8947334120467747,-1.7356826181976144,0.9919796040254982,0.023016013,False,False,True,False,0,0,1007
0.1889823782800347,2.6059397442584573,-0.2512938240173464,-0.5615810427771991,-1.7246290969124058,1.2535932423629954,-2.9213475476117825,1.2406075141566462,-5.743394127282476,0.6132056268060055,0.022929871,False,True,False,False,0,0,1008
0.7461092978749566,0.6650123785490387,-1.1982339916170337,-1.451376981020859,1.0613031892008515,-0.4642206524238399,-0.1608900262477245,-0.7222406909885597,0.5291775821958011,1.2097549866253168,0.02214692,False,True,False,False,0,0,1009
0.2558613763984493,0.2945366359154031,-0.4436772196143885,-0.5013857456020439,-0.4092156727411572,-0.2088988110966921,-0.8424844759672451,-0.1869184532216854,-0.3486752086543632,0.5564311023796771,0.022110876,False,True,False,False,0,0,1010
-0.0347726707805695,-0.3605007953877578,-0.0332736079112744,-0.0718102157611629,-0.6717017981993654,-0.4343084701763079,-0.3568484305420867,-1.4360036746777256,0.2767949048263782,0.1805515083966889,0.021589039,False,True,False,False,0,0,1011
0.5058379229040256,1.5849130017371202,-1.202827721300218,-1.4163542626644048,-0.4092156727411572,0.0891547191555011,-0.1268103037617485,1.002686519593591,0.573070221738309,1.1900197376135755,0.021399371,False,True,False,False,0,0,1012
0.686041454132224,1.460933050858194,-1.109375310273337,-1.159703404708515,2.164938034877409,-0.0817720365446813,0.5207044234717959,0.2889235359044252,0.6959696124573309,1.035425585418355,0.02100421,False,True,False,False,0,0,1013
0.7870349576081623,0.3924955253763906,-0.2656738450851644,-0.0657906860436472,0.9867332671956786,-0.5731864591827063,1.2210427205586032,-1.4776398487262603,-0.2060241301412118,0.167540599304189,0.020865006,True,False,False,False,0,0,1014
-0.2438087670052796,-0.4201948458109445,-0.4682521228240024,-0.8444989395004292,-0.4092156727411572,-0.2890207278311527,-2.5294307390230584,-1.3765234260369617,-2.5213608660085103,0.831916963541571,0.020519305,False,True,False,False,0,0,1015
0.4097688143760822,1.922091245981076,-1.251136800282775,-1.4601326606099725,1.8905207218983728,0.3840033727383161,0.4269851866353618,0.2294432872636613,0.8166743711992264,1.2129263785309328,0.020503253,False,True,False,False,0,0,1016
-1.2836417149042785,-0.9505540302334172,-0.7810759794945593,-1.1000553375076794,-1.3428310962459205,0.7194471307999246,-2.909419644741691,1.466632458991549,-5.7280317034425945,1.0057811404047423,0.020327661,False,True,False,False,0,0,1017
0.063738592957512,0.8196046629783168,-1.1584483634852167,-1.4721717200450033,-0.4092156727411572,0.2707643970869453,-1.50363109219518,0.2889235359044252,-1.200192415779019,1.2223977511788104,0.020193333,False,True,False,False,0,0,1018
1.195416769070598,0.3298073261726826,-1.126175129616357,-1.3320808466191874,1.783140034210924,-0.7505229682216458,0.5377442847147839,-2.3282074042891825,0.674023292686075,1.143329035851449,0.020096075,False,True,False,False,0,0,1019
0.267964442965247,0.8563289224365138,-0.4599096830977499,-0.7459975441229025,-1.4582653355099289,0.0325352313298157,-2.664045642842664,0.9610503455450564,-2.694736792201416,0.7562030859570105,0.019645138,False,True,False,False,0,0,1020
0.3568696704220481,1.6155253352874723,-1.0836667842219758,-1.2642243298035578,0.9569052983936092,0.3989594638620821,-0.2290494712196766,-2.566128398852238,0.4413923031107815,1.1032219750692982,0.019353816,False,True,False,False,0,0,1021
-0.5441143318641211,-0.3421696584912931,-0.5392079096412831,-0.6042649807741275,-0.4092156727411572,0.2600814748556839,-0.765805100373799,1.062166768234355,-0.2499167696837196,0.6396463951395225,0.019174635,False,True,False,False,0,0,1022
0.2919963991798966,1.1869526655825424,-1.075757173329967,-1.2209931618323095,-0.4092156727411572,0.1746180970055925,0.2310267823409997,-0.0084777072993939,1.0339429369346431,1.0762161944589,0.018946538,False,True,False,False,0,0,1023
0.2919963991798966,1.1946057489701305,-1.0757592540146266,-1.2204459318579903,1.299926939617404,0.1853010192368539,0.2310267823409997,-0.0084777072993939,1.0339429369346431,1.075866982001094,0.018946538,False,True,False,False,0,0,1024
-0.3927791630448887,-0.0069827618109832,-0.1111211794218392,-0.1807089806507622,-0.4092156727411572,0.3775936193995593,-1.0810425333690772,-0.1869184532216854,-0.655923685451918,0.2808777350439697,0.018871771,False,True,False,False,0,0,1025
1.1401543528272835,0.9803194141176658,-1.3724062221624709,-1.6325101025206443,-0.4092156727411572,-0.5721181669595802,0.8103820646025921,-0.1869184532216854,0.3228821763460124,1.2975156416991136,0.01878699,False,True,False,False,0,0,1026
0.1838696053437822,2.6059397442584573,-0.2512979600639317,-0.5725256422635914,-1.6918183312301296,1.2429103201317335,-2.9111236308659896,2.031694821078805,-5.730226335419721,0.6223345164463235,0.01857535,False,True,False,False,0,0,1027
1.041643089089202,0.1400108581604995,-0.5322432292371604,-0.361294872176228,1.2611505801747147,-0.7312937082053752,0.0316604057980399,1.894890249205048,0.7771709956109714,0.4318961156280313,0.017816326,False,True,False,False,0,0,1028
0.0410769016720032,-0.8359371692545321,-0.3117181726735452,-0.615756810234839,-1.6649731593082675,-0.8295765927329802,-2.933275450481874,-0.5437999450662683,-5.75875655112235,0.6561975318735772,0.017684245,False,False,False,True,0,0,1029
0.2895888281285932,1.3246952782302188,-0.7709846166901564,-0.8669353684475326,0.6765223916541594,0.2493985526244224,0.0964118785213944,-0.4664756218332753,0.8605670107417343,0.8393855835107,0.017260604,False,True,False,False,0,0,1030
0.2703719754325129,1.0014419242674086,-0.9378873486390435,-1.1164722367372677,0.2316084090024958,0.2974717026650987,-0.3994480836495567,-0.1869184532216854,0.2219291053982424,1.0119838491194433,0.017099794,False,True,False,False,0,0,1031
0.2607611204336757,0.9573601639549016,-0.7203172863378606,-0.8029094614521401,-0.4092156727411572,0.0998376413867625,0.3673456722849038,-1.4360036746777256,0.893486490398618,0.7923141610580904,0.017078673,False,True,False,False,0,0,1032
0.2391416268688456,1.0001238111028137,-0.9378890790258804,-1.1082637871224732,-0.4092156727411572,0.2429887992856656,-0.3994480836495567,-0.1869184532216854,0.2219291053982424,1.0064473378942258,0.016629867,False,True,False,False,0,0,1033
0.1406254329482104,1.110421831706662,-0.7875022563651203,-0.8921079472662341,-0.4092156727411572,0.3562277749370364,-0.0586508587897965,-0.960161685551615,0.6608555008233247,0.8576698128857038,0.016375406,False,True,False,False,0,0,1034
1.197819482820307,0.9267478304045494,-0.6544560200361337,-0.5090469652425184,1.908417503179615,-0.5838693814139677,1.248306498547384,-1.3765234260369617,-0.241138241775214,0.5563697173426239,0.016186697,True,False,False,False,0,0,1035
0.5586976253976302,0.5593998278003238,-0.8832562929076225,-1.002648402078792,0.8077654543832634,-0.3851670279125054,-0.3926321391523615,0.8837260223120633,0.230707633306744,0.934981895747991,0.01609372,False,True,False,False,0,0,1036
0.2082743969680389,0.5746207543049399,0.0043951409327027,0.0983783062522308,-0.2600758287308113,0.0143742635366714,-0.3483284999205927,-0.2463987018624492,0.2877680647120061,0.015681541171485,0.016088745,False,True,False,False,1,0,1037
0.0646560356240082,0.6970874255105302,-0.2750510476988634,-0.3503502726898361,-0.7373233295639177,-0.0283574253883742,-0.825444614724257,-0.0084777072993939,-0.3267288888831073,0.4301982675504806,0.0155868735,False,False,True,False,0,0,1038
-0.2582250495035353,0.2287866254565208,-0.4436766287505907,-0.5511836732651272,-0.4897511885067439,0.3968228794158299,-0.825444614724257,-0.7222406909885597,-0.3267288888831073,0.5985017561793072,0.015386703,False,True,False,False,0,0,1039
0.2895936854301874,1.6767500023881767,-1.1593483207971715,-1.4420740714574256,0.9509397046331955,0.4491691983490109,-0.0586508587897965,-2.3282074042891825,0.6608555008233247,1.2058113524115557,0.015370377,False,True,False,False,0,0,1040
0.4649866296157468,1.829796250174993,-1.3634867786148306,-1.662607751108222,2.326009066408582,0.2493985526244224,0.3060021718101469,0.6220129282927025,0.9724932415751322,1.311864871623162,0.014230563,False,True,False,False,0,0,1041
0.5227343015825059,0.6986044133764271,-1.0990278080125429,-1.2707910894953929,1.109027939284162,-0.2388109933442241,-0.3994480836495567,-1.0196419341923788,0.2219291053982424,1.1068247936868243,0.013773189,False,True,False,False,0,0,1042
0.1405379757968248,1.1256485372126723,-0.7875022563651203,-0.8921079472662341,0.4856233913209167,0.4844228417121735,-0.0586508587897965,-0.960161685551615,0.6608555008233247,0.8576698128857038,0.013342072,False,True,False,False,0,0,1043
-0.0563970945279532,0.8042984962031409,-0.5818999292676984,-0.6951051565111803,-0.4688716103452952,0.5805691417935264,-1.2173614233129813,0.5863247791082442,-0.8314942436219492,0.7120687262318065,0.013196133,False,False,True,False,0,0,1044
0.7557201528737939,1.768587003039233,-1.251136800282775,-1.4502825210722197,-0.4092156727411572,-0.0924549587759427,0.4610649091213378,0.3484037845451889,0.7727817316567186,1.2074996276992416,0.013123512,False,True,False,False,0,0,1045
0.2751774029319318,1.0951156649314862,-1.1915228086640344,-1.4623215805072505,-0.4092156727411572,0.1318864080805468,-0.6942376831532494,0.3484037845451889,-0.1577422266444512,1.2159868775455442,0.0118266605,False,True,False,False,0,0,1046
0.3040099679284435,0.7752167793303064,-1.1637133650882887,-1.437696231662869,-0.4092156727411572,-0.0604061920821585,-1.234401284555969,0.645805027749008,-0.8534405633932052,1.2032365418220676,0.011788631,False,True,False,False,0,0,1047
0.5466840566490838,2.252261873134797,-1.1141908797694446,-1.273527239366991,1.2134258300914036,0.3273838849126307,0.4184652560138678,-2.3876876529299467,0.8276475310848543,1.108048064142578,0.011621015,False,True,False,False,0,0,1048
0.2751533950864535,0.8118632090277474,-1.1915228086640344,-1.4612271205586116,0.7749546887009878,0.00369134130541,-0.6942376831532494,0.3484037845451889,-0.1577422266444512,1.2153867913173164,0.010987487,False,False,True,False,0,0,1049
0.3520642429226293,0.1935824418736158,-0.4747763227076989,-0.5188971047802711,-0.4092156727411572,-0.4001231190362714,-0.3142487774346167,-1.0196419341923788,0.331660704254514,0.5703287667850261,0.010844386,False,True,False,False,0,0,1050
0.5923356178935608,1.6614438356130004,-1.1715826748488254,-1.3900872238970643,-0.4092156727411572,0.1212034858492854,0.0691481005326135,-0.4248394477847406,0.825452899107728,1.175986045105487,0.010802015,False,True,False,False,0,0,1051
0.0948801982352148,0.6817682559822179,-1.1584588302153511,-1.467246650276127,-0.4092156727411572,0.1639351747743311,-1.4388796194718254,-0.1869184532216854,-1.116796400648252,1.219712821956567,0.010711731,False,True,False,False,0,0,1052
0.9407231332191752,0.8394922233572404,-0.8427433409837759,-0.7728118128645625,1.5236367056329227,-0.5176352635801469,1.2363785956772924,0.271079461312196,-0.2257758179353373,0.7652156402392548,0.010699934,False,True,False,False,0,0,1053
0.7437065841252474,0.6971553287769083,-1.3330879504129731,-1.704197229156511,-0.4092156727411572,-0.4556743146388308,-1.0810425333690772,0.645805027749008,-0.655923685451918,1.3315386500311044,0.010657905,False,True,False,False,0,0,1054
0.5370732016502465,1.5821578917175887,-1.202827793047965,-1.401031823383456,1.383355768356792,0.1372278691961776,-0.0245711363038204,-0.1869184532216854,0.7047481403658324,1.181297176013164,0.010580926,False,True,False,False,0,0,1055
0.3328425329249552,-0.3191741450947823,-0.6301196907462908,-0.7596782934808924,-0.4092156727411572,-0.6447620381321577,-0.1268103037617485,-1.1386024314739065,0.573070221738309,0.7616101978401131,0.010367888,False,True,False,False,0,0,1056
0.239136696686292,0.9879724975052536,-0.9378899653215772,-1.1082637871224732,-0.4092156727411572,0.1425693303118082,-0.3994480836495567,-1.257562928755434,0.2219291053982424,1.006447310243468,0.010318823,False,True,False,False,0,0,1057
-0.1308812207689419,-0.4232560791659797,-0.4682551531111945,-0.8373849498342746,-1.468108565214611,-0.3520499689955951,-2.54135864189315,-1.317043177396198,-2.536723289848387,0.8265233988351777,0.00976345,False,True,False,False,0,0,1058
-0.2438019076208572,-0.3988038721514482,-0.4682559718796,-0.8264403503478827,-0.4092156727411572,-0.3306841245330723,-2.537950669644552,-1.3765234260369617,-2.5323340258941345,0.8181969990903619,0.009653326,False,False,True,False,0,0,1059
0.9287155428528642,2.4879768414725083,-0.8193417117972045,-0.952303244441389,0.008375890487811,0.0571059524617171,-0.638006141051389,0.1699630386228974,-0.0853193713993123,0.9008648122882094,0.009602094,False,False,True,False,0,0,1060
-0.3687498819901638,0.1155209913202178,-1.0164139492670712,-1.2915858285195372,-0.3495597351370186,0.5912520640247877,-1.2514411457989574,-0.7817209396293235,-0.8753868831644571,1.1222271739710927,0.008633422,False,False,True,False,0,0,1061
0.3626105464720718,1.5084110628682097,-1.1721648445079889,-1.4065041231266522,0.9926988609560924,0.2707643970869453,-0.2290494712196766,-0.1869184532216854,0.4413923031107815,1.185379450701541,0.008409362,False,True,False,False,0,0,1062
0.6620143166351307,1.7831278614756505,-1.40942198210065,-1.767675906177584,2.2439224962652884,0.0751600910325488,-0.0586508587897965,-0.1869184532216854,0.6608555008233247,1.3560486994542709,0.0082903085,False,True,False,False,0,0,1063
-0.2197816295081863,0.0986842078675241,-0.520345004938767,-0.6951051565111803,-0.4092156727411572,0.1318864080805468,-0.825444614724257,-0.8412011882700874,-0.3267288888831073,0.7139891240476639,0.008189691,False,True,False,False,0,0,1064
0.3328150953872655,-0.3360487328482612,-0.6301196907462908,-0.7580366035579333,0.8584730013467814,-0.6276693625621395,-0.1268103037617485,-1.1386024314739065,0.573070221738309,0.7603269036940875,0.008011077,False,True,False,False,0,0,1065
0.2127068454394895,0.7323595123598132,-1.1637130190109215,-1.4541131308924566,0.2112060783418811,0.0357401079991942,-1.234401284555969,0.645805027749008,-0.8534405633932052,1.2123421077840333,0.0073227156,False,True,False,False,0,0,1066
0.3040099679284435,0.7889923294279649,-1.1637133650882887,-1.437696231662869,0.214188875222088,0.0571059524617171,-1.234401284555969,0.645805027749008,-0.8534405633932052,1.2032365418220676,0.0073137893,False,True,False,False,0,0,1067
0.063738592957512,0.7124614955520846,-0.2750510476988634,-0.3498030427155162,-0.4092156727411572,0.2280327081618996,-0.825444614724257,-0.0084777072993939,-0.3267288888831073,0.4297113983662609,0.0071502663,False,True,False,False,0,0,1068
0.6788333128830963,1.5099127845387577,-1.211758423757527,-1.469982800147725,-0.4092156727411572,-0.1383915243703667,0.0265484474251435,-1.6739246692407808,0.7705870996795962,1.2195426339958433,0.0071306936,False,True,False,False,0,0,1069
0.678785297192139,1.6766281617754553,-1.2117587077941958,-1.471077260096364,-0.4092156727411572,-0.0561330231896539,0.0265484474251435,-1.6739246692407808,0.7705870996795962,1.2201388397977695,0.0069950162,False,True,False,False,0,0,1070
0.1574444291961752,0.5379711943150775,-0.8266880480102163,-1.0201597612570188,-0.3227145632151562,-0.0166062109339868,-0.9958432271541372,-0.7222406909885597,-0.5461920865956464,0.9491230695627434,0.006797577,False,True,False,False,0,0,1071
0.5058001962897021,1.5572436246466084,-1.202827721300218,-1.4174487226130437,1.5087227212318886,0.0784717969242399,-0.1268103037617485,-0.1869184532216854,0.573070221738309,1.1906392860042914,0.0058670263,False,True,False,False,0,0,1072
0.5226569191519909,0.6221551115785456,-1.0990278080125429,-1.2686021695981144,-0.4092156727411572,-0.3306841245330723,-0.1438501650047365,-1.0196419341923788,0.5511239019670531,1.1054658114116245,0.0056984806,False,True,False,False,0,0,1073
0.2151095591891991,0.733890129037331,-1.1637137196065674,-1.4437157613803844,0.3006899847480884,0.0314669391066897,-1.0588907137531929,0.473312306690793,-0.6273934697492869,1.206587685834882,0.0056062946,False,True,False,False,0,0,1074
0.3754718922640745,1.4470573314030415,-1.1890336260971357,-1.4065041231266522,-0.4092156727411572,0.3028131637807296,-0.2290494712196766,-0.5437999450662683,0.4413923031107815,1.184853176456659,0.0053924313,False,True,False,False,0,0,1075
0.3760913804197226,1.4517493507930883,-1.1890336260971357,-1.403767973255054,-0.4092156727411572,0.2002571103606199,-0.2290494712196766,-0.5437999450662683,0.4413923031107815,1.183291799323136,0.0052425256,False,True,False,False,0,0,1076
0.3760913804197226,1.4471575007605355,-1.1890337527108066,-1.4086930430239306,1.0642859860810585,0.2002571103606199,-0.2290494712196766,-0.5437999450662683,0.4413923031107815,1.1861001868341827,0.0052425256,False,True,False,False,0,0,1077
0.4241405666080908,1.3047973611584218,-1.1890346221246806,-1.4420740714574256,1.1865806581695415,0.0731303358086091,-0.0296830946767168,-1.1386024314739065,0.6981642444344572,1.204885195668585,0.0049445685,False,True,False,False,0,0,1078
0.5971410453929796,1.4318513339853596,-0.3084658895116536,-0.2868715956687632,-0.4092156727411572,-0.0604061920821585,0.4014253947708798,-0.9006814369108511,0.8495938508561103,0.3721861241779823,0.004568841,False,True,False,False,0,0,1079
0.5971157514129216,1.5924473748044086,-0.3084658895116536,-0.2901549755146806,0.1247049688158807,-0.0176745031571128,0.4014253947708798,-0.9006814369108511,0.8495938508561103,0.3751570815661271,0.0037013346,False,True,False,False,0,0,1080
0.6211681828900725,1.7196072693586697,-1.2117569394232577,-1.4765495598395602,0.9121633451905056,0.019715724652302,0.0265484474251435,-1.6739246692407808,0.7705870996795962,1.2231126746219725,0.0036420207,False,True,False,False,0,0,1081
0.6163627553906541,1.659913218935483,-1.2117582055599674,-1.4743606399422815,0.9569052983936092,0.00369134130541,0.0265484474251435,-1.6739246692407808,0.7705870996795962,1.2219245835818413,0.0036420207,False,True,False,False,0,0,1082
0.3640778116711762,2.0624654051226137,-1.4393642582867785,-1.9373171982166584,0.044169453050294,0.4096423860933436,-1.7626369830885975,-0.662760442347796,-1.5337764763020785,1.4156064133220818,0.0035727136,False,False,True,False,0,0,1083
0.6644170303848403,0.5440936610251479,-1.1982339139606486,-1.468341110224766,-0.4092156727411572,-0.4663572368700922,-0.3381045831747999,-0.8412011882700874,0.3009358565747565,1.2190693414079623,0.003321315,False,True,False,False,0,0,1084
0.6043491866421077,1.6767500023881767,-1.2117584587873094,-1.4705300301220448,0.9330429233519536,0.1038971518346419,0.0265484474251435,-1.6739246692407808,0.7705870996795962,1.2198408009242558,0.0032553216,False,True,False,False,0,0,1085
0.4818107854069327,2.5338953417980368,-1.19870455976614,-1.5416699267835918,-0.4092156727411572,0.5399740373147329,-1.6859576074951517,-0.4248394477847406,-1.4350180373314347,1.2579575024121328,0.0029639616,False,True,False,False,0,0,1086
0.481792350811297,2.5704711232034367,-1.19870455976614,-1.5416699267835918,0.0799630156127765,0.5624081740003818,-1.6859576074951517,-0.4248394477847406,-1.4350180373314347,1.2579575024121328,0.0028563412,False,True,False,False,0,0,1087
0.6644115278723984,2.365509402237633,-1.11164785684919,-1.4283933220994358,0.1187393750554664,0.2173497859306382,-1.6603978156306696,-2.090286409726128,-1.402098557674555,1.1996536441704793,0.0028262066,False,False,True,False,0,0,1088
0.3737570461584744,1.4745942730449433,-1.137453875427205,-1.3813315443079508,-0.4092156727411572,0.2173497859306382,-0.7896609061139822,-0.1869184532216854,-0.2806416173634731,1.171989011416547,0.0023685757,False,True,False,False,0,0,1089
0.3376479604243741,1.493076001086064,-1.1374529216042168,-1.374217554641796,0.4856233913209167,0.2814473193182067,-0.7896609061139822,0.645805027749008,-0.2806416173634731,1.1678548328703264,0.00235328,False,True,False,False,0,0,1090
0.3736886666700134,1.493076001086064,-1.137453875427205,-1.378048164462033,-0.4092156727411572,0.224827831492521,-0.7896609061139822,0.645805027749008,-0.2806416173634731,1.170083304811198,0.002122347,False,True,False,False,0,0,1091
