Accuracy,Precision,Recall,F1,ROC-AUC
0.9849246231155779,0.9801980198019802,0.99,0.9850746268656716,0.9981818181818182
