planet_name,host_star_name,habitability_prob
WISE J033605.05-014350.4 b,WISE J033605.05-014350.4,1.0
CFBDSIR J145829+101343 b,CFBDSIR J145829+101343,1.0
Kapteyn c,Kapteyn,0.9998
Barnard b,Barnard's star,0.9997
Barnard c,Barnard's star,0.9997
Barnard e,Barnard's star,0.9997
Barnard d,Barnard's star,0.9997
Proxima Cen b,Proxima Cen,0.9994
Kepler-1880 b,Kepler-1880,0.9992
GJ 667 C g,GJ 667 C,0.9986
GJ 667 C e,GJ 667 C,0.9985
GJ 667 C f,GJ 667 C,0.9985
GJ 667 C c,GJ 667 C,0.9984
Kepler-1124 b,Kepler-1124,0.9974
Proxima Cen d,Proxima Cen,0.9966
L 98-59 e,L 98-59,0.9962
L 98-59 f,L 98-59,0.9961
GJ 1002 b,GJ 1002,0.996
GJ 1002 c,GJ 1002,0.9959
GJ 3323 c,GJ 3323,0.9958
HD 11755 b,HD 11755,0.9956
GJ 3323 b,GJ 3323,0.9948
TRAPPIST-1 h,TRAPPIST-1,0.993
Kepler-441 b,Kepler-441,0.9919
TRAPPIST-1 e,TRAPPIST-1,0.9916
TRAPPIST-1 d,TRAPPIST-1,0.9915
TRAPPIST-1 f,TRAPPIST-1,0.9915
Teegarden's Star b,Teegarden's Star,0.9913
TRAPPIST-1 g,TRAPPIST-1,0.9913
Teegarden's Star c,Teegarden's Star,0.991
Teegarden's Star d,Teegarden's Star,0.9909
GJ 625 b,GJ 625,0.9909
GJ 1132 c,GJ 1132,0.9908
EPIC 206215704 b,EPIC 206215704,0.9901
TRAPPIST-1 c,TRAPPIST-1,0.9896
TRAPPIST-1 b,TRAPPIST-1,0.989
GJ 15 A c,GJ 15 A,0.9886
YZ Cet b,YZ Cet,0.9883
YZ Cet c,YZ Cet,0.988
Kepler-779 b,Kepler-779,0.988
YZ Cet d,YZ Cet,0.9878
Kepler-560 b,Kepler-560,0.9867
Ross 508 b,Ross 508,0.9863
TOI-2015 c,TOI-2015,0.9863
GJ 15 A b,GJ 15 A,0.9855
GJ 9066 c,GJ 9066,0.9845
Kepler-446 c,Kepler-446,0.9842
GJ 682 c,GJ 682,0.9834
Kepler-446 d,Kepler-446,0.9828
Kepler-446 b,Kepler-446,0.9816
TOI-2018 b,TOI-2018,0.9799
GJ 1061 d,GJ 1061,0.9792
GJ 674 b,GJ 674,0.9785
GJ 1061 c,GJ 1061,0.9782
Gaia-5 b,Gaia-5,0.9779
GJ 1061 b,GJ 1061,0.9776
GJ 1151 c,GJ 1151,0.977
Kepler-504 b,Kepler-504,0.9768
LHS 3154 b,LHS 3154,0.9766
GJ 806 c,GJ 806,0.9757
GJ 682 b,GJ 682,0.9743
HD 24064 b,HD 24064,0.9716
HD 233832 b,HD 233832,0.9712
Kepler-1321 c,Kepler-1321,0.9712
GJ 3138 d,GJ 3138,0.9693
GJ 411 b,GJ 411,0.9687
Kepler-1049 b,Kepler-1049,0.9679
GJ 3138 c,GJ 3138,0.9654
GJ 3138 b,GJ 3138,0.9645
Gl 725 A b,Gl 725 A,0.9633
gam1 Leo b,gam1 Leo,0.9621
HN Lib b,HN Lib,0.9617
GJ 3988 b,GJ 3988,0.9613
Kepler-1735 b,Kepler-1735,0.9606
GJ 876 e,GJ 876,0.9606
L 363-38 b,L 363-38,0.9595
Kepler-186 b,Kepler-186,0.9586
Kepler-186 e,Kepler-186,0.9577
Kepler-186 c,Kepler-186,0.9576
Kepler-186 d,Kepler-186,0.9571
Kepler-913 b,Kepler-913,0.957
GJ 1148 c,GJ 1148,0.9562
Kepler-1321 b,Kepler-1321,0.9557
Gl 686 b,Gl 686,0.9549
TOI-771 c,TOI-771,0.9526
HD 12648 b,HD 12648,0.9507
GJ 876 b,GJ 876,0.9505
Kepler-186 f,Kepler-186,0.9491
HD 95735 c,GJ 411,0.9489
HD 175607 b,HD 175607,0.9486
Kepler-1826 b,Kepler-1826,0.9463
GJ 1148 b,GJ 1148,0.9412
K2-72 d,K2-72,0.9398
Wolf 1061 d,Wolf 1061,0.9394
Kepler-442 b,Kepler-442,0.9383
Kepler-1741 b,Kepler-1741,0.9382
HD 4760 b,HD 4760,0.9367
K2-72 c,K2-72,0.9365
Wolf 1061 c,Wolf 1061,0.9359
Kepler-988 b,Kepler-988,0.9353
Wolf 1061 b,Wolf 1061,0.935
K2-72 b,K2-72,0.9348
Kepler-1308 b,Kepler-1308,0.9339
K2-72 e,K2-72,0.933
GJ 1265 b,GJ 1265,0.9324
TOI-6255 b,TOI-6255,0.9318
Kepler-1650 b,Kepler-1650,0.9308
GJ 876 c,GJ 876,0.9286
Kepler-1832 b,Kepler-1832,0.927
Kepler-1152 b,Kepler-1152,0.9263
Kepler-440 b,Kepler-440,0.9263
Ross 128 b,Ross 128,0.9247
Kepler-1630 b,Kepler-1630,0.9228
K2-129 b,K2-129,0.9216
GJ 180 c,GJ 180,0.9199
Kepler-1161 b,Kepler-1161,0.9189
GJ 357 c,GJ 357,0.9185
Kepler-737 b,Kepler-737,0.9175
GJ 581 c,GJ 581,0.9154
24 Boo b,24 Boo,0.9143
GJ 581 b,GJ 581,0.9139
Kepler-901 b,Kepler-901,0.9138
BD-11 4672 b,BD-11 4672,0.9095
GJ 581 e,GJ 581,0.909
GJ 3779 b,GJ 3779,0.9061
EPIC 228836835 b,EPIC 228836835,0.9021
BD-11 4672 c,BD-11 4672,0.9017
GJ 341 b,GJ 341,0.9004
GJ 357 d,GJ 357,0.9
K2-367 b,K2-367,0.8988
HD 13189 b,HD 13189,0.8985
K2-413 b,K2-413,0.8978
K2-156 b,K2-156,0.8969
LHS 1678 b,LHS 1678,0.8902
HD 39194 d,HD 39194,0.8893
Kepler-1909 b,Kepler-1909,0.8891
HD 39194 c,HD 39194,0.889
HD 39194 b,HD 39194,0.8888
LHS 1678 d,LHS 1678,0.8887
K2-88 b,K2-88,0.8877
LHS 1678 c,LHS 1678,0.8877
Kepler-249 b,Kepler-249,0.8872
Kepler-1651 b,Kepler-1651,0.887
K2-146 b,K2-146,0.8869
GJ 649 b,GJ 649,0.8846
K2-391 b,K2-391,0.8835
KOI-1843.03,Kepler-974,0.8835
K2-146 c,K2-146,0.8801
Kepler-674 b,Kepler-674,0.8785
TOI-700 b,TOI-700,0.8782
HD 29021 b,HD 29021,0.8782
TOI-700 e,TOI-700,0.8776
Kepler-444 b,Kepler-444,0.8766
Kepler-369 b,Kepler-369,0.8765
TOI-700 d,TOI-700,0.8751
TOI-1278 b,TOI-1278,0.8748
HD 285968 b,HD 285968,0.8744
TOI-1450 A c,TOI-1450 A,0.8726
K2-89 b,K2-89,0.8718
Kepler-369 c,Kepler-369,0.8696
TOI-1266 d,TOI-1266,0.8687
HD 181720 b,HD 181720,0.8686
K2-91 b,K2-91,0.8651
HD 37124 d,HD 37124,0.865
Kepler-444 f,Kepler-444,0.8646
Kepler-249 d,Kepler-249,0.8646
Kepler-844 b,Kepler-844,0.864
GJ 3341 b,GJ 3341,0.8627
GJ 393 b,GJ 393,0.8627
Kepler-249 c,Kepler-249,0.8621
Kepler-444 c,Kepler-444,0.8615
HD 220074 b,HD 220074,0.8597
Wolf 1069 b,Wolf 1069,0.8597
K2-18 c,K2-18,0.8595
K2-413 c,K2-413,0.8591
GJ 3998 d,GJ 3998,0.8587
TOI-1224 c,TOI-1224,0.8567
TOI-700 c,TOI-700,0.8559
GJ 3998 c,GJ 3998,0.8545
Kepler-125 c,Kepler-125,0.8532
GJ 3929 c,GJ 3929,0.853
LSPM J2116+0234 b,LSPM J2116+0234,0.8518
Kepler-225 b,Kepler-225,0.8515
Kepler-138 e,Kepler-138,0.851
Kepler-1850 b,Kepler-1850,0.8508
GJ 9773 b,GJ 9773,0.8506
GJ 3998 b,GJ 3998,0.8497
TOI-1227 b,TOI-1227,0.8494
Kepler-54 c,Kepler-54,0.849
Kepler-444 d,Kepler-444,0.8478
HD 37124 c,HD 37124,0.8469
Kepler-444 e,Kepler-444,0.8446
GJ 685 b,GJ 685,0.8436
GJ 27.1 b,GJ 27.1,0.8422
Kepler-1075 b,Kepler-1075,0.841
HD 37124 b,HD 37124,0.8409
LHS 1815 b,LHS 1815,0.8369
K2-394 b,K2-394,0.8357
HD 240237 b,HD 240237,0.8335
Kepler-505 b,Kepler-505,0.8273
Kepler-327 c,Kepler-327,0.8257
K2-400 b,K2-400,0.825
GJ 514 b,GJ 514,0.8242
HD 167768 b,HD 167768,0.8239
Kepler-1749 b,Kepler-1749,0.8235
HD 6434 b,HD 6434,0.8214
HD 102272 b,HD 102272,0.8182
Kepler-777 b,Kepler-777,0.8169
CD Cet b,CD Cet,0.8132
K2-137 b,K2-137,0.8131
GJ 536 b,GJ 536,0.812
K2-381 b,K2-381,0.8105
GJ 720 A b,GJ 720 A,0.8092
Kepler-327 b,Kepler-327,0.8087
HD 155358 b,HD 155358,0.808
Kepler-225 c,Kepler-225,0.805
Kepler-353 b,Kepler-353,0.8044
Kepler-1904 b,Kepler-1904,0.8027
EPIC 201170410.02,EPIC 201170410,0.801
HD 180617 b,HD 180617,0.7993
GJ 463 b,GJ 463,0.7973
K2-133 b,K2-133,0.797
Kepler-1646 b,Kepler-1646,0.7963
HD 96127 b,HD 96127,0.7956
HD 220197 b,HD 220197,0.7948
Kepler-617 b,Kepler-617,0.7947
Kepler-236 b,Kepler-236,0.7931
TOI-178 c,TOI-178,0.7917
K2-125 b,K2-125,0.7892
Kepler-994 b,Kepler-994,0.7875
HD 5891 b,HD 5891,0.7856
BD+20 2457 b,BD+20 2457,0.7851
Kepler-32 f,Kepler-32,0.7844
K2-133 c,K2-133,0.7825
Kepler-1940 b,Kepler-1940,0.7817
Kepler-1089 b,Kepler-1089,0.7812
Kepler-1439 b,Kepler-1439,0.7793
Kepler-1669 c,Kepler-1669,0.7773
K2-381 d,K2-381,0.7763
GJ 536 c,GJ 536,0.774
Kepler-231 b,Kepler-231,0.7721
Kepler-26 b,Kepler-26,0.7713
Kepler-303 b,Kepler-303,0.7706
Kepler-991 b,Kepler-991,0.7702
GJ 887 b,GJ 887,0.77
GJ 3512 b,GJ 3512,0.7695
gam Psc b,gam Psc,0.7691
K2-133 d,K2-133,0.7688
Kepler-296 b,Kepler-296,0.7662
Kepler-296 c,Kepler-296,0.7657
Kepler-26 c,Kepler-26,0.7656
Kepler-236 c,Kepler-236,0.7648
TOI-178 f,TOI-178,0.7642
Kepler-29 c,Kepler-29,0.7641
HD 20794 f,HD 20794,0.7639
Kepler-54 b,Kepler-54,0.7633
Kepler-327 d,Kepler-327,0.7623
Kepler-231 c,Kepler-231,0.7608
Kepler-1229 b,Kepler-1229,0.7584
Kepler-303 c,Kepler-303,0.7583
K2-381 c,K2-381,0.7582
Kepler-29 b,Kepler-29,0.7575
BD+03 2562 b,BD+03 2562,0.7547
HD 20794 d,HD 20794,0.754
Kepler-1006 b,Kepler-1006,0.7537
GJ 3512 c,GJ 3512,0.7522
GJ 3293 c,GJ 3293,0.7499
GJ 367 d,GJ 367,0.7491
Kepler-353 c,Kepler-353,0.7483
TOI-178 d,TOI-178,0.7482
K2-83 b,K2-83,0.747
Kepler-1939 b,Kepler-1939,0.7466
HD 20794 b,HD 20794,0.7463
GJ 367 c,GJ 367,0.7452
GJ 887 c,GJ 887,0.745
TOI-178 b,TOI-178,0.7443
TOI-178 e,TOI-178,0.7438
GJ 3293 d,GJ 3293,0.7437
GJ 876 d,GJ 876,0.7426
K2-368 b,K2-368,0.7411
GJ 3293 b,GJ 3293,0.7408
K2-368 c,K2-368,0.7408
GJ 508.2 b,GJ 508.2,0.7394
BD+20 2457 c,BD+20 2457,0.7386
G 268-110 b,G 268-110,0.7383
GJ 273 b,GJ 273,0.7363
GJ 3293 e,GJ 3293,0.7359
Kepler-732 c,Kepler-732,0.7358
Kepler-1739 b,Kepler-1739,0.7353
K2-83 c,K2-83,0.7347
Kepler-296 e,Kepler-296,0.7333
TOI-178 g,TOI-178,0.7318
GJ 273 c,GJ 273,0.7313
Kepler-1857 b,Kepler-1857,0.7279
Kepler-1942 b,Kepler-1942,0.7263
Kepler-32 e,Kepler-32,0.7206
Kepler-296 d,Kepler-296,0.7142
G 264-012 b,G 264-012,0.7138
TOI-1467 b,TOI-1467,0.7137
G 192-15 b,G 192-15,0.711
Kepler-1938 b,Kepler-1938,0.7103
Kepler-1350 c,Kepler-1350,0.7082
Kepler-1314 b,Kepler-1314,0.7081
Kepler-1009 b,Kepler-1009,0.707
HD 1690 b,HD 1690,0.7044
K2-368 d,K2-368,0.7032
Kepler-895 b,Kepler-895,0.7006
Kepler-833 b,Kepler-833,0.6984
Kepler-296 f,Kepler-296,0.6948
GJ 251 b,GJ 251,0.6842
K2-148 b,K2-148,0.6811
TOI-544 c,TOI-544,0.6782
K2-111 c,K2-111,0.6775
Kepler-732 b,Kepler-732,0.6773
G 264-012 c,G 264-012,0.677
Kepler-125 b,Kepler-125,0.6752
Kepler-1855 b,Kepler-1855,0.6746
Kepler-1074 b,Kepler-1074,0.6727
K2-148 d,K2-148,0.6708
K2-148 c,K2-148,0.6683
WASP-37 b,WASP-37,0.6649
Kepler-917 b,Kepler-917,0.6625
Kepler-1350 b,Kepler-1350,0.6616
G 261-6 b,G 261-6,0.659
HD 171028 b,HD 171028,0.6559
HIP 12961 b,HIP 12961,0.6544
Kepler-1367 b,Kepler-1367,0.6492
GJ 251 c,GJ 251,0.6471
TOI-1437 b,TOI-1437,0.6466
GJ 328 b,GJ 328,0.6456
GJ 724 b,GJ 724,0.6439
Kepler-1456 b,Kepler-1456,0.6438
GJ 3634 b,GJ 3634,0.641
Kepler-801 b,Kepler-801,0.6402
Kepler-120 c,Kepler-120,0.6373
HD 155358 c,HD 155358,0.6355
GJ 328 c,GJ 328,0.6326
K2-414 b,K2-414,0.631
Kepler-333 c,Kepler-333,0.6306
Kepler-316 c,Kepler-316,0.6248
Kepler-316 b,Kepler-316,0.6206
Kepler-32 d,Kepler-32,0.6181
Kepler-676 b,Kepler-676,0.6163
Kepler-395 b,Kepler-395,0.616
GJ 3942 b,GJ 3942,0.6149
HD 22496 b,HD 22496,0.6144
Kepler-1096 b,Kepler-1096,0.613
K2-116 b,K2-116,0.6129
Kepler-787 b,Kepler-787,0.6127
Kepler-252 b,Kepler-252,0.6106
Kepler-1947 b,Kepler-1947,0.6086
Kepler-16 b,Kepler-16,0.606
K2-385 b,K2-385,0.6053
K2-384 b,K2-384,0.6052
K2-4 b,K2-4,0.6033
Kepler-395 c,Kepler-395,0.5999
Kepler-1822 b,Kepler-1822,0.5987
K2-71 b,K2-71,0.5966
Kepler-1950 b,Kepler-1950,0.5965
GJ 849 c,GJ 849,0.5961
K2-384 c,K2-384,0.596
Kepler-1744 b,Kepler-1744,0.5958
GJ 849 b,GJ 849,0.595
GJ 3473 c,GJ 3473,0.5944
EPIC 212624936 b,EPIC 212624936,0.5939
Kepler-1729 b,Kepler-1729,0.5931
K2-384 e,K2-384,0.5834
Kepler-333 b,Kepler-333,0.5797
Kepler-235 c,Kepler-235,0.5793
K2-384 d,K2-384,0.5773
HD 95127 b,HD 95127,0.5755
K2-401 b,K2-401,0.5748
Kepler-1663 b,Kepler-1663,0.5737
Kepler-622 b,Kepler-622,0.5737
Kepler-1195 b,Kepler-1195,0.5706
K2-404 b,K2-404,0.5691
Kepler-1902 b,Kepler-1902,0.5689
TOI-1203 c,TOI-1203,0.5662
Kepler-1608 b,Kepler-1608,0.5643
GJ 317 c,GJ 317,0.562
Kepler-1712 b,Kepler-1712,0.5614
Kepler-54 d,Kepler-54,0.5601
Kepler-1716 b,Kepler-1716,0.559
Kepler-329 b,Kepler-329,0.5575
HD 238090 b,HD 238090,0.5566
GJ 4276 b,GJ 4276,0.5562
HD 82886 b,HD 82886,0.5552
Kepler-49 e,Kepler-49,0.5529
K2-414 c,K2-414,0.5529
Kepler-1875 b,Kepler-1875,0.5529
K2-150 b,K2-150,0.5527
Kepler-49 c,Kepler-49,0.549
Kepler-898 b,Kepler-898,0.5486
Kepler-658 b,Kepler-658,0.5485
Kepler-543 b,Kepler-543,0.5455
Kepler-120 b,Kepler-120,0.5431
alf Tau b,alf Tau,0.5402
Kepler-691 b,Kepler-691,0.5402
Kepler-1366 b,Kepler-1366,0.5401
Kepler-1802 b,Kepler-1802,0.5398
Kepler-1687 b,Kepler-1687,0.5346
AT2021ueyL b,AT2021ueyL,0.5346
Kepler-345 b,Kepler-345,0.534
Kepler-388 c,Kepler-388,0.5328
Kepler-974 b,Kepler-974,0.5313
HD 5583 b,HD 5583,0.5261
Kepler-1816 b,Kepler-1816,0.5236
EPIC 212624936 c,EPIC 212624936,0.5236
GJ 338 B b,GJ 338 B,0.5234
GJ 1252 b,GJ 1252,0.5219
Kepler-1788 b,Kepler-1788,0.5218
Kepler-49 b,Kepler-49,0.5192
K2-21 b,K2-21,0.5165
K2-49 b,K2-49,0.5132
Kepler-49 d,Kepler-49,0.5131
K2-384 f,K2-384,0.5102
Kepler-32 c,Kepler-32,0.5098
K2-69 b,K2-69,0.5068
K2-130 b,K2-130,0.5066
Kepler-52 d,Kepler-52,0.5039
GJ 317 b,GJ 317,0.5038
Kepler-205 c,Kepler-205,0.5033
Kepler-398 c,Kepler-398,0.5024
Kepler-834 b,Kepler-834,0.502
Kepler-388 b,Kepler-388,0.5017
Kepler-378 c,Kepler-378,0.5004
Kepler-52 c,Kepler-52,0.4994
Kepler-331 d,Kepler-331,0.4979
HD 96992 b,HD 96992,0.4971
Kepler-329 c,Kepler-329,0.4968
Kepler-551 b,Kepler-551,0.4953
K2-402 b,K2-402,0.4949
TOI-1203 e,TOI-1203,0.4929
Kepler-283 c,Kepler-283,0.4922
Kepler-398 b,Kepler-398,0.492
K2-50 b,K2-50,0.4919
K2-378 b,K2-378,0.4895
Kepler-1203 b,Kepler-1203,0.4894
Kepler-205 b,Kepler-205,0.4879
Kepler-252 c,Kepler-252,0.487
Kepler-1910 b,Kepler-1910,0.487
Kepler-1455 b,Kepler-1455,0.4857
Kepler-235 d,Kepler-235,0.4836
EPIC 206042996 c,EPIC 206042996,0.4801
Kepler-235 e,Kepler-235,0.4789
HD 40307 g,HD 40307,0.4772
Kepler-705 b,Kepler-705,0.4754
Kepler-81 d,Kepler-81,0.4752
TOI-277 b,TOI-277,0.4747
Kepler-1802 c,Kepler-1802,0.4722
Kepler-1808 b,Kepler-1808,0.4702
Kepler-378 b,Kepler-378,0.4702
Kepler-26 d,Kepler-26,0.4695
K2-35 b,K2-35,0.469
HD 40307 f,HD 40307,0.467
K2-90 c,K2-90,0.4642
HD 208527 b,HD 208527,0.4638
TYC 2187-512-1 b,TYC 2187-512-1,0.4632
Kepler-267 b,Kepler-267,0.4618
HD 40307 d,HD 40307,0.4617
Kepler-267 d,Kepler-267,0.4615
HD 4308 b,HD 4308,0.4599
HD 40307 c,HD 40307,0.4583
Kepler-345 c,Kepler-345,0.4572
Kepler-1265 b,Kepler-1265,0.4566
Kepler-331 c,Kepler-331,0.4565
K2-22 b,K2-22,0.4555
HD 40307 b,HD 40307,0.4553
Kepler-220 d,Kepler-220,0.4547
Kepler-1565 b,Kepler-1565,0.4546
Kepler-267 c,Kepler-267,0.4535
Kepler-1761 b,Kepler-1761,0.4531
Kepler-398 d,Kepler-398,0.4501
Kepler-28 b,Kepler-28,0.447
Kepler-331 b,Kepler-331,0.4465
K2-21 c,K2-21,0.4461
Kepler-1410 b,Kepler-1410,0.4437
Kepler-993 b,Kepler-993,0.4431
EPIC 206042996 b,EPIC 206042996,0.4421
Kepler-28 c,Kepler-28,0.4409
Kepler-415 b,Kepler-415,0.4396
Kepler-510 b,Kepler-510,0.4352
Kepler-220 b,Kepler-220,0.4346
Kepler-580 b,Kepler-580,0.4345
Kepler-235 b,Kepler-235,0.4334
K2-377 b,K2-377,0.4331
Kepler-1351 b,Kepler-1351,0.4325
Gl 410 b,Gl 410,0.4312
K2-128 b,K2-128,0.4305
TOI-1782.02,TOI-1782,0.4289
Kepler-1845 b,Kepler-1845,0.428
Kepler-55 c,Kepler-55,0.4247
Kepler-928 b,Kepler-928,0.4244
Kepler-1110 b,Kepler-1110,0.4228
Kepler-445 d,Kepler-445,0.4225
HD 7924 b,HD 7924,0.4158
Kepler-1228 b,Kepler-1228,0.4156
Kepler-1952 b,Kepler-1952,0.4149
HR 5183 b,HR 5183,0.4129
Gaia-4 b,Gaia-4,0.4106
Kepler-283 b,Kepler-283,0.4094
Kepler-1898 b,Kepler-1898,0.4092
Kepler-1059 b,Kepler-1059,0.4077
Kepler-647 c,Kepler-647,0.4075
Kepler-1337 b,Kepler-1337,0.4058
GJ 1289 b,GJ 1289,0.403
Kepler-35 b,Kepler-35,0.4014
Kepler-220 e,Kepler-220,0.4006
OGLE-2016-BLG-0007L b,OGLE-2016-BLG-0007L,0.3983
Kepler-55 f,Kepler-55,0.3973
K2-35 c,K2-35,0.3955
Kepler-354 d,Kepler-354,0.3936
Kepler-753 b,Kepler-753,0.3928
Kepler-1948 b,Kepler-1948,0.3927
Kepler-52 b,Kepler-52,0.3917
Kepler-55 b,Kepler-55,0.3914
Kepler-1907 b,Kepler-1907,0.3906
Kepler-55 e,Kepler-55,0.39
HIP 71135 b,HIP 71135,0.3891
GJ 9689 b,GJ 9689,0.3889
Kepler-1503 b,Kepler-1503,0.3889
Kepler-367 c,Kepler-367,0.3867
Kepler-413 b,Kepler-413,0.386
Kepler-445 b,Kepler-445,0.3858
Kepler-298 c,Kepler-298,0.3858
Gl 378 b,Gl 378,0.3837
Kepler-114 b,Kepler-114,0.3819
Kepler-1624 b,Kepler-1624,0.3815
Kepler-1805 b,Kepler-1805,0.381
K2-33 b,K2-33,0.3803
Kepler-1388 c,Kepler-1388,0.3802
TOI-1782.01,TOI-1782,0.3791
Kepler-1614 b,Kepler-1614,0.3777
Kepler-756 b,Kepler-756,0.3773
BD-06 1339 c,BD-06 1339,0.3769
HD 216536 b,HD 216536,0.3762
Kepler-55 d,Kepler-55,0.3745
Kepler-354 c,Kepler-354,0.3744
Kepler-1718 b,Kepler-1718,0.3741
Kepler-1907 c,Kepler-1907,0.3741
55 Cnc B b,55 Cnc B,0.3735
Kepler-1965 b,Kepler-1965,0.3712
Kepler-1388 e,Kepler-1388,0.3708
Kepler-1783 b,Kepler-1783,0.37
K2-209 b,K2-209,0.369
HD 108236 b,HD 108236,0.3687
Kepler-298 b,Kepler-298,0.3686
Kepler-383 c,Kepler-383,0.3675
Kepler-1322 c,Kepler-1322,0.3669
Kepler-1757 b,Kepler-1757,0.3632
HD 108236 f,HD 108236,0.3628
Kepler-367 b,Kepler-367,0.3617
Kepler-1388 b,Kepler-1388,0.3616
HD 108236 c,HD 108236,0.3607
K2-149 b,K2-149,0.3597
Kepler-1798 b,Kepler-1798,0.3591
BD-06 1339 b,BD-06 1339,0.3566
K2-374 b,K2-374,0.3558
Kepler-568 b,Kepler-568,0.3556
K2-212 b,K2-212,0.3555
TOI-1233.01,HD 108236,0.3551
GJ 740 b,GJ 740,0.3545
Kepler-1146 b,Kepler-1146,0.3543
GJ 86 b,GJ 86,0.354
Kepler-615 b,Kepler-615,0.3528
Kepler-1688 b,Kepler-1688,0.3522
Kepler-1363 b,Kepler-1363,0.3515
HD 108236 e,HD 108236,0.3506
K2-173 b,K2-173,0.3503
Kepler-1892 b,Kepler-1892,0.3502
TOI-1634 b,TOI-1634,0.3481
Kepler-1388 d,Kepler-1388,0.3481
WASP-58 b,WASP-58,0.3454
TOI-1634 c,TOI-1634,0.3452
HD 11977 b,HD 11977,0.3446
Kepler-298 d,Kepler-298,0.3444
Kepler-482 b,Kepler-482,0.3435
Kepler-155 c,Kepler-155,0.3428
HD 190360 b,HD 190360,0.3411
HD 216520 c,HD 216520,0.3401
EPIC 220554210 c,K2-282,0.3397
Kepler-1460 b,Kepler-1460,0.3392
Kepler-1669 b,Kepler-1669,0.3391
Kepler-383 b,Kepler-383,0.337
Kepler-352 d,Kepler-352,0.3366
4 UMa b,4 UMa,0.336
HD 22781 b,HD 22781,0.3341
Kepler-26 e,Kepler-26,0.3337
Kepler-220 c,Kepler-220,0.3329
HIP 109384 b,HIP 109384,0.3323
HD 216520 b,HD 216520,0.3314
TOI-251 b,TOI-251,0.3298
Kepler-1145 b,Kepler-1145,0.3288
HD 35843 b,HD 35843,0.3281
Kepler-437 b,Kepler-437,0.326
Kepler-1246 b,Kepler-1246,0.3242
Kepler-155 b,Kepler-155,0.3241
Kepler-1867 b,Kepler-1867,0.3236
Kepler-1389 b,Kepler-1389,0.3217
Kepler-445 c,Kepler-445,0.3216
Kepler-866 b,Kepler-866,0.3196
K2-374 c,K2-374,0.3177
GJ 3090 c,GJ 3090,0.3173
Kepler-1450 b,Kepler-1450,0.3167
Kepler-1042 b,Kepler-1042,0.3165
Kepler-158 c,Kepler-158,0.3147
Kepler-1199 b,Kepler-1199,0.3127
OGLE-2019-BLG-1053L b,OGLE-2019-BLG-1053L,0.3112
Kepler-1849 b,Kepler-1849,0.3107
Kepler-1254 d,Kepler-1254,0.3107
Kepler-1254 c,Kepler-1254,0.3101
HD 162020 b,HD 162020,0.3087
Kepler-661 b,Kepler-661,0.3086
Kepler-1889 b,Kepler-1889,0.3084
Kepler-1019 b,Kepler-1019,0.3084
Kepler-1964 b,Kepler-1964,0.3078
Kepler-577 b,Kepler-577,0.3076
COCONUTS-2 b,COCONUTS-2 A,0.3064
HD 48948 b,HD 48948,0.3063
Kepler-1465 b,Kepler-1465,0.3056
Kepler-1956 b,Kepler-1956,0.3047
K2-369 b,K2-369,0.304
OGLE-2017-BLG-0173L b,OGLE-2017-BLG-0173L,0.3025
OGLE-2005-BLG-071L b,OGLE-2005-BLG-071L,0.3021
Kepler-381 d,Kepler-381,0.302
Kepler-438 b,Kepler-438,0.301
Kepler-707 b,Kepler-707,0.3009
Kepler-463 b,Kepler-463,0.2986
Kepler-141 b,Kepler-141,0.2982
K2-379 b,K2-379,0.2975
Kepler-202 b,Kepler-202,0.2971
Kepler-1917 b,Kepler-1917,0.2945
Kepler-1254 b,Kepler-1254,0.2944
HD 90156 b,HD 90156,0.2937
HD 81040 b,HD 81040,0.2916
Kepler-202 c,Kepler-202,0.291
TYC 0434-04538-1 b,TYC 0434-04538-1,0.291
Kepler-309 b,Kepler-309,0.2905
K2-282 b,K2-282,0.289
K2-408 b,K2-408,0.2888
Kepler-1126 b,Kepler-1126,0.2884
55 Cnc B c,55 Cnc B,0.288
HD 113538 c,HD 113538,0.2876
Kepler-354 b,Kepler-354,0.2857
KMT-2016-BLG-1105L b,KMT-2016-BLG-1105L,0.2846
Kepler-1353 b,Kepler-1353,0.2844
Gl 49 b,Gl 49,0.2841
Kepler-1058 b,Kepler-1058,0.2836
HD 105779 b,HD 105779,0.2831
Kepler-158 b,Kepler-158,0.2824
TOI-1184 b,TOI-1184,0.2821
KMT-2023-BLG-1866L b,KMT-2023-BLG-1866L,0.282
Kepler-1577 b,Kepler-1577,0.2818
Kepler-32 b,Kepler-32,0.2809
LkCa 15 b,LkCa 15,0.2798
GJ 160.2 b,GJ 160.2,0.2788
Kepler-1347 b,Kepler-1347,0.2782
K2-68 b,K2-68,0.278
Kepler-1335 b,Kepler-1335,0.2774
Kepler-894 b,Kepler-894,0.2766
Kepler-621 b,Kepler-621,0.2766
Kepler-1418 b,Kepler-1418,0.2763
OGLE-2005-BLG-390L b,OGLE-2005-BLG-390L,0.2752
K2-206 b,K2-206,0.2746
Kepler-83 d,Kepler-83,0.2744
Kepler-1862 b,Kepler-1862,0.2739
HD 113538 b,HD 113538,0.2731
KIC 3558849 b,KIC 3558849,0.2721
K2-42 b,K2-42,0.2717
Kepler-1957 b,Kepler-1957,0.2699
Kepler-332 d,Kepler-332,0.2673
Kepler-124 b,Kepler-124,0.2667
HD 222237 b,HD 222237,0.2663
Kepler-332 c,Kepler-332,0.2662
HD 98649 b,HD 98649,0.2643
K2-190 c,K2-190,0.2643
WASP-107 c,WASP-107,0.2639
Kepler-124 d,Kepler-124,0.2639
K2-392 b,K2-392,0.2639
Kepler-1430 b,Kepler-1430,0.2638
Kepler-1190 b,Kepler-1190,0.2638
HD 114729 b,HD 114729,0.2637
TrES-3 b,TrES-3,0.2635
HD 204941 b,HD 204941,0.2627
HD 133131 A c,HD 133131 A,0.2626
K2-81 b,K2-81,0.2623
Kepler-1926 b,Kepler-1926,0.2602
Kepler-67 b,Kepler-67,0.26
Kepler-174 c,Kepler-174,0.26
OGLE-2019-BLG-0960L b,OGLE-2019-BLG-0960L,0.2583
K2-387 b,K2-387,0.2579
EPIC 206024342 c,EPIC 206024342,0.2575
Kepler-660 b,Kepler-660,0.2573
OGLE-2016-BLG-1195L b,OGLE-2016-BLG-1195L,0.2569
Kepler-122 f,Kepler-122,0.2548
Kepler-351 d,Kepler-351,0.2522
Kepler-159 b,Kepler-159,0.2511
Kepler-1848 b,Kepler-1848,0.2505
Kepler-1961 b,Kepler-1961,0.2502
TOI-1244 b,TOI-1244,0.2492
Kepler-1537 b,Kepler-1537,0.2485
Kepler-1178 b,Kepler-1178,0.2483
WASP-107 b,WASP-107,0.2481
KMT-2019-BLG-1806L b,KMT-2019-BLG-1806L,0.248
AU Mic e,AU Mic,0.2478
WASP-43 b,WASP-43,0.2473
Kepler-1922 b,Kepler-1922,0.2472
alf Ari b,alf Ari,0.2465
11 UMi b,11 UMi,0.2454
K2-190 b,K2-190,0.2444
Kepler-1505 b,Kepler-1505,0.244
Kepler-237 b,Kepler-237,0.2439
Kepler-1420 b,Kepler-1420,0.2434
Kepler-1504 b,Kepler-1504,0.2431
Kepler-332 b,Kepler-332,0.2429
K2-205 b,K2-205,0.2424
Kepler-1140 b,Kepler-1140,0.2417
Kepler-1378 b,Kepler-1378,0.2415
K2-366 b,K2-366,0.2403
Kepler-1331 b,Kepler-1331,0.2402
Kepler-309 c,Kepler-309,0.2385
KMT-2018-BLG-0029L b,KMT-2018-BLG-0029L,0.2363
Kepler-1076 b,Kepler-1076,0.236
Kepler-595 c,Kepler-595,0.2358
KMT-2018-BLG-1988L b,KMT-2018-BLG-1988L,0.2355
Kepler-1136 b,Kepler-1136,0.2347
Kepler-1954 b,Kepler-1954,0.2346
Kepler-837 b,Kepler-837,0.2344
HD 106252 b,HD 106252,0.2331
Kepler-1120 b,Kepler-1120,0.2314
Kepler-1868 b,Kepler-1868,0.2311
HD 133131 B b,HD 133131 B,0.2309
K2-45 b,K2-45,0.2304
Kepler-141 c,Kepler-141,0.2304
GJ 179 b,GJ 179,0.2292
Kepler-778 b,Kepler-778,0.229
Kepler-241 b,Kepler-241,0.2289
KMT-2017-BLG-1194L b,KMT-2017-BLG-1194L,0.2285
HD 133131 A b,HD 133131 A,0.2283
BD-13 2130 b,BD-13 2130,0.2281
KMT-2021-BLG-1391L b,KMT-2021-BLG-1391L,0.228
Kepler-1384 b,Kepler-1384,0.2274
Kepler-1526 b,Kepler-1526,0.2271
Kepler-1329 b,Kepler-1329,0.2271
LkCa 15 c,LkCa 15,0.2269
HD 48948 c,HD 48948,0.2269
Kepler-1259 b,Kepler-1259,0.2258
HD 106515 A b,HD 106515 A,0.2258
Kepler-1150 b,Kepler-1150,0.2257
Kepler-1558 b,Kepler-1558,0.2253
Kepler-749 b,Kepler-749,0.2253
Kepler-1358 b,Kepler-1358,0.225
KMT-2021-BLG-1689L b,KMT-2021-BLG-1689L,0.2249
Kepler-1903 b,Kepler-1903,0.224
Kepler-1007 b,Kepler-1007,0.2238
Kepler-241 c,Kepler-241,0.2235
Kepler-1048 b,Kepler-1048,0.2235
Kepler-1953 b,Kepler-1953,0.2233
BD-08 2823 b,BD-08 2823,0.223
Kepler-390 c,Kepler-390,0.2226
Kepler-1722 b,Kepler-1722,0.2224
OGLE-2013-BLG-0341L B b,OGLE-2013-BLG-0341L B,0.2221
Kepler-210 b,Kepler-210,0.2219
Kepler-1200 b,Kepler-1200,0.2212
Kepler-304 c,Kepler-304,0.2206
K2-118 b,K2-118,0.2204
KOI-4978 b,KOI-4978,0.2201
Kepler-169 b,Kepler-169,0.2201
Kepler-169 c,Kepler-169,0.2196
Kepler-169 d,Kepler-169,0.2192
Kepler-1423 b,Kepler-1423,0.2183
Kepler-1477 b,Kepler-1477,0.2175
Kepler-1321 d,Kepler-1321,0.2168
Kepler-174 d,Kepler-174,0.2161
Kepler-970 b,Kepler-970,0.2153
KMT-2019-BLG-1367L b,KMT-2019-BLG-1367L,0.2152
KMT-2017-BLG-0849L b,KMT-2017-BLG-0849L,0.2146
TOI-1739 b,TOI-1739,0.2143
Kepler-1723 b,Kepler-1723,0.2141
EPIC 201841433 b,EPIC 201841433,0.2134
BD+20 274 b,BD+20 274,0.2126
Kepler-935 b,Kepler-935,0.2126
Oph 11 b,Oph 11,0.2125
Kepler-892 b,Kepler-892,0.2117
HD 191939 f,HD 191939,0.2104
GJ 96 b,GJ 96,0.2098
HD 102365 b,HD 102365,0.2089
K2-398 b,K2-398,0.2088
Kepler-1807 b,Kepler-1807,0.2087
Kepler-992 b,Kepler-992,0.2086
HD 4208 b,HD 4208,0.2082
Kepler-1167 b,Kepler-1167,0.2065
Kepler-734 b,Kepler-734,0.2065
Kepler-390 b,Kepler-390,0.2057
Kepler-1751 b,Kepler-1751,0.2056
EPIC 201757695.02,EPIC 201757695,0.2054
Kepler-842 b,Kepler-842,0.2054
Kepler-1318 b,Kepler-1318,0.2053
Kepler-1553 b,Kepler-1553,0.2051
Kepler-1086 b,Kepler-1086,0.205
Kepler-518 b,Kepler-518,0.2049
Kepler-1170 b,Kepler-1170,0.2047
Kepler-1242 b,Kepler-1242,0.2046
Kepler-1192 b,Kepler-1192,0.2037
KMT-2024-BLG-2059L b,KMT-2024-BLG-2059L,0.2027
Kepler-240 b,Kepler-240,0.202
TOI-2545 b,TOI-2545,0.2019
EPIC 206024342 d,EPIC 206024342,0.2019
Kepler-1361 b,Kepler-1361,0.2017
MOA-2022-BLG-249L b,MOA-2022-BLG-249L,0.2005
Kepler-1143 b,Kepler-1143,0.2002
Kepler-271 d,Kepler-271,0.2
OGLE-2017-BLG-0448L b,OGLE-2017-BLG-0448L,0.1998
Kepler-159 c,Kepler-159,0.1997
Kepler-271 c,Kepler-271,0.1997
K2-229 b,K2-229,0.1995
Kepler-306 b,Kepler-306,0.199
Kepler-1667 b,Kepler-1667,0.1989
OGLE-2017-BLG-1806L b,OGLE-2017-BLG-1806L,0.1987
Kepler-1414 b,Kepler-1414,0.1978
Kepler-1759 b,Kepler-1759,0.1971
MOA-2013-BLG-605L b,MOA-2013-BLG-605L,0.1968
KMT-2017-BLG-0428L b,KMT-2017-BLG-0428L,0.1965
Kepler-1694 b,Kepler-1694,0.1963
Kepler-1878 b,Kepler-1878,0.1962
Kepler-174 b,Kepler-174,0.1962
Kepler-97 b,Kepler-97,0.1959
Kepler-1470 b,Kepler-1470,0.1958
Kepler-443 b,Kepler-443,0.1957
KMT-2019-BLG-0253L b,KMT-2019-BLG-0253L,0.1956
Kepler-1374 b,Kepler-1374,0.1956
Kepler-1461 b,Kepler-1461,0.1951
HD 191939 g,HD 191939,0.1948
EPIC 201497682 b,EPIC 201497682,0.1947
Kepler-352 b,Kepler-352,0.1939
Kepler-210 c,Kepler-210,0.1932
OGLE-2018-BLG-0977L b,OGLE-2018-BLG-0977L,0.1931
Kepler-1891 b,Kepler-1891,0.1928
Kepler-1578 b,Kepler-1578,0.1927
HIP 54373 c,HIP 54373,0.1927
Kepler-1566 b,Kepler-1566,0.1922
KMT-2019-BLG-0842L b,KMT-2019-BLG-0842L,0.1918
Kepler-1752 b,Kepler-1752,0.1914
Kepler-1459 b,Kepler-1459,0.191
Kepler-1935 b,Kepler-1935,0.1904
HIP 54373 b,HIP 54373,0.1902
Kepler-1157 b,Kepler-1157,0.1895
Kepler-1086 c,Kepler-1086,0.1887
HD 191939 e,HD 191939,0.1887
OGLE-2017-BLG-1434L b,OGLE-2017-BLG-1434L,0.1883
Kepler-237 c,Kepler-237,0.1873
Kepler-888 b,Kepler-888,0.1872
TOI-784 b,HD 307842,0.187
Kepler-224 b,Kepler-224,0.1867
OGLE-2018-BLG-0383L b,OGLE-2018-BLG-0383L,0.1866
Kepler-271 b,Kepler-271,0.1865
PSR B1257+12 b,PSR B1257+12,0.1862
KMT-2017-BLG-1003L b,KMT-2017-BLG-1003L,0.186
HIP 57274 b,HIP 57274,0.186
Kepler-304 d,Kepler-304,0.1855
Kepler-1748 b,Kepler-1748,0.1853
HS Psc b,HS Psc,0.1851
Kepler-326 d,Kepler-326,0.185
HD 48948 d,HD 48948,0.1849
Kepler-675 b,Kepler-675,0.1828
Kepler-1835 b,Kepler-1835,0.1817
Kepler-662 b,Kepler-662,0.1811
Kepler-436 b,Kepler-436,0.1811
Kepler-124 c,Kepler-124,0.1804
Kepler-1022 b,Kepler-1022,0.18
Kepler-1851 b,Kepler-1851,0.1795
Kepler-1766 b,Kepler-1766,0.1793
MOA-2007-BLG-192L b,MOA-2007-BLG-192L,0.1791
Kepler-1266 b,Kepler-1266,0.179
HD 167677 b,HD 167677,0.1787
K2-164 b,K2-164,0.1776
KIC 5437945 b,KIC 5437945,0.1776
KOI-7913 b,KOI-7913 A,0.1768
Kepler-781 b,Kepler-781,0.1764
Kepler-1919 b,Kepler-1919,0.175
EPIC 201833600 c,K2-50,0.175
Kepler-900 b,Kepler-900,0.1749
TOI-2093 b,TOI-2093,0.1748
Kepler-963 c,Kepler-963,0.1746
Kepler-572 b,Kepler-572,0.1743
Kepler-808 b,Kepler-808,0.1735
K2-48 b,K2-48,0.1735
Kepler-1371 b,Kepler-1371,0.1734
Kepler-709 b,Kepler-709,0.1733
KMT-2018-BLG-1025L b,KMT-2018-BLG-1025L,0.1728
Kepler-1536 b,Kepler-1536,0.1725
OGLE-2005-BLG-169L b,OGLE-2005-BLG-169L,0.1725
Kepler-1959 b,Kepler-1959,0.1724
Kepler-876 b,Kepler-876,0.1722
K2-165 b,K2-165,0.1721
Kepler-1053 b,Kepler-1053,0.1718
Kepler-1404 b,Kepler-1404,0.1715
Kepler-1886 b,Kepler-1886,0.1715
Kepler-408 b,Kepler-408,0.171
Kepler-211 c,Kepler-211,0.1708
Kepler-304 b,Kepler-304,0.1707
TOI-1301.01,TOI-1301,0.1706
Kepler-250 b,Kepler-250,0.1706
Kepler-330 b,Kepler-330,0.1704
KOBE-1 b,KOBE-1,0.17
HD 154857 c,HD 154857,0.17
Kepler-1680 b,Kepler-1680,0.1698
Kepler-449 b,Kepler-449,0.1697
Kepler-563 b,Kepler-563,0.1696
Kepler-211 b,Kepler-211,0.1696
KMT-2023-BLG-1431L b,KMT-2023-BLG-1431L,0.1693
Kepler-939 b,Kepler-939,0.1692
Kepler-1191 b,Kepler-1191,0.1691
KMT-2021-BLG-2609L b,KMT-2021-BLG-2609L,0.169
OGLE-2018-BLG-0677L b,OGLE-2018-BLG-0677L,0.169
EPIC 206032309 b,EPIC 206032309,0.1686
TOI-756 c,TOI-756,0.168
Kepler-436 c,Kepler-436,0.1677
KMT-2023-BLG-0416L b,KMT-2023-BLG-0416L,0.1673
Kepler-1039 b,Kepler-1039,0.1673
Kepler-1097 b,Kepler-1097,0.1672
Kepler-338 e,Kepler-338,0.1666
MOA-2009-BLG-266L b,MOA-2009-BLG-266L,0.1664
Kepler-1037 b,Kepler-1037,0.166
HD 154857 b,HD 154857,0.1659
HIP 66074 b,HIP 66074,0.1658
EPIC 201754305 d,K2-16,0.1656
TOI-1180 b,TOI-1180,0.1656
EPIC 206317286 b,EPIC 206317286,0.1654
Kepler-896 b,Kepler-896,0.1653
Kepler-282 d,Kepler-282,0.1649
Kepler-687 b,Kepler-687,0.1649
Kepler-1371 c,Kepler-1371,0.1645
TOI-2141 c,TOI-2141,0.1643
Kepler-1222 b,Kepler-1222,0.1643
Kepler-306 e,Kepler-306,0.1638
Kepler-326 c,Kepler-326,0.1636
OGLE-2017-BLG-0482L b,OGLE-2017-BLG-0482L,0.1634
HD 104985 b,HD 104985,0.1632
Kepler-1114 b,Kepler-1114,0.1629
Kepler-239 c,Kepler-239,0.1628
Kepler-1409 b,Kepler-1409,0.1625
KOI-2513.01,KOI-2513,0.1623
Kepler-665 b,Kepler-665,0.1617
Kepler-352 c,Kepler-352,0.1616
OGLE-2018-BLG-0532L b,OGLE-2018-BLG-0532L,0.1616
EPIC 206317286 c,EPIC 206317286,0.1612
Kepler-531 b,Kepler-531,0.1611
Kepler-716 c,Kepler-716,0.161
Kepler-324 b,Kepler-324,0.1608
Kepler-1108 b,Kepler-1108,0.1602
K2-165 c,K2-165,0.1601
OGLE-2018-BLG-1185L b,OGLE-2018-BLG-1185L,0.1598
Kepler-755 c,Kepler-755,0.1597
Kepler-828 b,Kepler-828,0.1594
Kepler-1197 b,Kepler-1197,0.1592
Kepler-1628 b,Kepler-1628,0.1591
Kepler-1813 b,Kepler-1813,0.1584
Kepler-1521 b,Kepler-1521,0.1584
K2-47 b,K2-47,0.1582
Kepler-239 b,Kepler-239,0.1581
HD 211970 b,HD 211970,0.1579
Kepler-1164 b,Kepler-1164,0.1573
Kepler-1736 b,Kepler-1736,0.1573
Kepler-1379 b,Kepler-1379,0.1572
Kepler-224 e,Kepler-224,0.157
HIP 63242 b,HIP 63242,0.1569
Kepler-1499 b,Kepler-1499,0.1569
Kepler-190 c,Kepler-190,0.1568
PSR B1257+12 d,PSR B1257+12,0.1567
Kepler-1008 b,Kepler-1008,0.1564
Kepler-1134 b,Kepler-1134,0.1563
Kepler-1484 b,Kepler-1484,0.156
Kepler-1026 b,Kepler-1026,0.1558
Kepler-878 b,Kepler-878,0.1555
Kepler-1742 b,Kepler-1742,0.1554
HD 189567 c,HD 189567,0.1552
Kepler-1024 b,Kepler-1024,0.1552
Kepler-1448 b,Kepler-1448,0.1545
Kepler-1130 b,Kepler-1130,0.1544
Kepler-386 b,Kepler-386,0.1543
Kepler-1588 b,Kepler-1588,0.1541
KMT-2021-BLG-0736L b,KMT-2021-BLG-0736L,0.1539
OGLE-2018-BLG-0506L b,OGLE-2018-BLG-0506L,0.1533
HD 189567 b,HD 189567,0.153
HD 136418 b,HD 136418,0.153
Kepler-189 b,Kepler-189,0.153
Kepler-1782 b,Kepler-1782,0.1528
HD 13808 b,HD 13808,0.1527
Kepler-242 c,Kepler-242,0.1521
OGLE-2018-BLG-1126L b,OGLE-2018-BLG-1126L,0.1519
Kepler-357 b,Kepler-357,0.1518
Kepler-1064 b,Kepler-1064,0.1516
Kepler-960 b,Kepler-960,0.1512
Kepler-1692 b,Kepler-1692,0.1509
Kepler-973 b,Kepler-973,0.1507
Kepler-1643 b,Kepler-1643,0.1507
EPIC 201615463 c,K2-166,0.1507
MOA-2012-BLG-505L b,MOA-2012-BLG-505L,0.1505
Kepler-1697 b,Kepler-1697,0.1504
Kepler-1208 b,Kepler-1208,0.1504
Kepler-1492 b,Kepler-1492,0.1503
K2-171 b,K2-171,0.1502
Kepler-1263 b,Kepler-1263,0.1501
Kepler-1241 b,Kepler-1241,0.1499
Kepler-1672 b,Kepler-1672,0.1498
Kepler-1236 b,Kepler-1236,0.1497
Kepler-1579 b,Kepler-1579,0.1495
Kepler-1223 b,Kepler-1223,0.1493
Kepler-1148 b,Kepler-1148,0.1491
KOBE-1 c,KOBE-1,0.149
Kepler-1727 b,Kepler-1727,0.149
Kepler-326 b,Kepler-326,0.1488
EPIC 212499991 b,EPIC 212499991,0.1486
HD 7924 c,HD 7924,0.1481
Kepler-1731 b,Kepler-1731,0.148
OGLE-2017-BLG-1691L b,OGLE-2017-BLG-1691L,0.148
Kepler-1413 b,Kepler-1413,0.1477
Kepler-1392 b,Kepler-1392,0.1476
Kepler-607 b,Kepler-607,0.1474
KIC 9663113 b,KIC 9663113,0.1473
Kepler-1884 b,Kepler-1884,0.1473
Kepler-1529 b,Kepler-1529,0.1471
Kepler-1552 b,Kepler-1552,0.147
Kepler-1173 b,Kepler-1173,0.1469
Kepler-304 e,Kepler-304,0.1467
Kepler-449 c,Kepler-449,0.1466
Kepler-1541 b,Kepler-1541,0.1465
Kepler-1554 b,Kepler-1554,0.1465
Kepler-386 c,Kepler-386,0.1464
Kepler-185 b,Kepler-185,0.1462
Kepler-768 b,Kepler-768,0.1462
Kepler-821 b,Kepler-821,0.146
K2-200 b,K2-200,0.146
Kepler-238 f,Kepler-238,0.1459
KMT-2021-BLG-0171L b,KMT-2021-BLG-0171L,0.1458
OGLE-2008-BLG-092L b,OGLE-2008-BLG-092L,0.1455
Kepler-169 e,Kepler-169,0.1452
Kepler-190 b,Kepler-190,0.1451
Kepler-196 d,Kepler-196,0.1451
Kepler-416 b,Kepler-416,0.145
Kepler-1205 b,Kepler-1205,0.1446
Kepler-1343 b,Kepler-1343,0.1445
Kepler-1544 b,Kepler-1544,0.1444
Kepler-941 b,Kepler-941,0.1443
Kepler-247 b,Kepler-247,0.1442
Kepler-328 b,Kepler-328,0.1442
Kepler-240 c,Kepler-240,0.1438
Kepler-1356 b,Kepler-1356,0.1438
Kepler-1324 b,Kepler-1324,0.1437
PSR B1257+12 c,PSR B1257+12,0.1435
K2-395 b,K2-395,0.1434
Kepler-306 d,Kepler-306,0.1428
Kepler-1559 b,Kepler-1559,0.1426
Kepler-306 c,Kepler-306,0.1425
Kepler-1034 b,Kepler-1034,0.1423
Kepler-137 b,Kepler-137,0.1421
Kepler-1489 b,Kepler-1489,0.1417
Kepler-1029 b,Kepler-1029,0.1416
Kepler-1179 b,Kepler-1179,0.1416
Kepler-1532 b,Kepler-1532,0.1416
Kepler-1702 b,Kepler-1702,0.1415
Kepler-169 f,Kepler-169,0.1414
Kepler-305 e,Kepler-305,0.1413
Kepler-1151 b,Kepler-1151,0.1413
Kepler-717 b,Kepler-717,0.1413
Kepler-1296 b,Kepler-1296,0.1411
Kepler-1027 b,Kepler-1027,0.1409
Kepler-944 b,Kepler-944,0.1408
HD 136925 b,HD 136925,0.1405
Kepler-1028 b,Kepler-1028,0.1402
Kepler-738 b,Kepler-738,0.1401
Kepler-916 b,Kepler-916,0.14
OGLE-2015-BLG-1670L b,OGLE-2015-BLG-1670L,0.14
TAP 26 b,TAP 26,0.1399
Kepler-1387 b,Kepler-1387,0.1399
Kepler-1291 b,Kepler-1291,0.1389
MOA-2016-BLG-526L b,MOA-2016-BLG-526L,0.1389
Kepler-600 b,Kepler-600,0.1388
Kepler-1143 c,Kepler-1143,0.1387
Kepler-1481 b,Kepler-1481,0.1385
Kepler-755 b,Kepler-755,0.1384
Kepler-995 b,Kepler-995,0.1383
K2-398 c,K2-398,0.1379
Kepler-246 c,Kepler-246,0.1378
Kepler-1595 b,Kepler-1595,0.1378
Kepler-106 b,Kepler-106,0.1374
Kepler-1787 b,Kepler-1787,0.1373
Kepler-261 c,Kepler-261,0.1372
Kepler-1257 b,Kepler-1257,0.137
OGLE-2007-BLG-368L b,OGLE-2007-BLG-368L,0.1369
Kepler-1644 b,Kepler-1644,0.1362
Kepler-681 b,Kepler-681,0.1356
Kepler-693 b,Kepler-693,0.1355
Kepler-845 b,Kepler-845,0.1352
Kepler-196 b,Kepler-196,0.1347
Kepler-614 b,Kepler-614,0.1345
Kepler-1604 b,Kepler-1604,0.1344
Kepler-877 b,Kepler-877,0.1343
MOA-2011-BLG-028L b,MOA-2011-BLG-028L,0.134
Kepler-113 b,Kepler-113,0.1339
Kepler-1482 b,Kepler-1482,0.1339
K2-376 b,K2-376,0.1339
Kepler-277 b,Kepler-277,0.1338
Kepler-36 b,Kepler-36,0.1333
MOA-2010-BLG-328L b,MOA-2010-BLG-328L,0.1332
KMT-2022-BLG-0440L b,KMT-2022-BLG-0440L,0.1331
Kepler-224 d,Kepler-224,0.1328
Kepler-1253 b,Kepler-1253,0.1328
Kepler-800 b,Kepler-800,0.1328
Kepler-533 b,Kepler-533,0.1327
Kepler-790 b,Kepler-790,0.1327
OGLE-2015-BLG-0966L b,OGLE-2015-BLG-0966L,0.1323
Kepler-330 c,Kepler-330,0.132
K2-65 b,K2-65,0.1316
Kepler-432 c,Kepler-432,0.1315
TOI-1798.02,TOI-1798,0.131
Kepler-176 b,Kepler-176,0.1307
Kepler-191 b,Kepler-191,0.1307
Kepler-106 d,Kepler-106,0.1307
Kepler-305 d,Kepler-305,0.1306
Kepler-558 b,Kepler-558,0.1306
Kepler-1844 b,Kepler-1844,0.1305
Kepler-314 b,Kepler-314,0.1303
Kepler-1545 b,Kepler-1545,0.1302
Kepler-152 c,Kepler-152,0.1295
HD 32518 b,HD 32518,0.1293
Kepler-1854 b,Kepler-1854,0.1293
Kepler-161 c,Kepler-161,0.1291
Kepler-260 c,Kepler-260,0.129
Kepler-1030 b,Kepler-1030,0.129
OGLE-2011-BLG-0173L b,OGLE-2011-BLG-0173L,0.1286
Kepler-113 c,Kepler-113,0.1284
MOA-2020-BLG-135L b,MOA-2020-BLG-135L,0.1284
Kepler-191 d,Kepler-191,0.128
WASP-49 b,WASP-49,0.1276
Kepler-1809 b,Kepler-1809,0.1275
V830 Tau b,V830 Tau,0.1268
Kepler-1507 b,Kepler-1507,0.1265
HD 7924 d,HD 7924,0.1265
HD 4917 b,HD 4917,0.1264
Kepler-1605 b,Kepler-1605,0.1263
Kepler-1890 b,Kepler-1890,0.1261
KOI-1599.02,KOI-1599,0.1254
HD 190984 b,HD 190984,0.1252
Kepler-1317 b,Kepler-1317,0.1251
OGLE-2018-BLG-0516L b,OGLE-2018-BLG-0516L,0.125
Kepler-1934 b,Kepler-1934,0.1245
K2-395 c,K2-395,0.1244
K2-59 c,K2-59,0.1243
Kepler-649 b,Kepler-649,0.1241
K2-165 d,K2-165,0.124
EPIC 201238110 b,EPIC 201238110,0.124
Kepler-245 c,Kepler-245,0.1237
Kepler-1963 b,Kepler-1963,0.1235
K2-59 b,K2-59,0.1234
Kepler-161 b,Kepler-161,0.1231
Kepler-1689 b,Kepler-1689,0.1229
HD 87646 b,HD 87646,0.1228
KMT-2024-BLG-1281L b,KMT-2024-BLG-1281L,0.1227
Kepler-196 c,Kepler-196,0.1226
HD 192310 c,HD 192310,0.1221
Kepler-137 c,Kepler-137,0.1218
Kepler-659 b,Kepler-659,0.1218
Kepler-851 b,Kepler-851,0.1218
K2-403 b,K2-403,0.1215
Kepler-601 b,Kepler-601,0.1215
Kepler-1393 b,Kepler-1393,0.1215
Kepler-1865 b,Kepler-1865,0.1213
Kepler-139 d,Kepler-139,0.1211
Kepler-253 b,Kepler-253,0.1207
Kepler-477 b,Kepler-477,0.1205
KMT-2023-BLG-0830L b,KMT-2023-BLG-0830L,0.1205
Kepler-261 b,Kepler-261,0.1204
Kepler-1304 b,Kepler-1304,0.12
Kepler-1095 b,Kepler-1095,0.12
KMT-2017-BLG-1057L b,KMT-2017-BLG-1057L,0.1198
Kepler-1945 b,Kepler-1945,0.1196
Kepler-1899 b,Kepler-1899,0.1195
HD 94834 b,HD 94834,0.1194
Kepler-934 b,Kepler-934,0.1189
HD 222155 b,HD 222155,0.1186
Kepler-1355 b,Kepler-1355,0.1186
Kepler-145 b,Kepler-145,0.1186
HD 13808 c,HD 13808,0.1184
Kepler-1724 b,Kepler-1724,0.1182
Kepler-292 b,Kepler-292,0.1182
Kepler-931 b,Kepler-931,0.118
Kepler-1498 b,Kepler-1498,0.118
KMT-2017-BLG-0165L b,KMT-2017-BLG-0165L,0.118
Kepler-1860 b,Kepler-1860,0.1175
rho CrB d,rho CrB,0.1172
Kepler-195 c,Kepler-195,0.117
Kepler-1583 b,Kepler-1583,0.117
Kepler-1322 b,Kepler-1322,0.1169
AU Mic d,AU Mic,0.1168
WASP-78 b,WASP-78,0.1166
Kepler-859 b,Kepler-859,0.1166
K2-170 b,K2-170,0.1163
TOI-1174 b,TOI-1174,0.116
Kepler-66 b,Kepler-66,0.1158
K2-371 b,K2-371,0.1158
Kepler-114 c,Kepler-114,0.1157
Kepler-322 b,Kepler-322,0.1156
Kepler-242 b,Kepler-242,0.1156
Kepler-181 b,Kepler-181,0.1155
Kepler-399 b,Kepler-399,0.1154
HD 192310 b,HD 192310,0.1152
Kepler-763 b,Kepler-763,0.115
Kepler-967 b,Kepler-967,0.1148
Kepler-285 c,Kepler-285,0.1145
rho CrB c,rho CrB,0.1144
Kepler-357 c,Kepler-357,0.1143
TOI-2211.01,TOI-2211,0.1142
WASP-47 e,WASP-47,0.1141
Kepler-752 b,Kepler-752,0.114
Kepler-1062 b,Kepler-1062,0.1139
Kepler-1540 b,Kepler-1540,0.1139
Kepler-819 b,Kepler-819,0.1139
HD 206610 b,HD 206610,0.1137
Kepler-85 d,Kepler-85,0.1134
Kepler-1281 b,Kepler-1281,0.1133
EPIC 206024342 b,EPIC 206024342,0.1133
Kepler-679 b,Kepler-679,0.1133
OGLE-2018-BLG-0596L b,OGLE-2018-BLG-0596L,0.1132
Kepler-272 b,Kepler-272,0.1128
Kepler-813 b,Kepler-813,0.1128
HD 75784 b,HD 75784,0.1127
KMT-2021-BLG-1253L b,KMT-2021-BLG-1253L,0.1127
K2-227 b,K2-227,0.1122
HD 63765 b,HD 63765,0.1122
rho CrB b,rho CrB,0.1121
TOI-2141 d,TOI-2141,0.1119
HD 131496 b,HD 131496,0.1119
Kepler-1310 b,Kepler-1310,0.1118
HD 114386 b,HD 114386,0.1118
KMT-2019-BLG-0953L b,KMT-2019-BLG-0953L,0.1118
Kepler-229 b,Kepler-229,0.1117
Kepler-511 c,Kepler-511,0.1116
Kepler-85 e,Kepler-85,0.1116
Kepler-879 c,Kepler-879,0.1115
Kepler-1665 b,Kepler-1665,0.1114
Kepler-292 c,Kepler-292,0.1114
Kepler-1247 b,Kepler-1247,0.1113
Kepler-1315 b,Kepler-1315,0.1113
Kepler-1918 b,Kepler-1918,0.1113
Kepler-250 d,Kepler-250,0.1112
Kepler-156 b,Kepler-156,0.1111
Kepler-566 b,Kepler-566,0.1109
Kepler-567 b,Kepler-567,0.1108
Kepler-185 c,Kepler-185,0.1107
KMT-2024-BLG-2242L b,KMT-2024-BLG-2242L,0.1105
Kepler-589 c,Kepler-589,0.1103
HD 96700 d,HD 96700,0.1101
rho CrB e,rho CrB,0.1099
eps CrB b,eps CrB,0.1099
Kepler-634 b,Kepler-634,0.1096
OGLE-2012-BLG-0026L b,OGLE-2012-BLG-0026L,0.1096
Kepler-1596 b,Kepler-1596,0.1092
Kepler-290 b,Kepler-290,0.1092
KMT-2019-BLG-1216L b,KMT-2019-BLG-1216L,0.1092
Kepler-1794 b,Kepler-1794,0.1091
HD 51608 c,HD 51608,0.1091
HD 5319 b,HD 5319,0.109
Kepler-1020 b,Kepler-1020,0.109
Kepler-684 b,Kepler-684,0.1088
KMT-2022-BLG-1818L c,KMT-2022-BLG-1818L,0.1088
Kepler-1793 b,Kepler-1793,0.1087
HD 99706 b,HD 99706,0.1085
HD 108863 b,HD 108863,0.1083
Kepler-243 c,Kepler-243,0.1081
Kepler-721 b,Kepler-721,0.1079
Kepler-647 b,Kepler-647,0.1079
Kepler-282 e,Kepler-282,0.1079
Kepler-547 b,Kepler-547,0.1079
Kepler-1301 b,Kepler-1301,0.1076
OGLE-2012-BLG-0838L b,OGLE-2012-BLG-0838L,0.1075
Kepler-221 b,Kepler-221,0.1075
Kepler-775 b,Kepler-775,0.1074
Kepler-156 c,Kepler-156,0.1073
Kepler-149 c,Kepler-149,0.1072
Kepler-1270 b,Kepler-1270,0.1072
HD 5319 c,HD 5319,0.1072
Kepler-1755 b,Kepler-1755,0.1069
HD 31527 d,HD 31527,0.1069
Kepler-414 b,Kepler-414,0.1067
Kepler-1083 b,Kepler-1083,0.1066
HD 96700 c,HD 96700,0.1064
Kepler-389 c,Kepler-389,0.1064
Kepler-36 c,Kepler-36,0.1063
BD+20 594 b,BD+20 594,0.1061
Kepler-57 c,Kepler-57,0.106
Kepler-1234 b,Kepler-1234,0.1059
Kepler-815 b,Kepler-815,0.1057
HAT-P-26 b,HAT-P-26,0.1054
Kepler-1284 b,Kepler-1284,0.1053
Kepler-1753 b,Kepler-1753,0.1053
Kepler-954 b,Kepler-954,0.1053
Kepler-1309 b,Kepler-1309,0.1051
HD 96700 b,HD 96700,0.105
WASP-77 A b,WASP-77 A,0.105
HD 51608 b,HD 51608,0.105
Kepler-258 c,Kepler-258,0.105
KMT-2023-BLG-0735L b,KMT-2023-BLG-0735L,0.1048
K2-170 c,K2-170,0.1046
Kepler-1014 b,Kepler-1014,0.1045
Kepler-861 b,Kepler-861,0.1044
Kepler-1043 b,Kepler-1043,0.1041
KOI-1599.01,KOI-1599,0.104
Kepler-971 b,Kepler-971,0.104
Kepler-1570 b,Kepler-1570,0.1038
Kepler-951 b,Kepler-951,0.1037
Kepler-599 b,Kepler-599,0.1037
Kepler-46 d,Kepler-46,0.1036
Kepler-1090 b,Kepler-1090,0.1035
Kepler-191 c,Kepler-191,0.1035
Kepler-742 b,Kepler-742,0.1033
HD 79181 b,HD 79181,0.1033
MOA-2011-BLG-262L b,MOA-2011-BLG-262L,0.1032
OGLE-2019-BLG-1492L b,OGLE-2019-BLG-1492L,0.1031
Kepler-668 b,Kepler-668,0.103
Kepler-751 b,Kepler-751,0.103
HD 30856 b,HD 30856,0.103
HD 31527 c,HD 31527,0.1029
Kepler-1467 b,Kepler-1467,0.1029
Kepler-1245 b,Kepler-1245,0.1027
Kepler-1512 b,Kepler-1512,0.1026
KMT-2021-BLG-0912L b,KMT-2021-BLG-0912L,0.1026
Kepler-975 b,Kepler-975,0.1026
Kepler-1627 b,Kepler-1627,0.1026
Kepler-166 d,Kepler-166,0.1025
Kepler-132 e,Kepler-132,0.1024
Kepler-1245 c,Kepler-1245,0.1023
Kepler-907 b,Kepler-907,0.1021
Kepler-989 b,Kepler-989,0.1021
Kepler-1357 b,Kepler-1357,0.1019
NGC 2682 Sand 978 b,NGC 2682 Sand 978,0.1015
Kepler-250 c,Kepler-250,0.1012
Kepler-478 b,Kepler-478,0.1012
Kepler-479 b,Kepler-479,0.1011
Kepler-1806 b,Kepler-1806,0.1011
Kepler-726 b,Kepler-726,0.1009
Kepler-245 b,Kepler-245,0.1009
Kepler-1206 b,Kepler-1206,0.1008
HD 31527 b,HD 31527,0.1007
OGLE-2012-BLG-0950L b,OGLE-2012-BLG-0950L,0.1006
EPIC 212424622 b,EPIC 212424622,0.1006
Kepler-384 c,Kepler-384,0.1003
Kepler-921 b,Kepler-921,0.1003
Kepler-932 b,Kepler-932,0.1002
HD 95089 b,HD 95089,0.1002
Kepler-152 b,Kepler-152,0.1001
Kepler-10 d,Kepler-10,0.1001
Kepler-179 b,Kepler-179,0.1001
KOI-351 g,KOI-351,0.0998
KELT-6 c,KELT-6,0.0997
HD 98219 b,HD 98219,0.0996
Kepler-1013 b,Kepler-1013,0.0996
Kepler-1400 b,Kepler-1400,0.0996
Kepler-1846 b,Kepler-1846,0.0995
HD 290327 b,HD 290327,0.0995
HD 10442 b,HD 10442,0.0993
Kepler-968 c,Kepler-968,0.0992
Kepler-882 b,Kepler-882,0.0987
Kepler-289 e,Kepler-289,0.0986
Kepler-165 c,Kepler-165,0.0984
Kepler-1575 b,Kepler-1575,0.0983
Kepler-1754 b,Kepler-1754,0.0982
Kepler-764 b,Kepler-764,0.0981
Kepler-712 b,Kepler-712,0.0979
Kepler-776 b,Kepler-776,0.0979
Kepler-578 b,Kepler-578,0.0979
Kepler-946 b,Kepler-946,0.0977
Kepler-1125 b,Kepler-1125,0.0977
Kepler-1004 b,Kepler-1004,0.0976
Kepler-272 c,Kepler-272,0.0976
Kepler-260 b,Kepler-260,0.0974
OGLE-2018-BLG-0298L b,OGLE-2018-BLG-0298L,0.0973
Kepler-290 c,Kepler-290,0.0972
Kepler-1261 b,Kepler-1261,0.097
Kepler-496 b,Kepler-496,0.097
Kepler-947 b,Kepler-947,0.097
BD+15 2375 b,BD+15 2375,0.0968
UCAC3 113-933 b,UCAC3 113-933,0.0968
Kepler-832 b,Kepler-832,0.0966
KMT-2021-BLG-2294L b,KMT-2021-BLG-2294L,0.0966
HD 4313 b,HD 4313,0.0964
Kepler-484 b,Kepler-484,0.0964
Kepler-417 b,Kepler-417,0.0961
K2-172 b,K2-172,0.0961
Kepler-285 b,Kepler-285,0.096
HIP 5158 b,HIP 5158,0.0959
Kepler-148 b,Kepler-148,0.0959
Kepler-224 c,Kepler-224,0.0957
TCP J05074264+2447555 b,TCP J05074264+2447555,0.0957
Kepler-177 b,Kepler-177,0.0957
HD 1502 b,HD 1502,0.0955
HD 72490 b,HD 72490,0.0954
Kepler-357 d,Kepler-357,0.0954
Kepler-384 b,Kepler-384,0.095
Kepler-118 b,Kepler-118,0.095
HD 60532 c,HD 60532,0.0948
Kepler-1446 b,Kepler-1446,0.0947
Kepler-396 b,Kepler-396,0.0947
KMT-2023-BLG-0469L b,KMT-2023-BLG-0469L,0.0946
Kepler-1107 b,Kepler-1107,0.0946
K2-210 b,K2-210,0.0945
Kepler-1081 b,Kepler-1081,0.0945
Kepler-277 c,Kepler-277,0.0945
KMT-2021-BLG-0712L b,KMT-2021-BLG-0712L,0.0945
Kepler-711 b,Kepler-711,0.0944
Kepler-389 b,Kepler-389,0.0944
MOA-2020-BLG-208L b,MOA-2020-BLG-208L,0.0943
HD 18742 b,HD 18742,0.0943
HD 60532 b,HD 60532,0.0943
TOI-1798.01,TOI-1798,0.0943
HD 73534 b,HD 73534,0.0942
Kepler-245 d,Kepler-245,0.0942
KMT-2024-BLG-1044L b,KMT-2024-BLG-1044L,0.0942
Kepler-868 b,Kepler-868,0.0942
Kepler-279 d,Kepler-279,0.0942
HD 181342 b,HD 181342,0.094
HD 14787 b,HD 14787,0.0937
Kepler-841 b,Kepler-841,0.0936
MOA-2008-BLG-310L b,MOA-2008-BLG-310L,0.0932
MOA-2011-BLG-291L b,MOA-2011-BLG-291L,0.093
TYC 1422-614-1 c,TYC 1422-614-1,0.0928
Kepler-83 c,Kepler-83,0.0925
HD 180902 b,HD 180902,0.0924
Kepler-1539 b,Kepler-1539,0.0923
HD 95089 c,HD 95089,0.0922
HD 70573 b,HD 70573,0.0921
Kepler-725 c,Kepler-725,0.0919
K2-161 b,K2-161,0.0918
HD 147379 b,HD 147379,0.0918
Kepler-1021 b,Kepler-1021,0.0918
Kepler-716 b,Kepler-716,0.0916
Kepler-1619 b,Kepler-1619,0.0916
Kepler-165 b,Kepler-165,0.0914
HD 28678 b,HD 28678,0.0913
Kepler-1582 b,Kepler-1582,0.0913
Kepler-158 d,Kepler-158,0.0909
K2-187 b,K2-187,0.0907
Kepler-968 b,Kepler-968,0.0906
Kepler-399 c,Kepler-399,0.0906
Kepler-967 c,Kepler-967,0.0905
Kepler-1958 b,Kepler-1958,0.0905
Kepler-656 b,Kepler-656,0.0905
Kepler-1362 b,Kepler-1362,0.0904
Kepler-84 b,Kepler-84,0.0904
Kepler-282 b,Kepler-282,0.0902
KMT-2021-BLG-0320L b,KMT-2021-BLG-0320L,0.0902
Kepler-189 c,Kepler-189,0.0901
K2-58 d,K2-58,0.0899
Kepler-761 b,Kepler-761,0.0896
HD 102956 b,HD 102956,0.0896
Kepler-119 c,Kepler-119,0.0895
K2-179 b,K2-179,0.0893
KOI-7368 b,KOI-7368,0.0889
Kepler-246 b,Kepler-246,0.0889
HD 168746 b,HD 168746,0.0888
Kepler-1010 b,Kepler-1010,0.0887
Kepler-1490 b,Kepler-1490,0.0887
KOI-351 b,KOI-351,0.0887
KOI-351 c,KOI-351,0.0887
K2-80 c,K2-80,0.0886
Kepler-1045 b,Kepler-1045,0.0886
Kepler-1593 b,Kepler-1593,0.0885
TYC 1422-614-1 b,TYC 1422-614-1,0.0885
Kepler-532 b,Kepler-532,0.0884
HD 69830 d,HD 69830,0.0883
Kepler-84 c,Kepler-84,0.0882
HD 200964 b,HD 200964,0.0881
HD 75784 c,HD 75784,0.0879
KMT-2021-BLG-0192L b,KMT-2021-BLG-0192L,0.0879
HD 47536 b,HD 47536,0.0879
Kepler-1520 b,Kepler-1520,0.0879
Kepler-179 c,Kepler-179,0.0879
Kepler-258 b,Kepler-258,0.0876
Kepler-295 c,Kepler-295,0.0875
Kepler-176 d,Kepler-176,0.0874
K2-187 c,K2-187,0.0873
Kepler-85 b,Kepler-85,0.0873
Kepler-81 c,Kepler-81,0.0872
Kepler-263 c,Kepler-263,0.0872
Kepler-85 c,Kepler-85,0.0868
HD 112570 b,HD 112570,0.0867
Kepler-1381 b,Kepler-1381,0.0867
Kepler-177 c,Kepler-177,0.0866
Kepler-1185 b,Kepler-1185,0.0866
Kepler-322 c,Kepler-322,0.0865
HD 200964 c,HD 200964,0.0865
Kepler-1320 b,Kepler-1320,0.0863
Kepler-646 b,Kepler-646,0.0863
Kepler-1162 b,Kepler-1162,0.0863
Kepler-121 c,Kepler-121,0.0862
OGLE-2017-BLG-0364L b,OGLE-2017-BLG-0364L,0.0861
HD 238914 b,HD 238914,0.0861
HD 212771 b,HD 212771,0.086
K2-390 b,K2-390,0.0858
HD 76920 b,HD 76920,0.0857
HD 175541 b,HD 175541,0.0855
Kepler-276 d,Kepler-276,0.0855
Kepler-19 c,Kepler-19,0.0855
HD 215152 b,HD 215152,0.0855
HD 15337 b,HD 15337,0.0853
EPIC 201427007 b,EPIC 201427007,0.0852
HD 64121 b,HD 64121,0.0851
HD 154345 b,HD 154345,0.0847
HD 69830 c,HD 69830,0.0847
KELT-6 b,KELT-6,0.0846
Kepler-1166 b,Kepler-1166,0.0846
Kepler-1847 b,Kepler-1847,0.0846
Kepler-957 b,Kepler-957,0.0846
Kepler-1506 b,Kepler-1506,0.0844
Kepler-1960 b,Kepler-1960,0.084
HD 564 b,HD 564,0.0839
Kepler-195 b,Kepler-195,0.0838
HD 96063 b,HD 96063,0.0838
K2-64 b,K2-64,0.0837
K2-372 b,K2-372,0.0837
Kepler-549 b,Kepler-549,0.0832
Kepler-226 d,Kepler-226,0.0831
Kepler-282 c,Kepler-282,0.0828
HD 69830 b,HD 69830,0.0828
K2-58 c,K2-58,0.0826
Kepler-243 b,Kepler-243,0.0826
Kepler-747 b,Kepler-747,0.0826
Kepler-1258 b,Kepler-1258,0.0825
Kepler-1132 b,Kepler-1132,0.0824
Kepler-1522 b,Kepler-1522,0.0823
Kepler-1489 c,Kepler-1489,0.0823
Kepler-782 b,Kepler-782,0.0818
Kepler-272 d,Kepler-272,0.0818
Kepler-253 c,Kepler-253,0.0818
Kepler-181 c,Kepler-181,0.0818
Kepler-1888 b,Kepler-1888,0.0817
Kepler-1796 b,Kepler-1796,0.0817
Kepler-1251 b,Kepler-1251,0.0817
Kepler-257 b,Kepler-257,0.0816
Kepler-1001 c,Kepler-1001,0.0816
Kepler-251 b,Kepler-251,0.0815
Kepler-826 b,Kepler-826,0.0814
Kepler-292 f,Kepler-292,0.0814
Kepler-1721 b,Kepler-1721,0.0813
TOI-2537 c,TOI-2537,0.0812
Kepler-295 b,Kepler-295,0.0812
HD 215152 c,HD 215152,0.0811
Kepler-92 b,Kepler-92,0.0809
Kepler-176 c,Kepler-176,0.0807
HD 192699 b,HD 192699,0.0807
HD 152581 b,HD 152581,0.0806
Kepler-295 d,Kepler-295,0.0805
KMT-2021-BLG-0240L b,KMT-2021-BLG-0240L,0.0805
Kepler-925 b,Kepler-925,0.0804
Kepler-712 c,Kepler-712,0.0804
Kepler-922 b,Kepler-922,0.0804
Kepler-292 d,Kepler-292,0.0803
Kepler-933 b,Kepler-933,0.0802
Kepler-979 b,Kepler-979,0.08
Kepler-221 e,Kepler-221,0.08
Kepler-1829 b,Kepler-1829,0.08
Kepler-1454 b,Kepler-1454,0.0799
Kepler-1815 b,Kepler-1815,0.0797
Kepler-598 b,Kepler-598,0.0796
BD+05 4868 A b,BD+05 4868 A,0.0795
Kepler-350 d,Kepler-350,0.0793
K2-382 b,K2-382,0.0793
Kepler-1869 b,Kepler-1869,0.0793
Kepler-81 b,Kepler-81,0.0792
Kepler-785 b,Kepler-785,0.0792
Kepler-519 b,Kepler-519,0.079
Kepler-942 b,Kepler-942,0.079
HD 15337 c,HD 15337,0.0789
Kepler-414 c,Kepler-414,0.0788
Kepler-1071 b,Kepler-1071,0.0787
Kepler-587 b,Kepler-587,0.0787
Kepler-499 b,Kepler-499,0.0786
Kepler-339 d,Kepler-339,0.0785
Kepler-150 b,Kepler-150,0.0785
Kepler-106 e,Kepler-106,0.0785
KMT-2021-BLG-1372L b,KMT-2021-BLG-1372L,0.0784
Kepler-1797 b,Kepler-1797,0.0784
Kepler-1437 b,Kepler-1437,0.0783
Kepler-176 e,Kepler-176,0.0783
K2-195 c,K2-195,0.0783
Kepler-1302 b,Kepler-1302,0.0783
Kepler-11 f,Kepler-11,0.0782
Kepler-1038 b,Kepler-1038,0.0782
Kepler-363 b,Kepler-363,0.0781
Kepler-324 c,Kepler-324,0.078
Kepler-276 c,Kepler-276,0.078
Kepler-106 c,Kepler-106,0.0775
Kepler-549 c,Kepler-549,0.0774
OGLE-2013-BLG-0132L b,OGLE-2013-BLG-0132L,0.0774
Kepler-218 b,Kepler-218,0.0771
Kepler-397 b,Kepler-397,0.077
Kepler-339 c,Kepler-339,0.077
Kepler-1425 b,Kepler-1425,0.0769
Kepler-495 b,Kepler-495,0.0768
Kepler-1377 b,Kepler-1377,0.0768
Kepler-97 c,Kepler-97,0.0767
Kepler-1332 b,Kepler-1332,0.0766
HD 330075 b,HD 330075,0.0766
Kepler-19 d,Kepler-19,0.0765
HD 166724 b,HD 166724,0.0764
Kepler-1018 b,Kepler-1018,0.0764
Kepler-786 b,Kepler-786,0.0762
Kepler-529 d,Kepler-529,0.0762
Kepler-783 b,Kepler-783,0.0758
HD 125595 b,HD 125595,0.0758
K2-187 e,K2-187,0.0756
WASP-54 b,WASP-54,0.0756
KMT-2022-BLG-0371L b,KMT-2022-BLG-0371L,0.0755
Kepler-523 b,Kepler-523,0.0755
Kepler-1906 b,Kepler-1906,0.0755
Kepler-263 b,Kepler-263,0.0752
Kepler-977 b,Kepler-977,0.0751
WASP-131 b,WASP-131,0.0751
Kepler-594 b,Kepler-594,0.075
Kepler-286 d,Kepler-286,0.075
Kepler-399 d,Kepler-399,0.0748
Kepler-605 c,Kepler-605,0.0746
Kepler-1887 b,Kepler-1887,0.0746
Kepler-1402 b,Kepler-1402,0.0744
K2-132 b,K2-132,0.0744
Kepler-82 d,Kepler-82,0.0744
Kepler-221 d,Kepler-221,0.0743
HD 22532 b,HD 22532,0.0741
Kepler-1287 b,Kepler-1287,0.0741
HD 215152 d,HD 215152,0.074
Kepler-1726 b,Kepler-1726,0.074
HD 285507 b,HD 285507,0.0738
Kepler-739 b,Kepler-739,0.0738
Kepler-1359 b,Kepler-1359,0.0737
Kepler-286 b,Kepler-286,0.0735
Kepler-1534 b,Kepler-1534,0.0734
Kepler-651 b,Kepler-651,0.0734
Kepler-1211 b,Kepler-1211,0.0733
Kepler-387 c,Kepler-387,0.0733
Kepler-1235 b,Kepler-1235,0.0733
HR 8799 d,HR 8799,0.0729
Kepler-1946 b,Kepler-1946,0.0729
Kepler-629 b,Kepler-629,0.0728
K2-80 b,K2-80,0.0727
Kepler-883 b,Kepler-883,0.0723
K2-375 b,K2-375,0.0722
Kepler-317 c,Kepler-317,0.0722
Kepler-382 b,Kepler-382,0.0722
Kepler-248 b,Kepler-248,0.0722
Kepler-710 b,Kepler-710,0.0721
Kepler-121 b,Kepler-121,0.0721
Kepler-92 c,Kepler-92,0.0719
Kepler-1897 b,Kepler-1897,0.0718
HIP 109600 b,HIP 109600,0.0718
Kepler-899 b,Kepler-899,0.0718
Kepler-1313 b,Kepler-1313,0.0717
Kepler-245 e,Kepler-245,0.0717
Kepler-404 b,Kepler-404,0.0716
Kepler-1175 b,Kepler-1175,0.0715
Kepler-1194 b,Kepler-1194,0.0714
Kepler-1122 b,Kepler-1122,0.0714
Kepler-589 b,Kepler-589,0.0714
Kepler-229 d,Kepler-229,0.0713
Kepler-743 b,Kepler-743,0.0713
Kepler-1226 b,Kepler-1226,0.0712
Kepler-636 b,Kepler-636,0.0711
Kepler-286 c,Kepler-286,0.0709
Kepler-1092 b,Kepler-1092,0.0709
Kepler-362 b,Kepler-362,0.0709
Kepler-1701 b,Kepler-1701,0.0708
MOA-2009-BLG-319L b,MOA-2009-BLG-319L,0.0708
Kepler-105 c,Kepler-105,0.0707
TOI-5789 b,TOI-5789,0.0707
Kepler-1471 b,Kepler-1471,0.0707
Kepler-82 f,Kepler-82,0.0705
Kepler-253 d,Kepler-253,0.0704
Kepler-783 c,Kepler-783,0.0702
HD 233604 b,HD 233604,0.07
WASP-23 b,WASP-23,0.07
11 Com b,11 Com,0.0699
Kepler-770 c,Kepler-770,0.0699
Kepler-60 b,Kepler-60,0.0699
KMT-2019-BLG-1042L b,KMT-2019-BLG-1042L,0.0698
Kepler-1102 b,Kepler-1102,0.0698
Kepler-1642 c,Kepler-1642,0.0698
Kepler-1911 b,Kepler-1911,0.0696
OGLE-2014-BLG-1722L b,OGLE-2014-BLG-1722L,0.0696
Kepler-938 b,Kepler-938,0.0694
TOI-2048 b,TOI-2048,0.0693
Kepler-539 c,Kepler-539,0.0693
Kepler-292 e,Kepler-292,0.0692
HD 63454 b,HD 63454,0.0691
Kepler-83 b,Kepler-83,0.0691
HD 42618 b,HD 42618,0.0691
Kepler-247 d,Kepler-247,0.069
Kepler-319 b,Kepler-319,0.0689
Kepler-60 c,Kepler-60,0.0689
Kepler-151 c,Kepler-151,0.0688
Kepler-255 d,Kepler-255,0.0686
Kepler-1500 b,Kepler-1500,0.0683
HD 180053 b,HD 180053,0.0683
Kepler-1032 b,Kepler-1032,0.0682
Kepler-60 d,Kepler-60,0.0681
OGLE-2018-BLG-1212L b,OGLE-2018-BLG-1212L,0.0679
Kepler-233 c,Kepler-233,0.0679
KMT-2022-BLG-0303L b,KMT-2022-BLG-0303L,0.0679
Kepler-1466 b,Kepler-1466,0.0679
Kepler-530 b,Kepler-530,0.0677
Kepler-299 b,Kepler-299,0.0676
Kepler-166 c,Kepler-166,0.0675
Kepler-1684 b,Kepler-1684,0.0675
K2-172 c,K2-172,0.0674
OGLE-2006-BLG-109L c,OGLE-2006-BLG-109L,0.0672
HD 158259 b,HD 158259,0.0672
WASP-67 b,WASP-67,0.0672
Kepler-1297 b,Kepler-1297,0.0672
Kepler-255 b,Kepler-255,0.0671
Kepler-221 c,Kepler-221,0.0671
Kepler-1683 b,Kepler-1683,0.0668
TOI-5789 d,TOI-5789,0.0668
KMT-2021-BLG-1554L b,KMT-2021-BLG-1554L,0.0668
HD 41004 B b,HD 41004 B,0.0668
Kepler-1611 b,Kepler-1611,0.0667
Kepler-233 b,Kepler-233,0.0667
Kepler-623 b,Kepler-623,0.0666
Kepler-770 d,Kepler-770,0.0665
TOI-1758 b,TOI-1758,0.0664
HD 173416 b,HD 173416,0.0664
Kepler-1695 b,Kepler-1695,0.0661
Kepler-1214 b,Kepler-1214,0.066
Kepler-153 c,Kepler-153,0.0659
Kepler-226 b,Kepler-226,0.0659
OGLE-2018-BLG-0567L b,OGLE-2018-BLG-0567L,0.0659
K2-86 b,K2-86,0.0658
Kepler-1277 b,Kepler-1277,0.0658
Kepler-286 e,Kepler-286,0.0657
OGLE-2017-BLG-0406L b,OGLE-2017-BLG-0406L,0.0656
Kepler-382 c,Kepler-382,0.0656
Kepler-1399 b,Kepler-1399,0.0656
OGLE-2018-BLG-0740L b,OGLE-2018-BLG-0740L,0.0655
Kepler-1115 b,Kepler-1115,0.0655
Kepler-80 d,Kepler-80,0.0655
KMT-2024-BLG-0404L c,KMT-2024-BLG-0404L,0.0654
Kepler-206 d,Kepler-206,0.0654
Kepler-1480 b,Kepler-1480,0.0654
Kepler-1290 b,Kepler-1290,0.0652
Kepler-744 b,Kepler-744,0.0651
Kepler-11 b,Kepler-11,0.0651
HD 158259 c,HD 158259,0.065
Kepler-1082 b,Kepler-1082,0.065
Kepler-114 d,Kepler-114,0.0648
Kepler-1339 b,Kepler-1339,0.0648
Kepler-1035 b,Kepler-1035,0.0647
Kepler-339 b,Kepler-339,0.0643
Kepler-166 b,Kepler-166,0.0643
Kepler-963 b,Kepler-963,0.0642
Kepler-256 b,Kepler-256,0.0642
Kepler-1133 b,Kepler-1133,0.0642
Kepler-607 c,Kepler-607,0.0642
Kepler-1682 b,Kepler-1682,0.0642
HD 161178 b,HD 161178,0.064
Kepler-387 b,Kepler-387,0.064
HD 38283 b,HD 38283,0.0639
Kepler-1836 b,Kepler-1836,0.0639
Kepler-795 b,Kepler-795,0.0639
TOI-5789 e,TOI-5789,0.0638
Kepler-154 f,Kepler-154,0.0638
Kepler-93 c,Kepler-93,0.0637
OGLE-2017-BLG-0604L b,OGLE-2017-BLG-0604L,0.0637
Kepler-163 b,Kepler-163,0.0637
Kepler-605 b,Kepler-605,0.0636
Kepler-25 b,Kepler-25,0.0635
Kepler-1698 b,Kepler-1698,0.0635
Kepler-825 b,Kepler-825,0.0634
K2-19 d,K2-19,0.0633
Kepler-247 c,Kepler-247,0.0633
Kepler-154 e,Kepler-154,0.0632
HD 158259 d,HD 158259,0.0628
Kepler-727 b,Kepler-727,0.0628
Kepler-1642 b,Kepler-1642,0.0628
Kepler-1606 b,Kepler-1606,0.0627
KMT-2021-BLG-1303L b,KMT-2021-BLG-1303L,0.0626
Kepler-1101 b,Kepler-1101,0.0626
Kepler-517 b,Kepler-517,0.0625
K2-102 b,K2-102,0.0625
Kepler-145 c,Kepler-145,0.0624
Kepler-1055 b,Kepler-1055,0.0623
Kepler-1282 b,Kepler-1282,0.0623
Kepler-1328 b,Kepler-1328,0.0622
KMT-2019-BLG-2974L b,KMT-2019-BLG-2974L,0.0621
Kepler-80 f,Kepler-80,0.0619
Kepler-958 b,Kepler-958,0.0619
Kepler-230 c,Kepler-230,0.0617
Kepler-1690 b,Kepler-1690,0.0616
HD 85390 b,HD 85390,0.0615
HD 215152 e,HD 215152,0.0614
GJ 667 C b,GJ 667 C,0.0611
Kepler-363 c,Kepler-363,0.0611
HD 192263 b,HD 192263,0.061
CoRoT-7 d,CoRoT-7,0.0607
HD 158259 e,HD 158259,0.0606
Kepler-806 b,Kepler-806,0.0606
Kepler-920 b,Kepler-920,0.0605
Kepler-1001 b,Kepler-1001,0.0603
Kepler-273 b,Kepler-273,0.0603
K2-407 b,K2-407,0.0602
OGLE-2014-BLG-1722L c,OGLE-2014-BLG-1722L,0.0602
TIC 365102760 b,TIC 365102760,0.0601
Kepler-415 c,Kepler-415,0.0601
Kepler-929 b,Kepler-929,0.0599
Kepler-1334 b,Kepler-1334,0.0599
Kepler-371 c,Kepler-371,0.0598
MOA-2010-BLG-353L b,MOA-2010-BLG-353L,0.0597
Kepler-299 e,Kepler-299,0.0596
Kepler-1549 b,Kepler-1549,0.0595
HD 17674 b,HD 17674,0.0595
Kepler-701 b,Kepler-701,0.0594
Kepler-736 b,Kepler-736,0.0594
Kepler-206 b,Kepler-206,0.0594
CoRoT-7 b,CoRoT-7,0.0593
HD 27631 b,HD 27631,0.0592
HD 3651 b,HD 3651,0.0592
K2-407 c,K2-407,0.0592
Kepler-550 b,Kepler-550,0.0591
Kepler-1705 c,Kepler-1705,0.0591
OGLE-2018-BLG-1269L b,OGLE-2018-BLG-1269L,0.0591
Kepler-373 c,Kepler-373,0.0591
OGLE-2007-BLG-349L AB c,OGLE-2007-BLG-349L A,0.059
Kepler-663 b,Kepler-663,0.059
OGLE-2016-BLG-1598L b,OGLE-2016-BLG-1598L,0.059
Kepler-310 b,Kepler-310,0.059
Kepler-1065 c,Kepler-1065,0.0589
Kepler-432 b,Kepler-432,0.0589
HD 102329 b,HD 102329,0.0588
KMT-2018-BLG-1743L b,KMT-2018-BLG-1743L,0.0588
Kepler-317 b,Kepler-317,0.0588
Kepler-724 b,Kepler-724,0.0588
MOA-2015-BLG-337L b,MOA-2015-BLG-337L,0.0587
Kepler-1215 b,Kepler-1215,0.0584
Kepler-1172 b,Kepler-1172,0.0584
Kepler-540 b,Kepler-540,0.0584
Kepler-1853 b,Kepler-1853,0.0584
Kepler-825 c,Kepler-825,0.0583
HD 158259 f,HD 158259,0.0583
Kepler-416 c,Kepler-416,0.0582
Kepler-11 c,Kepler-11,0.0582
POTS-1 b,POTS-1,0.0582
Kepler-57 b,Kepler-57,0.0582
Kepler-962 b,Kepler-962,0.0581
Kepler-487 c,Kepler-487,0.058
Kepler-1087 b,Kepler-1087,0.058
Kepler-1834 b,Kepler-1834,0.058
Kepler-212 b,Kepler-212,0.0579
Kepler-985 b,Kepler-985,0.0579
Kepler-529 b,Kepler-529,0.0576
K2-187 d,K2-187,0.0576
KMT-2022-BLG-2076L b,KMT-2022-BLG-2076L,0.0576
Kepler-1801 b,Kepler-1801,0.0574
Kepler-940 b,Kepler-940,0.0571
OGLE-2017-BLG-0373L b,OGLE-2017-BLG-0373L,0.057
KMT-2021-BLG-1077L b,KMT-2021-BLG-1077L,0.0569
Kepler-1720 b,Kepler-1720,0.0569
Kepler-1333 b,Kepler-1333,0.0569
Kepler-417 c,Kepler-417,0.0568
Kepler-319 d,Kepler-319,0.0568
Kepler-82 e,Kepler-82,0.0568
HD 20781 e,HD 20781,0.0567
Kepler-1220 b,Kepler-1220,0.0566
Kepler-804 c,Kepler-804,0.0566
Kepler-1390 b,Kepler-1390,0.0566
BD+42 2315 b,BD+42 2315,0.0565
Kepler-171 d,Kepler-171,0.0565
Kepler-200 c,Kepler-200,0.0564
Kepler-1804 b,Kepler-1804,0.0564
Kepler-683 b,Kepler-683,0.0564
Kepler-1264 b,Kepler-1264,0.0564
Kepler-209 b,Kepler-209,0.0563
Kepler-160 b,Kepler-160,0.0563
HD 87883 b,HD 87883,0.0563
Kepler-404 c,Kepler-404,0.0562
Kepler-847 b,Kepler-847,0.0562
Kepler-1078 b,Kepler-1078,0.0562
Kepler-394 d,Kepler-394,0.0561
HD 152843 b,HD 152843,0.0561
Kepler-299 d,Kepler-299,0.056
Kepler-948 b,Kepler-948,0.056
Kepler-542 b,Kepler-542,0.056
HD 28471 c,HD 28471,0.056
PSR B0329+54 b,PSR B0329+54,0.0559
Kepler-692 b,Kepler-692,0.0559
Kepler-529 c,Kepler-529,0.0558
Kepler-1705 b,Kepler-1705,0.0558
Kepler-244 c,Kepler-244,0.0557
PSR J2322-2650 b,PSR J2322-2650,0.0556
HD 20781 d,HD 20781,0.0554
Kepler-362 c,Kepler-362,0.0553
Kepler-248 c,Kepler-248,0.0553
Kepler-1800 b,Kepler-1800,0.055
Kepler-180 b,Kepler-180,0.055
OGLE-2018-BLG-0799L b,OGLE-2018-BLG-0799L,0.055
Kepler-172 d,Kepler-172,0.0549
Kepler-638 b,Kepler-638,0.0549
DE CVn b,DE CVn,0.0549
BD-210397 b,BD-210397,0.0549
Kepler-1098 b,Kepler-1098,0.0548
Kepler-1067 b,Kepler-1067,0.0547
HD 20781 c,HD 20781,0.0545
Kepler-633 b,Kepler-633,0.0545
DP Leo b,DP Leo,0.0545
Kepler-838 b,Kepler-838,0.0545
OGLE-2014-BLG-0319L b,OGLE-2014-BLG-0319L,0.0544
OGLE-2012-BLG-0026L c,OGLE-2012-BLG-0026L,0.0544
MOA-2022-BLG-563L b,MOA-2022-BLG-563L,0.0543
HU Aqr AB c,HU Aqr,0.0543
K2-58 b,K2-58,0.0543
Kepler-48 f,Kepler-48,0.0543
Kepler-906 b,Kepler-906,0.0542
Kepler-1818 b,Kepler-1818,0.0542
Kepler-334 b,Kepler-334,0.0541
KMT-2021-BLG-0748L b,KMT-2021-BLG-0748L,0.0541
Kepler-1530 c,Kepler-1530,0.054
Kepler-789 b,Kepler-789,0.0539
Kepler-1530 b,Kepler-1530,0.0539
Kepler-130 b,Kepler-130,0.0539
Kepler-223 b,Kepler-223,0.0539
Kepler-818 b,Kepler-818,0.0539
Kepler-1198 b,Kepler-1198,0.0538
HD 20781 b,HD 20781,0.0537
Kepler-1740 b,Kepler-1740,0.0536
Kepler-1411 b,Kepler-1411,0.0536
Kepler-371 b,Kepler-371,0.0535
Kepler-337 b,Kepler-337,0.0535
Kepler-1227 b,Kepler-1227,0.0534
Kepler-1564 b,Kepler-1564,0.0534
Kepler-1894 b,Kepler-1894,0.0534
Kepler-862 b,Kepler-862,0.0534
HD 155918 b,HD 155918,0.0534
ups Leo b,ups Leo,0.0534
Kepler-153 b,Kepler-153,0.0534
OGLE-2014-BLG-0124L b,OGLE-2014-BLG-0124L,0.0533
HD 219139 b,HD 219139,0.0533
Kepler-215 e,Kepler-215,0.0533
Kepler-598 c,Kepler-598,0.0533
GJ 433 c,GJ 433,0.0532
HU Aqr AB b,HU Aqr,0.053
GJ 2030 b,GJ 2030,0.053
Kepler-1153 b,Kepler-1153,0.0529
HD 93351 b,HD 93351,0.0529
Kepler-314 c,Kepler-314,0.0529
Kepler-105 b,Kepler-105,0.0529
HD 217786 c,HD 217786,0.0529
HD 21693 c,HD 21693,0.0529
Kepler-1319 b,Kepler-1319,0.0528
HD 81817 c,HD 81817,0.0527
Kepler-729 b,Kepler-729,0.0527
K2-365 b,K2-365,0.0527
Kepler-1679 b,Kepler-1679,0.0526
Kepler-139 e,Kepler-139,0.0526
Kepler-793 b,Kepler-793,0.0525
TOI-1630.01,TOI-1630,0.0525
Kepler-350 c,Kepler-350,0.0525
Kepler-363 d,Kepler-363,0.0525
TOI-1799 b,TOI-1799,0.0524
Kepler-1144 b,Kepler-1144,0.0524
KMT-2018-BLG-0748L b,KMT-2018-BLG-0748L,0.0524
Kepler-1463 b,Kepler-1463,0.0523
Kepler-949 b,Kepler-949,0.0523
CoRoT-20 c,CoRoT-20,0.0523
GJ 676 A d,GJ 676 A,0.0522
RR Cae b,RR Cae,0.0522
HD 219828 b,HD 219828,0.0522
Kepler-1457 b,Kepler-1457,0.0522
HD 126525 b,HD 126525,0.0521
Kepler-279 c,Kepler-279,0.0521
Kepler-197 e,Kepler-197,0.0521
Kepler-733 b,Kepler-733,0.0521
KMT-2021-BLG-1150L b,KMT-2021-BLG-1150L,0.0521
Kepler-770 b,Kepler-770,0.0521
HD 125612 c,HD 125612,0.052
Kepler-112 c,Kepler-112,0.052
Kepler-865 b,Kepler-865,0.052
Kepler-1160 b,Kepler-1160,0.052
KMT-2022-BLG-1013L b,KMT-2022-BLG-1013L,0.052
Kepler-515 b,Kepler-515,0.0519
KMT-2018-BLG-0087L b,KMT-2018-BLG-0087L,0.0519
HD 12235 b,HD 12235,0.0519
Kepler-162 b,Kepler-162,0.0518
Kepler-1117 b,Kepler-1117,0.0518
Kepler-244 d,Kepler-244,0.0518
Kepler-758 e,Kepler-758,0.0517
HD 152843 c,HD 152843,0.0517
HAT-P-11 b,HAT-P-11,0.0517
Kepler-689 b,Kepler-689,0.0517
OGLE-2006-BLG-284L A b,OGLE-2006-BLG-284L A,0.0516
Kepler-797 b,Kepler-797,0.0516
HD 47186 c,HD 47186,0.0515
Kepler-80 e,Kepler-80,0.0515
HD 203387 b,HD 203387,0.0514
Kepler-964 b,Kepler-964,0.0514
Kepler-229 c,Kepler-229,0.0512
Kepler-1567 b,Kepler-1567,0.0512
Kepler-334 d,Kepler-334,0.0511
K2-389 c,K2-389,0.0511
Kepler-735 b,Kepler-735,0.0511
HD 153557 b,HD 153557,0.051
GJ 433 b,GJ 433,0.0509
Kepler-1895 b,Kepler-1895,0.0509
Kepler-37 e,Kepler-37,0.0509
Kepler-251 e,Kepler-251,0.0509
Kepler-324 e,Kepler-324,0.0509
Kepler-373 b,Kepler-373,0.0507
HD 140901 b,HD 140901,0.0507
Kepler-1710 b,Kepler-1710,0.0507
Kepler-1828 b,Kepler-1828,0.0506
Kepler-99 b,Kepler-99,0.0506
HIP 38594 c,HIP 38594,0.0506
Kepler-256 c,Kepler-256,0.0506
OGLE-2011-BLG-0251L b,OGLE-2011-BLG-0251L,0.0505
HD 105618 b,HD 105618,0.0505
GJ 163 b,GJ 163,0.0505
HD 102195 b,HD 102195,0.0505
K2-84 c,K2-84,0.0504
HD 18143 b,HD 18143,0.0504
Kepler-1612 b,Kepler-1612,0.0504
Kepler-1295 b,Kepler-1295,0.0504
Kepler-148 c,Kepler-148,0.0504
GJ 3222 b,GJ 3222,0.0504
HD 115404 A b,HD 115404 A,0.0504
Kepler-955 b,Kepler-955,0.0503
HD 213519 b,HD 213519,0.0503
HIP 90988 b,HIP 90988,0.0502
Kepler-1638 b,Kepler-1638,0.0501
Kepler-1856 b,Kepler-1856,0.0501
HR 8799 c,HR 8799,0.0501
MOA-2010-BLG-117L b,MOA-2010-BLG-117L,0.05
GJ 3082 b,GJ 3082,0.05
HD 183263 b,HD 183263,0.05
HD 38529 b,HD 38529,0.05
HD 28192 b,HD 28192,0.05
Kepler-273 c,Kepler-273,0.0499
K2-412 b,K2-412,0.0499
GJ 9404 b,GJ 9404,0.0499
Kepler-1780 b,Kepler-1780,0.0498
Kepler-574 b,Kepler-574,0.0498
HD 153557 c,HD 153557,0.0498
HD 125612 b,HD 125612,0.0498
Kepler-1600 c,Kepler-1600,0.0498
Kepler-198 c,Kepler-198,0.0497
HD 4113 b,HD 4113,0.0497
tau Cet f,tau Cet,0.0496
HD 27894 b,HD 27894,0.0496
Kepler-157 b,Kepler-157,0.0496
HD 11343 c,HIP 8541,0.0496
Kepler-336 b,Kepler-336,0.0496
HD 151450 b,HD 151450,0.0495
Kepler-213 b,Kepler-213,0.0495
HD 156098 b,HD 156098,0.0495
HD 113337 b,HD 113337,0.0495
Kepler-1342 b,Kepler-1342,0.0495
GJ 180 b,GJ 180,0.0494
Kepler-1943 b,Kepler-1943,0.0494
Kepler-595 b,Kepler-595,0.0494
tau Cet g,tau Cet,0.0494
HD 142 b,HD 142,0.0494
Kepler-215 b,Kepler-215,0.0494
CI Tau c,CI Tau,0.0493
Kepler-280 b,Kepler-280,0.0493
HD 205158 b,HD 205158,0.0493
HD 28185 b,HD 28185,0.0492
Kepler-192 c,Kepler-192,0.0492
GJ 422 b,GJ 422,0.0492
Kepler-256 e,Kepler-256,0.0492
K2-409 b,K2-409,0.0492
HD 164604 b,HD 164604,0.0492
HD 128311 b,HD 128311,0.0492
Kepler-1488 c,Kepler-1488,0.0492
HD 73526 c,HD 73526,0.0492
Kepler-758 c,Kepler-758,0.0492
OGLE-2018-BLG-1119L b,OGLE-2018-BLG-1119L,0.0491
Kepler-1312 b,Kepler-1312,0.0491
Kepler-1262 b,Kepler-1262,0.0491
BD+48 740 b,BD+48 740,0.0491
KMT-2021-BLG-1077L c,KMT-2021-BLG-1077L,0.049
K2-157 c,K2-157,0.049
Kepler-1756 b,Kepler-1756,0.049
Kepler-112 b,Kepler-112,0.049
HD 169830 b,HD 169830,0.0489
HD 204313 c,HD 204313,0.0489
Kepler-1656 c,Kepler-1656,0.0489
GJ 163 c,GJ 163,0.0489
Kepler-1843 b,Kepler-1843,0.0489
Kepler-262 b,Kepler-262,0.0489
HD 144899 b,HD 144899,0.0489
HD 43197 b,HD 43197,0.0489
HD 72892 b,HD 72892,0.0488
Kepler-1221 b,Kepler-1221,0.0488
GJ 229 b,GJ 229,0.0488
HD 25912 b,HD 25912,0.0488
HD 126614 b,HD 126614,0.0488
KMT-2023-BLG-2209L b,KMT-2023-BLG-2209L,0.0488
Kepler-936 b,Kepler-936,0.0488
HIP 4845 b,HIP 4845,0.0487
HD 74156 b,HD 74156,0.0487
GJ 687 c,GJ 687,0.0487
HD 177565 b,HD 177565,0.0487
GJ 676 A e,GJ 676 A,0.0487
OGLE-2018-BLG-1428L b,OGLE-2018-BLG-1428L,0.0487
HD 142 A d,HD 142,0.0486
Kepler-100 e,Kepler-100,0.0486
Kepler-1966 b,Kepler-1966,0.0486
Kepler-376 b,Kepler-376,0.0486
HD 122562 c,HD 122562,0.0486
GJ 433 d,GJ 433,0.0486
OGLE-2016-BLG-1227L b,OGLE-2016-BLG-1227L,0.0485
GJ 480 b,GJ 480,0.0485
tau Cet h,tau Cet,0.0485
HD 168443 b,HD 168443,0.0485
GJ 163 d,GJ 163,0.0485
HD 13724 c,HD 13724,0.0485
HD 156279 b,HD 156279,0.0484
GJ 687 b,GJ 687,0.0484
HIP 19976 b,HIP 19976,0.0484
Kepler-301 c,Kepler-301,0.0484
HD 199509 b,HD 199509,0.0484
HD 20794 e,HD 20794,0.0483
HD 127506 b,HD 127506,0.0483
Kepler-172 b,Kepler-172,0.0483
tau Cet e,tau Cet,0.0483
GJ 2056 b,GJ 2056,0.0482
HD 20868 b,HD 20868,0.0481
K2-370 b,K2-370,0.0481
Kepler-1542 e,Kepler-1542,0.0481
Kepler-760 c,Kepler-760,0.0481
Kepler-279 e,Kepler-279,0.048
Kepler-1174 b,Kepler-1174,0.048
Kepler-1685 b,Kepler-1685,0.048
Kepler-487 d,Kepler-487,0.048
Kepler-334 c,Kepler-334,0.0479
Kepler-203 d,Kepler-203,0.0478
Kepler-192 b,Kepler-192,0.0478
OGLE-2013-BLG-1721L b,OGLE-2013-BLG-1721L,0.0478
GJ 229 A c,GJ 229,0.0478
OGLE-2016-BLG-1067L b,OGLE-2016-BLG-1067L,0.0477
HIP 48714 b,HIP 48714,0.0477
Kepler-392 b,Kepler-392,0.0476
Kepler-1711 b,Kepler-1711,0.0476
Kepler-439 b,Kepler-439,0.0476
GJ 180 d,GJ 180,0.0476
Kepler-1542 b,Kepler-1542,0.0476
Kepler-672 b,Kepler-672,0.0476
Kepler-392 c,Kepler-392,0.0475
G 192-15 c,G 192-15,0.0475
KMT-2017-BLG-2331L b,KMT-2017-BLG-2331L,0.0475
Kepler-863 b,Kepler-863,0.0474
HD 89307 b,HD 89307,0.0474
Kepler-1542 d,Kepler-1542,0.0474
Kepler-47 b,Kepler-47,0.0474
Kepler-1266 c,Kepler-1266,0.0474
Kepler-943 b,Kepler-943,0.0474
Kepler-1312 c,Kepler-1312,0.0473
Kepler-226 c,Kepler-226,0.0473
Kepler-375 b,Kepler-375,0.0473
Kepler-1563 b,Kepler-1563,0.0472
Kepler-1479 b,Kepler-1479,0.0472
Kepler-172 e,Kepler-172,0.0472
Kepler-149 d,Kepler-149,0.0471
Kepler-215 c,Kepler-215,0.047
KIC 8540376 c,KOI-7892,0.047
HD 81688 b,HD 81688,0.0469
Kepler-920 c,Kepler-920,0.0467
Kepler-1497 b,Kepler-1497,0.0467
Kepler-1066 b,Kepler-1066,0.0467
Kepler-1693 b,Kepler-1693,0.0467
HD 189733 b,HD 189733,0.0467
Kepler-257 d,Kepler-257,0.0466
Kepler-150 f,Kepler-150,0.0465
HIP 107772 b,HIP 107772,0.0465
KMT-2023-BLG-1896L b,KMT-2023-BLG-1896L,0.0465
Kepler-251 d,Kepler-251,0.0465
Kepler-284 b,Kepler-284,0.0464
KMT-2018-BLG-1996L b,KMT-2018-BLG-1996L,0.0464
HIP 38594 b,HIP 38594,0.0464
Kepler-846 b,Kepler-846,0.0464
Kepler-1139 b,Kepler-1139,0.0463
Kepler-301 b,Kepler-301,0.0462
Kepler-1243 b,Kepler-1243,0.0462
Kepler-1542 c,Kepler-1542,0.0461
TOI-1338 c,TOI-1338 A,0.0461
Kepler-1186 b,Kepler-1186,0.0459
BD-08 2823 c,BD-08 2823,0.0459
Kepler-1105 b,Kepler-1105,0.0458
HD 28471 b,HD 28471,0.0457
Kepler-133 b,Kepler-133,0.0457
Kepler-1523 b,Kepler-1523,0.0457
Kepler-827 b,Kepler-827,0.0457
WASP-47 d,WASP-47,0.0456
KMT-2016-BLG-2321L b,KMT-2016-BLG-2321L,0.0456
HD 21693 b,HD 21693,0.0456
Kepler-238 e,Kepler-238,0.0456
Kepler-1012 b,Kepler-1012,0.0455
Kepler-698 b,Kepler-698,0.0455
Kepler-571 b,Kepler-571,0.0455
Kepler-1017 b,Kepler-1017,0.0455
HD 171238 b,HD 171238,0.0454
HD 3167 d,HD 3167,0.0454
Kepler-1734 b,Kepler-1734,0.0454
Kepler-498 b,Kepler-498,0.0453
Kepler-1142 b,Kepler-1142,0.0453
Kepler-1338 b,Kepler-1338,0.0452
HD 217958 b,HD 217958,0.0452
Kepler-151 b,Kepler-151,0.0452
Kepler-1327 b,Kepler-1327,0.0452
Kepler-256 d,Kepler-256,0.0451
Kepler-1760 b,Kepler-1760,0.0451
Kepler-1306 b,Kepler-1306,0.0451
TOI-942 b,TOI-942,0.045
Kepler-319 c,Kepler-319,0.0449
Kepler-597 b,Kepler-597,0.0449
Kepler-728 b,Kepler-728,0.0448
Kepler-305 c,Kepler-305,0.0447
Kepler-251 c,Kepler-251,0.0447
Kepler-130 d,Kepler-130,0.0447
Kepler-206 c,Kepler-206,0.0446
Kepler-1016 b,Kepler-1016,0.0446
Kepler-1060 b,Kepler-1060,0.0444
HAT-P-17 c,HAT-P-17,0.0444
Kepler-1447 b,Kepler-1447,0.0444
Kepler-831 b,Kepler-831,0.0444
WASP-31 b,WASP-31,0.0442
Kepler-1299 b,Kepler-1299,0.0441
Kepler-337 c,Kepler-337,0.044
MOA-2007-BLG-400L b,MOA-2007-BLG-400L,0.044
Kepler-758 d,Kepler-758,0.044
Kepler-713 b,Kepler-713,0.044
Kepler-1123 b,Kepler-1123,0.0439
Kepler-23 b,Kepler-23,0.0439
Kepler-1841 b,Kepler-1841,0.0439
Kepler-1839 b,Kepler-1839,0.0439
Kepler-218 c,Kepler-218,0.0438
Kepler-1365 c,Kepler-1365,0.0438
Kepler-1441 b,Kepler-1441,0.0438
Kepler-321 b,Kepler-321,0.0438
Kepler-25 d,Kepler-25,0.0437
Kepler-1424 b,Kepler-1424,0.0436
Kepler-695 b,Kepler-695,0.0436
PSR J1719-1438 b,PSR J1719-1438,0.0436
HD 109833 c,HD 109833,0.0436
Kepler-157 d,Kepler-157,0.0435
OGLE-2012-BLG-0724L b,OGLE-2012-BLG-0724L,0.0435
Kepler-633 c,Kepler-633,0.0435
Kepler-1365 b,Kepler-1365,0.0434
Kepler-80 b,Kepler-80,0.0433
Kepler-209 c,Kepler-209,0.0433
Kepler-311 c,Kepler-311,0.0432
Kepler-262 c,Kepler-262,0.0432
KMT-2018-BLG-2602L b,KMT-2018-BLG-2602L,0.0431
Kepler-746 b,Kepler-746,0.0431
Kepler-616 b,Kepler-616,0.0431
OGLE-2014-BLG-1760L b,OGLE-2014-BLG-1760L,0.043
Kepler-613 b,Kepler-613,0.043
HD 28471 d,HD 28471,0.043
61 Vir d,61 Vir,0.043
Kepler-11 d,Kepler-11,0.0429
Kepler-11 e,Kepler-11,0.0429
UKIRT-2017-BLG-001L b,UKIRT-2017-BLG-001L,0.0428
Kepler-222 b,Kepler-222,0.0428
Kepler-154 b,Kepler-154,0.0428
KOI-351 e,KOI-351,0.0427
KOI-351 d,KOI-351,0.0427
Kepler-284 c,Kepler-284,0.0427
Kepler-400 c,Kepler-400,0.0427
Kepler-1840 b,Kepler-1840,0.0427
Kepler-1336 c,Kepler-1336,0.0426
Kepler-1210 b,Kepler-1210,0.0426
Kepler-200 b,Kepler-200,0.0425
Kepler-1135 b,Kepler-1135,0.0425
HD 109833 b,HD 109833,0.0425
Kepler-204 c,Kepler-204,0.0424
Kepler-562 b,Kepler-562,0.0424
Kepler-1129 c,Kepler-1129,0.0423
K2-163 b,K2-163,0.0423
Kepler-1417 b,Kepler-1417,0.0423
Kepler-80 c,Kepler-80,0.0423
Kepler-902 b,Kepler-902,0.0423
Kepler-1240 b,Kepler-1240,0.0423
Kepler-1656 b,Kepler-1656,0.0422
Kepler-1791 b,Kepler-1791,0.0422
Kepler-1305 b,Kepler-1305,0.0421
Kepler-1325 b,Kepler-1325,0.0421
KMT-2019-BLG-0298L b,KMT-2019-BLG-0298L,0.0421
HD 130322 b,HD 130322,0.0421
Kepler-238 b,Kepler-238,0.0421
Kepler-466 c,Kepler-466,0.042
Kepler-197 b,Kepler-197,0.042
Kepler-697 b,Kepler-697,0.042
Kepler-1600 b,Kepler-1600,0.042
Kepler-1469 b,Kepler-1469,0.0419
61 Vir c,61 Vir,0.0419
OGLE-2016-BLG-1093L b,OGLE-2016-BLG-1093L,0.0419
HIP 79431 b,HIP 79431,0.0419
HD 156668 c,HD 156668,0.0417
Kepler-1883 b,Kepler-1883,0.0417
HAT-P-13 c,HAT-P-13,0.0417
HD 20782 b,HD 20782,0.0416
KMT-2021-BLG-1547L b,KMT-2021-BLG-1547L,0.0416
Kepler-223 c,Kepler-223,0.0415
KMT-2022-BLG-1790L b,KMT-2022-BLG-1790L,0.0415
Kepler-1130 d,Kepler-1130,0.0415
Kepler-1073 c,Kepler-1073,0.0414
Kepler-1138 b,Kepler-1138,0.0414
Kepler-457 d,KOI-7892,0.0414
Kepler-1896 b,Kepler-1896,0.0414
KMT-2018-BLG-0030L b,KMT-2018-BLG-0030L,0.0414
Kepler-1196 b,Kepler-1196,0.0413
Kepler-305 b,Kepler-305,0.0413
Kepler-1825 b,Kepler-1825,0.0412
Kepler-1634 b,Kepler-1634,0.0412
Kepler-301 d,Kepler-301,0.0412
OGLE-2019-BLG-1180L b,OGLE-2019-BLG-1180L,0.0411
Kepler-1156 b,Kepler-1156,0.0411
Kepler-1440 b,Kepler-1440,0.0411
HD 88133 b,HD 88133,0.041
Kepler-172 c,Kepler-172,0.041
Kepler-1130 c,Kepler-1130,0.041
Kepler-150 d,Kepler-150,0.041
Kepler-867 b,Kepler-867,0.0409
GJ 436 b,GJ 436,0.0409
Kepler-1040 b,Kepler-1040,0.0409
Kepler-1519 b,Kepler-1519,0.0408
HD 103949 b,HD 103949,0.0408
Kepler-164 b,Kepler-164,0.0408
Kepler-1341 b,Kepler-1341,0.0406
Kepler-368 b,Kepler-368,0.0406
HD 66141 b,HD 66141,0.0405
Kepler-197 d,Kepler-197,0.0405
Kepler-374 c,Kepler-374,0.0404
61 Vir b,61 Vir,0.0404
Kepler-198 b,Kepler-198,0.0404
Kepler-222 d,Kepler-222,0.0404
Kepler-374 b,Kepler-374,0.0403
K2-380 b,K2-380,0.0402
Kepler-1129 b,Kepler-1129,0.0402
Kepler-758 b,Kepler-758,0.0402
Kepler-1218 b,Kepler-1218,0.0401
Kepler-945 b,Kepler-945,0.0401
OGLE-2019-BLG-0304L b,OGLE-2019-BLG-0304L,0.04
91 Aqr b,91 Aqr,0.04
Kepler-1573 b,Kepler-1573,0.0399
KMT-2018-BLG-1990L b,KMT-2018-BLG-1990L,0.0399
Kepler-1415 b,Kepler-1415,0.0398
Kepler-171 b,Kepler-171,0.0398
Kepler-198 d,Kepler-198,0.0398
Kepler-184 c,Kepler-184,0.0397
OGLE-2012-BLG-0563L b,OGLE-2012-BLG-0563L,0.0397
Kepler-1232 b,Kepler-1232,0.0397
HD 17092 b,HD 17092,0.0397
Kepler-1336 b,Kepler-1336,0.0397
Kepler-1631 b,Kepler-1631,0.0397
Kepler-520 c,Kepler-520,0.0396
KMT-2021-BLG-1898L b,KMT-2021-BLG-1898L,0.0396
Kepler-244 b,Kepler-244,0.0396
Kepler-115 b,Kepler-115,0.0396
Kepler-134 c,Kepler-134,0.0396
Kepler-377 b,Kepler-377,0.0395
KMT-2021-BLG-1105L b,KMT-2021-BLG-1105L,0.0395
Kepler-1785 b,Kepler-1785,0.0395
HD 145457 b,HD 145457,0.0394
HD 100655 b,HD 100655,0.0394
OGLE-2018-BLG-0962L b,OGLE-2018-BLG-0962L,0.0393
Kepler-1445 b,Kepler-1445,0.0393
Kepler-1116 b,Kepler-1116,0.0392
Kepler-858 b,Kepler-858,0.0392
K2-19 c,K2-19,0.0392
Kepler-370 b,Kepler-370,0.0392
HD 116029 c,HD 116029,0.0391
KOI-351 f,KOI-351,0.0391
Kepler-799 b,Kepler-799,0.039
Gaia22dkvL b,Gaia22dkvL,0.039
Kepler-1436 b,Kepler-1436,0.039
Kepler-197 c,Kepler-197,0.0389
HD 41004 A b,HD 41004 A,0.0389
Kepler-257 c,Kepler-257,0.0389
K2-84 b,K2-84,0.0388
Kepler-269 c,Kepler-269,0.0388
Kepler-1599 b,Kepler-1599,0.0387
Kepler-1294 b,Kepler-1294,0.0387
HD 103720 b,HD 103720,0.0387
Kepler-149 b,Kepler-149,0.0386
OGLE-2015-BLG-1771L b,OGLE-2015-BLG-1771L,0.0386
Kepler-280 c,Kepler-280,0.0386
HIP 41378 g,HIP 41378,0.0386
Kepler-1216 b,Kepler-1216,0.0386
Kepler-150 e,Kepler-150,0.0385
HD 95338 b,HD 95338,0.0385
K2-157 d,K2-157,0.0384
Kepler-1091 b,Kepler-1091,0.0384
Kepler-171 c,Kepler-171,0.0384
Kepler-297 b,Kepler-297,0.0384
HD 102329 c,HD 102329,0.0384
Kepler-1177 b,Kepler-1177,0.0384
Kepler-1464 c,Kepler-1464,0.0383
Kepler-489 b,Kepler-489,0.0383
Kepler-23 d,Kepler-23,0.0382
Kepler-1005 b,Kepler-1005,0.0382
WASP-66 b,WASP-66,0.0382
Kepler-682 b,Kepler-682,0.0381
Kepler-142 d,Kepler-142,0.0381
K2-183 b,K2-183,0.038
Kepler-132 b,Kepler-132,0.0379
HD 99706 c,HD 99706,0.0379
Kepler-1141 b,Kepler-1141,0.0379
Kepler-343 c,Kepler-343,0.0378
Kepler-154 d,Kepler-154,0.0378
Kepler-299 c,Kepler-299,0.0377
Kepler-1273 b,Kepler-1273,0.0377
BD+63 1405 b,BD+63 1405,0.0377
Kepler-139 c,Kepler-139,0.0376
Kepler-341 b,Kepler-341,0.0375
Kepler-59 b,Kepler-59,0.0374
Kepler-804 b,Kepler-804,0.0374
V1298 Tau e,V1298 Tau,0.0373
KMT-2017-BLG-1146L b,KMT-2017-BLG-1146L,0.0373
Kepler-796 b,Kepler-796,0.0372
Kepler-1372 b,Kepler-1372,0.0372
Kepler-400 b,Kepler-400,0.0372
Kepler-893 b,Kepler-893,0.0371
Kepler-139 b,Kepler-139,0.0369
Kepler-592 b,Kepler-592,0.0369
Kepler-374 d,Kepler-374,0.0369
Kepler-1065 b,Kepler-1065,0.0369
Kepler-215 d,Kepler-215,0.0368
HIP 5158 c,HIP 5158,0.0368
Kepler-255 c,Kepler-255,0.0367
Kepler-1858 b,Kepler-1858,0.0367
TOI-1772.01,TOI-1772,0.0367
TOI-4641 b,TOI-4641,0.0367
HD 150010 b,HD 150010,0.0367
K2-138 b,K2-138,0.0366
Kepler-1629 b,Kepler-1629,0.0366
Kepler-1827 b,Kepler-1827,0.0366
Kepler-1453 b,Kepler-1453,0.0366
WASP-29 b,WASP-29,0.0365
Kepler-905 b,Kepler-905,0.0365
Kepler-1473 b,Kepler-1473,0.0365
Kepler-132 c,Kepler-132,0.0365
Kepler-1560 b,Kepler-1560,0.0365
Kepler-1912 b,Kepler-1912,0.0365
Kepler-981 b,Kepler-981,0.0365
Kepler-82 b,Kepler-82,0.0363
Kepler-213 c,Kepler-213,0.0363
OGLE-2011-BLG-0265L b,OGLE-2011-BLG-0265L,0.0363
CoRoT-7 c,CoRoT-7,0.0363
Kepler-513 b,Kepler-513,0.0363
Kepler-370 c,Kepler-370,0.0363
Kepler-1118 b,Kepler-1118,0.0362
HD 116029 b,HD 116029,0.0361
K2-80 d,K2-80,0.0361
OGLE-2015-BLG-1609L b,OGLE-2015-BLG-1609L,0.0361
Kepler-1572 b,Kepler-1572,0.0361
Kepler-884 b,Kepler-884,0.0361
TOI-942 c,TOI-942,0.036
Kepler-368 c,Kepler-368,0.036
BD+45 564 b,BD+45 564,0.0359
Kepler-265 b,Kepler-265,0.0359
Kepler-1610 b,Kepler-1610,0.0359
TOI-1011 b,TOI-1011,0.0359
Kepler-1149 b,Kepler-1149,0.0358
HAT-P-57 b,HAT-P-57,0.0358
KMT-2023-BLG-1454L b,KMT-2023-BLG-1454L,0.0358
Kepler-603 d,Kepler-603,0.0358
MOA-bin-1L b,MOA-bin-1L,0.0358
Kepler-1795 b,Kepler-1795,0.0358
Kepler-575 b,Kepler-575,0.0358
Kepler-321 c,Kepler-321,0.0358
Kepler-1929 b,Kepler-1929,0.0358
KMT-2021-BLG-2478L b,KMT-2021-BLG-2478L,0.0357
Kepler-207 c,Kepler-207,0.0357
Kepler-569 b,Kepler-569,0.0357
Kepler-984 b,Kepler-984,0.0357
Kepler-100 d,Kepler-100,0.0357
Kepler-772 b,Kepler-772,0.0356
Kepler-1968 b,Kepler-1968,0.0356
Kepler-1348 b,Kepler-1348,0.0355
Kepler-1376 b,Kepler-1376,0.0355
Kepler-163 c,Kepler-163,0.0355
Kepler-1084 b,Kepler-1084,0.0355
Kepler-1546 b,Kepler-1546,0.0355
Kepler-624 b,Kepler-624,0.0355
Kepler-616 c,Kepler-616,0.0354
K2-70 b,K2-70,0.0354
Kepler-1046 b,Kepler-1046,0.0354
Kepler-586 b,Kepler-586,0.0353
Kepler-582 b,Kepler-582,0.0353
OGLE-2019-BLG-0679L b,OGLE-2019-BLG-0679L,0.0353
Kepler-135 c,Kepler-135,0.0352
Kepler-976 b,Kepler-976,0.0352
OGLE-2018-BLG-0932L b,OGLE-2018-BLG-0932L,0.0351
Kepler-1763 b,Kepler-1763,0.0351
WASP-11 b,WASP-11,0.0351
Kepler-311 b,Kepler-311,0.0351
Kepler-63 b,Kepler-63,0.035
70 Vir b,70 Vir,0.035
Kepler-927 b,Kepler-927,0.035
Kepler-313 c,Kepler-313,0.035
OGLE-2006-BLG-109L b,OGLE-2006-BLG-109L,0.035
HD 104067 c,HD 104067,0.0349
Kepler-780 b,Kepler-780,0.0349
Kepler-157 c,Kepler-157,0.0349
Kepler-51 e,Kepler-51,0.0349
Kepler-565 b,Kepler-565,0.0348
Kepler-310 d,Kepler-310,0.0348
Kepler-1069 b,Kepler-1069,0.0348
Kepler-1023 b,Kepler-1023,0.0348
Kepler-1623 b,Kepler-1623,0.0348
KMT-2023-BLG-0548L b,KMT-2023-BLG-0548L,0.0347
Kepler-376 c,Kepler-376,0.0347
Kepler-1099 b,Kepler-1099,0.0346
Kepler-561 c,Kepler-561,0.0345
Kepler-380 b,Kepler-380,0.0345
Kepler-142 b,Kepler-142,0.0345
Kepler-24 d,Kepler-24,0.0345
Kepler-380 c,Kepler-380,0.0345
Kepler-536 b,Kepler-536,0.0345
Kepler-1176 b,Kepler-1176,0.0344
Kepler-351 b,Kepler-351,0.0342
Kepler-405 b,Kepler-405,0.0342
KIC 8540376 b,KOI-7892,0.0341
Kepler-1494 b,Kepler-1494,0.0341
Kepler-1709 b,Kepler-1709,0.0341
Kepler-208 d,Kepler-208,0.0341
K2-2016-BLG-0005L b,K2-2016-BLG-0005L,0.034
TrES-2 b,TrES-2,0.034
Kepler-1837 b,Kepler-1837,0.034
Kepler-418 c,Kepler-418,0.034
Kepler-987 b,Kepler-987,0.034
Kepler-1303 b,Kepler-1303,0.0339
Kepler-288 b,Kepler-288,0.0339
Kepler-154 c,Kepler-154,0.0339
Kepler-1184 b,Kepler-1184,0.0339
Kepler-830 b,Kepler-830,0.0339
Kepler-1127 b,Kepler-1127,0.0339
Kepler-1915 b,Kepler-1915,0.0338
Kepler-351 c,Kepler-351,0.0338
Kepler-11 g,Kepler-11,0.0338
HIP 35173 b,HIP 35173,0.0338
Kepler-313 b,Kepler-313,0.0338
Kepler-604 b,Kepler-604,0.0337
Kepler-1885 b,Kepler-1885,0.0337
Kepler-1458 b,Kepler-1458,0.0337
Kepler-1038 c,Kepler-1038,0.0336
MOA-2016-BLG-319L b,MOA-2016-BLG-319L,0.0336
Kepler-829 b,Kepler-829,0.0336
Kepler-132 d,Kepler-132,0.0335
Kepler-1635 b,Kepler-1635,0.0335
Kepler-173 b,Kepler-173,0.0335
HD 25171 b,HD 25171,0.0335
Kepler-1412 b,Kepler-1412,0.0334
Kepler-520 b,Kepler-520,0.0334
Kepler-199 c,Kepler-199,0.0334
Kepler-585 b,Kepler-585,0.0334
Kepler-207 b,Kepler-207,0.0333
TOI-849 b,TOI-849,0.0332
HD 163607 b,HD 163607,0.0332
Kepler-823 b,Kepler-823,0.0332
GJ 832 b,GJ 832,0.0332
HD 140901 c,HD 140901,0.0332
Kepler-1900 b,Kepler-1900,0.0331
Kepler-767 b,Kepler-767,0.0331
Kepler-708 b,Kepler-708,0.0331
Kepler-570 b,Kepler-570,0.033
Kepler-178 c,Kepler-178,0.033
Kepler-474 b,Kepler-474,0.033
Kepler-1016 c,Kepler-1016,0.033
TYC 3318-01333-1 b,TYC 3318-01333-1,0.033
Kepler-1352 b,Kepler-1352,0.0329
Kepler-1468 c,Kepler-1468,0.0329
Kepler-160 c,Kepler-160,0.0329
Kepler-564 b,Kepler-564,0.0328
Kepler-381 b,Kepler-381,0.0328
Kepler-1036 b,Kepler-1036,0.0328
Kepler-381 c,Kepler-381,0.0328
KMT-2019-BLG-1339L b,KMT-2019-BLG-1339L,0.0327
Kepler-411 e,Kepler-411,0.0326
KMT-2021-BLG-2010L b,KMT-2021-BLG-2010L,0.0326
Kepler-238 c,Kepler-238,0.0326
Kepler-170 c,Kepler-170,0.0326
Kepler-760 b,Kepler-760,0.0325
Kepler-199 b,Kepler-199,0.0325
Kepler-147 b,Kepler-147,0.0325
K2-406 b,K2-406,0.0325
Kepler-287 b,Kepler-287,0.0325
Kepler-1870 b,Kepler-1870,0.0325
Kepler-1881 b,Kepler-1881,0.0325
Kepler-328 c,Kepler-328,0.0324
Kepler-111 b,Kepler-111,0.0324
KMT-2019-BLG-0578L b,KMT-2019-BLG-0578L,0.0323
Kepler-397 c,Kepler-397,0.0323
Kepler-1061 b,Kepler-1061,0.0323
Kepler-1426 b,Kepler-1426,0.0322
TOI-1235 b,TOI-1235,0.0322
SWEEPS-4 b,SWEEPS-4,0.0322
HD 66428 c,HD 66428,0.0322
Kepler-184 d,Kepler-184,0.0321
HD 44219 b,HD 44219,0.032
Kepler-1509 b,Kepler-1509,0.032
Kepler-1914 b,Kepler-1914,0.032
TOI-431 c,TOI-431,0.032
Kepler-403 b,Kepler-403,0.032
WASP-35 b,WASP-35,0.0319
HD 137496 c,HD 137496,0.0319
HD 240210 b,HD 240210,0.0319
Kepler-740 b,Kepler-740,0.0319
Kepler-986 b,Kepler-986,0.0319
Kepler-1276 b,Kepler-1276,0.0319
KMT-2019-BLG-2783L b,KMT-2019-BLG-2783L,0.0319
Kepler-1168 b,Kepler-1168,0.0319
Kepler-144 c,Kepler-144,0.0318
Kepler-1073 b,Kepler-1073,0.0318
Kepler-184 b,Kepler-184,0.0318
Kepler-1397 b,Kepler-1397,0.0318
Kepler-84 d,Kepler-84,0.0318
Kepler-325 c,Kepler-325,0.0318
Kepler-626 b,Kepler-626,0.0317
HD 8326 b,HD 8326,0.0317
K2-405 b,K2-405,0.0316
Kepler-294 b,Kepler-294,0.0316
HD 156668 b,HD 156668,0.0316
Kepler-1025 b,Kepler-1025,0.0316
HD 159868 c,HD 159868,0.0316
TOI-2669 b,TOI-2669,0.0316
Kepler-1879 b,Kepler-1879,0.0315
Kepler-1406 b,Kepler-1406,0.0315
Kepler-274 b,Kepler-274,0.0315
Kepler-1464 b,Kepler-1464,0.0315
Kepler-1528 b,Kepler-1528,0.0314
Kepler-1476 b,Kepler-1476,0.0314
Kepler-1250 b,Kepler-1250,0.0314
Kepler-805 b,Kepler-805,0.0314
TOI-1694 c,TOI-1694,0.0313
KMT-2016-BLG-1836L b,KMT-2016-BLG-1836L,0.0313
KMT-2018-BLG-1976L b,KMT-2018-BLG-1976L,0.0313
Kepler-402 b,Kepler-402,0.0313
Kepler-178 b,Kepler-178,0.0313
Kepler-870 b,Kepler-870,0.0313
Kepler-990 c,Kepler-990,0.0313
Kepler-365 c,Kepler-365,0.0313
ome Ser b,ome Ser,0.0312
Kepler-528 b,Kepler-528,0.0312
Kepler-1369 b,Kepler-1369,0.0312
Kepler-591 b,Kepler-591,0.0312
Kepler-1408 b,Kepler-1408,0.0312
Kepler-300 b,Kepler-300,0.0311
Kepler-771 b,Kepler-771,0.0311
Kepler-1585 b,Kepler-1585,0.0311
Kepler-144 b,Kepler-144,0.031
Kepler-325 d,Kepler-325,0.031
Kepler-1932 b,Kepler-1932,0.0309
OGLE-2016-BLG-0613L AB b,OGLE-2016-BLG-0613L AB,0.0309
WASP-17 b,WASP-17,0.0309
Kepler-1594 b,Kepler-1594,0.0309
OGLE-2018-BLG-1647L b,OGLE-2018-BLG-1647L,0.0309
Kepler-123 c,Kepler-123,0.0309
Kepler-133 c,Kepler-133,0.0309
Kepler-632 b,Kepler-632,0.0308
Kepler-336 c,Kepler-336,0.0308
Kepler-1601 b,Kepler-1601,0.0308
Kepler-344 b,Kepler-344,0.0308
K2-360 c,EPIC 201595106,0.0308
Kepler-344 c,Kepler-344,0.0308
Kepler-1674 b,Kepler-1674,0.0307
Kepler-524 c,Kepler-524,0.0307
Kepler-961 b,Kepler-961,0.0307
HD 135694 b,HD 135694,0.0307
Kepler-128 c,Kepler-128,0.0306
Kepler-1696 b,Kepler-1696,0.0306
Kepler-1531 b,Kepler-1531,0.0306
Kepler-461 b,Kepler-461,0.0305
Kepler-1286 b,Kepler-1286,0.0305
HD 20003 c,HD 20003,0.0305
Kepler-608 b,Kepler-608,0.0305
Kepler-1637 b,Kepler-1637,0.0304
Kepler-556 b,Kepler-556,0.0304
Kepler-583 b,Kepler-583,0.0304
Kepler-281 b,Kepler-281,0.0303
HD 163607 c,HD 163607,0.0303
Kepler-265 d,Kepler-265,0.0303
KOI-351 h,KOI-351,0.0303
Kepler-110 b,Kepler-110,0.0303
HD 86226 b,HD 86226,0.0302
Kepler-1033 b,Kepler-1033,0.0301
Kepler-402 d,Kepler-402,0.0301
KMT-2021-BLG-0909L b,KMT-2021-BLG-0909L,0.0301
Kepler-265 e,Kepler-265,0.0301
OGLE-2019-BLG-1470L AB c,OGLE-2019-BLG-1470L A,0.0301
Kepler-1874 b,Kepler-1874,0.03
Kepler-1576 b,Kepler-1576,0.03
Kepler-903 b,Kepler-903,0.03
Kepler-886 b,Kepler-886,0.03
TOI-1777.01,TOI-1777,0.03
Kepler-127 b,Kepler-127,0.03
Kepler-1491 b,Kepler-1491,0.03
Kepler-694 b,Kepler-694,0.03
Kepler-1555 b,Kepler-1555,0.0299
Kepler-1598 b,Kepler-1598,0.0299
HD 20003 b,HD 20003,0.0299
Kepler-180 c,Kepler-180,0.0299
Kepler-1292 b,Kepler-1292,0.0299
Kepler-1427 b,Kepler-1427,0.0299
Kepler-1864 b,Kepler-1864,0.0298
KMT-2023-BLG-1642L b,KMT-2023-BLG-1642L,0.0298
Kepler-1188 b,Kepler-1188,0.0298
Kepler-836 b,Kepler-836,0.0298
Kepler-343 b,Kepler-343,0.0298
HD 164595 b,HD 164595,0.0298
TOI-4638.01,TOI-4638,0.0297
HD 235088 b,HD 235088,0.0297
Kepler-208 e,Kepler-208,0.0296
Kepler-784 b,Kepler-784,0.0296
HD 106270 b,HD 106270,0.0296
HD 159868 b,HD 159868,0.0296
omi CrB b,omi CrB,0.0295
KMT-2018-BLG-1292L b,KMT-2018-BLG-1292L,0.0295
Kepler-208 c,Kepler-208,0.0295
KMT-2016-BLG-2397L b,KMT-2016-BLG-2397L,0.0294
Kepler-219 d,Kepler-219,0.0294
Kepler-150 c,Kepler-150,0.0294
HD 50554 b,HD 50554,0.0294
OGLE-2015-BLG-0051L b,OGLE-2015-BLG-0051L,0.0294
HD 62509 b,HD 62509,0.0294
HD 220689 b,HD 220689,0.0293
Kepler-222 c,Kepler-222,0.0293
Kepler-602 b,Kepler-602,0.0293
Kepler-308 c,Kepler-308,0.0293
Kepler-183 b,Kepler-183,0.0293
Kepler-47 c,Kepler-47,0.0293
Kepler-1330 b,Kepler-1330,0.0292
MOA-bin-29 b,MOA-bin-29,0.0292
Kepler-1260 b,Kepler-1260,0.0292
Kepler-402 e,Kepler-402,0.0292
Kepler-128 b,Kepler-128,0.0291
Kepler-140 c,Kepler-140,0.0291
Kepler-377 c,Kepler-377,0.029
Kepler-379 b,Kepler-379,0.029
Kepler-308 b,Kepler-308,0.029
Kepler-34 b,Kepler-34,0.029
Kepler-1011 b,Kepler-1011,0.029
OGLE-2016-BLG-0263L b,OGLE-2016-BLG-0263L,0.029
Kepler-192 d,Kepler-192,0.029
Kepler-573 b,Kepler-573,0.0289
Kepler-204 b,Kepler-204,0.0289
Kepler-341 d,Kepler-341,0.0289
HD 39855 b,HD 39855,0.0289
Kepler-100 c,Kepler-100,0.0289
K2-138 f,K2-138,0.0288
Kepler-396 c,Kepler-396,0.0288
Kepler-274 c,Kepler-274,0.0288
K2-19 b,K2-19,0.0288
Kepler-534 b,Kepler-534,0.0288
Kepler-341 c,Kepler-341,0.0287
Kepler-143 b,Kepler-143,0.0286
HD 21411 b,HD 21411,0.0286
KMT-2019-BLG-1715L b,KMT-2019-BLG-1715L,0.0286
81 Cet b,81 Cet,0.0286
Kepler-1429 b,Kepler-1429,0.0286
Kepler-1398 b,Kepler-1398,0.0286
Kepler-1128 b,Kepler-1128,0.0286
Kepler-364 b,Kepler-364,0.0286
Kepler-336 d,Kepler-336,0.0286
Kepler-881 b,Kepler-881,0.0285
Kepler-1231 b,Kepler-1231,0.0285
Kepler-1031 b,Kepler-1031,0.0285
Kepler-1435 b,Kepler-1435,0.0285
Kepler-686 b,Kepler-686,0.0285
Kepler-349 c,Kepler-349,0.0285
Kepler-1645 b,Kepler-1645,0.0285
Kepler-104 c,Kepler-104,0.0285
PSR B1620-26 b,PSR B1620-26,0.0284
Kepler-1391 b,Kepler-1391,0.0284
Kepler-1765 b,Kepler-1765,0.0284
Kepler-1380 b,Kepler-1380,0.0283
Kepler-1591 b,Kepler-1591,0.0283
OGLE-2012-BLG-0406L b,OGLE-2012-BLG-0406L,0.0283
Kepler-96 b,Kepler-96,0.0282
Kepler-1416 b,Kepler-1416,0.0282
Kepler-23 c,Kepler-23,0.0282
Kepler-1398 c,Kepler-1398,0.0281
Kepler-349 b,Kepler-349,0.0281
Kepler-869 b,Kepler-869,0.0281
KMT-2016-BLG-2605L b,KMT-2016-BLG-2605L,0.0281
Kepler-1271 b,Kepler-1271,0.0281
Kepler-1584 b,Kepler-1584,0.0281
OGLE-2014-BLG-0676L b,OGLE-2014-BLG-0676L,0.0281
Kepler-1278 b,Kepler-1278,0.028
Kepler-348 c,Kepler-348,0.028
Kepler-223 e,Kepler-223,0.028
Kepler-403 c,Kepler-403,0.028
BD+48 738 b,BD+48 738,0.0279
Kepler-1293 b,Kepler-1293,0.0279
Kepler-228 b,Kepler-228,0.0279
Kepler-616 d,Kepler-616,0.0279
Kepler-131 c,Kepler-131,0.0278
HD 3167 e,HD 3167,0.0278
Kepler-183 c,Kepler-183,0.0278
HD 16417 b,HD 16417,0.0278
WASP-117 b,WASP-117,0.0277
Kepler-187 b,Kepler-187,0.0277
Kepler-341 e,Kepler-341,0.0277
Kepler-170 b,Kepler-170,0.0277
K2-138 c,K2-138,0.0277
Kepler-466 b,Kepler-466,0.0277
Kepler-1468 b,Kepler-1468,0.0276
Kepler-472 b,Kepler-472,0.0276
Kepler-104 b,Kepler-104,0.0276
HD 2638 b,HD 2638,0.0276
HD 213885 c,HD 213885,0.0276
Kepler-1764 b,Kepler-1764,0.0276
Kepler-666 b,Kepler-666,0.0275
2MASS J04414489+2301513 b,2MASS J04414489+2301513,0.0275
Kepler-203 c,Kepler-203,0.0275
Kepler-312 b,Kepler-312,0.0275
Kepler-1678 b,Kepler-1678,0.0275
KMT-2018-BLG-0247L b,KMT-2018-BLG-0247L,0.0274
Kepler-757 b,Kepler-757,0.0274
Kepler-375 c,Kepler-375,0.0274
Kepler-1478 b,Kepler-1478,0.0274
K2-183 d,K2-183,0.0274
OGLE-2017-BLG-1522L b,OGLE-2017-BLG-1522L,0.0274
Kepler-773 b,Kepler-773,0.0273
K2-183 c,K2-183,0.0273
Kepler-1561 b,Kepler-1561,0.0273
Kepler-164 d,Kepler-164,0.0272
Kepler-559 b,Kepler-559,0.0272
Kepler-270 c,Kepler-270,0.0271
Kepler-926 b,Kepler-926,0.0271
Kepler-1187 b,Kepler-1187,0.0271
Kepler-393 c,Kepler-393,0.0271
HD 65216 b,HD 65216,0.0271
Kepler-1717 b,Kepler-1717,0.027
Kepler-1516 b,Kepler-1516,0.027
TOI-500 c,TOI-500,0.027
NGC 2682 YBP 1514 b,NGC 2682 YBP 1514,0.027
Kepler-265 c,Kepler-265,0.0269
Kepler-119 b,Kepler-119,0.0269
OGLE-TR-113 b,OGLE-TR-113,0.0269
MOA-2012-BLG-006L b,MOA-2012-BLG-006L,0.0269
Kepler-1814 b,Kepler-1814,0.0269
Kepler-110 c,Kepler-110,0.0268
Kepler-611 b,Kepler-611,0.0268
Kepler-393 b,Kepler-393,0.0267
MOA-2013-BLG-220L b,MOA-2013-BLG-220L,0.0267
WASP-48 b,WASP-48,0.0267
HD 206255 b,HD 206255,0.0267
Kepler-1838 b,Kepler-1838,0.0267
Kepler-1556 b,Kepler-1556,0.0266
Kepler-1451 b,Kepler-1451,0.0266
Kepler-347 c,Kepler-347,0.0266
Kepler-188 b,Kepler-188,0.0266
Kepler-1771 b,Kepler-1771,0.0265
Kepler-402 c,Kepler-402,0.0265
Kepler-338 c,Kepler-338,0.0265
K2-383 b,K2-383,0.0265
Kepler-581 b,Kepler-581,0.0265
Kepler-903 c,Kepler-903,0.0264
HD 176986 c,HD 176986,0.0264
Kepler-1933 b,Kepler-1933,0.0264
Kepler-501 b,Kepler-501,0.0263
TrES-1 b,TrES-1,0.0263
Kepler-1730 b,Kepler-1730,0.0263
Kepler-269 b,Kepler-269,0.0263
Kepler-864 b,Kepler-864,0.0263
Kepler-385 d,Kepler-385,0.0262
Kepler-612 b,Kepler-612,0.0262
HD 104067 b,HD 104067,0.0262
Kepler-325 b,Kepler-325,0.0261
Kepler-802 b,Kepler-802,0.0261
Kepler-1590 b,Kepler-1590,0.0261
Kepler-291 c,Kepler-291,0.0261
K2-397 b,K2-397,0.0261
Kepler-238 d,Kepler-238,0.0261
Kepler-178 d,Kepler-178,0.0261
Kepler-65 e,Kepler-65,0.026
Kepler-230 b,Kepler-230,0.026
OGLE-2018-BLG-1011L b,OGLE-2018-BLG-1011L,0.026
Kepler-254 c,Kepler-254,0.026
Kepler-212 c,Kepler-212,0.026
Kepler-104 d,Kepler-104,0.026
KMT-2017-BLG-2509L b,KMT-2017-BLG-2509L,0.026
Kepler-360 b,Kepler-360,0.026
Kepler-1252 b,Kepler-1252,0.0259
KMT-2017-BLG-2197L b,KMT-2017-BLG-2197L,0.0259
Kepler-1131 b,Kepler-1131,0.0259
HD 176986 b,HD 176986,0.0259
Kepler-1182 b,Kepler-1182,0.0259
Kepler-1617 b,Kepler-1617,0.0259
Kepler-481 b,Kepler-481,0.0259
Kepler-203 b,Kepler-203,0.0258
Kepler-194 b,Kepler-194,0.0257
Kepler-48 b,Kepler-48,0.0257
Kepler-1668 b,Kepler-1668,0.0257
gam Lib c,gam Lib,0.0256
Kepler-300 c,Kepler-300,0.0256
Kepler-850 b,Kepler-850,0.0256
Kepler-1769 b,Kepler-1769,0.0256
Kepler-140 b,Kepler-140,0.0255
Kepler-134 b,Kepler-134,0.0254
Kepler-1155 b,Kepler-1155,0.0254
WASP-15 b,WASP-15,0.0254
Kepler-1349 b,Kepler-1349,0.0252
Kepler-1050 c,Kepler-1050,0.0252
Kepler-1493 b,Kepler-1493,0.0251
Kepler-361 b,Kepler-361,0.0251
MOA-2022-BLG-091L b,MOA-2022-BLG-091L,0.0251
OGLE-2019-BLG-0468L b,OGLE-2019-BLG-0468L,0.0251
Kepler-500 b,Kepler-500,0.025
Kepler-1538 b,Kepler-1538,0.025
Kepler-1508 b,Kepler-1508,0.025
K2-291 b,K2-291,0.025
Kepler-208 b,Kepler-208,0.0249
Kepler-142 c,Kepler-142,0.0249
Kepler-603 b,Kepler-603,0.0249
HD 64114 b,HD 64114,0.0249
Kepler-1548 b,Kepler-1548,0.0249
gam Lib b,gam Lib,0.0248
Kepler-1613 b,Kepler-1613,0.0248
Kepler-1311 b,Kepler-1311,0.0248
Kepler-722 b,Kepler-722,0.0248
Kepler-288 d,Kepler-288,0.0247
Kepler-266 b,Kepler-266,0.0247
Kepler-1639 b,Kepler-1639,0.0247
K2-138 d,K2-138,0.0247
Kepler-355 b,Kepler-355,0.0247
HD 145934 b,HD 145934,0.0247
KMT-2017-BLG-1038L b,KMT-2017-BLG-1038L,0.0247
HD 135625 b,HD 135625,0.0246
Kepler-1103 b,Kepler-1103,0.0246
Kepler-365 b,Kepler-365,0.0246
Kepler-401 b,Kepler-401,0.0246
Kepler-25 c,Kepler-25,0.0246
OGLE-2017-BLG-1099L b,OGLE-2017-BLG-1099L,0.0245
Kepler-1738 b,Kepler-1738,0.0245
Kepler-48 d,Kepler-48,0.0245
Kepler-1431 b,Kepler-1431,0.0245
Kepler-1485 b,Kepler-1485,0.0244
Kepler-338 b,Kepler-338,0.0244
Kepler-1311 c,Kepler-1311,0.0244
Kepler-588 b,Kepler-588,0.0243
Kepler-293 b,Kepler-293,0.0243
Kepler-84 f,Kepler-84,0.0243
HD 18015 b,HD 18015,0.0243
TOI-5726.01,TOI-5726,0.0242
6 Lyn b,6 Lyn,0.0242
Kepler-219 b,Kepler-219,0.0242
Kepler-358 c,Kepler-358,0.0242
Kepler-162 c,Kepler-162,0.0241
Kepler-1093 c,Kepler-1093,0.0241
KELT-1 b,KELT-1,0.0241
K2-201 b,K2-201,0.0241
KMT-2019-BLG-1953L b,KMT-2019-BLG-1953L,0.0241
Kepler-227 c,Kepler-227,0.0241
Kepler-1050 b,Kepler-1050,0.0241
Kepler-654 b,Kepler-654,0.0241
Kepler-1093 b,Kepler-1093,0.024
Kepler-1289 b,Kepler-1289,0.024
Kepler-356 b,Kepler-356,0.024
OGLE-2014-BLG-0221L b,OGLE-2014-BLG-0221L,0.024
Kepler-287 c,Kepler-287,0.024
Kepler-978 b,Kepler-978,0.024
Kepler-980 b,Kepler-980,0.024
Kepler-722 c,Kepler-722,0.024
Lupus-TR-3 b,Lupus-TR-3,0.0239
Kepler-148 d,Kepler-148,0.0239
Kepler-990 b,Kepler-990,0.0239
Kepler-1784 b,Kepler-1784,0.0239
Kepler-1077 b,Kepler-1077,0.0239
K2-44 b,K2-44,0.0238
Kepler-809 b,Kepler-809,0.0238
Kepler-1443 b,Kepler-1443,0.0238
TOI-500 d,TOI-500,0.0238
Kepler-310 c,Kepler-310,0.0238
Kepler-358 b,Kepler-358,0.0238
OGLE-2023-BLG-0836L b,OGLE-2023-BLG-0836L,0.0238
Kepler-1535 b,Kepler-1535,0.0237
NGC 2682 YBP 1194 b,NGC 2682 YBP 1194,0.0237
Kepler-1207 b,Kepler-1207,0.0237
Kepler-1183 b,Kepler-1183,0.0236
Kepler-822 b,Kepler-822,0.0236
Kepler-524 b,Kepler-524,0.0236
OGLE-2015-BLG-1649L b,OGLE-2015-BLG-1649L,0.0236
Kepler-1474 b,Kepler-1474,0.0235
Kepler-59 c,Kepler-59,0.0235
Kepler-348 b,Kepler-348,0.0234
Kepler-20 g,Kepler-20,0.0234
Kepler-1488 b,Kepler-1488,0.0234
HD 184010 d,HD 184010,0.0233
Kepler-1547 b,Kepler-1547,0.0233
HIP 39017 b,HIP 39017,0.0233
Kepler-335 c,Kepler-335,0.0233
Kepler-1401 b,Kepler-1401,0.0232
Kepler-82 c,Kepler-82,0.0232
OGLE-2017-BLG-0640L b,OGLE-2017-BLG-0640L,0.0232
Kepler-1777 b,Kepler-1777,0.0232
Kepler-135 b,Kepler-135,0.0232
Kepler-1052 b,Kepler-1052,0.0232
Kepler-1180 b,Kepler-1180,0.0231
Kepler-118 c,Kepler-118,0.0231
Kepler-1557 b,Kepler-1557,0.0231
Kepler-897 b,Kepler-897,0.0231
Kepler-223 d,Kepler-223,0.0231
Kepler-872 b,Kepler-872,0.0231
Kepler-1003 b,Kepler-1003,0.023
Kepler-1088 b,Kepler-1088,0.023
Kepler-379 c,Kepler-379,0.023
Kepler-811 b,Kepler-811,0.0229
Kepler-254 d,Kepler-254,0.0229
TOI-1659.01,TOI-1659,0.0229
Kepler-1230 b,Kepler-1230,0.0229
Kepler-164 c,Kepler-164,0.0228
K2-176 b,K2-176,0.0228
Kepler-259 c,Kepler-259,0.0228
Kepler-24 e,Kepler-24,0.0228
Kepler-1767 b,Kepler-1767,0.0227
Kepler-1778 b,Kepler-1778,0.0227
TYC 4282-00605-1 b,TYC 4282-00605-1,0.0227
Kepler-1449 b,Kepler-1449,0.0227
Kepler-645 b,Kepler-645,0.0227
Kepler-270 b,Kepler-270,0.0227
HD 65216 c,HD 65216,0.0226
Kepler-1636 b,Kepler-1636,0.0226
OGLE-2017-BLG-1140L b,OGLE-2017-BLG-1140L,0.0226
TYC 3667-1280-1 b,TYC 3667-1280-1,0.0226
HD 184010 c,HD 184010,0.0226
OGLE-2016-BLG-1800L b,OGLE-2016-BLG-1800L,0.0225
Kepler-356 c,Kepler-356,0.0225
KMT-2016-BLG-1397L b,KMT-2016-BLG-1397L,0.0225
Kepler-1109 b,Kepler-1109,0.0225
WASP-47 c,WASP-47,0.0225
Kepler-347 b,Kepler-347,0.0225
Kepler-1930 b,Kepler-1930,0.0224
TOI-2202 b,TOI-2202,0.0224
Kepler-625 c,Kepler-625,0.0224
Kepler-122 d,Kepler-122,0.0223
Kepler-555 b,Kepler-555,0.0223
Kepler-1419 b,Kepler-1419,0.0223
HD 165155 b,HD 165155,0.0223
Kepler-291 b,Kepler-291,0.0223
Kepler-364 c,Kepler-364,0.0222
Kepler-1085 c,Kepler-1085,0.0222
Kepler-147 c,Kepler-147,0.0222
K2-393 b,K2-393,0.0222
KMT-2023-BLG-0119L b,KMT-2023-BLG-0119L,0.0222
Kepler-1790 b,Kepler-1790,0.0221
K2-411 b,K2-411,0.0221
TOI-1723 b,TOI-1723,0.0221
HD 184010 b,HD 184010,0.022
Kepler-315 b,Kepler-315,0.022
OGLE-2017-BLG-1049L b,OGLE-2017-BLG-1049L,0.022
Kepler-1632 b,Kepler-1632,0.022
Kepler-879 b,Kepler-879,0.022
Kepler-126 c,Kepler-126,0.022
TOI-500 e,TOI-500,0.022
Kepler-1041 b,Kepler-1041,0.0219
SWEEPS-11 b,SWEEPS-11,0.0219
Kepler-366 b,Kepler-366,0.0219
WASP-41 c,WASP-41,0.0219
Kepler-545 b,Kepler-545,0.0219
K2-73 c,K2-73,0.0218
Kepler-1625 b,Kepler-1625,0.0218
Kepler-1607 b,Kepler-1607,0.0218
HD 168009 b,HD 168009,0.0218
Kepler-1106 b,Kepler-1106,0.0218
Kepler-534 c,Kepler-534,0.0218
HAT-P-11 c,HAT-P-11,0.0217
Kepler-1444 b,Kepler-1444,0.0217
Kepler-1225 b,Kepler-1225,0.0217
Kepler-630 b,Kepler-630,0.0217
Kepler-360 c,Kepler-360,0.0217
OGLE-2013-BLG-1761L b,OGLE-2013-BLG-1761L,0.0217
Kepler-1647 b,Kepler-1647,0.0216
Kepler-126 b,Kepler-126,0.0216
HD 207832 c,HD 207832,0.0216
OGLE-2019-BLG-0362L b,OGLE-2019-BLG-0362L,0.0216
Kepler-671 b,Kepler-671,0.0216
Kepler-56 b,Kepler-56,0.0216
Kepler-1719 b,Kepler-1719,0.0216
TOI-1691 b,TOI-1691,0.0215
TOI-1062 c,TOI-1062,0.0215
KMT-2016-BLG-2364L b,KMT-2016-BLG-2364L,0.0215
Kepler-315 c,Kepler-315,0.0215
Kepler-1691 b,Kepler-1691,0.0215
Kepler-1941 b,Kepler-1941,0.0214
Kepler-219 c,Kepler-219,0.0214
Kepler-318 c,Kepler-318,0.0214
Kepler-1581 b,Kepler-1581,0.0214
OGLE-2017-BLG-1237L b,OGLE-2017-BLG-1237L,0.0214
HD 100777 b,HD 100777,0.0214
Kepler-288 c,Kepler-288,0.0214
Kepler-401 c,Kepler-401,0.0214
Kepler-294 c,Kepler-294,0.0214
Kepler-1386 b,Kepler-1386,0.0213
Kepler-1432 b,Kepler-1432,0.0213
HD 96167 b,HD 96167,0.0213
Kepler-673 b,Kepler-673,0.0213
Kepler-467 b,Kepler-467,0.0213
Kepler-1268 b,Kepler-1268,0.0212
HD 13167 b,HD 13167,0.0212
Kepler-1616 b,Kepler-1616,0.0212
Kepler-969 c,Kepler-969,0.0212
Kepler-338 d,Kepler-338,0.0212
Kepler-996 b,Kepler-996,0.0212
KMT-2022-BLG-1818L b,KMT-2022-BLG-1818L,0.0212
Kepler-1587 b,Kepler-1587,0.0212
HD 221416 b,HD 221416,0.0212
Kepler-1255 b,Kepler-1255,0.0212
KMT-2017-BLG-0673L b,KMT-2017-BLG-0673L,0.0211
KMT-2019-BLG-1552L b,KMT-2019-BLG-1552L,0.0211
Kepler-552 b,Kepler-552,0.0211
HD 109286 b,HD 109286,0.0211
OGLE-2018-BLG-1700L b,OGLE-2018-BLG-1700L,0.021
Kepler-1574 b,Kepler-1574,0.021
HD 151450 c,HD 151450,0.021
Kepler-1641 c,Kepler-1641,0.0209
Kepler-227 b,Kepler-227,0.0209
Kepler-657 b,Kepler-657,0.0209
K2-175 b,K2-175,0.0209
Kepler-1111 b,Kepler-1111,0.0209
Kepler-765 b,Kepler-765,0.0208
HD 73267 c,HD 73267,0.0207
Kepler-495 c,Kepler-495,0.0207
Kepler-509 b,Kepler-509,0.0207
K2-74 b,K2-74,0.0207
HD 145675 c,14 Her,0.0207
K2-308 b,K2-308,0.0207
Kepler-475 b,Kepler-475,0.0207
Kepler-143 c,Kepler-143,0.0207
Kepler-1323 b,Kepler-1323,0.0207
Kepler-53 d,Kepler-53,0.0206
Kepler-302 b,Kepler-302,0.0206
Kepler-232 b,Kepler-232,0.0206
Kepler-1615 b,Kepler-1615,0.0206
Kepler-1068 b,Kepler-1068,0.0206
Kepler-1550 b,Kepler-1550,0.0206
Kepler-1873 b,Kepler-1873,0.0205
BD+49 828 b,BD+49 828,0.0205
Kepler-843 b,Kepler-843,0.0205
Kepler-1693 c,Kepler-1693,0.0205
Kepler-619 c,Kepler-619,0.0204
K2-160 b,K2-160,0.0204
Kepler-643 b,Kepler-643,0.0204
Kepler-745 b,Kepler-745,0.0204
Kepler-1789 b,Kepler-1789,0.0204
KOI-984 c,KOI-984,0.0204
Kepler-704 b,Kepler-704,0.0204
Kepler-293 c,Kepler-293,0.0204
omi UMa b,omi UMa,0.0203
HD 29985 b,HD 29985,0.0203
Kepler-342 c,Kepler-342,0.0203
OGLE-2018-BLG-1367L b,OGLE-2018-BLG-1367L,0.0203
K2-386 b,K2-386,0.0203
Kepler-194 d,Kepler-194,0.0203
Kepler-1641 b,Kepler-1641,0.0202
Kepler-146 c,Kepler-146,0.0202
TOI-1136 e,TOI-1136,0.0202
Kepler-115 c,Kepler-115,0.0202
OGLE-2012-BLG-0358L b,OGLE-2012-BLG-0358L,0.0202
Kepler-1817 b,Kepler-1817,0.0202
WASP-32 b,WASP-32,0.0202
Kepler-754 b,Kepler-754,0.0202
TOI-4633 c,TOI-4633,0.0201
Kepler-217 c,Kepler-217,0.0201
K2-207 b,K2-207,0.0201
Kepler-259 b,Kepler-259,0.02
K2-31 b,K2-31,0.02
Kepler-350 b,Kepler-350,0.0199
TOI-1136 b,TOI-1136,0.0199
TOI-1136 c,TOI-1136,0.0199
Kepler-1163 b,Kepler-1163,0.0199
Kepler-476 b,Kepler-476,0.0199
Kepler-366 c,Kepler-366,0.0198
HD 219134 h,HD 219134,0.0198
Kepler-715 b,Kepler-715,0.0198
Kepler-48 c,Kepler-48,0.0198
Kepler-136 c,Kepler-136,0.0197
Kepler-1165 c,Kepler-1165,0.0197
HD 72659 b,HD 72659,0.0197
Kepler-84 e,Kepler-84,0.0197
K2-178 b,K2-178,0.0196
TOI-2202 c,TOI-2202,0.0196
Kepler-173 c,Kepler-173,0.0196
Kepler-759 b,Kepler-759,0.0196
Kepler-168 b,Kepler-168,0.0196
Kepler-201 b,Kepler-201,0.0196
Kepler-160 d,Kepler-160,0.0196
TOI-1716.01,TOI-1716,0.0196
Kepler-1620 b,Kepler-1620,0.0195
Kepler-406 c,Kepler-406,0.0195
Kepler-1119 b,Kepler-1119,0.0195
Kepler-122 e,Kepler-122,0.0195
HD 155918 c,HD 155918,0.0195
MOA-2016-BLG-227L b,MOA-2016-BLG-227L,0.0195
Kepler-912 b,Kepler-912,0.0194
KMT-2021-BLG-0119L b,KMT-2021-BLG-0119L,0.0194
Kepler-1219 b,Kepler-1219,0.0194
HD 42012 b,HD 42012,0.0193
Kepler-1212 b,Kepler-1212,0.0193
Kepler-814 b,Kepler-814,0.0193
Kepler-1057 b,Kepler-1057,0.0193
Kepler-122 b,Kepler-122,0.0193
Kepler-561 b,Kepler-561,0.0192
Kepler-719 b,Kepler-719,0.0192
Kepler-201 c,Kepler-201,0.0192
Kepler-664 b,Kepler-664,0.0192
HD 210193 b,HD 210193,0.0191
Kepler-965 b,Kepler-965,0.0191
HD 150706 b,HD 150706,0.0191
K2-138 e,K2-138,0.0191
Kepler-1237 b,Kepler-1237,0.0191
K2-75 c,K2-75,0.0191
Kepler-923 b,Kepler-923,0.019
24 Sex c,24 Sex,0.019
HAT-P-24 b,HAT-P-24,0.019
Kepler-1403 b,Kepler-1403,0.019
KIC 10068024 b,KIC 10068024,0.019
Kepler-214 c,Kepler-214,0.019
Kepler-320 b,Kepler-320,0.0189
K2-75 b,K2-75,0.0189
K2-138 g,K2-138,0.0188
Kepler-750 c,Kepler-750,0.0188
Kepler-1700 b,Kepler-1700,0.0188
HD 156098 c,HD 156098,0.0188
WASP-34 b,WASP-34,0.0188
MOA-2009-BLG-387L b,MOA-2009-BLG-387L,0.0187
Kepler-24 c,Kepler-24,0.0187
OGLE-2015-BLG-0954L b,OGLE-2015-BLG-0954L,0.0187
MOA-2022-BLG-033L b,MOA-2022-BLG-033L,0.0187
Kepler-136 b,Kepler-136,0.0187
Kepler-875 b,Kepler-875,0.0187
Kepler-1181 b,Kepler-1181,0.0187
Kepler-1422 b,Kepler-1422,0.0186
Kepler-1316 b,Kepler-1316,0.0186
Kepler-678 b,Kepler-678,0.0186
Kepler-1165 b,Kepler-1165,0.0185
KIC 10525077 b,KIC 10525077,0.0185
Kepler-1633 b,Kepler-1633,0.0185
Kepler-525 b,Kepler-525,0.0185
Kepler-418 b,Kepler-418,0.0184
TOI-1136 d,TOI-1136,0.0184
HD 30177 c,HD 30177,0.0184
Kepler-1602 b,Kepler-1602,0.0184
Kepler-1728 b,Kepler-1728,0.0184
WASP-148 c,WASP-148,0.0184
Kepler-1300 b,Kepler-1300,0.0184
Kepler-1346 b,Kepler-1346,0.0183
Kepler-268 b,Kepler-268,0.0183
Kepler-803 b,Kepler-803,0.0183
Kepler-1951 b,Kepler-1951,0.0183
Kepler-1715 b,Kepler-1715,0.0183
Kepler-1073 d,Kepler-1073,0.0183
24 Sex b,24 Sex,0.0183
Kepler-1770 b,Kepler-1770,0.0183
Kepler-511 b,Kepler-511,0.0183
Kepler-1670 b,Kepler-1670,0.0183
Kepler-216 b,Kepler-216,0.0182
Kepler-1774 b,Kepler-1774,0.0182
Kepler-1937 b,Kepler-1937,0.0182
Kepler-266 c,Kepler-266,0.0182
HD 219134 g,HD 219134,0.0182
TOI-1272 c,TOI-1272,0.0181
Kepler-1344 b,Kepler-1344,0.0181
OGLE-2019-BLG-0299L b,OGLE-2019-BLG-0299L,0.0181
TOI-6041 c,TOI-6041,0.0181
Kepler-557 b,Kepler-557,0.018
TOI-6109 c,TOI-6109,0.018
HAT-P-17 b,HAT-P-17,0.018
Kepler-79 b,Kepler-79,0.018
K2-186 b,K2-186,0.018
Kepler-50 b,Kepler-50,0.0179
Kepler-1217 b,Kepler-1217,0.0179
Kepler-1307 b,Kepler-1307,0.0179
Kepler-175 b,Kepler-175,0.0179
Kepler-1725 b,Kepler-1725,0.0179
TOI-969 c,TOI-969,0.0179
Kepler-335 b,Kepler-335,0.0179
Kepler-53 c,Kepler-53,0.0178
HD 168863 b,HD 168863,0.0178
Kepler-24 b,Kepler-24,0.0177
Kepler-1551 b,Kepler-1551,0.0177
Kepler-127 d,Kepler-127,0.0177
Kepler-1256 b,Kepler-1256,0.0176
Kepler-1495 b,Kepler-1495,0.0176
Kepler-1772 b,Kepler-1772,0.0176
Kepler-1568 b,Kepler-1568,0.0176
Kepler-1472 b,Kepler-1472,0.0176
HD 11505 b,HD 11505,0.0176
HD 80883 b,HD 80883,0.0175
Kepler-997 b,Kepler-997,0.0175
Kepler-116 c,Kepler-116,0.0175
Kepler-956 b,Kepler-956,0.0175
Kepler-346 b,Kepler-346,0.0175
Kepler-1269 b,Kepler-1269,0.0175
Kepler-507 b,Kepler-507,0.0174
Kepler-1202 b,Kepler-1202,0.0174
Kepler-320 c,Kepler-320,0.0174
HD 141004 b,HD 141004,0.0174
WASP-53 c,WASP-53,0.0174
Kepler-1373 b,Kepler-1373,0.0173
Kepler-1204 b,Kepler-1204,0.0173
Kepler-1597 b,Kepler-1597,0.0173
Kepler-918 b,Kepler-918,0.0173
Kepler-194 c,Kepler-194,0.0173
Kepler-1002 b,Kepler-1002,0.0173
Kepler-1044 b,Kepler-1044,0.0172
HD 88072 b,HD 88072,0.0172
HIP 35965 b,HIP 35965,0.0172
HD 221287 b,HD 221287,0.0172
Kepler-1272 b,Kepler-1272,0.0172
Kepler-1732 b,Kepler-1732,0.0171
HD 360 b,HD 360,0.017
Kepler-232 c,Kepler-232,0.017
Kepler-342 b,Kepler-342,0.017
TOI-6109 b,TOI-6109,0.017
K2-215 b,K2-215,0.017
Kepler-593 b,Kepler-593,0.017
Kepler-207 d,Kepler-207,0.0169
K2-196 b,K2-196,0.0169
Kepler-127 c,Kepler-127,0.0169
Kepler-1407 b,Kepler-1407,0.0169
Kepler-58 b,Kepler-58,0.0169
Kepler-1821 b,Kepler-1821,0.0169
TOI-5238 b,TOI-5238,0.0169
HD 56957 b,HD 56957,0.0168
Kepler-1370 c,Kepler-1370,0.0168
Kepler-1462 b,Kepler-1462,0.0168
HD 11112 b,HD 11112,0.0168
HD 10975 b,HD 10975,0.0167
K2-219 b,K2-219,0.0167
Kepler-401 d,Kepler-401,0.0167
Kepler-361 c,Kepler-361,0.0167
Kepler-1063 b,Kepler-1063,0.0167
Kepler-625 b,Kepler-625,0.0167
OGLE-2008-BLG-355L b,OGLE-2008-BLG-355L,0.0167
Kepler-544 b,Kepler-544,0.0167
MOA-2011-BLG-322L b,MOA-2011-BLG-322L,0.0167
Kepler-228 c,Kepler-228,0.0166
Kepler-700 b,Kepler-700,0.0166
Kepler-966 b,Kepler-966,0.0166
WASP-60 b,WASP-60,0.0166
HD 75302 b,HD 75302,0.0166
Kepler-810 b,Kepler-810,0.0166
18 Del b,18 Del,0.0165
Kepler-1823 b,Kepler-1823,0.0165
Kepler-579 b,Kepler-579,0.0165
K2-46 b,K2-46,0.0165
HD 19615 b,HD 19615,0.0165
HD 45364 c,HD 45364,0.0165
Kepler-307 c,Kepler-307,0.0165
Kepler-576 b,Kepler-576,0.0164
HD 142245 b,HD 142245,0.0164
Kepler-1621 b,Kepler-1621,0.0164
HD 86065 b,HD 86065,0.0164
Kepler-1486 b,Kepler-1486,0.0164
HD 45364 b,HD 45364,0.0164
OGLE-2017-BLG-1275L b,OGLE-2017-BLG-1275L,0.0164
GJ 3021 b,GJ 3021,0.0164
Kepler-342 d,Kepler-342,0.0164
OGLE-2018-BLG-1011L c,OGLE-2018-BLG-1011L,0.0164
Kepler-1592 b,Kepler-1592,0.0163
HD 195019 b,HD 195019,0.0163
HD 18599 b,HD 18599,0.0163
Kepler-217 b,Kepler-217,0.0163
Kepler-264 c,Kepler-264,0.0163
Kepler-275 b,Kepler-275,0.0163
K2-219 c,K2-219,0.0163
HD 62549 b,HD 62549,0.0162
Kepler-1405 b,Kepler-1405,0.0162
Kepler-346 c,Kepler-346,0.0162
UZ For b,UZ For,0.0161
Kepler-281 d,Kepler-281,0.0161
Kepler-1842 b,Kepler-1842,0.0161
Kepler-1799 b,Kepler-1799,0.0161
KMT-2023-BLG-0949L b,KMT-2023-BLG-0949L,0.0161
Kepler-1901 b,Kepler-1901,0.0161
Kepler-1501 b,Kepler-1501,0.016
Pr0211 b,Pr0211,0.016
Kepler-857 b,Kepler-857,0.016
Kepler-47 d,Kepler-47,0.016
Kepler-1967 b,Kepler-1967,0.016
WASP-132 d,WASP-132,0.0159
WASP-135 b,WASP-135,0.0159
HD 12235 c,HD 12235,0.0159
Kepler-297 c,Kepler-297,0.0159
K2-221 b,K2-221,0.0159
HD 215497 b,HD 215497,0.0159
XO-3 b,XO-3,0.0158
TOI-1136 f,TOI-1136,0.0158
Kepler-281 c,Kepler-281,0.0158
HD 43197 c,HD 43197,0.0158
HD 28254 b,HD 28254,0.0158
HD 45184 c,HD 45184,0.0158
Kepler-1921 b,Kepler-1921,0.0158
Kepler-187 c,Kepler-187,0.0158
2M0437 b,2MASS J04372171+2651014,0.0158
HD 219415 b,HD 219415,0.0158
Kepler-31 b,Kepler-31,0.0158
Kepler-1969 b,Kepler-1969,0.0158
Kepler-58 d,Kepler-58,0.0157
Kepler-1070 b,Kepler-1070,0.0157
HD 18143 c,HD 18143,0.0157
HD 174205 b,HD 174205,0.0157
Kepler-58 c,Kepler-58,0.0157
Kepler-911 b,Kepler-911,0.0157
HD 45184 b,HD 45184,0.0157
Kepler-126 d,Kepler-126,0.0157
Kepler-175 c,Kepler-175,0.0156
Kepler-146 b,Kepler-146,0.0156
Kepler-1283 b,Kepler-1283,0.0156
GJ 9714 b,GJ 9714,0.0156
HD 27894 d,HD 27894,0.0155
HD 204313 b,HD 204313,0.0155
2MASS J02192210-3925225 b,2MASS J02192210-3925225,0.0155
Kepler-924 b,Kepler-924,0.0155
Kepler-655 b,Kepler-655,0.0155
HD 147513 b,HD 147513,0.0154
Kepler-318 b,Kepler-318,0.0154
Kepler-1201 b,Kepler-1201,0.0153
CD-35 2722 b,CD-35 2722,0.0153
Kepler-1056 b,Kepler-1056,0.0153
Kepler-1820 b,Kepler-1820,0.0153
HD 185269 b,HD 185269,0.0153
Kepler-1368 b,Kepler-1368,0.0152
47 UMa d,47 UMa,0.0152
Kepler-1421 b,Kepler-1421,0.0152
Kepler-618 b,Kepler-618,0.0152
HIP 86221 b,HIP 86221,0.0152
TOI-1136 g,TOI-1136,0.0152
Kepler-405 c,Kepler-405,0.0152
Kepler-394 b,Kepler-394,0.0152
HD 216437 b,HD 216437,0.0152
Kepler-50 c,Kepler-50,0.0152
Kepler-904 b,Kepler-904,0.0152
K2-201 c,K2-201,0.0152
Kepler-969 b,Kepler-969,0.0152
Kepler-394 c,Kepler-394,0.0151
Kepler-123 b,Kepler-123,0.0151
HD 135872 b,HD 135872,0.0151
Kepler-1433 b,Kepler-1433,0.0151
Kepler-1438 b,Kepler-1438,0.0151
Kepler-31 d,Kepler-31,0.015
Kepler-792 b,Kepler-792,0.015
Kepler-1233 b,Kepler-1233,0.015
Kepler-1955 b,Kepler-1955,0.0149
Kepler-1962 b,Kepler-1962,0.0149
47 UMa c,47 UMa,0.0149
Kepler-606 b,Kepler-606,0.0149
Kepler-79 c,Kepler-79,0.0149
Kepler-276 b,Kepler-276,0.0149
HD 222582 b,HD 222582,0.0149
BD+14 4559 b,BD+14 4559,0.0148
TOI-1338 b,TOI-1338 A,0.0148
Kepler-1383 b,Kepler-1383,0.0148
TOI-1117 d,TOI-1117,0.0148
HD 115404 A c,HD 115404 A,0.0148
Kepler-214 b,Kepler-214,0.0148
Kepler-1189 b,Kepler-1189,0.0148
K2-217 b,K2-217,0.0148
HD 73267 b,HD 73267,0.0148
Kepler-1280 b,Kepler-1280,0.0148
KMT-2019-BLG-0414L b,KMT-2019-BLG-0414L,0.0148
TOI-1117 c,TOI-1117,0.0147
Kepler-268 c,Kepler-268,0.0147
K2-373 b,K2-373,0.0147
Kepler-1275 b,Kepler-1275,0.0147
Kepler-1067 c,Kepler-1067,0.0147
Kepler-188 c,Kepler-188,0.0147
14 And b,14 And,0.0147
WASP-148 b,WASP-148,0.0146
HD 128311 c,HD 128311,0.0146
Kepler-1681 b,Kepler-1681,0.0145
Kepler-1396 b,Kepler-1396,0.0145
tau Gem b,tau Gem,0.0145
Kepler-216 c,Kepler-216,0.0145
OGLE-2019-BLG-0468L c,OGLE-2019-BLG-0468L,0.0145
HD 196050 b,HD 196050,0.0145
HD 80869 b,HD 80869,0.0145
KMT-2016-BLG-1820L b,KMT-2016-BLG-1820L,0.0145
Kepler-1571 b,Kepler-1571,0.0145
47 UMa b,47 UMa,0.0144
TOI-1744.01,TOI-1744,0.0144
K2-396 b,K2-396,0.0144
OGLE-2017-BLG-1375L b,OGLE-2017-BLG-1375L,0.0144
Kepler-619 b,Kepler-619,0.0144
nu Oct A b,nu Oct A,0.0144
BEBOP-3 b,BEBOP-3,0.0143
Kepler-453 b,Kepler-453,0.0143
TOI-1768.01,TOI-1768,0.0143
GJ 896 A b,GJ 896 A,0.0143
Kepler-79 e,Kepler-79,0.0143
Kepler-603 c,Kepler-603,0.0143
OGLE-2019-BLG-0249L b,OGLE-2019-BLG-0249L,0.0143
Kepler-1193 b,Kepler-1193,0.0143
Kepler-307 b,Kepler-307,0.0143
HD 125271 b,HD 125271,0.0143
MOA-2011-BLG-293L b,MOA-2011-BLG-293L,0.0143
Kepler-355 c,Kepler-355,0.0143
Kepler-372 b,Kepler-372,0.0143
HD 93385 d,HD 93385,0.0142
Kepler-677 b,Kepler-677,0.0142
Kepler-406 b,Kepler-406,0.0142
HD 181234 b,HD 181234,0.0141
Kepler-31 c,Kepler-31,0.0141
Kepler-1370 b,Kepler-1370,0.0141
HD 194490 b,HD 194490,0.0141
Kepler-1831 b,Kepler-1831,0.0141
HAT-P-21 b,HAT-P-21,0.0141
Kepler-1589 b,Kepler-1589,0.0141
HR 8799 b,HR 8799,0.0141
HIP 56640 b,HIP 56640,0.014
Kepler-1893 b,Kepler-1893,0.014
Kepler-131 b,Kepler-131,0.014
Kepler-1311 d,Kepler-1311,0.014
Kepler-874 b,Kepler-874,0.014
HIP 5763 b,HIP 5763,0.014
WASP-22 b,WASP-22,0.014
GJ 2030 c,GJ 2030,0.014
Kepler-887 c,Kepler-887,0.0139
51 Eri b,51 Eri,0.0139
Kepler-848 b,Kepler-848,0.0139
Kepler-798 b,Kepler-798,0.0139
HD 142 c,HD 142,0.0139
Kepler-1686 b,Kepler-1686,0.0138
Kepler-748 b,Kepler-748,0.0138
HD 158038 b,HD 158038,0.0138
HD 117618 b,HD 117618,0.0138
Kepler-688 b,Kepler-688,0.0138
HIP 55507 b,HIP 55507,0.0138
HD 93385 c,HD 93385,0.0138
Kepler-982 b,Kepler-982,0.0138
Kepler-667 b,Kepler-667,0.0137
HD 95544 b,HD 95544,0.0137
HD 93385 b,HD 93385,0.0137
Kepler-1483 b,Kepler-1483,0.0137
HD 25015 b,HD 25015,0.0137
HIP 34222 b,HIP 34222,0.0137
HD 147018 b,HD 147018,0.0137
Kepler-702 b,Kepler-702,0.0136
HD 190228 b,HD 190228,0.0136
HD 14067 b,HD 14067,0.0136
HD 149806 b,HD 149806,0.0136
Kepler-1871 b,Kepler-1871,0.0136
Kepler-799 c,Kepler-799,0.0135
HD 203387 c,HD 203387,0.0135
CoRoT-30 b,CoRoT-30,0.0135
Kepler-769 c,Kepler-769,0.0135
HD 125612 d,HD 125612,0.0135
Kepler-1745 b,Kepler-1745,0.0135
Kepler-312 c,Kepler-312,0.0135
Kepler-1100 b,Kepler-1100,0.0134
bet Pic b,bet Pic,0.0133
Kepler-1090 c,Kepler-1090,0.0133
Kepler-1354 b,Kepler-1354,0.0133
Kepler-9 b,Kepler-9,0.0133
Kepler-254 b,Kepler-254,0.0133
HD 101930 b,HD 101930,0.0133
Kepler-372 d,Kepler-372,0.0132
Kepler-750 b,Kepler-750,0.0132
Kepler-909 b,Kepler-909,0.0132
Kepler-27 d,Kepler-27,0.0132
HD 219077 b,HD 219077,0.0132
HD 93351 c,HD 93351,0.0131
KIC 5479689 b,KIC 5479689,0.0131
Kepler-652 b,Kepler-652,0.0131
HD 183263 c,HD 183263,0.0131
HD 190007 b,HD 190007,0.0131
Kepler-1496 b,Kepler-1496,0.0131
Kepler-1603 b,Kepler-1603,0.0131
Kepler-1159 b,Kepler-1159,0.013
Kepler-998 b,Kepler-998,0.013
CoRoT-28 b,CoRoT-28,0.013
Kepler-98 b,Kepler-98,0.013
Kepler-53 b,Kepler-53,0.013
Kepler-609 b,Kepler-609,0.013
Kepler-1279 b,Kepler-1279,0.013
Kepler-1913 b,Kepler-1913,0.0129
Kepler-641 b,Kepler-641,0.0129
Kepler-554 b,Kepler-554,0.0129
Kepler-501 c,Kepler-501,0.0129
Kepler-1852 b,Kepler-1852,0.0129
KMT-2016-BLG-1107L b,KMT-2016-BLG-1107L,0.0128
HD 156279 c,HD 156279,0.0128
Kepler-79 d,Kepler-79,0.0128
HIP 65891 b,HIP 65891,0.0128
GJ 676 A c,GJ 676 A,0.0127
Kepler-860 b,Kepler-860,0.0127
Kepler-1072 b,Kepler-1072,0.0127
HD 10180 c,HD 10180,0.0127
Kepler-620 b,Kepler-620,0.0127
TOI-216.01,TOI-216,0.0127
Kepler-1776 b,Kepler-1776,0.0126
Kepler-1758 b,Kepler-1758,0.0126
Kepler-182 b,Kepler-182,0.0126
Kepler-915 b,Kepler-915,0.0126
Kepler-1475 b,Kepler-1475,0.0126
Kepler-835 b,Kepler-835,0.0126
BD-17 63 b,BD-17 63,0.0125
Kepler-788 b,Kepler-788,0.0125
HD 72659 c,HD 72659,0.0125
HD 10697 b,HD 10697,0.0124
HIP 8541 b,HIP 8541,0.0124
HD 25912 c,HD 25912,0.0124
Kepler-9 c,Kepler-9,0.0124
HD 24085 b,HD 24085,0.0123
TOI-216.02,TOI-216,0.0123
OGLE-2019-BLG-0954L b,OGLE-2019-BLG-0954L,0.0123
Kepler-264 b,Kepler-264,0.0123
HAT-P-2 c,HAT-P-2,0.0122
HD 30177 b,HD 30177,0.0122
HD 132406 b,HD 132406,0.0122
WASP-16 b,WASP-16,0.0122
HD 169830 c,HD 169830,0.0121
K2-231 b,K2-231,0.0121
HD 224538 b,HD 224538,0.0121
GJ 676 A b,GJ 676 A,0.0121
Kepler-919 b,Kepler-919,0.0121
Kepler-275 d,Kepler-275,0.012
HD 74156 c,HD 74156,0.012
UZ For c,UZ For,0.012
Kepler-1622 b,Kepler-1622,0.012
WASP-63 b,WASP-63,0.0119
Kepler-1928 b,Kepler-1928,0.0119
HD 111232 c,HD 111232,0.0119
HD 215497 c,HD 215497,0.0119
IC 4651 9122 b,IC 4651 9122,0.0118
Kepler-950 b,Kepler-950,0.0118
Kepler-640 b,Kepler-640,0.0118
K2-219 d,K2-219,0.0118
Kepler-193 b,Kepler-193,0.0118
Kepler-1905 b,Kepler-1905,0.0118
8 UMi b,8 UMi,0.0116
Kepler-930 b,Kepler-930,0.0116
14 Her b,14 Her,0.0116
Kepler-168 c,Kepler-168,0.0116
Kepler-999 b,Kepler-999,0.0116
HD 13931 b,HD 13931,0.0116
HD 74698 c,HD 74698,0.0116
HD 147018 c,HD 147018,0.0115
Kepler-1395 b,Kepler-1395,0.0115
Kepler-817 b,Kepler-817,0.0115
HD 9446 c,HD 9446,0.0115
Kepler-289 c,Kepler-289,0.0115
Kepler-952 b,Kepler-952,0.0114
Kepler-1562 b,Kepler-1562,0.0114
eps Eri b,eps Eri,0.0114
XO-1 b,XO-1,0.0113
HD 187123 c,HD 187123,0.0113
Kepler-193 c,Kepler-193,0.0113
Kepler-1569 b,Kepler-1569,0.0113
Kepler-275 c,Kepler-275,0.0112
HD 204313 e,HD 204313,0.0112
WASP-41 b,WASP-41,0.0112
Kepler-56 c,Kepler-56,0.0112
WASP-61 b,WASP-61,0.0112
Kepler-584 b,Kepler-584,0.0112
Kepler-228 d,Kepler-228,0.0112
Kepler-1249 b,Kepler-1249,0.0112
HD 3765 b,HD 3765,0.0112
HD 28185 c,HD 28185,0.0111
Kepler-1213 b,Kepler-1213,0.0111
Kepler-33 b,Kepler-33,0.0111
Kepler-1660 AB b,Kepler-1660 A,0.0111
TOI-199 c,TOI-199,0.0111
Kepler-887 b,Kepler-887,0.0111
HD 153950 b,HD 153950,0.011
HIP 948 b,HIP 948,0.011
HD 159243 c,HD 159243,0.011
Kepler-1154 b,Kepler-1154,0.011
HD 11964 b,HD 11964,0.011
HD 9446 b,HD 9446,0.011
HD 7449 b,HD 7449,0.011
Kepler-1154 c,Kepler-1154,0.011
WASP-88 b,WASP-88,0.0109
HD 110113 c,HD 110113,0.0109
Kepler-116 b,Kepler-116,0.0109
Kepler-1510 b,Kepler-1510,0.0108
Kepler-1524 b,Kepler-1524,0.0108
Kepler-1094 b,Kepler-1094,0.0108
Kepler-1810 b,Kepler-1810,0.0108
HD 111232 b,HD 111232,0.0108
HD 38529 c,HD 38529,0.0107
HD 191806 b,HD 191806,0.0107
HD 66428 b,HD 66428,0.0106
WASP-106 b,WASP-106,0.0106
Kepler-1080 b,Kepler-1080,0.0105
Kepler-1340 b,Kepler-1340,0.0105
HD 109988 b,HD 109988,0.0105
KMT-2019-BLG-0371L b,KMT-2019-BLG-0371L,0.0105
Kepler-1267 b,Kepler-1267,0.0105
HD 52265 b,HD 52265,0.0105
WASP-126 c,WASP-126,0.0105
HD 86264 b,HD 86264,0.0104
Kepler-937 c,Kepler-937,0.0104
Kepler-372 c,Kepler-372,0.0104
Kepler-385 b,Kepler-385,0.0104
Kepler-596 b,Kepler-596,0.0104
Kepler-953 c,Kepler-953,0.0103
Kepler-1147 b,Kepler-1147,0.0103
HD 159243 b,HD 159243,0.0103
KMT-2016-BLG-0212L b,KMT-2016-BLG-0212L,0.0103
Kepler-490 b,Kepler-490,0.0103
Kepler-1238 b,Kepler-1238,0.0103
Kepler-908 b,Kepler-908,0.0102
Kepler-1513 c,Kepler-1513,0.0102
Kepler-590 b,Kepler-590,0.0102
HD 164922 b,HD 164922,0.0102
HD 219828 c,HD 219828,0.0102
HIP 67537 b,HIP 67537,0.0102
MOA-2010-BLG-073L b,MOA-2010-BLG-073L,0.0102
Kepler-487 b,Kepler-487,0.0102
16 Cyg B b,16 Cyg B,0.0101
HD 8574 b,HD 8574,0.0101
Kepler-769 b,Kepler-769,0.0101
bet Pic c,bet Pic,0.01
Kepler-1274 b,Kepler-1274,0.01
Kepler-741 b,Kepler-741,0.01
Kepler-447 b,Kepler-447,0.01
Kepler-680 b,Kepler-680,0.0099
K2-396 c,K2-396,0.0099
Kepler-1666 b,Kepler-1666,0.0099
Kepler-853 b,Kepler-853,0.0099
KOI-1783.02,KOI-1783,0.0098
Kepler-527 b,Kepler-527,0.0098
HD 10180 d,HD 10180,0.0098
PZ Tel b,PZ Tel,0.0098
HD 30669 b,HD 30669,0.0098
HD 457 b,HD 457,0.0098
Kepler-1866 b,Kepler-1866,0.0098
Kepler-1811 b,Kepler-1811,0.0098
Kepler-910 b,Kepler-910,0.0098
HD 99283 b,HD 99283,0.0098
HD 110537 b,HD 110537,0.0098
psi1 Dra B b,psi1 Dra B,0.0098
HD 74698 b,HD 74698,0.0098
OGLE-TR-111 b,OGLE-TR-111,0.0097
Kepler-1859 b,Kepler-1859,0.0097
TOI-4582 b,TOI-4582,0.0097
TOI-1410 c,TOI-1410,0.0097
XO-2 N b,XO-2 N,0.0097
Kepler-720 b,Kepler-720,0.0097
HD 153557 d,HD 153557,0.0097
Kepler-1618 b,Kepler-1618,0.0097
HD 80913 b,HD 80913,0.0096
KMT-2022-BLG-2286L b,KMT-2022-BLG-2286L,0.0096
Kepler-1877 b,Kepler-1877,0.0096
TIC 241249530 b,TIC 241249530,0.0096
HAT-P-6 b,HAT-P-6,0.0096
GJ 680 b,GJ 680,0.0096
Kepler-33 c,Kepler-33,0.0096
Kepler-1394 b,Kepler-1394,0.0096
Kepler-182 c,Kepler-182,0.0096
Kepler-766 b,Kepler-766,0.0096
Kepler-94 b,Kepler-94,0.0095
Kepler-359 b,Kepler-359,0.0095
Kepler-385 c,Kepler-385,0.0095
HD 187123 b,HD 187123,0.0095
HD 113337 c,HD 113337,0.0095
Kepler-972 b,Kepler-972,0.0095
HD 23596 b,HD 23596,0.0095
Kepler-653 c,Kepler-653,0.0094
Kepler-33 e,Kepler-33,0.0094
Kepler-1924 b,Kepler-1924,0.0094
Kepler-217 d,Kepler-217,0.0094
HD 102843 b,HD 102843,0.0094
HD 11964 c,HD 11964,0.0094
HD 97037 b,HD 97037,0.0094
TIC 279401253 b,TIC 279401253,0.0094
K2-223 b,K2-223,0.0094
HD 164922 c,HD 164922,0.0094
HD 207832 b,HD 207832,0.0094
KMT-2021-BLG-0322L b,KMT-2021-BLG-0322L,0.0094
Kepler-234 c,Kepler-234,0.0093
HD 208487 b,HD 208487,0.0093
Kepler-650 b,Kepler-650,0.0093
Kepler-289 b,Kepler-289,0.0093
Kepler-1609 b,Kepler-1609,0.0093
Kepler-1666 c,Kepler-1666,0.0093
HD 108341 b,HD 108341,0.0093
HD 62364 c,HD 62364,0.0093
Kepler-1699 b,Kepler-1699,0.0092
Kepler-1345 b,Kepler-1345,0.0092
Kepler-289 d,Kepler-289,0.0092
HD 8673 b,HD 8673,0.0092
Kepler-33 f,Kepler-33,0.0092
HD 73256 c,HD 73256,0.0091
Kepler-1916 b,Kepler-1916,0.0091
Kepler-871 b,Kepler-871,0.0091
HD 213472 b,HD 213472,0.0091
HIP 57274 d,HIP 57274,0.009
OGLE-2003-BLG-235L b,OGLE-2003-BLG-235L,0.009
HD 164922 d,HD 164922,0.009
Kepler-696 b,Kepler-696,0.009
HD 188641 b,HD 188641,0.009
HD 105618 c,HD 105618,0.009
Kepler-1288 b,Kepler-1288,0.009
Kepler-33 d,Kepler-33,0.009
TOI-1478 b,TOI-1478,0.009
Kepler-855 b,Kepler-855,0.009
Kepler-410 A b,Kepler-410 A,0.0089
HD 185283 b,HD 185283,0.0089
Kepler-1923 b,Kepler-1923,0.0089
Kepler-502 b,Kepler-502,0.0089
Kepler-359 d,Kepler-359,0.0089
HD 26161 b,HD 26161,0.0088
Kepler-473 b,Kepler-473,0.0088
Kepler-541 b,Kepler-541,0.0088
Kepler-1786 b,Kepler-1786,0.0088
K2-194 b,K2-194,0.0087
HD 136118 b,HD 136118,0.0087
Kepler-30 b,Kepler-30,0.0087
K2-191 b,K2-191,0.0087
Kepler-1468 d,Kepler-1468,0.0087
HD 46375 b,HD 46375,0.0087
WASP-8 c,WASP-8,0.0087
Kepler-1209 b,Kepler-1209,0.0086
HD 217786 b,HD 217786,0.0086
TOI-3362 b,TOI-3362,0.0086
Kepler-1779 b,Kepler-1779,0.0086
Kepler-1671 b,Kepler-1671,0.0086
Pr0211 c,Pr0211,0.0086
Kepler-1511 b,Kepler-1511,0.0086
Kepler-937 b,Kepler-937,0.0085
HD 110014 b,HD 110014,0.0085
KMT-2019-BLG-0335L b,KMT-2019-BLG-0335L,0.0085
Kepler-108 c,Kepler-108,0.0085
Kepler-48 e,Kepler-48,0.0085
OGLE-2016-BLG-1190L b,OGLE-2016-BLG-1190L,0.0085
Kepler-983 b,Kepler-983,0.0085
Kepler-1487 b,Kepler-1487,0.0084
HIP 57274 c,HIP 57274,0.0084
Kepler-824 b,Kepler-824,0.0084
HD 35759 b,HD 35759,0.0084
Kepler-1812 b,Kepler-1812,0.0084
OGLE-2013-BLG-0102L b,OGLE-2013-BLG-0102L,0.0084
Kepler-234 b,Kepler-234,0.0084
Kepler-468 b,Kepler-468,0.0083
TOI-4504 c,TOI-4504,0.0083
WASP-72 b,WASP-72,0.0083
Kepler-1224 b,Kepler-1224,0.0083
HD 175167 b,HD 175167,0.0083
55 Cnc e,55 Cnc,0.0083
Kepler-610 c,Kepler-610,0.0083
Kepler-816 b,Kepler-816,0.0083
OGLE-2013-BLG-0911L b,OGLE-2013-BLG-0911L,0.0082
Kepler-762 b,Kepler-762,0.0082
Kepler-873 b,Kepler-873,0.0082
Kepler-774 b,Kepler-774,0.0082
Kepler-856 b,Kepler-856,0.0082
Kepler-1054 b,Kepler-1054,0.0081
HD 168443 c,HD 168443,0.0081
pi Men c,HD 39091,0.0081
HD 132563 b,HD 132563,0.0081
Kepler-1533 b,Kepler-1533,0.0081
HATS-59 c,HATS-59,0.0081
K2-223 c,K2-223,0.0081
TOI-2525 c,TOI-2525,0.008
WASP-126 b,WASP-126,0.008
HD 214823 b,HD 214823,0.008
K2-169 b,K2-169,0.008
Kepler-359 c,Kepler-359,0.008
Kepler-1244 b,Kepler-1244,0.0079
Kepler-1285 b,Kepler-1285,0.0079
WASP-47 b,WASP-47,0.0079
Kepler-1676 b,Kepler-1676,0.0079
Kepler-448 c,KOI-12,0.0079
Kepler-889 b,Kepler-889,0.0079
HD 59686 A b,HD 59686 A,0.0079
HD 89744 b,HD 89744,0.0078
HD 10180 e,HD 10180,0.0078
Kepler-342 e,Kepler-342,0.0078
KMT-2016-BLG-2142L b,KMT-2016-BLG-2142L,0.0078
KMT-2023-BLG-1743L b,KMT-2023-BLG-1743L,0.0077
Kepler-1750 b,Kepler-1750,0.0077
Kepler-1079 b,Kepler-1079,0.0077
Kepler-1949 b,Kepler-1949,0.0077
Kepler-891 b,Kepler-891,0.0076
Kepler-506 b,Kepler-506,0.0076
Kepler-714 b,Kepler-714,0.0076
HD 128356 b,HD 128356,0.0076
Kepler-731 b,Kepler-731,0.0076
OGLE-2016-BLG-1266L b,OGLE-2016-BLG-1266L,0.0075
Luhman 16 b,Luhman 16 A,0.0075
Kepler-670 b,Kepler-670,0.0075
HD 114783 c,HD 114783,0.0075
Kepler-65 b,Kepler-65,0.0075
HD 10180 h,HD 10180,0.0075
Kepler-1112 b,Kepler-1112,0.0074
HD 93083 b,HD 93083,0.0074
HD 32963 b,HD 32963,0.0074
Kepler-1768 b,Kepler-1768,0.0074
KMT-2019-BLG-0297L b,KMT-2019-BLG-0297L,0.0074
TIC 139270665 c,TIC 139270665,0.0074
HD 139357 b,HD 139357,0.0073
Kepler-1121 b,Kepler-1121,0.0073
Kepler-791 b,Kepler-791,0.0073
2MASS J0249-0557 c,2MASS J0249-0557 A,0.0073
Kepler-885 b,Kepler-885,0.0073
pi Men d,HD 39091,0.0073
Kepler-548 b,Kepler-548,0.0073
WASP-56 b,WASP-56,0.0073
Kepler-460 c,KIC 5437945,0.0073
HIP 97166 c,HIP 97166,0.0073
HD 23079 b,HD 23079,0.0073
TOI-1386 c,TOI-1386,0.0073
HD 137388 b,HD 137388,0.0072
HD 143361 b,HD 143361,0.0072
M62H b,M62H,0.0072
Kepler-122 c,Kepler-122,0.0072
Kepler-279 b,Kepler-279,0.0072
HIP 97233 b,HIP 97233,0.0072
K2-39 b,K2-39,0.0072
CoRoT-20 b,CoRoT-20,0.0072
HD 209458 b,HD 209458,0.0072
Kepler-1925 b,Kepler-1925,0.0071
HD 2952 b,HD 2952,0.0071
Kepler-108 b,Kepler-108,0.0071
Kepler-723 b,Kepler-723,0.0071
KOI-12 b,KOI-12,0.0071
SR 12 AB c,SR 12 AB,0.0071
WASP-21 b,WASP-21,0.0071
Kepler-610 b,Kepler-610,0.0071
KMT-2024-BLG-1209L b,KMT-2024-BLG-1209L,0.007
KMT-2021-BLG-1770L b,KMT-2021-BLG-1770L,0.007
HD 197037 b,HD 197037,0.007
HD 109271 c,HD 109271,0.007
Kepler-1580 b,Kepler-1580,0.007
Kepler-535 b,Kepler-535,0.007
Kepler-537 b,Kepler-537,0.0069
BEBOP-4 AB b,BEBOP-4 A,0.0069
HD 109271 b,HD 109271,0.0069
HD 220842 b,HD 220842,0.0069
KOI-217 b,KOI-217,0.0069
Kepler-340 b,Kepler-340,0.0069
HD 10180 f,HD 10180,0.0069
Kepler-653 b,Kepler-653,0.0069
Kepler-1586 b,Kepler-1586,0.0069
Kepler-1747 b,Kepler-1747,0.0068
NGTS-3 A b,NGTS-3 A,0.0068
Kepler-1298 b,Kepler-1298,0.0068
HD 109246 b,HD 109246,0.0068
WASP-38 b,WASP-38,0.0068
HD 125390 b,HD 125390,0.0067
KMT-2024-BLG-1005L b,KMT-2024-BLG-1005L,0.0067
Kepler-68 e,Kepler-68,0.0067
HD 33844 b,HD 33844,0.0067
HD 81817 b,HD 81817,0.0067
HD 218566 b,HD 218566,0.0067
Kepler-627 b,Kepler-627,0.0066
Kepler-1746 b,Kepler-1746,0.0066
HD 23079 c,HD 23079,0.0066
HIP 75092 b,HIP 75092,0.0066
xi Aql b,xi Aql,0.0066
HD 210702 b,HD 210702,0.0066
Kepler-1931 b,Kepler-1931,0.0066
Kepler-508 b,Kepler-508,0.0066
HIP 111909 c,HIP 111909,0.0066
TOI-199 b,TOI-199,0.0066
Kepler-1085 b,Kepler-1085,0.0065
Kepler-1527 b,Kepler-1527,0.0065
HD 147873 c,HD 147873,0.0065
HD 10180 g,HD 10180,0.0065
Kepler-18 b,Kepler-18,0.0065
KIC 3526061 b,KIC 3526061,0.0065
HIP 18606 b,HIP 18606,0.0064
Kepler-465 b,Kepler-465,0.0064
HD 211810 b,HD 211810,0.0064
HIP 111909 b,HIP 111909,0.0064
HIP 54597 b,HIP 54597,0.0064
EPIC 220492298 b,EPIC 220492298,0.0064
Kepler-1713 b,Kepler-1713,0.0063
HD 4732 c,HD 4732,0.0063
KMT-2018-BLG-0885L b,KMT-2018-BLG-0885L,0.0063
Kepler-914 b,Kepler-914,0.0063
Kepler-1530 d,Kepler-1530,0.0063
Kepler-403 d,Kepler-403,0.0063
KOI-1783.01,KOI-1783,0.0062
Gaia-1 b,Gaia-1,0.0062
Kepler-30 d,Kepler-30,0.0062
MOA-2019-BLG-008L b,MOA-2019-BLG-008L,0.0062
Kepler-485 b,Kepler-485,0.0062
Kepler-1104 b,Kepler-1104,0.0062
Kepler-1452 b,Kepler-1452,0.0061
HD 8535 b,HD 8535,0.0061
Kepler-302 c,Kepler-302,0.0061
HD 147873 b,HD 147873,0.0061
XO-4 b,XO-4,0.0061
Kepler-1513 b,Kepler-1513,0.0061
MXB 1658-298 b,MXB 1658-298,0.006
HD 164922 e,HD 164922,0.006
DMPP-3 A b,DMPP-3 A,0.006
MOA-2008-BLG-379L b,MOA-2008-BLG-379L,0.006
HD 103197 b,HD 103197,0.006
Kepler-1677 b,Kepler-1677,0.0059
HIP 91258 b,HIP 91258,0.0059
TOI-1736 c,TOI-1736,0.0059
Kepler-1525 b,Kepler-1525,0.0059
HD 167042 b,HD 167042,0.0059
Kepler-1882 b,Kepler-1882,0.0059
HD 16141 b,HD 16141,0.0058
HD 179949 b,HD 179949,0.0058
K2-202 b,K2-202,0.0058
Kepler-1872 b,Kepler-1872,0.0058
Kepler-483 b,Kepler-483,0.0058
HD 111591 b,HD 111591,0.0058
KMT-2024-BLG-0404L b,KMT-2024-BLG-0404L,0.0058
Kepler-880 b,Kepler-880,0.0058
Kepler-1626 b,Kepler-1626,0.0057
ups And b,ups And,0.0057
Kepler-642 b,Kepler-642,0.0057
Kepler-65 d,Kepler-65,0.0057
Kepler-1364 b,Kepler-1364,0.0057
Kepler-703 b,Kepler-703,0.0057
Kepler-1927 b,Kepler-1927,0.0057
Kepler-1737 b,Kepler-1737,0.0057
ups And d,ups And,0.0057
Kepler-1113 b,Kepler-1113,0.0056
HD 79498 b,HD 79498,0.0056
HD 108202 b,HD 108202,0.0056
KOI-142 b,KOI-142,0.0056
HD 1461 b,HD 1461,0.0056
Kepler-890 b,Kepler-890,0.0056
Kepler-1792 b,Kepler-1792,0.0056
HD 4732 b,HD 4732,0.0056
Kepler-100 b,Kepler-100,0.0056
Kepler-1171 b,Kepler-1171,0.0056
HD 134060 c,HD 134060,0.0055
Kepler-68 d,Kepler-68,0.0055
HAT-P-13 b,HAT-P-13,0.0055
HD 142022 A b,HD 142022 A,0.0055
Kepler-480 b,Kepler-480,0.0055
Kepler-1543 b,Kepler-1543,0.0055
Kepler-103 b,Kepler-103,0.0054
ups And c,ups And,0.0054
Kepler-1762 b,Kepler-1762,0.0054
Kepler-1863 b,Kepler-1863,0.0054
K2-213 b,K2-213,0.0054
HD 34445 g,HD 34445,0.0054
HD 141937 b,HD 141937,0.0053
Kepler-812 b,Kepler-812,0.0053
HIP 67851 c,HIP 67851,0.0053
Kepler-648 b,Kepler-648,0.0053
HAT-P-8 b,HAT-P-8,0.0053
WASP-13 b,WASP-13,0.0052
HD 115954 b,HD 115954,0.0052
Kepler-340 c,Kepler-340,0.0052
Kepler-1051 b,Kepler-1051,0.0052
HD 190360 c,HD 190360,0.0052
HATS-50 b,HATS-50,0.0052
CoRoT-31 b,CoRoT-31,0.0052
HD 45652 b,HD 45652,0.0052
HD 27969 b,HD 27969,0.0051
Kepler-1137 b,Kepler-1137,0.0051
HD 103891 b,HD 103891,0.0051
Kepler-1326 b,Kepler-1326,0.0051
Kepler-1502 b,Kepler-1502,0.0051
BD-210397 c,BD-210397,0.0051
USco CTIO 108 b,USco CTIO 108,0.005
HD 34445 f,HD 34445,0.005
Kepler-953 b,Kepler-953,0.005
TOI-2458 c,TOI-2458,0.005
MOA-2010-BLG-477L b,MOA-2010-BLG-477L,0.005
Gaia-2 b,Gaia-2,0.005
KELT-15 b,KELT-15,0.005
WASP-62 b,WASP-62,0.005
Kepler-1047 c,Kepler-1047,0.0049
Kepler-1375 b,Kepler-1375,0.0048
HIP 70849 b,HIP 70849,0.0048
TOI-1288 c,TOI-1288,0.0048
HD 134060 b,HD 134060,0.0048
2MASS J01225093-2439505 b,2MASS J01225093-2439505,0.0048
HD 34445 c,HD 34445,0.0048
TOI-2525 b,TOI-2525,0.0048
HD 102888 b,HD 102888,0.0047
Kepler-1824 b,Kepler-1824,0.0047
Kepler-669 b,Kepler-669,0.0047
Kepler-1434 b,Kepler-1434,0.0047
HD 34445 d,HD 34445,0.0047
HD 222076 b,HD 222076,0.0046
HD 1461 c,HD 1461,0.0046
HD 62364 b,HD 62364,0.0046
WASP-127 b,WASP-127,0.0046
Kepler-464 b,Kepler-464,0.0046
Kepler-65 c,Kepler-65,0.0046
HD 34445 e,HD 34445,0.0046
HD 47366 c,HD 47366,0.0046
Kepler-18 c,Kepler-18,0.0046
HD 145377 b,HD 145377,0.0045
HD 47186 b,HD 47186,0.0045
HD 47366 b,HD 47366,0.0045
HD 108874 c,HD 108874,0.0044
HIP 67851 b,HIP 67851,0.0044
TOI-4504 d,TOI-4504,0.0044
Kepler-820 b,Kepler-820,0.0044
OGLE-TR-10 b,OGLE-TR-10,0.0044
Kepler-1936 b,Kepler-1936,0.0043
Kepler-14 b,Kepler-14,0.0043
Kepler-913 c,Kepler-913,0.0043
Kepler-1640 b,Kepler-1640,0.0043
HD 60292 b,HD 60292,0.0043
K2-63 b,K2-63,0.0042
Kepler-639 b,Kepler-639,0.0042
51 Peg b,51 Peg,0.0042
HD 128717 b,HD 128717,0.0042
K2-218 b,K2-218,0.0042
HIP 14810 d,HIP 14810,0.0041
HD 5278 c,HD 5278,0.0041
HD 86728 b,HD 86728,0.0041
Kepler-546 b,Kepler-546,0.0041
Kepler-18 d,Kepler-18,0.0041
HD 165131 b,HD 165131,0.004
Kepler-1158 b,Kepler-1158,0.004
HD 142415 b,HD 142415,0.0039
CoRoT-16 b,CoRoT-16,0.0039
HD 5608 b,HD 5608,0.0039
HIP 14810 c,HIP 14810,0.0038
Kepler-1248 b,Kepler-1248,0.0038
TOI-4504 b,TOI-4504,0.0038
75 Cet b,75 Cet,0.0038
HAT-P-3 b,HAT-P-3,0.0038
Kepler-450 d,Kepler-450,0.0038
Kepler-92 d,Kepler-92,0.0038
Kepler-1360 b,Kepler-1360,0.0038
75 Cet c,75 Cet,0.0037
Kepler-1518 b,Kepler-1518,0.0037
Kepler-1015 b,Kepler-1015,0.0037
HD 16905 b,HD 16905,0.0037
HD 212301 b,HD 212301,0.0037
WASP-8 b,WASP-8,0.0037
Kepler-1861 b,Kepler-1861,0.0037
HD 117207 b,HD 117207,0.0036
TOI-5143 c,TOI-5143,0.0036
Kepler-218 d,Kepler-218,0.0036
HIP 14810 b,HIP 14810,0.0036
Kepler-512 b,Kepler-512,0.0036
HD 45350 b,HD 45350,0.0036
HD 24040 b,HD 24040,0.0035
Kepler-644 b,Kepler-644,0.0035
gam Cep b,gam Cep,0.0035
HD 187085 b,HD 187085,0.0035
HAT-P-35 b,HAT-P-35,0.0035
Kepler-1047 b,Kepler-1047,0.0035
HD 164509 b,HD 164509,0.0035
HAT-P-27 b,HAT-P-27,0.0034
HIP 114933 b,HIP 114933,0.0034
TOI-1052 c,TOI-1052,0.0034
OGLE2-TR-L9 b,OGLE2-TR-L9,0.0034
Kepler-1775 b,Kepler-1775,0.0034
HD 38801 b,HD 38801,0.0034
K2-63 c,K2-63,0.0034
Kepler-690 b,Kepler-690,0.0033
HD 156411 b,HD 156411,0.0033
HD 181433 b,HD 181433,0.0033
Kepler-718 b,Kepler-718,0.0033
FU Tau b,FU Tau,0.0033
Kepler-959 b,Kepler-959,0.0033
HD 121504 b,HD 121504,0.0033
HAT-P-22 b,HAT-P-22,0.0033
7 CMa c,7 CMa,0.0032
TIC 279401253 c,TIC 279401253,0.0032
7 CMa b,7 CMa,0.0032
WASP-95 b,WASP-95,0.0032
HD 77338 b,HD 77338,0.0032
Kepler-852 b,Kepler-852,0.0032
Kepler-1169 b,Kepler-1169,0.0032
CoRoT-2 b,CoRoT-2,0.0032
TOI-2184 b,TOI-2184,0.0032
HD 213240 b,HD 213240,0.0032
Pr0201 b,Pr0201,0.0032
TOI-1669 b,TOI-1669,0.0031
Kepler-30 c,Kepler-30,0.0031
HD 210277 b,HD 210277,0.0031
WASP-18 c,WASP-18,0.0031
Kepler-56 d,Kepler-56,0.003
HD 33142 c,HD 33142,0.003
Kepler-94 c,Kepler-94,0.003
HD 94890 c,HD 94890,0.0029
HD 94890 b,HD 94890,0.0029
KELT-3 b,KELT-3,0.0029
BD+55 362 b,BD+55 362,0.0029
HD 33142 b,HD 33142,0.0029
ROXs 12 b,ROXs 12,0.0029
Kepler-685 b,Kepler-685,0.0029
HD 73526 b,HD 73526,0.0029
Kepler-103 c,Kepler-103,0.0029
HAT-P-44 c,HAT-P-44,0.0029
kap CrB b,kap CrB,0.0028
Kepler-450 c,Kepler-450,0.0028
HAT-P-33 b,HAT-P-33,0.0028
iot Dra b,iot Dra,0.0028
HD 34445 b,HD 34445,0.0028
Kepler-95 b,Kepler-95,0.0028
Kepler-129 b,Kepler-129,0.0027
HD 24040 c,HD 24040,0.0027
HD 25723 b,HD 25723,0.0027
HD 33564 b,HD 33564,0.0027
HD 33142 d,HD 33142,0.0027
Kepler-1515 b,Kepler-1515,0.0027
Kepler-1819 b,Kepler-1819,0.0027
HAT-P-15 b,HAT-P-15,0.0027
HD 70642 b,HD 70642,0.0027
HD 156846 b,HD 156846,0.0027
HD 178911 B b,HD 178911 B,0.0027
KOI-142 c,KOI-142,0.0026
Kepler-1708 b,Kepler-1708,0.0026
WASP-100 b,WASP-100,0.0026
Kepler-88 d,KOI-142,0.0026
HD 216770 b,HD 216770,0.0026
HD 40956 b,HD 40956,0.0026
HD 39091 b,HD 39091,0.0026
Kepler-516 b,Kepler-516,0.0026
TOI-2337 b,TOI-2337,0.0026
Kepler-450 b,Kepler-450,0.0026
HD 129445 b,HD 129445,0.0026
Kepler-1714 b,Kepler-1714,0.0025
HD 73344 c,HD 73344,0.0025
HD 217107 c,HD 217107,0.0025
OGLE-TR-211 b,OGLE-TR-211,0.0025
HD 190647 b,HD 190647,0.0025
KIC 8121913 b,KIC 8121913,0.0024
Kepler-497 b,Kepler-497,0.0024
Kepler-631 b,Kepler-631,0.0024
HD 30562 b,HD 30562,0.0024
Kepler-1920 b,Kepler-1920,0.0024
HD 86950 b,HD 86950,0.0024
HD 94771 b,HD 94771,0.0024
AF Lep b,AF Lep,0.0024
HD 76700 b,HD 76700,0.0024
HD 69123 b,HD 69123,0.0024
K2-24 c,K2-24,0.0023
WASP-12 b,WASP-12,0.0023
HD 98736 b,HD 98736,0.0023
HD 120084 b,HD 120084,0.0023
HD 160691 d,HD 160691,0.0023
Kepler-1673 b,Kepler-1673,0.0022
HD 49674 b,HD 49674,0.0022
HD 73344 d,HD 73344,0.0022
Kepler-1675 b,Kepler-1675,0.0022
HD 92788 c,HD 92788,0.0022
WASP-26 b,WASP-26,0.0022
HD 95086 b,HD 95086,0.0022
Kepler-1972 b,Kepler-1972,0.0022
WASP-73 b,WASP-73,0.0021
HD 109749 b,HD 109749,0.0021
WASP-97 b,WASP-97,0.0021
WASP-71 b,WASP-71,0.0021
WASP-24 b,WASP-24,0.0021
CoRoT-29 b,CoRoT-29,0.0021
HR 810 b,HR 810,0.0021
Kepler-129 c,Kepler-129,0.0021
HD 102117 b,HD 102117,0.0021
Kepler-1972 c,Kepler-1972,0.0021
Kepler-1517 b,Kepler-1517,0.0021
Kepler-1830 b,Kepler-1830,0.0021
HAT-P-31 b,HAT-P-31,0.0021
TrES-4 b,TrES-4,0.002
HD 205739 b,HD 205739,0.002
K2-24 b,K2-24,0.002
HD 99492 b,HD 99492,0.002
HD 134987 c,HD 134987,0.002
HD 31253 b,HD 31253,0.002
HD 82943 b,HD 82943,0.002
HD 82943 c,HD 82943,0.002
HD 108147 b,HD 108147,0.002
HD 124330 b,HD 124330,0.0019
HD 202696 c,HD 202696,0.0019
Kepler-1385 b,Kepler-1385,0.0019
TOI-4551 b,TOI-4551,0.0019
Kepler-794 b,Kepler-794,0.0019
Kepler-462 c,Kepler-462,0.0019
HD 108874 b,HD 108874,0.0019
HD 75289 b,HD 75289,0.0019
Kepler-839 b,Kepler-839,0.0019
HD 179079 b,HD 179079,0.0019
BD-10 3166 b,BD-10 3166,0.0019
HD 202696 b,HD 202696,0.0019
HD 196067 b,HD 196067,0.0019
HD 154672 b,HD 154672,0.0018
Kepler-526 b,Kepler-526,0.0018
HD 181433 d,HD 181433,0.0018
HD 114783 b,HD 114783,0.0018
Kepler-458 c,KIC 9663113,0.0018
Kepler-1382 b,Kepler-1382,0.0018
TOI-4507 b,TOI-4507,0.0018
HAT-P-30 b,HAT-P-30,0.0018
Kepler-1315 c,Kepler-1315,0.0018
WISPIT 2 b,WISPIT 2,0.0018
Kepler-139 f,Kepler-139,0.0018
HD 29399 b,HD 29399,0.0018
GJ 2126 b,GJ 2126,0.0017
HD 99492 c,HD 99492,0.0017
HD 181433 c,HD 181433,0.0017
55 Cnc b,55 Cnc,0.0017
TOI-1859 b,TOI-1859,0.0017
Kepler-1773 b,Kepler-1773,0.0016
HD 7199 b,HD 7199,0.0016
HD 27442 b,HD 27442,0.0016
HD 107148 c,HD 107148,0.0016
55 Cnc d,55 Cnc,0.0015
HD 68402 b,HD 68402,0.0015
K2-99 c,K2-99,0.0015
Kepler-1733 b,Kepler-1733,0.0015
WASP-1 b,WASP-1,0.0015
Kepler-1239 b,Kepler-1239,0.0015
HD 37605 c,HD 37605,0.0015
Kepler-493 b,Kepler-493,0.0015
WASP-68 b,WASP-68,0.0015
Kepler-46 c,Kepler-46,0.0015
HD 36384 b,HD 36384,0.0015
bet UMi b,bet UMi,0.0015
Kepler-471 b,Kepler-471,0.0014
Kepler-1664 b,Kepler-1664,0.0014
CoRoT-8 b,CoRoT-8,0.0014
WASP-82 b,WASP-82,0.0014
HD 92788 b,HD 92788,0.0014
HD 134606 d,HD 134606,0.0014
HD 216435 b,HD 216435,0.0014
Kepler-521 b,Kepler-521,0.0014
TOI-4379 b,TOI-4379,0.0014
HD 221585 b,HD 221585,0.0014
HIP 107773 b,HIP 107773,0.0014
Kepler-129 d,Kepler-129,0.0014
TOI-2295 c,TOI-2295,0.0014
TOI-4377 b,TOI-4377,0.0014
Kepler-462 b,Kepler-462,0.0014
HD 99109 b,HD 99109,0.0014
HD 331093 b,HD 331093,0.0014
HAT-P-40 b,HAT-P-40,0.0014
HD 111998 b,HD 111998,0.0014
HD 40979 b,HD 40979,0.0014
KELT-8 b,KELT-8,0.0014
NGC 2682 Sand 1429 b,NGC 2682 Sand 1429,0.0014
HD 196885 A b,HD 196885 A,0.0014
HD 180314 b,HD 180314,0.0014
HD 68988 c,HD 68988,0.0014
HD 177830 b,HD 177830,0.0014
55 Cnc c,55 Cnc,0.0013
Kepler-1743 b,Kepler-1743,0.0013
HD 37605 b,HD 37605,0.0013
Kepler-407 b,Kepler-407,0.0013
TOI-1294 c,TOI-1294,0.0013
HD 10647 b,HD 10647,0.0013
Kepler-422 b,Kepler-422,0.0013
NGC 2682 YBP 401 b,NGC 2682 YBP 401,0.0013
HD 134987 b,HD 134987,0.0013
GJ 900 b,GJ 900 A,0.0013
Kepler-454 d,Kepler-454,0.0013
HD 217107 b,HD 217107,0.0013
2MASS J12073346-3932539 b,2MASS J12073346-3932539,0.0013
HAT-P-29 b,HAT-P-29,0.0013
XO-2 S b,XO-2 S,0.0012
Kepler-15 b,Kepler-15,0.0012
HD 134606 b,HD 134606,0.0012
K2-312 c,HD 80653,0.0012
KELT-2 A b,KELT-2 A,0.0012
HD 48265 b,HD 48265,0.0012
Kepler-27 b,Kepler-27,0.0012
HD 134606 f,HD 134606,0.0012
HD 134606 c,HD 134606,0.0012
HD 134606 e,HD 134606,0.0012
HAT-P-5 b,HAT-P-5,0.0012
WASP-186 b,WASP-186,0.0012
HD 188015 b,HD 188015,0.0012
HD 196067 c,HD 196067,0.0012
Kepler-1781 b,Kepler-1781,0.0012
Kepler-514 b,Kepler-514,0.0012
Kepler-1428 b,Kepler-1428,0.0012
55 Cnc f,55 Cnc,0.0011
HD 169142 b,HD 169142,0.0011
WASP-99 b,WASP-99,0.0011
HD 23127 b,HD 23127,0.0011
Kepler-1442 b,Kepler-1442,0.0011
HD 160691 c,HD 160691,0.0011
HD 152079 b,HD 152079,0.0011
HD 160691 b,HD 160691,0.0011
HD 170469 b,HD 170469,0.0011
Kepler-1833 b,Kepler-1833,0.0011
HAT-P-49 b,HAT-P-49,0.0011
HAT-P-14 b,HAT-P-14,0.0011
HD 50499 b,HD 50499,0.0011
HD 4203 c,HD 4203,0.0011
HD 95872 b,HD 95872,0.001
HD 12484 b,HD 12484,0.001
DMPP-1 b,DMPP-1,0.001
HD 154088 b,HD 154088,0.001
HD 1605 c,HD 1605,0.001
17 Sco b,17 Sco,0.001
HD 1605 b,HD 1605,0.001
HD 118203 c,HD 118203,0.001
HD 12661 c,HD 12661,0.001
WASP-101 b,WASP-101,0.001
HD 149143 b,HD 149143,0.001
HD 107148 b,HD 107148,0.001
HIP 65407 b,HIP 65407,0.001
HIP 81208 C b,HIP 81208 C,0.001
Kepler-27 c,Kepler-27,0.001
Kepler-454 c,Kepler-454,0.001
WASP-94 A b,WASP-94 A,0.0009
HD 160691 e,HD 160691,0.0009
HD 68988 b,HD 68988,0.0009
DMPP-4 b,DMPP-4,0.0009
Kepler-424 b,Kepler-424,0.0009
WASP-3 b,WASP-3,0.0009
Kepler-491 b,Kepler-491,0.0009
Kepler-407 c,Kepler-407,0.0009
TOI-7041 b,TOI-7041,0.0009
TOI-4329 b,TOI-4329,0.0009
HIP 21152 b,HIP 21152,0.0009
XO-2 S c,XO-2 S,0.0008
TOI-201 c,TOI-201,0.0008
HIP 74890 b,HIP 74890,0.0008
TOI-4010 e,TOI-4010,0.0008
TOI-2046 b,TOI-2046,0.0008
HD 224693 b,HD 224693,0.0008
HD 154391 b,HD 154391,0.0008
WASP-87 b,WASP-87,0.0008
Kepler-419 b,Kepler-419,0.0008
HD 16175 b,HD 16175,0.0008
HD 13908 c,HD 13908,0.0008
HD 208897 b,HD 208897,0.0008
HD 2039 b,HD 2039,0.0008
DMPP-1 e,DMPP-1,0.0008
DMPP-1 c,DMPP-1,0.0008
HIP 65407 c,HIP 65407,0.0008
HD 220773 b,HD 220773,0.0008
Kepler-424 c,Kepler-424,0.0008
HD 148156 b,HD 148156,0.0008
HD 11506 b,HD 11506,0.0007
Kepler-1944 b,Kepler-1944,0.0007
HD 12661 b,HD 12661,0.0007
TOI-4562 b,TOI-4562,0.0007
HD 231701 b,HD 231701,0.0007
HD 221420 b,HD 221420,0.0007
eps Tau b,eps Tau,0.0007
HD 13908 b,HD 13908,0.0007
HAT-P-34 b,HAT-P-34,0.0007
HAT-P-56 b,HAT-P-56,0.0007
K2-177 b,K2-177,0.0007
HAT-P-41 b,HAT-P-41,0.0007
HD 87816 b,HD 87816,0.0007
nu Oph b,nu Oph,0.0007
KOINTREAU-1 b,XEST 17-036,0.0007
TOI-5174 b,TOI-5174,0.0006
DMPP-1 d,DMPP-1,0.0006
HD 9174 b,HD 9174,0.0006
Kepler-637 b,Kepler-637,0.0006
HD 11506 c,HD 11506,0.0006
HD 11506 d,HD 11506,0.0006
HD 110082 b,HD 110082,0.0006
HD 112640 b,HD 112640,0.0006
HD 80606 b,HD 80606,0.0006
HD 83443 c,HD 83443,0.0006
KELT-7 b,KELT-7,0.0006
HD 149026 b,HD 149026,0.0006
tau Boo b,tau Boo,0.0006
nu Oph c,nu Oph,0.0006
iot Dra c,iot Dra,0.0006
Kepler-419 c,Kepler-419,0.0006
HD 155193 b,HD 155193,0.0006
Kepler-635 b,Kepler-635,0.0005
HD 202206 c,HD 202206,0.0005
HD 50499 c,HD 50499,0.0005
2MASS J22362452+4751425 b,2MASS J22362452+4751425,0.0005
HD 83443 b,HD 83443,0.0005
TOI-1516 b,TOI-1516,0.0005
HD 87816 c,HD 87816,0.0005
HD 43691 b,HD 43691,0.0005
HD 4203 b,HD 4203,0.0005
OGLE-TR-182 b,OGLE-TR-182,0.0005
2MASS J01033563-5515561 AB b,2MASS J01033563-5515561 A,0.0005
WASP-14 b,WASP-14,0.0005
HD 143811 AB b,HD 143811 A,0.0005
HD 33283 b,HD 33283,0.0004
HD 27894 c,HD 27894,0.0004
1RXS J160929.1-210524 b,1RXS J160929.1-210524,0.0004
HD 33844 c,HD 33844,0.0004
HAT-P-7 b,HAT-P-7,0.0004
Kepler-1000 b,Kepler-1000,0.0004
HD 143105 b,HD 143105,0.0004
HD 89839 b,HD 89839,0.0004
HD 55696 b,HD 55696,0.0004
TOI-4562 c,TOI-4562,0.0004
CHXR 73 b,CHXR 73,0.0004
TOI-2005 b,TOI-2005,0.0003
WASP-74 b,WASP-74,0.0003
ROXs 42 B b,ROXs 42 B,0.0003
HD 141399 b,HD 141399,0.0003
WASP-94 B b,WASP-94 B,0.0003
HD 141399 e,HD 141399,0.0003
Kepler-522 b,Kepler-522,0.0002
HD 148164 b,HD 148164,0.0002
HD 177830 c,HD 177830,0.0002
TOI-1181 b,TOI-1181,0.0002
USco1556 b,USco1556 A,0.0002
TOI-6029 b,TOI-6029,0.0002
TOI-677 b,TOI-677,0.0002
LP 261-75 b,LP 261-75 A,0.0002
GSC 06214-00210 b,GSC 06214-00210,0.0002
USco1621 b,USco1621 A,0.0002
DH Tau b,DH Tau,0.0002
HD 211403 b,HD 211403,0.0002
HD 141399 d,HD 141399,0.0002
WASP-187 b,WASP-187,0.0002
MWC 758 c,MWC 758,0.0002
HD 148164 c,HD 148164,0.0002
HD 141399 c,HD 141399,0.0002
G 196-3 b,G 196-3,0.0002
HD 86081 b,HD 86081,0.0002
HD 19994 b,HD 19994,0.0001
TOI-1408 b,TOI-1408,0.0001
2MASS J22501512+2325342 b,2MASS J22501512+2325342,0.0001
BD+15 2940 b,BD+15 2940,0.0001
mu Leo b,mu Leo,0.0001
CoRoT-21 b,CoRoT-21,0.0001
HD 67087 c,HD 67087,0.0001
HIP 105854 b,HIP 105854,0.0001
bet Cnc b,bet Cnc,0.0001
WISPIT 1 b,WISPIT 1,0.0001
TOI-201 b,TOI-201,0.0001
HD 75898 c,HD 75898,0.0001
HD 75898 b,HD 75898,0.0001
AB Pic b,AB Pic,0.0001
HD 67087 b,HD 67087,0.0001
KIC 7917485 b,KIC 7917485,0.0001
TOI-6695 c,TOI-6695,0.0001
HAT-P-2 b,HAT-P-2,0.0001
TOI-1408 c,TOI-1408,0.0001
DMPP-2 b,DMPP-2,0.0001
HD 114082 b,HD 114082,0.0001
TYC 8998-760-1 b,TYC 8998-760-1,0.0001
HD 284149 AB b,HD 284149 A,0.0
HD 97048 b,HD 97048,0.0
HR 2562 b,HR 2562,0.0
HN Peg b,HN Peg,0.0
HIP 78530 b,HIP 78530,0.0
HIP 99770 b,HIP 99770,0.0
HIP 77900 b,HIP 77900,0.0
HD 106906 b,HD 106906,0.0
2MASS J19383260+4603591 b,2MASS J19383260+4603591,0.0
2MASS J11550485-7919108 b,2MASS J11550485-7919108,0.0
2MASS J21252752-8138278 b,2MASS J21252752-8138278,0.0
HD 1666 b,HD 1666,0.0
WISPIT 1 c,WISPIT 1,0.0
kap And b,kap And,0.0
2MASS J03590986+2009361 b,2MASS J03590986+2009361,0.0
2MASS J11011926-7732383 b,2MASS J11011926-7732383,0.0
ZTF J1828+2308 b,ZTF J1828+2308,0.0
HIP 54515 b,HIP 54515,0.0
HD 103774 b,HD 103774,0.0
HIP 79098 AB b,HIP 79098 AB,0.0
WD 0806-661 b,WD 0806-661,0.0
ZTF J1230-2655 b,ZTF J1230-2655,0.0
b Cen AB b,b Cen A,0.0
eps Ind A b,eps Ind A,0.0
HD 100546 b,HD 100546,0.0
TIC 172900988 b,TIC 172900988 Aa,0.0
NY Vir b,NY Vir,0.0
UCAC4 328-061594 b,UCAC4 328-061594,0.0
HD 113996 b,HD 113996,0.0
Kepler-451 c,2MASS J19383260+4603591,0.0
Kepler-451 d,2MASS J19383260+4603591,0.0
GJ 504 b,GJ 504,0.0
ITG 15 b,ITG 15 A,0.0
HD 112300 b,HD 112300,0.0
Ross 458 c,Ross 458,0.0
DENIS-P J082303.1-491201 b,DENIS-P J082303.1-491201,0.0
V0391 Peg b,V0391 Peg,0.0
NN Ser c,NN Ser,0.0
NN Ser d,NN Ser,0.0
NSVS 14256825 b,NSVS 14256825,0.0
BD+37 3172 b,BD+37 3172,0.0
HD 6860 b,HD 6860,0.0
KIC 10001893 d,KIC 10001893,0.0
HD 18438 b,HD 18438,0.0
CoRoT-3 b,CoRoT-3,0.0
NY Vir c,NY Vir,0.0
KIC 10001893 b,KIC 10001893,0.0
KIC 10001893 c,KIC 10001893,0.0
HD 158996 b,HD 158996,0.0
KOI-134 c,KOI-134,0.0
KOI-55 b,KOI-55,0.0
KOI-55 c,KOI-55,0.0
KMT-2020-BLG-0414L b,KMT-2020-BLG-0414L,0.0
AB Aur b,AB Aur,0.0
KMT-2020-BLG-0414L c,KMT-2020-BLG-0414L,0.0
mu2 Sco b,mu2 Sco,0.0
