Model,Accuracy,Recall,F1-Score,AUC-ROC,CV_F1_Mean,CV_F1_Std
XGBoost,0.9991803278688525,1.0,0.9090909090909091,0.9996707818930042,0.9979451934503774,0.0019979278998278663
Decision Tree,0.9983606557377049,1.0,0.8333333333333334,0.9991769547325102,0.9986301349780284,0.00128139139459066
Random Forest,0.9975409836065574,0.8,0.7272727272727273,0.9993415637860082,0.9986301349780284,0.00128139139459066
Logistic Regression,0.9614754098360656,0.8,0.14545454545454545,0.9683950617283951,0.9202462725025095,0.011681008331452261
SVM,0.9418032786885245,0.8,0.10126582278481013,0.9613168724279836,0.905906107888533,0.00918204930046484
