planet_name,host_star_name,predicted_class,predicted_label,prob_rocky_habitable,prob_hot,prob_gas_giant,confidence
11 Com b,11 Com,3,Gas-Giant,0.02,0.0014,0.9786,0.9786
11 UMi b,11 UMi,1,Rocky-Habitable,0.9843,0.0055,0.0102,0.9843
14 And b,14 And,3,Gas-Giant,0.0197,0.0009,0.9793,0.9793
14 Her b,14 Her,3,Gas-Giant,0.0017,0.0006,0.9977,0.9977
16 Cyg B b,16 Cyg B,3,Gas-Giant,0.2719,0.0788,0.6492,0.6492
17 Sco b,17 Sco,3,Gas-Giant,0.0116,0.0008,0.9876,0.9876
18 Del b,18 Del,3,Gas-Giant,0.0082,0.0012,0.9906,0.9906
1RXS J160929.1-210524 b,1RXS J160929.1-210524,3,Gas-Giant,0.3761,0.0008,0.6231,0.6231
24 Boo b,24 Boo,3,Gas-Giant,0.0031,0.0359,0.961,0.961
24 Sex b,24 Sex,3,Gas-Giant,0.0075,0.0018,0.9908,0.9908
24 Sex c,24 Sex,3,Gas-Giant,0.0059,0.0016,0.9925,0.9925
2M0437 b,2MASS J04372171+2651014,1,Rocky-Habitable,0.7706,0.001,0.2284,0.7706
2MASS J01033563-5515561 AB b,2MASS J01033563-5515561 A,3,Gas-Giant,0.0068,0.001,0.9922,0.9922
2MASS J01225093-2439505 b,2MASS J01225093-2439505,3,Gas-Giant,0.1017,0.0006,0.8977,0.8977
2MASS J02192210-3925225 b,2MASS J02192210-3925225,3,Gas-Giant,0.2213,0.0009,0.7778,0.7778
2MASS J0249-0557 c,2MASS J0249-0557 A,1,Rocky-Habitable,0.6698,0.0006,0.3296,0.6698
2MASS J03590986+2009361 b,2MASS J03590986+2009361,3,Gas-Giant,0.0038,0.0008,0.9954,0.9954
2MASS J04414489+2301513 b,2MASS J04414489+2301513,3,Gas-Giant,0.0048,0.0008,0.9944,0.9944
2MASS J11011926-7732383 b,2MASS J11011926-7732383,3,Gas-Giant,0.0019,0.0005,0.9976,0.9976
2MASS J11550485-7919108 b,2MASS J11550485-7919108,3,Gas-Giant,0.0035,0.0008,0.9957,0.9957
2MASS J12073346-3932539 b,2MASS J12073346-3932539,3,Gas-Giant,0.0439,0.0014,0.9547,0.9547
2MASS J19383260+4603591 b,2MASS J19383260+4603591,3,Gas-Giant,0.1041,0.1561,0.7398,0.7398
2MASS J21252752-8138278 b,2MASS J21252752-8138278,3,Gas-Giant,0.138,0.0014,0.8606,0.8606
2MASS J22362452+4751425 b,2MASS J22362452+4751425,3,Gas-Giant,0.1211,0.0007,0.8782,0.8782
2MASS J22501512+2325342 b,2MASS J22501512+2325342,3,Gas-Giant,0.067,0.0011,0.9319,0.9319
4 UMa b,4 UMa,1,Rocky-Habitable,0.9935,0.0035,0.003,0.9935
47 UMa b,47 UMa,1,Rocky-Habitable,0.5614,0.1107,0.328,0.5614
47 UMa c,47 UMa,1,Rocky-Habitable,0.5169,0.1019,0.3813,0.5169
47 UMa d,47 UMa,3,Gas-Giant,0.09,0.0287,0.8814,0.8814
51 Eri b,51 Eri,3,Gas-Giant,0.0018,0.0005,0.9977,0.9977
51 Peg b,51 Peg,2,Hot,0.0015,0.6767,0.3218,0.6767
55 Cnc B b,55 Cnc B,2,Hot,0.4367,0.4651,0.0982,0.4651
55 Cnc B c,55 Cnc B,1,Rocky-Habitable,0.9902,0.0044,0.0055,0.9902
55 Cnc b,55 Cnc,2,Hot,0.0033,0.6855,0.3112,0.6855
55 Cnc c,55 Cnc,2,Hot,0.0159,0.7479,0.2362,0.7479
55 Cnc d,55 Cnc,3,Gas-Giant,0.0303,0.0023,0.9674,0.9674
55 Cnc e,55 Cnc,2,Hot,0.0003,0.9989,0.0007,0.9989
55 Cnc f,55 Cnc,3,Gas-Giant,0.0825,0.0419,0.8756,0.8756
6 Lyn b,6 Lyn,3,Gas-Giant,0.0448,0.0033,0.9519,0.9519
61 Vir b,61 Vir,2,Hot,0.0003,0.9986,0.0011,0.9986
61 Vir c,61 Vir,2,Hot,0.0016,0.9974,0.001,0.9974
61 Vir d,61 Vir,1,Rocky-Habitable,0.4817,0.4809,0.0374,0.4817
7 CMa b,7 CMa,3,Gas-Giant,0.0031,0.0009,0.996,0.996
7 CMa c,7 CMa,3,Gas-Giant,0.0031,0.0009,0.996,0.996
70 Vir b,70 Vir,2,Hot,0.0631,0.7493,0.1876,0.7493
75 Cet b,75 Cet,3,Gas-Giant,0.0037,0.0009,0.9955,0.9955
75 Cet c,75 Cet,3,Gas-Giant,0.0037,0.0009,0.9955,0.9955
8 UMi b,8 UMi,3,Gas-Giant,0.0053,0.0037,0.991,0.991
81 Cet b,81 Cet,3,Gas-Giant,0.0146,0.0011,0.9843,0.9843
91 Aqr b,91 Aqr,1,Rocky-Habitable,0.9725,0.0086,0.0188,0.9725
AB Aur b,AB Aur,3,Gas-Giant,0.0015,0.0005,0.9981,0.9981
AB Pic b,AB Pic,3,Gas-Giant,0.0153,0.0011,0.9836,0.9836
AF Lep b,AF Lep,3,Gas-Giant,0.0022,0.001,0.9968,0.9968
AT2021ueyL b,AT2021ueyL,1,Rocky-Habitable,0.7183,0.0014,0.2803,0.7183
AU Mic d,AU Mic,2,Hot,0.1164,0.8671,0.0165,0.8671
AU Mic e,AU Mic,1,Rocky-Habitable,0.9949,0.0043,0.0008,0.9949
BD+03 2562 b,BD+03 2562,3,Gas-Giant,0.0335,0.0016,0.9649,0.9649
BD+05 4868 A b,BD+05 4868 A,2,Hot,0.0009,0.9924,0.0067,0.9924
BD+14 4559 b,BD+14 4559,1,Rocky-Habitable,0.7381,0.0397,0.2223,0.7381
BD+15 2375 b,BD+15 2375,3,Gas-Giant,0.0142,0.002,0.9838,0.9838
BD+15 2940 b,BD+15 2940,3,Gas-Giant,0.0033,0.001,0.9957,0.9957
BD+20 2457 b,BD+20 2457,3,Gas-Giant,0.0362,0.0013,0.9625,0.9625
BD+20 2457 c,BD+20 2457,3,Gas-Giant,0.0293,0.0012,0.9695,0.9695
BD+20 274 b,BD+20 274,3,Gas-Giant,0.0157,0.0011,0.9832,0.9832
BD+20 594 b,BD+20 594,2,Hot,0.0188,0.972,0.0092,0.972
BD+37 3172 b,BD+37 3172,3,Gas-Giant,0.0122,0.0014,0.9864,0.9864
BD+42 2315 b,BD+42 2315,3,Gas-Giant,0.013,0.0022,0.9847,0.9847
BD+45 564 b,BD+45 564,1,Rocky-Habitable,0.9535,0.0273,0.0192,0.9535
BD+48 738 b,BD+48 738,3,Gas-Giant,0.0258,0.001,0.9732,0.9732
BD+48 740 b,BD+48 740,3,Gas-Giant,0.0161,0.001,0.9828,0.9828
BD+49 828 b,BD+49 828,3,Gas-Giant,0.014,0.0009,0.9851,0.9851
BD+55 362 b,BD+55 362,1,Rocky-Habitable,0.6115,0.0443,0.3442,0.6115
BD+63 1405 b,BD+63 1405,1,Rocky-Habitable,0.8045,0.0525,0.1429,0.8045
BD-06 1339 b,BD-06 1339,2,Hot,0.0004,0.9992,0.0004,0.9992
BD-06 1339 c,BD-06 1339,1,Rocky-Habitable,0.9985,0.0012,0.0003,0.9985
BD-08 2823 b,BD-08 2823,2,Hot,0.0003,0.9994,0.0003,0.9994
BD-08 2823 c,BD-08 2823,1,Rocky-Habitable,0.9927,0.0039,0.0034,0.9927
BD-10 3166 b,BD-10 3166,2,Hot,0.0004,0.977,0.0226,0.977
BD-11 4672 b,BD-11 4672,1,Rocky-Habitable,0.9948,0.0031,0.002,0.9948
BD-11 4672 c,BD-11 4672,1,Rocky-Habitable,0.9367,0.0626,0.0007,0.9367
BD-13 2130 b,BD-13 2130,1,Rocky-Habitable,0.9572,0.0147,0.028,0.9572
BD-17 63 b,BD-17 63,3,Gas-Giant,0.002,0.0006,0.9973,0.9973
BD-210397 b,BD-210397,1,Rocky-Habitable,0.9931,0.0022,0.0048,0.9931
BD-210397 c,BD-210397,3,Gas-Giant,0.0022,0.0006,0.9972,0.9972
BEBOP-3 b,BEBOP-3,3,Gas-Giant,0.4245,0.081,0.4945,0.4945
BEBOP-4 AB b,BEBOP-4 A,3,Gas-Giant,0.0015,0.0004,0.9981,0.9981
Barnard b,Barnard's star,2,Hot,0.0106,0.9887,0.0007,0.9887
Barnard c,Barnard's star,2,Hot,0.0142,0.985,0.0008,0.985
Barnard d,Barnard's star,2,Hot,0.0065,0.9931,0.0004,0.9931
Barnard e,Barnard's star,1,Rocky-Habitable,0.9653,0.034,0.0007,0.9653
CD Cet b,CD Cet,2,Hot,0.0032,0.9958,0.001,0.9958
CD-35 2722 b,CD-35 2722,3,Gas-Giant,0.2486,0.001,0.7505,0.7505
CFBDSIR J145829+101343 b,CFBDSIR J145829+101343,3,Gas-Giant,0.4876,0.0029,0.5095,0.5095
CHXR 73 b,CHXR 73,3,Gas-Giant,0.0274,0.0014,0.9712,0.9712
CI Tau c,CI Tau,2,Hot,0.0018,0.9948,0.0034,0.9948
COCONUTS-2 b,COCONUTS-2 A,3,Gas-Giant,0.1738,0.0021,0.8241,0.8241
CoRoT-16 b,CoRoT-16,3,Gas-Giant,1e-04,0.001,0.9989,0.9989
CoRoT-2 b,CoRoT-2,3,Gas-Giant,1e-04,0.0011,0.9988,0.9988
CoRoT-20 b,CoRoT-20,3,Gas-Giant,1e-04,0.0013,0.9986,0.9986
CoRoT-20 c,CoRoT-20,3,Gas-Giant,0.3578,0.1117,0.5305,0.5305
CoRoT-21 b,CoRoT-21,3,Gas-Giant,1e-04,0.0006,0.9994,0.9994
CoRoT-28 b,CoRoT-28,3,Gas-Giant,1e-04,0.0027,0.9971,0.9971
CoRoT-29 b,CoRoT-29,3,Gas-Giant,0.0002,0.0033,0.9965,0.9965
CoRoT-3 b,CoRoT-3,3,Gas-Giant,0.0005,0.0947,0.9047,0.9047
CoRoT-30 b,CoRoT-30,3,Gas-Giant,0.0002,0.0055,0.9943,0.9943
CoRoT-31 b,CoRoT-31,3,Gas-Giant,1e-04,0.0008,0.9991,0.9991
CoRoT-7 b,CoRoT-7,2,Hot,1e-04,0.9997,0.0002,0.9997
CoRoT-7 c,CoRoT-7,2,Hot,0.0002,0.9992,0.0007,0.9992
CoRoT-7 d,CoRoT-7,2,Hot,1e-04,0.9996,0.0003,0.9996
CoRoT-8 b,CoRoT-8,2,Hot,0.0011,0.75,0.2488,0.75
DE CVn b,DE CVn,1,Rocky-Habitable,0.6648,0.0246,0.3106,0.6648
DENIS-P J082303.1-491201 b,DENIS-P J082303.1-491201,3,Gas-Giant,0.001,0.0008,0.9982,0.9982
DH Tau b,DH Tau,3,Gas-Giant,0.0321,0.0016,0.9662,0.9662
DMPP-1 b,DMPP-1,2,Hot,0.0005,0.9961,0.0034,0.9961
DMPP-1 c,DMPP-1,2,Hot,0.0003,0.9927,0.007,0.9927
DMPP-1 d,DMPP-1,2,Hot,0.0007,0.5048,0.4946,0.5048
DMPP-1 e,DMPP-1,2,Hot,0.0003,0.9902,0.0095,0.9902
DMPP-2 b,DMPP-2,2,Hot,0.0005,0.9927,0.0068,0.9927
DMPP-3 A b,DMPP-3 A,2,Hot,0.0003,0.9983,0.0014,0.9983
DMPP-4 b,DMPP-4,2,Hot,0.0009,0.9424,0.0567,0.9424
DP Leo b,DP Leo,3,Gas-Giant,0.4433,0.0215,0.5353,0.5353
EPIC 201170410.02,EPIC 201170410,2,Hot,0.0044,0.9947,0.0009,0.9947
EPIC 201238110 b,EPIC 201238110,2,Hot,0.1675,0.8298,0.0027,0.8298
EPIC 201427007 b,EPIC 201427007,2,Hot,1e-04,0.9996,0.0002,0.9996
EPIC 201497682 b,EPIC 201497682,2,Hot,0.0002,0.9996,0.0002,0.9996
EPIC 201615463 c,K2-166,2,Hot,0.0002,0.9997,0.0002,0.9997
EPIC 201754305 d,K2-16,2,Hot,0.0002,0.9997,0.0002,0.9997
EPIC 201757695.02,EPIC 201757695,2,Hot,0.0008,0.9955,0.0037,0.9955
EPIC 201833600 c,K2-50,2,Hot,0.0002,0.9997,0.0002,0.9997
EPIC 201841433 b,EPIC 201841433,2,Hot,0.0003,0.9994,0.0003,0.9994
EPIC 206024342 b,EPIC 206024342,2,Hot,1e-04,0.9997,1e-04,0.9997
EPIC 206024342 c,EPIC 206024342,2,Hot,0.0002,0.9995,0.0003,0.9995
EPIC 206024342 d,EPIC 206024342,2,Hot,0.0005,0.9991,0.0005,0.9991
EPIC 206032309 b,EPIC 206032309,2,Hot,0.0002,0.9997,0.0002,0.9997
EPIC 206042996 b,EPIC 206042996,2,Hot,0.0005,0.9993,0.0002,0.9993
EPIC 206042996 c,EPIC 206042996,2,Hot,0.0003,0.9996,0.0002,0.9996
EPIC 206215704 b,EPIC 206215704,2,Hot,0.0012,0.9986,0.0002,0.9986
EPIC 206317286 b,EPIC 206317286,2,Hot,0.0002,0.9997,0.0002,0.9997
EPIC 206317286 c,EPIC 206317286,2,Hot,0.0198,0.9787,0.0015,0.9787
EPIC 212424622 b,EPIC 212424622,2,Hot,0.0017,0.998,0.0003,0.998
EPIC 212499991 b,EPIC 212499991,2,Hot,0.2186,0.7785,0.0029,0.7785
EPIC 212624936 b,EPIC 212624936,2,Hot,1e-04,0.9996,0.0003,0.9996
EPIC 212624936 c,EPIC 212624936,2,Hot,0.0003,0.999,0.0007,0.999
EPIC 220492298 b,EPIC 220492298,2,Hot,0.0002,0.9994,0.0005,0.9994
EPIC 220554210 c,K2-282,2,Hot,0.0002,0.9995,0.0003,0.9995
EPIC 228836835 b,EPIC 228836835,2,Hot,0.0004,0.9994,0.0002,0.9994
FU Tau b,FU Tau,1,Rocky-Habitable,0.5093,0.0009,0.4898,0.5093
G 192-15 b,G 192-15,3,Gas-Giant,0.0054,0.2461,0.7485,0.7485
G 192-15 c,G 192-15,1,Rocky-Habitable,0.7634,0.0914,0.1452,0.7634
G 196-3 b,G 196-3,3,Gas-Giant,0.0115,0.0015,0.987,0.987
G 261-6 b,G 261-6,2,Hot,0.0016,0.9981,0.0003,0.9981
G 264-012 b,G 264-012,2,Hot,0.0078,0.9909,0.0013,0.9909
G 264-012 c,G 264-012,1,Rocky-Habitable,0.7388,0.2482,0.013,0.7388
G 268-110 b,G 268-110,3,Gas-Giant,0.0056,0.2955,0.6989,0.6989
GJ 1002 b,GJ 1002,1,Rocky-Habitable,0.9131,0.0289,0.058,0.9131
GJ 1002 c,GJ 1002,1,Rocky-Habitable,0.874,0.0095,0.1165,0.874
GJ 1061 b,GJ 1061,2,Hot,0.0256,0.9652,0.0092,0.9652
GJ 1061 c,GJ 1061,1,Rocky-Habitable,0.9874,0.0118,0.0007,0.9874
GJ 1061 d,GJ 1061,1,Rocky-Habitable,0.9975,0.0023,0.0002,0.9975
GJ 1132 c,GJ 1132,1,Rocky-Habitable,0.525,0.0576,0.4174,0.525
GJ 1148 b,GJ 1148,1,Rocky-Habitable,0.9976,0.0022,0.0003,0.9976
GJ 1148 c,GJ 1148,1,Rocky-Habitable,0.9986,0.0008,0.0006,0.9986
GJ 1151 c,GJ 1151,1,Rocky-Habitable,0.9991,0.0006,0.0003,0.9991
GJ 1252 b,GJ 1252,2,Hot,0.0006,0.9991,0.0003,0.9991
GJ 1265 b,GJ 1265,2,Hot,0.0171,0.9789,0.004,0.9789
GJ 1289 b,GJ 1289,1,Rocky-Habitable,0.9585,0.0027,0.0388,0.9585
GJ 15 A b,GJ 15 A,2,Hot,0.2688,0.7301,0.0011,0.7301
GJ 15 A c,GJ 15 A,1,Rocky-Habitable,0.9978,0.0011,0.001,0.9978
GJ 160.2 b,GJ 160.2,2,Hot,0.001,0.9983,0.0008,0.9983
GJ 163 b,GJ 163,2,Hot,0.0002,0.999,0.0007,0.999
GJ 163 c,GJ 163,2,Hot,0.002,0.9941,0.0039,0.9941
GJ 163 d,GJ 163,1,Rocky-Habitable,0.7378,0.0883,0.1739,0.7378
GJ 179 b,GJ 179,1,Rocky-Habitable,0.9959,0.0017,0.0024,0.9959
GJ 180 b,GJ 180,2,Hot,0.0007,0.9972,0.0021,0.9972
GJ 180 c,GJ 180,1,Rocky-Habitable,0.9989,0.001,1e-04,0.9989
GJ 180 d,GJ 180,2,Hot,0.0272,0.9273,0.0454,0.9273
GJ 2030 b,GJ 2030,2,Hot,0.0002,0.9986,0.0011,0.9986
GJ 2030 c,GJ 2030,3,Gas-Giant,0.0019,0.0006,0.9975,0.9975
GJ 2056 b,GJ 2056,2,Hot,0.0195,0.9504,0.0301,0.9504
GJ 2126 b,GJ 2126,1,Rocky-Habitable,0.9434,0.0115,0.0451,0.9434
GJ 229 A c,GJ 229,2,Hot,0.1007,0.7771,0.1222,0.7771
GJ 229 b,GJ 229,1,Rocky-Habitable,0.6662,0.0963,0.2375,0.6662
GJ 251 b,GJ 251,1,Rocky-Habitable,0.8623,0.1309,0.0068,0.8623
GJ 251 c,GJ 251,1,Rocky-Habitable,0.8828,0.1007,0.0165,0.8828
GJ 27.1 b,GJ 27.1,1,Rocky-Habitable,0.9757,0.0239,0.0004,0.9757
GJ 273 b,GJ 273,1,Rocky-Habitable,0.9807,0.0183,0.0009,0.9807
GJ 273 c,GJ 273,2,Hot,0.005,0.9939,0.001,0.9939
GJ 3021 b,GJ 3021,2,Hot,0.2446,0.6989,0.0565,0.6989
GJ 3082 b,GJ 3082,2,Hot,0.0004,0.9985,0.0011,0.9985
GJ 3090 c,GJ 3090,1,Rocky-Habitable,0.7083,0.286,0.0057,0.7083
GJ 3138 b,GJ 3138,2,Hot,0.0005,0.9994,0.0002,0.9994
GJ 3138 c,GJ 3138,2,Hot,0.0033,0.9963,0.0004,0.9963
GJ 3138 d,GJ 3138,1,Rocky-Habitable,0.9983,0.0012,0.0005,0.9983
GJ 317 b,GJ 317,1,Rocky-Habitable,0.9529,0.0025,0.0446,0.9529
GJ 317 c,GJ 317,1,Rocky-Habitable,0.8625,0.0018,0.1357,0.8625
GJ 3222 b,GJ 3222,2,Hot,0.0002,0.9991,0.0007,0.9991
GJ 328 b,GJ 328,1,Rocky-Habitable,0.9976,0.001,0.0014,0.9976
GJ 328 c,GJ 328,1,Rocky-Habitable,0.9989,0.0008,0.0004,0.9989
GJ 3293 b,GJ 3293,1,Rocky-Habitable,0.9989,0.001,0.0002,0.9989
GJ 3293 c,GJ 3293,1,Rocky-Habitable,0.9992,0.0006,0.0002,0.9992
GJ 3293 d,GJ 3293,1,Rocky-Habitable,0.9989,0.0009,0.0002,0.9989
GJ 3293 e,GJ 3293,1,Rocky-Habitable,0.9128,0.0857,0.0015,0.9128
GJ 3323 b,GJ 3323,1,Rocky-Habitable,0.5734,0.4249,0.0017,0.5734
GJ 3323 c,GJ 3323,1,Rocky-Habitable,0.9981,0.0017,0.0002,0.9981
GJ 3341 b,GJ 3341,1,Rocky-Habitable,0.9713,0.0281,0.0005,0.9713
GJ 338 B b,GJ 338 B,1,Rocky-Habitable,0.9832,0.0157,0.0011,0.9832
GJ 341 b,GJ 341,2,Hot,0.0056,0.9929,0.0015,0.9929
GJ 3473 c,GJ 3473,1,Rocky-Habitable,0.9006,0.0917,0.0077,0.9006
GJ 3512 b,GJ 3512,1,Rocky-Habitable,0.9937,0.0007,0.0055,0.9937
GJ 3512 c,GJ 3512,1,Rocky-Habitable,0.915,0.0009,0.084,0.915
GJ 357 c,GJ 357,2,Hot,0.0324,0.9667,0.001,0.9667
GJ 357 d,GJ 357,1,Rocky-Habitable,0.9614,0.0371,0.0015,0.9614
GJ 3634 b,GJ 3634,2,Hot,0.0005,0.999,0.0005,0.999
GJ 367 c,GJ 367,1,Rocky-Habitable,0.8235,0.1751,0.0014,0.8235
GJ 367 d,GJ 367,1,Rocky-Habitable,0.999,0.0008,0.0002,0.999
GJ 3779 b,GJ 3779,2,Hot,0.0185,0.9803,0.0012,0.9803
GJ 3929 c,GJ 3929,1,Rocky-Habitable,0.6283,0.3686,0.0031,0.6283
GJ 393 b,GJ 393,2,Hot,0.0421,0.9564,0.0016,0.9564
GJ 3942 b,GJ 3942,2,Hot,0.0154,0.9824,0.0022,0.9824
GJ 3988 b,GJ 3988,1,Rocky-Habitable,0.7601,0.0152,0.2247,0.7601
GJ 3998 b,GJ 3998,2,Hot,0.0007,0.9988,0.0004,0.9988
GJ 3998 c,GJ 3998,2,Hot,0.1216,0.8766,0.0018,0.8766
GJ 3998 d,GJ 3998,1,Rocky-Habitable,0.9953,0.0044,0.0003,0.9953
GJ 411 b,GJ 411,2,Hot,0.0443,0.9541,0.0017,0.9541
GJ 422 b,GJ 422,2,Hot,0.001,0.9964,0.0026,0.9964
GJ 4276 b,GJ 4276,1,Rocky-Habitable,0.9491,0.049,0.0019,0.9491
GJ 433 b,GJ 433,2,Hot,0.0003,0.999,0.0007,0.999
GJ 433 c,GJ 433,3,Gas-Giant,0.1086,0.0625,0.8289,0.8289
GJ 433 d,GJ 433,2,Hot,0.0031,0.9919,0.0051,0.9919
GJ 436 b,GJ 436,2,Hot,0.0003,0.9957,0.004,0.9957
GJ 463 b,GJ 463,1,Rocky-Habitable,0.9698,0.0016,0.0286,0.9698
GJ 480 b,GJ 480,2,Hot,0.001,0.9973,0.0017,0.9973
GJ 504 b,GJ 504,3,Gas-Giant,0.0019,0.0008,0.9972,0.9972
GJ 508.2 b,GJ 508.2,1,Rocky-Habitable,0.9491,0.0021,0.0487,0.9491
GJ 514 b,GJ 514,1,Rocky-Habitable,0.9689,0.0264,0.0047,0.9689
GJ 536 b,GJ 536,2,Hot,0.0091,0.9894,0.0015,0.9894
GJ 536 c,GJ 536,1,Rocky-Habitable,0.9908,0.0088,0.0004,0.9908
GJ 581 b,GJ 581,2,Hot,0.0284,0.9697,0.0019,0.9697
GJ 581 c,GJ 581,1,Rocky-Habitable,0.9158,0.0834,0.0007,0.9158
GJ 581 e,GJ 581,2,Hot,0.0044,0.995,0.0006,0.995
GJ 625 b,GJ 625,2,Hot,0.4072,0.5789,0.0139,0.5789
GJ 649 b,GJ 649,1,Rocky-Habitable,0.9984,0.0008,0.0007,0.9984
GJ 667 C b,GJ 667 C,2,Hot,1e-04,0.9996,0.0003,0.9996
GJ 667 C c,GJ 667 C,1,Rocky-Habitable,0.9957,0.0039,0.0004,0.9957
GJ 667 C e,GJ 667 C,1,Rocky-Habitable,0.9971,0.0026,0.0003,0.9971
GJ 667 C f,GJ 667 C,1,Rocky-Habitable,0.9957,0.0039,0.0004,0.9957
GJ 667 C g,GJ 667 C,1,Rocky-Habitable,0.9977,0.0018,0.0004,0.9977
GJ 674 b,GJ 674,2,Hot,0.0013,0.9984,0.0003,0.9984
GJ 676 A b,GJ 676 A,3,Gas-Giant,0.002,0.0006,0.9974,0.9974
GJ 676 A c,GJ 676 A,3,Gas-Giant,0.0017,0.0006,0.9977,0.9977
GJ 676 A d,GJ 676 A,2,Hot,0.0002,0.9988,0.001,0.9988
GJ 676 A e,GJ 676 A,2,Hot,0.003,0.9927,0.0044,0.9927
GJ 680 b,GJ 680,3,Gas-Giant,0.0014,0.0005,0.9981,0.9981
GJ 682 b,GJ 682,1,Rocky-Habitable,0.9983,0.0015,0.0002,0.9983
GJ 682 c,GJ 682,1,Rocky-Habitable,0.999,0.0008,0.0002,0.999
GJ 685 b,GJ 685,1,Rocky-Habitable,0.9954,0.0043,0.0004,0.9954
GJ 687 b,GJ 687,2,Hot,0.0028,0.992,0.0052,0.992
GJ 687 c,GJ 687,1,Rocky-Habitable,0.6931,0.1012,0.2057,0.6931
GJ 720 A b,GJ 720 A,1,Rocky-Habitable,0.8802,0.1186,0.0013,0.8802
GJ 724 b,GJ 724,2,Hot,0.0067,0.9924,0.0009,0.9924
GJ 740 b,GJ 740,2,Hot,0.0019,0.9969,0.0012,0.9969
GJ 806 c,GJ 806,2,Hot,0.0128,0.9863,0.0009,0.9863
GJ 832 b,GJ 832,3,Gas-Giant,0.015,0.004,0.981,0.981
GJ 849 b,GJ 849,1,Rocky-Habitable,0.9978,0.001,0.0012,0.9978
GJ 849 c,GJ 849,1,Rocky-Habitable,0.9974,0.001,0.0016,0.9974
GJ 86 b,GJ 86,2,Hot,0.0005,0.9989,0.0006,0.9989
GJ 876 b,GJ 876,1,Rocky-Habitable,0.5676,0.0034,0.429,0.5676
GJ 876 c,GJ 876,1,Rocky-Habitable,0.9681,0.004,0.028,0.9681
GJ 876 d,GJ 876,2,Hot,0.0012,0.9981,0.0007,0.9981
GJ 876 e,GJ 876,1,Rocky-Habitable,0.9987,0.001,0.0003,0.9987
GJ 887 b,GJ 887,2,Hot,0.0737,0.9243,0.002,0.9243
GJ 887 c,GJ 887,1,Rocky-Habitable,0.9906,0.0091,0.0003,0.9906
GJ 896 A b,GJ 896 A,3,Gas-Giant,0.0061,0.0012,0.9927,0.9927
GJ 900 b,GJ 900 A,3,Gas-Giant,0.1296,0.0013,0.8691,0.8691
GJ 9066 c,GJ 9066,1,Rocky-Habitable,0.9987,0.0008,0.0005,0.9987
GJ 9404 b,GJ 9404,2,Hot,0.0004,0.9986,0.001,0.9986
GJ 96 b,GJ 96,1,Rocky-Habitable,0.9954,0.0037,0.0008,0.9954
GJ 9689 b,GJ 9689,2,Hot,0.381,0.6105,0.0085,0.6105
GJ 9714 b,GJ 9714,3,Gas-Giant,0.0018,0.0006,0.9976,0.9976
GJ 9773 b,GJ 9773,1,Rocky-Habitable,0.9706,0.0017,0.0276,0.9706
GSC 06214-00210 b,GSC 06214-00210,3,Gas-Giant,0.0929,0.0007,0.9063,0.9063
Gaia-1 b,Gaia-1,3,Gas-Giant,1e-04,0.0012,0.9987,0.9987
Gaia-2 b,Gaia-2,3,Gas-Giant,1e-04,0.0006,0.9994,0.9994
Gaia-4 b,Gaia-4,3,Gas-Giant,0.0356,0.0008,0.9636,0.9636
Gaia-5 b,Gaia-5,3,Gas-Giant,0.206,0.0011,0.7929,0.7929
Gaia22dkvL b,Gaia22dkvL,3,Gas-Giant,0.0495,0.0099,0.9406,0.9406
Gl 378 b,Gl 378,2,Hot,0.0008,0.9983,0.0009,0.9983
Gl 410 b,Gl 410,2,Hot,0.0008,0.9985,0.0007,0.9985
Gl 49 b,Gl 49,2,Hot,0.3716,0.6219,0.0066,0.6219
Gl 686 b,Gl 686,1,Rocky-Habitable,0.5698,0.4289,0.0013,0.5698
Gl 725 A b,Gl 725 A,2,Hot,0.4629,0.5362,0.0009,0.5362
HAT-P-11 b,HAT-P-11,2,Hot,0.0002,0.9991,0.0007,0.9991
HAT-P-11 c,HAT-P-11,3,Gas-Giant,0.003,0.001,0.996,0.996
HAT-P-13 b,HAT-P-13,3,Gas-Giant,1e-04,0.0028,0.9971,0.9971
HAT-P-13 c,HAT-P-13,1,Rocky-Habitable,0.8627,0.0175,0.1198,0.8627
HAT-P-14 b,HAT-P-14,3,Gas-Giant,1e-04,0.0041,0.9957,0.9957
HAT-P-15 b,HAT-P-15,3,Gas-Giant,0.0002,0.0032,0.9965,0.9965
HAT-P-17 b,HAT-P-17,3,Gas-Giant,0.0002,0.004,0.9958,0.9958
HAT-P-17 c,HAT-P-17,1,Rocky-Habitable,0.9424,0.0114,0.0462,0.9424
HAT-P-2 b,HAT-P-2,3,Gas-Giant,0.0012,0.3503,0.6485,0.6485
HAT-P-2 c,HAT-P-2,3,Gas-Giant,0.0016,0.0005,0.9978,0.9978
HAT-P-21 b,HAT-P-21,3,Gas-Giant,0.0008,0.1107,0.8885,0.8885
HAT-P-22 b,HAT-P-22,3,Gas-Giant,0.0003,0.0136,0.9861,0.9861
HAT-P-24 b,HAT-P-24,3,Gas-Giant,0.0002,0.0027,0.9971,0.9971
HAT-P-26 b,HAT-P-26,3,Gas-Giant,0.0022,0.2479,0.7499,0.7499
HAT-P-27 b,HAT-P-27,3,Gas-Giant,1e-04,0.0017,0.9981,0.9981
HAT-P-29 b,HAT-P-29,3,Gas-Giant,1e-04,0.0027,0.9972,0.9972
HAT-P-3 b,HAT-P-3,3,Gas-Giant,0.0002,0.0055,0.9943,0.9943
HAT-P-30 b,HAT-P-30,3,Gas-Giant,1e-04,0.0023,0.9976,0.9976
HAT-P-31 b,HAT-P-31,3,Gas-Giant,0.0002,0.0057,0.9942,0.9942
HAT-P-33 b,HAT-P-33,3,Gas-Giant,0.0002,0.0051,0.9948,0.9948
HAT-P-34 b,HAT-P-34,3,Gas-Giant,1e-04,0.0013,0.9986,0.9986
HAT-P-35 b,HAT-P-35,3,Gas-Giant,1e-04,0.0006,0.9993,0.9993
HAT-P-40 b,HAT-P-40,3,Gas-Giant,0.0003,0.019,0.9806,0.9806
HAT-P-41 b,HAT-P-41,3,Gas-Giant,0.0002,0.0062,0.9937,0.9937
HAT-P-44 c,HAT-P-44,1,Rocky-Habitable,0.8294,0.0167,0.1539,0.8294
HAT-P-49 b,HAT-P-49,3,Gas-Giant,1e-04,0.0019,0.998,0.998
HAT-P-5 b,HAT-P-5,3,Gas-Giant,1e-04,0.0021,0.9977,0.9977
HAT-P-56 b,HAT-P-56,3,Gas-Giant,1e-04,0.0018,0.9981,0.9981
HAT-P-57 b,HAT-P-57,3,Gas-Giant,0.0002,0.0034,0.9964,0.9964
HAT-P-6 b,HAT-P-6,3,Gas-Giant,0.0002,0.0021,0.9977,0.9977
HAT-P-7 b,HAT-P-7,3,Gas-Giant,1e-04,0.0018,0.9981,0.9981
HAT-P-8 b,HAT-P-8,3,Gas-Giant,1e-04,0.003,0.9969,0.9969
HATS-50 b,HATS-50,3,Gas-Giant,1e-04,0.001,0.9989,0.9989
HATS-59 c,HATS-59,1,Rocky-Habitable,0.8015,0.0528,0.1457,0.8015
HD 100546 b,HD 100546,3,Gas-Giant,0.009,0.0049,0.9861,0.9861
HD 100655 b,HD 100655,1,Rocky-Habitable,0.6872,0.0677,0.245,0.6872
HD 100777 b,HD 100777,3,Gas-Giant,0.0083,0.003,0.9887,0.9887
HD 10180 c,HD 10180,2,Hot,0.0002,0.9981,0.0017,0.9981
HD 10180 d,HD 10180,2,Hot,0.001,0.9909,0.0081,0.9909
HD 10180 e,HD 10180,2,Hot,0.005,0.9493,0.0457,0.9493
HD 10180 f,HD 10180,3,Gas-Giant,0.0631,0.3413,0.5957,0.5957
HD 10180 g,HD 10180,3,Gas-Giant,0.2938,0.0659,0.6403,0.6403
HD 10180 h,HD 10180,3,Gas-Giant,0.1455,0.0379,0.8166,0.8166
HD 101930 b,HD 101930,2,Hot,0.0389,0.8276,0.1335,0.8276
HD 102117 b,HD 102117,2,Hot,0.0032,0.7846,0.2122,0.7846
HD 102195 b,HD 102195,2,Hot,0.0002,0.9988,0.001,0.9988
HD 102272 b,HD 102272,1,Rocky-Habitable,0.9684,0.0276,0.004,0.9684
HD 102329 b,HD 102329,1,Rocky-Habitable,0.7084,0.0448,0.2468,0.7084
HD 102329 c,HD 102329,1,Rocky-Habitable,0.6008,0.0537,0.3455,0.6008
HD 102365 b,HD 102365,2,Hot,0.2789,0.6416,0.0795,0.6416
HD 102843 b,HD 102843,3,Gas-Giant,0.1757,0.0818,0.7425,0.7425
HD 102888 b,HD 102888,3,Gas-Giant,0.0045,0.001,0.9945,0.9945
HD 102956 b,HD 102956,2,Hot,0.0003,0.9989,0.0008,0.9989
HD 103197 b,HD 103197,2,Hot,0.0161,0.875,0.1088,0.875
HD 103720 b,HD 103720,2,Hot,0.0002,0.9993,0.0005,0.9993
HD 103774 b,HD 103774,3,Gas-Giant,0.0005,0.0643,0.9352,0.9352
HD 103891 b,HD 103891,3,Gas-Giant,0.2626,0.0392,0.6983,0.6983
HD 103949 b,HD 103949,1,Rocky-Habitable,0.896,0.0615,0.0425,0.896
HD 104067 b,HD 104067,2,Hot,0.1191,0.7506,0.1303,0.7506
HD 104067 c,HD 104067,2,Hot,0.0016,0.9924,0.006,0.9924
HD 10442 b,HD 10442,1,Rocky-Habitable,0.856,0.0328,0.1111,0.856
HD 104985 b,HD 104985,3,Gas-Giant,0.0247,0.0014,0.9738,0.9738
HD 105618 b,HD 105618,2,Hot,0.0002,0.9991,0.0007,0.9991
HD 105618 c,HD 105618,3,Gas-Giant,0.0062,0.0005,0.9933,0.9933
HD 105779 b,HD 105779,1,Rocky-Habitable,0.9849,0.0101,0.005,0.9849
HD 106252 b,HD 106252,3,Gas-Giant,0.0099,0.001,0.9891,0.9891
HD 106270 b,HD 106270,3,Gas-Giant,0.3945,0.1071,0.4983,0.4983
HD 10647 b,HD 10647,1,Rocky-Habitable,0.6263,0.2225,0.1512,0.6263
HD 106515 A b,HD 106515 A,3,Gas-Giant,0.021,0.0006,0.9784,0.9784
HD 106906 b,HD 106906,3,Gas-Giant,0.0021,0.0009,0.9969,0.9969
HD 10697 b,HD 10697,3,Gas-Giant,0.0017,0.0006,0.9977,0.9977
HD 107148 b,HD 107148,2,Hot,0.0096,0.6085,0.3819,0.6085
HD 107148 c,HD 107148,2,Hot,0.003,0.8084,0.1887,0.8084
HD 108147 b,HD 108147,2,Hot,0.0017,0.7167,0.2815,0.7167
HD 108202 b,HD 108202,3,Gas-Giant,0.0029,0.0009,0.9963,0.9963
HD 108236 b,HD 108236,2,Hot,0.0002,0.9994,0.0004,0.9994
HD 108236 c,HD 108236,2,Hot,0.0002,0.9996,0.0003,0.9996
HD 108236 e,HD 108236,2,Hot,0.0005,0.9989,0.0006,0.9989
HD 108236 f,HD 108236,2,Hot,0.002,0.9975,0.0004,0.9975
HD 108341 b,HD 108341,3,Gas-Giant,0.2695,0.1472,0.5832,0.5832
HD 108863 b,HD 108863,1,Rocky-Habitable,0.9441,0.0143,0.0416,0.9441
HD 108874 b,HD 108874,3,Gas-Giant,0.2084,0.0541,0.7375,0.7375
HD 108874 c,HD 108874,3,Gas-Giant,0.0608,0.033,0.9062,0.9062
HD 109246 b,HD 109246,2,Hot,0.0157,0.72,0.2643,0.72
HD 109271 b,HD 109271,3,Gas-Giant,0.0021,0.434,0.5638,0.5638
HD 109271 c,HD 109271,2,Hot,0.0069,0.8473,0.1458,0.8473
HD 109286 b,HD 109286,1,Rocky-Habitable,0.98,0.0128,0.0071,0.98
HD 109749 b,HD 109749,3,Gas-Giant,0.0014,0.4667,0.5319,0.5319
HD 10975 b,HD 10975,3,Gas-Giant,0.0263,0.001,0.9727,0.9727
HD 109833 b,HD 109833,2,Hot,0.0003,0.999,0.0007,0.999
HD 109833 c,HD 109833,2,Hot,0.0006,0.9985,0.0009,0.9985
HD 109988 b,HD 109988,3,Gas-Giant,0.0017,0.0005,0.9978,0.9978
HD 110014 b,HD 110014,3,Gas-Giant,0.151,0.0074,0.8416,0.8416
HD 110082 b,HD 110082,2,Hot,0.0007,0.9899,0.0095,0.9899
HD 110113 c,HD 110113,2,Hot,0.0003,0.9974,0.0024,0.9974
HD 110537 b,HD 110537,3,Gas-Giant,0.0017,0.0005,0.9978,0.9978
HD 11112 b,HD 11112,3,Gas-Giant,0.0018,0.0006,0.9976,0.9976
HD 111232 b,HD 111232,3,Gas-Giant,0.0017,0.0006,0.9977,0.9977
HD 111232 c,HD 111232,3,Gas-Giant,0.0019,0.0006,0.9975,0.9975
HD 111591 b,HD 111591,3,Gas-Giant,0.0037,0.0009,0.9954,0.9954
HD 111998 b,HD 111998,3,Gas-Giant,0.0016,0.0007,0.9977,0.9977
HD 112300 b,HD 112300,3,Gas-Giant,0.1521,0.0009,0.8469,0.8469
HD 112570 b,HD 112570,3,Gas-Giant,0.0501,0.0038,0.9462,0.9462
HD 112640 b,HD 112640,3,Gas-Giant,0.0184,0.0009,0.9806,0.9806
HD 113337 b,HD 113337,1,Rocky-Habitable,0.7475,0.0762,0.1762,0.7475
HD 113337 c,HD 113337,3,Gas-Giant,0.0015,0.0004,0.9981,0.9981
HD 11343 c,HIP 8541,1,Rocky-Habitable,0.7372,0.1207,0.1421,0.7372
HD 113538 b,HD 113538,1,Rocky-Habitable,0.9779,0.0073,0.0148,0.9779
HD 113538 c,HD 113538,1,Rocky-Habitable,0.9663,0.0086,0.0251,0.9663
HD 113996 b,HD 113996,3,Gas-Giant,0.0062,0.001,0.9928,0.9928
HD 114082 b,HD 114082,3,Gas-Giant,0.0012,0.006,0.9928,0.9928
HD 114386 b,HD 114386,1,Rocky-Habitable,0.8986,0.0225,0.079,0.8986
HD 114729 b,HD 114729,1,Rocky-Habitable,0.863,0.0895,0.0474,0.863
HD 114783 b,HD 114783,3,Gas-Giant,0.1216,0.0538,0.8246,0.8246
HD 114783 c,HD 114783,3,Gas-Giant,0.0049,0.0016,0.9935,0.9935
HD 11505 b,HD 11505,3,Gas-Giant,0.0061,0.0005,0.9934,0.9934
HD 11506 b,HD 11506,3,Gas-Giant,0.0488,0.0229,0.9283,0.9283
HD 11506 c,HD 11506,3,Gas-Giant,0.2583,0.0478,0.6939,0.6939
HD 11506 d,HD 11506,3,Gas-Giant,0.0015,0.0005,0.998,0.998
HD 115404 A b,HD 115404 A,2,Hot,0.0002,0.9991,0.0007,0.9991
HD 115404 A c,HD 115404 A,3,Gas-Giant,0.0018,0.0006,0.9977,0.9977
HD 115954 b,HD 115954,1,Rocky-Habitable,0.9897,0.0073,0.003,0.9897
HD 116029 b,HD 116029,1,Rocky-Habitable,0.705,0.0406,0.2543,0.705
HD 116029 c,HD 116029,1,Rocky-Habitable,0.7607,0.0317,0.2075,0.7607
HD 117207 b,HD 117207,3,Gas-Giant,0.0614,0.0283,0.9103,0.9103
HD 11755 b,HD 11755,1,Rocky-Habitable,0.9868,0.0094,0.0037,0.9868
HD 117618 b,HD 117618,2,Hot,0.0017,0.9899,0.0084,0.9899
HD 118203 c,HD 118203,3,Gas-Giant,0.0013,0.0004,0.9982,0.9982
HD 11964 b,HD 11964,3,Gas-Giant,0.0059,0.0036,0.9905,0.9905
HD 11964 c,HD 11964,2,Hot,0.0065,0.5678,0.4257,0.5678
HD 11977 b,HD 11977,1,Rocky-Habitable,0.9753,0.0081,0.0166,0.9753
HD 120084 b,HD 120084,3,Gas-Giant,0.0044,0.001,0.9946,0.9946
HD 121504 b,HD 121504,2,Hot,0.0137,0.8179,0.1684,0.8179
HD 12235 b,HD 12235,2,Hot,0.0002,0.9989,0.0008,0.9989
HD 12235 c,HD 12235,3,Gas-Giant,0.006,0.0005,0.9935,0.9935
HD 122562 c,HD 122562,2,Hot,0.0771,0.8612,0.0617,0.8612
HD 124330 b,HD 124330,3,Gas-Giant,0.2748,0.0477,0.6775,0.6775
HD 12484 b,HD 12484,2,Hot,0.0108,0.8841,0.1051,0.8841
HD 125271 b,HD 125271,3,Gas-Giant,0.0017,0.0006,0.9977,0.9977
HD 125390 b,HD 125390,3,Gas-Giant,0.0015,0.0004,0.9981,0.9981
HD 125595 b,HD 125595,2,Hot,0.0008,0.9952,0.0039,0.9952
HD 125612 b,HD 125612,1,Rocky-Habitable,0.6969,0.095,0.2081,0.6969
HD 125612 c,HD 125612,2,Hot,0.0002,0.9988,0.0009,0.9988
HD 125612 d,HD 125612,3,Gas-Giant,0.0016,0.0006,0.9978,0.9978
HD 12648 b,HD 12648,1,Rocky-Habitable,0.9654,0.0306,0.004,0.9654
HD 126525 b,HD 126525,1,Rocky-Habitable,0.6824,0.0741,0.2434,0.6824
HD 12661 b,HD 12661,3,Gas-Giant,0.1586,0.0446,0.7967,0.7967
HD 12661 c,HD 12661,1,Rocky-Habitable,0.6502,0.0191,0.3307,0.6502
HD 126614 b,HD 126614,1,Rocky-Habitable,0.4787,0.0998,0.4215,0.4787
HD 127506 b,HD 127506,2,Hot,0.029,0.9448,0.0262,0.9448
HD 128311 b,HD 128311,1,Rocky-Habitable,0.7163,0.0914,0.1923,0.7163
HD 128311 c,HD 128311,3,Gas-Giant,0.0025,0.0008,0.9968,0.9968
HD 128356 b,HD 128356,1,Rocky-Habitable,0.9814,0.0076,0.011,0.9814
HD 128717 b,HD 128717,3,Gas-Giant,0.0014,0.0004,0.9982,0.9982
HD 129445 b,HD 129445,3,Gas-Giant,0.0634,0.0295,0.907,0.907
HD 130322 b,HD 130322,2,Hot,0.0002,0.999,0.0008,0.999
HD 131496 b,HD 131496,1,Rocky-Habitable,0.869,0.0204,0.1106,0.869
HD 13167 b,HD 13167,3,Gas-Giant,0.336,0.0682,0.5957,0.5957
HD 13189 b,HD 13189,1,Rocky-Habitable,0.9945,0.003,0.0025,0.9945
HD 132406 b,HD 132406,3,Gas-Giant,0.002,0.0006,0.9974,0.9974
HD 132563 b,HD 132563,1,Rocky-Habitable,0.4848,0.0919,0.4233,0.4848
HD 133131 A b,HD 133131 A,1,Rocky-Habitable,0.8812,0.0813,0.0375,0.8812
HD 133131 A c,HD 133131 A,1,Rocky-Habitable,0.7407,0.0678,0.1915,0.7407
HD 133131 B b,HD 133131 B,1,Rocky-Habitable,0.6757,0.0491,0.2752,0.6757
HD 134060 b,HD 134060,2,Hot,0.001,0.9486,0.0504,0.9486
HD 134060 c,HD 134060,1,Rocky-Habitable,0.5465,0.1278,0.3256,0.5465
HD 134606 b,HD 134606,3,Gas-Giant,0.002,0.3329,0.6651,0.6651
HD 134606 c,HD 134606,2,Hot,0.0304,0.622,0.3476,0.622
HD 134606 d,HD 134606,1,Rocky-Habitable,0.7536,0.0231,0.2233,0.7536
HD 134606 e,HD 134606,3,Gas-Giant,0.0013,0.3533,0.6454,0.6454
HD 134606 f,HD 134606,3,Gas-Giant,0.0064,0.3899,0.6036,0.6036
HD 134987 b,HD 134987,3,Gas-Giant,0.2462,0.0507,0.7032,0.7032
HD 134987 c,HD 134987,3,Gas-Giant,0.0044,0.0022,0.9934,0.9934
HD 135625 b,HD 135625,3,Gas-Giant,0.0042,0.0016,0.9941,0.9941
HD 135694 b,HD 135694,2,Hot,0.0003,0.9991,0.0006,0.9991
HD 135872 b,HD 135872,3,Gas-Giant,0.0019,0.0007,0.9974,0.9974
HD 136118 b,HD 136118,3,Gas-Giant,0.0016,0.0005,0.9979,0.9979
HD 136418 b,HD 136418,1,Rocky-Habitable,0.9718,0.0095,0.0187,0.9718
HD 136925 b,HD 136925,1,Rocky-Habitable,0.6827,0.0436,0.2736,0.6827
HD 13724 c,HD 13724,2,Hot,0.1507,0.652,0.1973,0.652
HD 137388 b,HD 137388,3,Gas-Giant,0.347,0.1058,0.5473,0.5473
HD 137496 c,HD 137496,1,Rocky-Habitable,0.7932,0.1537,0.0531,0.7932
HD 13808 b,HD 13808,2,Hot,0.0008,0.9987,0.0005,0.9987
HD 13808 c,HD 13808,2,Hot,0.2309,0.7639,0.0052,0.7639
HD 13908 b,HD 13908,2,Hot,0.0051,0.572,0.4229,0.572
HD 13908 c,HD 13908,3,Gas-Giant,0.3117,0.0621,0.6262,0.6262
HD 13931 b,HD 13931,3,Gas-Giant,0.1575,0.0417,0.8007,0.8007
HD 139357 b,HD 139357,3,Gas-Giant,0.0015,0.0005,0.998,0.998
HD 14067 b,HD 14067,3,Gas-Giant,0.0079,0.001,0.9911,0.9911
HD 140901 b,HD 140901,2,Hot,0.0002,0.999,0.0008,0.999
HD 140901 c,HD 140901,3,Gas-Giant,0.0226,0.0011,0.9764,0.9764
HD 141004 b,HD 141004,2,Hot,0.0004,0.9975,0.002,0.9975
HD 141399 b,HD 141399,3,Gas-Giant,0.0334,0.4138,0.5528,0.5528
HD 141399 c,HD 141399,3,Gas-Giant,0.1789,0.0405,0.7807,0.7807
HD 141399 d,HD 141399,3,Gas-Giant,0.012,0.0052,0.9828,0.9828
HD 141399 e,HD 141399,3,Gas-Giant,0.0052,0.0023,0.9925,0.9925
HD 141937 b,HD 141937,3,Gas-Giant,0.2876,0.0636,0.6488,0.6488
HD 142 A d,HD 142,2,Hot,0.052,0.8612,0.0868,0.8612
HD 142 b,HD 142,1,Rocky-Habitable,0.7578,0.0908,0.1513,0.7578
HD 142 c,HD 142,3,Gas-Giant,0.0017,0.0005,0.9978,0.9978
HD 142022 A b,HD 142022 A,3,Gas-Giant,0.0586,0.035,0.9064,0.9064
HD 142245 b,HD 142245,3,Gas-Giant,0.361,0.0258,0.6132,0.6132
HD 142415 b,HD 142415,3,Gas-Giant,0.3204,0.0566,0.623,0.623
HD 143105 b,HD 143105,2,Hot,0.0003,0.9801,0.0195,0.9801
HD 143361 b,HD 143361,3,Gas-Giant,0.1216,0.0707,0.8077,0.8077
HD 143811 AB b,HD 143811 A,3,Gas-Giant,0.0019,0.0007,0.9974,0.9974
HD 144899 b,HD 144899,2,Hot,0.0035,0.9925,0.004,0.9925
HD 145377 b,HD 145377,2,Hot,0.0333,0.5032,0.4635,0.5032
HD 145457 b,HD 145457,3,Gas-Giant,0.0107,0.0013,0.9879,0.9879
HD 145675 c,14 Her,3,Gas-Giant,0.0021,0.0008,0.9971,0.9971
HD 145934 b,HD 145934,3,Gas-Giant,0.0032,0.0012,0.9955,0.9955
HD 1461 b,HD 1461,2,Hot,0.0003,0.9939,0.0058,0.9939
HD 1461 c,HD 1461,2,Hot,0.002,0.9277,0.0704,0.9277
HD 147018 b,HD 147018,2,Hot,0.0061,0.9735,0.0205,0.9735
HD 147018 c,HD 147018,3,Gas-Giant,0.1269,0.0728,0.8003,0.8003
HD 147379 b,HD 147379,1,Rocky-Habitable,0.8406,0.024,0.1354,0.8406
HD 147513 b,HD 147513,1,Rocky-Habitable,0.9504,0.0236,0.026,0.9504
HD 14787 b,HD 14787,1,Rocky-Habitable,0.8901,0.0306,0.0793,0.8901
HD 147873 b,HD 147873,3,Gas-Giant,0.0224,0.1776,0.8,0.8
HD 147873 c,HD 147873,3,Gas-Giant,0.0515,0.0193,0.9292,0.9292
HD 148156 b,HD 148156,3,Gas-Giant,0.123,0.0185,0.8584,0.8584
HD 148164 b,HD 148164,3,Gas-Giant,0.3784,0.0694,0.5522,0.5522
HD 148164 c,HD 148164,3,Gas-Giant,0.0132,0.0048,0.982,0.982
HD 149026 b,HD 149026,3,Gas-Giant,0.0004,0.0591,0.9405,0.9405
HD 149143 b,HD 149143,3,Gas-Giant,0.0004,0.0361,0.9634,0.9634
HD 149806 b,HD 149806,3,Gas-Giant,0.0017,0.0005,0.9978,0.9978
HD 150010 b,HD 150010,3,Gas-Giant,0.0202,0.0009,0.9789,0.9789
HD 1502 b,HD 1502,1,Rocky-Habitable,0.9342,0.0201,0.0457,0.9342
HD 150706 b,HD 150706,3,Gas-Giant,0.3137,0.0631,0.6232,0.6232
HD 151450 b,HD 151450,2,Hot,0.0013,0.9961,0.0026,0.9961
HD 151450 c,HD 151450,3,Gas-Giant,0.0025,0.001,0.9965,0.9965
HD 152079 b,HD 152079,3,Gas-Giant,0.032,0.0162,0.9518,0.9518
HD 152581 b,HD 152581,1,Rocky-Habitable,0.8515,0.0494,0.0991,0.8515
HD 152843 b,HD 152843,2,Hot,0.0004,0.9984,0.0012,0.9984
HD 152843 c,HD 152843,3,Gas-Giant,0.0019,0.0251,0.973,0.973
HD 15337 b,HD 15337,2,Hot,0.0002,0.9996,0.0002,0.9996
HD 15337 c,HD 15337,2,Hot,0.0006,0.9988,0.0006,0.9988
HD 153557 b,HD 153557,2,Hot,0.0003,0.9989,0.0008,0.9989
HD 153557 c,HD 153557,2,Hot,0.0005,0.9985,0.0011,0.9985
HD 153557 d,HD 153557,3,Gas-Giant,0.0018,0.0005,0.9976,0.9976
HD 153950 b,HD 153950,3,Gas-Giant,0.4395,0.0821,0.4784,0.4784
HD 154088 b,HD 154088,2,Hot,0.0039,0.9127,0.0834,0.9127
HD 154345 b,HD 154345,1,Rocky-Habitable,0.6408,0.059,0.3002,0.6408
HD 154391 b,HD 154391,3,Gas-Giant,0.0028,0.0005,0.9967,0.9967
HD 154672 b,HD 154672,3,Gas-Giant,0.0653,0.1468,0.7879,0.7879
HD 154857 b,HD 154857,1,Rocky-Habitable,0.8496,0.0711,0.0794,0.8496
HD 154857 c,HD 154857,1,Rocky-Habitable,0.7804,0.0544,0.1652,0.7804
HD 155193 b,HD 155193,3,Gas-Giant,0.413,0.0874,0.4996,0.4996
HD 155358 b,HD 155358,1,Rocky-Habitable,0.9137,0.0618,0.0245,0.9137
HD 155358 c,HD 155358,1,Rocky-Habitable,0.9136,0.0612,0.0252,0.9136
HD 155918 b,HD 155918,2,Hot,0.0002,0.9982,0.0016,0.9982
HD 155918 c,HD 155918,3,Gas-Giant,0.002,0.0008,0.9972,0.9972
HD 156098 b,HD 156098,2,Hot,0.0013,0.9961,0.0026,0.9961
HD 156098 c,HD 156098,3,Gas-Giant,0.0021,0.0007,0.9972,0.9972
HD 156279 b,HD 156279,2,Hot,0.1507,0.652,0.1973,0.652
HD 156279 c,HD 156279,3,Gas-Giant,0.0017,0.0005,0.9978,0.9978
HD 156411 b,HD 156411,3,Gas-Giant,0.2687,0.0449,0.6864,0.6864
HD 156668 b,HD 156668,3,Gas-Giant,0.0052,0.1937,0.801,0.801
HD 156668 c,HD 156668,1,Rocky-Habitable,0.573,0.0676,0.3594,0.573
HD 156846 b,HD 156846,3,Gas-Giant,0.2909,0.0459,0.6632,0.6632
HD 158038 b,HD 158038,1,Rocky-Habitable,0.5392,0.0289,0.4319,0.5392
HD 158259 b,HD 158259,2,Hot,1e-04,0.9997,0.0002,0.9997
HD 158259 c,HD 158259,2,Hot,1e-04,0.9997,0.0002,0.9997
HD 158259 d,HD 158259,2,Hot,1e-04,0.9997,0.0002,0.9997
HD 158259 e,HD 158259,2,Hot,0.0002,0.9993,0.0005,0.9993
HD 158259 f,HD 158259,2,Hot,0.0003,0.9992,0.0005,0.9992
HD 158996 b,HD 158996,3,Gas-Giant,0.0393,0.0011,0.9597,0.9597
HD 159243 b,HD 159243,2,Hot,0.0003,0.9976,0.0021,0.9976
HD 159243 c,HD 159243,1,Rocky-Habitable,0.6981,0.2134,0.0884,0.6981
HD 159868 b,HD 159868,3,Gas-Giant,0.3654,0.0931,0.5414,0.5414
HD 159868 c,HD 159868,1,Rocky-Habitable,0.5665,0.0691,0.3644,0.5665
HD 1605 b,HD 1605,3,Gas-Giant,0.0041,0.001,0.9948,0.9948
HD 1605 c,HD 1605,3,Gas-Giant,0.0027,0.0006,0.9967,0.9967
HD 160691 b,HD 160691,3,Gas-Giant,0.0015,0.0005,0.998,0.998
HD 160691 c,HD 160691,3,Gas-Giant,0.0015,0.0005,0.9979,0.9979
HD 160691 d,HD 160691,2,Hot,0.0009,0.976,0.0232,0.976
HD 160691 e,HD 160691,3,Gas-Giant,0.0015,0.0005,0.998,0.998
HD 161178 b,HD 161178,3,Gas-Giant,0.0243,0.0012,0.9745,0.9745
HD 16141 b,HD 16141,2,Hot,0.0166,0.7396,0.2438,0.7396
HD 16175 b,HD 16175,3,Gas-Giant,0.0631,0.0294,0.9075,0.9075
HD 162020 b,HD 162020,2,Hot,0.0004,0.999,0.0005,0.999
HD 163607 b,HD 163607,2,Hot,0.0133,0.9372,0.0495,0.9372
HD 163607 c,HD 163607,3,Gas-Giant,0.3697,0.0942,0.5361,0.5361
HD 16417 b,HD 16417,2,Hot,0.0007,0.9954,0.0039,0.9954
HD 164509 b,HD 164509,1,Rocky-Habitable,0.6691,0.1563,0.1746,0.6691
HD 164595 b,HD 164595,2,Hot,0.0038,0.9859,0.0103,0.9859
HD 164604 b,HD 164604,1,Rocky-Habitable,0.9586,0.0116,0.0297,0.9586
HD 164922 b,HD 164922,1,Rocky-Habitable,0.8944,0.0204,0.0852,0.8944
HD 164922 c,HD 164922,2,Hot,0.0299,0.9319,0.0382,0.9319
HD 164922 d,HD 164922,2,Hot,0.0015,0.9745,0.0241,0.9745
HD 164922 e,HD 164922,2,Hot,0.0101,0.9156,0.0743,0.9156
HD 165131 b,HD 165131,3,Gas-Giant,0.0014,0.0005,0.9981,0.9981
HD 165155 b,HD 165155,1,Rocky-Habitable,0.9455,0.0244,0.0301,0.9455
HD 1666 b,HD 1666,3,Gas-Giant,0.0307,0.0113,0.958,0.958
HD 166724 b,HD 166724,1,Rocky-Habitable,0.9898,0.0052,0.005,0.9898
HD 167042 b,HD 167042,3,Gas-Giant,0.0084,0.0013,0.9903,0.9903
HD 167677 b,HD 167677,3,Gas-Giant,0.0088,0.001,0.9902,0.9902
HD 167768 b,HD 167768,3,Gas-Giant,0.003,0.1355,0.8614,0.8614
HD 168009 b,HD 168009,2,Hot,0.0004,0.9976,0.0019,0.9976
HD 168443 b,HD 168443,2,Hot,0.0321,0.9498,0.018,0.9498
HD 168443 c,HD 168443,3,Gas-Giant,0.0016,0.0005,0.9979,0.9979
HD 168746 b,HD 168746,2,Hot,0.0002,0.9993,0.0005,0.9993
HD 168863 b,HD 168863,3,Gas-Giant,0.002,0.0007,0.9974,0.9974
HD 1690 b,HD 1690,1,Rocky-Habitable,0.9864,0.0076,0.006,0.9864
HD 16905 b,HD 16905,3,Gas-Giant,0.0019,0.0005,0.9976,0.9976
HD 169142 b,HD 169142,3,Gas-Giant,0.0144,0.0016,0.984,0.984
HD 169830 b,HD 169830,1,Rocky-Habitable,0.6872,0.083,0.2297,0.6872
HD 169830 c,HD 169830,3,Gas-Giant,0.0016,0.0006,0.9978,0.9978
HD 170469 b,HD 170469,3,Gas-Giant,0.0429,0.0198,0.9372,0.9372
HD 17092 b,HD 17092,1,Rocky-Habitable,0.8191,0.012,0.1688,0.8191
HD 171028 b,HD 171028,1,Rocky-Habitable,0.8973,0.0725,0.0302,0.8973
HD 171238 b,HD 171238,3,Gas-Giant,0.0118,0.0005,0.9877,0.9877
HD 173416 b,HD 173416,3,Gas-Giant,0.0216,0.0013,0.9771,0.9771
HD 174205 b,HD 174205,3,Gas-Giant,0.0177,0.0012,0.9812,0.9812
HD 175167 b,HD 175167,3,Gas-Giant,0.0016,0.0005,0.9979,0.9979
HD 175541 b,HD 175541,1,Rocky-Habitable,0.9515,0.0179,0.0306,0.9515
HD 175607 b,HD 175607,2,Hot,0.011,0.9882,0.0008,0.9882
HD 17674 b,HD 17674,1,Rocky-Habitable,0.8214,0.0622,0.1163,0.8214
HD 176986 b,HD 176986,2,Hot,0.0004,0.999,0.0007,0.999
HD 176986 c,HD 176986,2,Hot,0.0013,0.9977,0.001,0.9977
HD 177565 b,HD 177565,2,Hot,0.004,0.9906,0.0054,0.9906
HD 177830 b,HD 177830,3,Gas-Giant,0.0412,0.0032,0.9556,0.9556
HD 177830 c,HD 177830,3,Gas-Giant,0.0009,0.002,0.997,0.997
HD 178911 B b,HD 178911 B,2,Hot,0.0129,0.7568,0.2304,0.7568
HD 179079 b,HD 179079,3,Gas-Giant,0.0016,0.0727,0.9258,0.9258
HD 179949 b,HD 179949,2,Hot,0.0003,0.9942,0.0055,0.9942
HD 180053 b,HD 180053,1,Rocky-Habitable,0.9277,0.021,0.0513,0.9277
HD 18015 b,HD 18015,3,Gas-Giant,0.3799,0.0817,0.5384,0.5384
HD 180314 b,HD 180314,3,Gas-Giant,0.0048,0.001,0.9942,0.9942
HD 180617 b,HD 180617,1,Rocky-Habitable,0.9978,0.0019,0.0003,0.9978
HD 180902 b,HD 180902,1,Rocky-Habitable,0.9328,0.0204,0.0468,0.9328
HD 181234 b,HD 181234,3,Gas-Giant,0.0018,0.0006,0.9976,0.9976
HD 181342 b,HD 181342,1,Rocky-Habitable,0.9082,0.0244,0.0673,0.9082
HD 18143 b,HD 18143,2,Hot,0.0002,0.999,0.0008,0.999
HD 18143 c,HD 18143,3,Gas-Giant,0.0019,0.0006,0.9975,0.9975
HD 181433 b,HD 181433,2,Hot,0.0021,0.833,0.1649,0.833
HD 181433 c,HD 181433,1,Rocky-Habitable,0.9438,0.0116,0.0446,0.9438
HD 181433 d,HD 181433,1,Rocky-Habitable,0.9298,0.0124,0.0579,0.9298
HD 181720 b,HD 181720,1,Rocky-Habitable,0.8799,0.0862,0.0339,0.8799
HD 183263 b,HD 183263,1,Rocky-Habitable,0.6905,0.097,0.2125,0.6905
HD 183263 c,HD 183263,3,Gas-Giant,0.0017,0.0006,0.9977,0.9977
HD 184010 b,HD 184010,3,Gas-Giant,0.0359,0.002,0.9621,0.9621
HD 184010 c,HD 184010,3,Gas-Giant,0.0517,0.0032,0.945,0.945
HD 184010 d,HD 184010,3,Gas-Giant,0.0379,0.0029,0.9592,0.9592
HD 18438 b,HD 18438,3,Gas-Giant,0.0495,0.0014,0.9491,0.9491
HD 185269 b,HD 185269,2,Hot,0.0002,0.9977,0.0021,0.9977
HD 185283 b,HD 185283,3,Gas-Giant,0.0071,0.0027,0.9902,0.9902
HD 18599 b,HD 18599,2,Hot,0.0011,0.9959,0.003,0.9959
HD 187085 b,HD 187085,3,Gas-Giant,0.246,0.0478,0.7061,0.7061
HD 187123 b,HD 187123,2,Hot,0.0014,0.8005,0.1981,0.8005
HD 187123 c,HD 187123,3,Gas-Giant,0.3966,0.0847,0.5187,0.5187
HD 18742 b,HD 18742,1,Rocky-Habitable,0.8888,0.031,0.0802,0.8888
HD 188015 b,HD 188015,3,Gas-Giant,0.0946,0.0378,0.8676,0.8676
HD 188641 b,HD 188641,3,Gas-Giant,0.0017,0.0005,0.9978,0.9978
HD 189567 b,HD 189567,2,Hot,0.0014,0.989,0.0096,0.989
HD 189567 c,HD 189567,2,Hot,0.0047,0.9827,0.0126,0.9827
HD 189733 b,HD 189733,3,Gas-Giant,0.0002,0.0067,0.9931,0.9931
HD 190007 b,HD 190007,2,Hot,0.0046,0.9843,0.0112,0.9843
HD 190228 b,HD 190228,3,Gas-Giant,0.0017,0.0006,0.9976,0.9976
HD 190360 b,HD 190360,3,Gas-Giant,0.24,0.0018,0.7582,0.7582
HD 190360 c,HD 190360,2,Hot,0.0031,0.9233,0.0736,0.9233
HD 190647 b,HD 190647,3,Gas-Giant,0.0664,0.0305,0.9031,0.9031
HD 190984 b,HD 190984,1,Rocky-Habitable,0.7193,0.0735,0.2072,0.7193
HD 191806 b,HD 191806,3,Gas-Giant,0.0016,0.0006,0.9978,0.9978
HD 191939 e,HD 191939,2,Hot,0.2376,0.751,0.0114,0.751
HD 191939 f,HD 191939,1,Rocky-Habitable,0.9846,0.008,0.0073,0.9846
HD 191939 g,HD 191939,1,Rocky-Habitable,0.9943,0.0043,0.0014,0.9943
HD 192263 b,HD 192263,2,Hot,0.0034,0.9914,0.0052,0.9914
HD 192310 b,HD 192310,2,Hot,0.075,0.9224,0.0026,0.9224
HD 192310 c,HD 192310,1,Rocky-Habitable,0.9876,0.0088,0.0036,0.9876
HD 192699 b,HD 192699,1,Rocky-Habitable,0.926,0.0302,0.0439,0.926
HD 194490 b,HD 194490,3,Gas-Giant,0.0017,0.0005,0.9978,0.9978
HD 195019 b,HD 195019,2,Hot,0.0007,0.9946,0.0047,0.9946
HD 196050 b,HD 196050,3,Gas-Giant,0.0018,0.0006,0.9976,0.9976
HD 196067 b,HD 196067,3,Gas-Giant,0.0015,0.0005,0.998,0.998
HD 196067 c,HD 196067,2,Hot,0.0017,0.5237,0.4746,0.5237
HD 19615 b,HD 19615,3,Gas-Giant,0.0223,0.0014,0.9763,0.9763
HD 196885 A b,HD 196885 A,3,Gas-Giant,0.2004,0.0329,0.7667,0.7667
HD 197037 b,HD 197037,1,Rocky-Habitable,0.7381,0.0642,0.1977,0.7381
HD 199509 b,HD 199509,2,Hot,0.0496,0.8707,0.0797,0.8707
HD 19994 b,HD 19994,3,Gas-Giant,0.2302,0.0516,0.7182,0.7182
HD 20003 b,HD 20003,2,Hot,0.0002,0.9989,0.0009,0.9989
HD 20003 c,HD 20003,2,Hot,0.0016,0.9965,0.0019,0.9965
HD 200964 b,HD 200964,1,Rocky-Habitable,0.8926,0.0305,0.0769,0.8926
HD 200964 c,HD 200964,1,Rocky-Habitable,0.8916,0.0303,0.0781,0.8916
HD 202206 c,HD 202206,3,Gas-Giant,0.0013,0.0004,0.9983,0.9983
HD 202696 b,HD 202696,3,Gas-Giant,0.0098,0.0026,0.9877,0.9877
HD 202696 c,HD 202696,3,Gas-Giant,0.0223,0.0052,0.9725,0.9725
HD 203387 b,HD 203387,1,Rocky-Habitable,0.8872,0.0231,0.0897,0.8872
HD 203387 c,HD 203387,3,Gas-Giant,0.0017,0.0005,0.9977,0.9977
HD 2039 b,HD 2039,3,Gas-Giant,0.0476,0.0225,0.9299,0.9299
HD 204313 b,HD 204313,3,Gas-Giant,0.0018,0.0006,0.9976,0.9976
HD 204313 c,HD 204313,2,Hot,0.0037,0.9917,0.0046,0.9917
HD 204313 e,HD 204313,3,Gas-Giant,0.0015,0.0005,0.998,0.998
HD 204941 b,HD 204941,1,Rocky-Habitable,0.9061,0.057,0.0368,0.9061
HD 205158 b,HD 205158,2,Hot,0.0018,0.9948,0.0034,0.9948
HD 205739 b,HD 205739,1,Rocky-Habitable,0.4705,0.0914,0.4381,0.4705
HD 206255 b,HD 206255,2,Hot,0.0392,0.7808,0.1799,0.7808
HD 206610 b,HD 206610,1,Rocky-Habitable,0.8999,0.0207,0.0794,0.8999
HD 20781 b,HD 20781,2,Hot,0.0003,0.9994,0.0003,0.9994
HD 20781 c,HD 20781,2,Hot,0.0004,0.9992,0.0003,0.9992
HD 20781 d,HD 20781,2,Hot,0.0079,0.9913,0.0008,0.9913
HD 20781 e,HD 20781,1,Rocky-Habitable,0.5853,0.4123,0.0024,0.5853
HD 20782 b,HD 20782,1,Rocky-Habitable,0.8975,0.0614,0.0411,0.8975
HD 207832 b,HD 207832,1,Rocky-Habitable,0.6134,0.312,0.0746,0.6134
HD 207832 c,HD 207832,1,Rocky-Habitable,0.9298,0.0308,0.0394,0.9298
HD 20794 b,HD 20794,2,Hot,0.0005,0.9993,0.0002,0.9993
HD 20794 d,HD 20794,2,Hot,0.2308,0.7652,0.004,0.7652
HD 20794 e,HD 20794,2,Hot,0.1946,0.6687,0.1367,0.6687
HD 20794 f,HD 20794,1,Rocky-Habitable,0.9919,0.0055,0.0026,0.9919
HD 208487 b,HD 208487,3,Gas-Giant,0.0932,0.441,0.4658,0.4658
HD 208527 b,HD 208527,1,Rocky-Habitable,0.9885,0.0025,0.009,0.9885
HD 20868 b,HD 20868,1,Rocky-Habitable,0.8792,0.0268,0.0939,0.8792
HD 208897 b,HD 208897,3,Gas-Giant,0.0043,0.0006,0.9951,0.9951
HD 209458 b,HD 209458,3,Gas-Giant,1e-04,0.0029,0.997,0.997
HD 210193 b,HD 210193,3,Gas-Giant,0.4147,0.0785,0.5067,0.5067
HD 210277 b,HD 210277,3,Gas-Giant,0.2277,0.0711,0.7012,0.7012
HD 210702 b,HD 210702,3,Gas-Giant,0.0096,0.0013,0.9891,0.9891
HD 211403 b,HD 211403,1,Rocky-Habitable,0.5699,0.1649,0.2652,0.5699
HD 211810 b,HD 211810,1,Rocky-Habitable,0.7444,0.0308,0.2248,0.7444
HD 211970 b,HD 211970,1,Rocky-Habitable,0.7642,0.2223,0.0135,0.7642
HD 212301 b,HD 212301,2,Hot,0.0004,0.9856,0.014,0.9856
HD 212771 b,HD 212771,1,Rocky-Habitable,0.9344,0.0205,0.0451,0.9344
HD 213240 b,HD 213240,3,Gas-Giant,0.2214,0.0489,0.7297,0.7297
HD 213472 b,HD 213472,3,Gas-Giant,0.0912,0.0136,0.8952,0.8952
HD 213519 b,HD 213519,2,Hot,0.0002,0.9991,0.0007,0.9991
HD 213885 c,HD 213885,2,Hot,0.0005,0.9977,0.0018,0.9977
HD 21411 b,HD 21411,2,Hot,0.0255,0.8596,0.1149,0.8596
HD 214823 b,HD 214823,3,Gas-Giant,0.0016,0.0005,0.9979,0.9979
HD 215152 b,HD 215152,2,Hot,0.0003,0.9994,0.0003,0.9994
HD 215152 c,HD 215152,2,Hot,0.0005,0.999,0.0005,0.999
HD 215152 d,HD 215152,2,Hot,0.0007,0.9987,0.0006,0.9987
HD 215152 e,HD 215152,2,Hot,0.0105,0.9853,0.0042,0.9853
HD 215497 b,HD 215497,2,Hot,0.0003,0.997,0.0026,0.997
HD 215497 c,HD 215497,1,Rocky-Habitable,0.4829,0.0699,0.4472,0.4829
HD 216435 b,HD 216435,3,Gas-Giant,0.0789,0.0361,0.885,0.885
HD 216437 b,HD 216437,3,Gas-Giant,0.002,0.0007,0.9973,0.9973
HD 216520 b,HD 216520,2,Hot,0.0205,0.9791,0.0005,0.9791
HD 216520 c,HD 216520,1,Rocky-Habitable,0.9891,0.01,0.0009,0.9891
HD 216536 b,HD 216536,1,Rocky-Habitable,0.9825,0.014,0.0035,0.9825
HD 216770 b,HD 216770,3,Gas-Giant,0.0365,0.4305,0.533,0.533
HD 21693 b,HD 21693,2,Hot,0.0006,0.9987,0.0008,0.9987
HD 21693 c,HD 21693,2,Hot,0.0065,0.9912,0.0022,0.9912
HD 217107 b,HD 217107,2,Hot,0.0014,0.7794,0.2192,0.7794
HD 217107 c,HD 217107,3,Gas-Giant,0.0831,0.017,0.8999,0.8999
HD 217786 b,HD 217786,3,Gas-Giant,0.0016,0.0005,0.9979,0.9979
HD 217786 c,HD 217786,2,Hot,0.0002,0.9987,0.0011,0.9987
HD 217958 b,HD 217958,3,Gas-Giant,0.2049,0.0908,0.7043,0.7043
HD 218566 b,HD 218566,3,Gas-Giant,0.4216,0.0219,0.5564,0.5564
HD 219077 b,HD 219077,3,Gas-Giant,0.0017,0.0006,0.9977,0.9977
HD 219134 g,HD 219134,1,Rocky-Habitable,0.9572,0.0388,0.004,0.9572
HD 219134 h,HD 219134,1,Rocky-Habitable,0.965,0.0118,0.0232,0.965
HD 219139 b,HD 219139,3,Gas-Giant,0.0242,0.0012,0.9746,0.9746
HD 219415 b,HD 219415,3,Gas-Giant,0.0122,0.0015,0.9863,0.9863
HD 219828 b,HD 219828,2,Hot,0.0002,0.9989,0.0009,0.9989
HD 219828 c,HD 219828,3,Gas-Giant,0.0015,0.0005,0.998,0.998
HD 220074 b,HD 220074,1,Rocky-Habitable,0.9918,0.0032,0.005,0.9918
HD 220197 b,HD 220197,1,Rocky-Habitable,0.8812,0.0818,0.037,0.8812
HD 220689 b,HD 220689,1,Rocky-Habitable,0.5106,0.0603,0.4291,0.5106
HD 220773 b,HD 220773,3,Gas-Giant,0.1391,0.0415,0.8194,0.8194
HD 220842 b,HD 220842,1,Rocky-Habitable,0.8359,0.0749,0.0892,0.8359
HD 221287 b,HD 221287,1,Rocky-Habitable,0.7669,0.1516,0.0815,0.7669
HD 221416 b,HD 221416,3,Gas-Giant,0.0005,0.005,0.9945,0.9945
HD 221420 b,HD 221420,3,Gas-Giant,0.0014,0.0004,0.9982,0.9982
HD 221585 b,HD 221585,3,Gas-Giant,0.0043,0.0022,0.9935,0.9935
HD 222076 b,HD 222076,3,Gas-Giant,0.0057,0.0011,0.9932,0.9932
HD 222155 b,HD 222155,1,Rocky-Habitable,0.6909,0.044,0.2651,0.6909
HD 222237 b,HD 222237,3,Gas-Giant,0.0119,0.001,0.9872,0.9872
HD 222582 b,HD 222582,3,Gas-Giant,0.417,0.0781,0.5049,0.5049
HD 224538 b,HD 224538,3,Gas-Giant,0.0017,0.0006,0.9978,0.9978
HD 224693 b,HD 224693,3,Gas-Giant,0.0016,0.054,0.9444,0.9444
HD 22496 b,HD 22496,2,Hot,0.0008,0.9988,0.0004,0.9988
HD 22532 b,HD 22532,3,Gas-Giant,0.0348,0.004,0.9612,0.9612
HD 22781 b,HD 22781,1,Rocky-Habitable,0.8876,0.0779,0.0344,0.8876
HD 23079 b,HD 23079,1,Rocky-Habitable,0.8367,0.0677,0.0956,0.8367
HD 23079 c,HD 23079,2,Hot,0.0002,0.9994,0.0005,0.9994
HD 23127 b,HD 23127,3,Gas-Giant,0.0429,0.0198,0.9372,0.9372
HD 231701 b,HD 231701,3,Gas-Giant,0.0659,0.319,0.6151,0.6151
HD 233604 b,HD 233604,3,Gas-Giant,0.0199,0.0011,0.979,0.979
HD 233832 b,HD 233832,1,Rocky-Habitable,0.9633,0.0281,0.0086,0.9633
HD 235088 b,HD 235088,2,Hot,0.0003,0.9994,0.0003,0.9994
HD 23596 b,HD 23596,3,Gas-Giant,0.0016,0.0005,0.9979,0.9979
HD 238090 b,HD 238090,2,Hot,0.2343,0.7626,0.0031,0.7626
HD 238914 b,HD 238914,3,Gas-Giant,0.0166,0.0012,0.9822,0.9822
HD 240210 b,HD 240210,3,Gas-Giant,0.0228,0.001,0.9762,0.9762
HD 240237 b,HD 240237,1,Rocky-Habitable,0.9912,0.0032,0.0056,0.9912
HD 24040 b,HD 24040,3,Gas-Giant,0.0517,0.024,0.9243,0.9243
HD 24040 c,HD 24040,3,Gas-Giant,0.293,0.0611,0.6459,0.6459
HD 24064 b,HD 24064,1,Rocky-Habitable,0.9943,0.0032,0.0025,0.9943
HD 24085 b,HD 24085,2,Hot,0.0003,0.9956,0.0042,0.9956
HD 25015 b,HD 25015,3,Gas-Giant,0.0018,0.0006,0.9976,0.9976
HD 25171 b,HD 25171,1,Rocky-Habitable,0.6875,0.0441,0.2685,0.6875
HD 25723 b,HD 25723,3,Gas-Giant,0.0136,0.0009,0.9854,0.9854
HD 25912 b,HD 25912,2,Hot,0.004,0.991,0.005,0.991
HD 25912 c,HD 25912,3,Gas-Giant,0.0019,0.0006,0.9975,0.9975
HD 26161 b,HD 26161,3,Gas-Giant,0.0015,0.0005,0.998,0.998
HD 2638 b,HD 2638,2,Hot,0.0002,0.9983,0.0015,0.9983
HD 27442 b,HD 27442,3,Gas-Giant,0.055,0.0035,0.9416,0.9416
HD 27631 b,HD 27631,1,Rocky-Habitable,0.6569,0.0408,0.3023,0.6569
HD 27894 b,HD 27894,2,Hot,0.0007,0.9972,0.0021,0.9972
HD 27894 c,HD 27894,2,Hot,0.0132,0.816,0.1708,0.816
HD 27894 d,HD 27894,3,Gas-Giant,0.0018,0.0006,0.9976,0.9976
HD 27969 b,HD 27969,1,Rocky-Habitable,0.9581,0.0196,0.0223,0.9581
HD 28185 b,HD 28185,1,Rocky-Habitable,0.7308,0.0887,0.1805,0.7308
HD 28185 c,HD 28185,3,Gas-Giant,0.0017,0.0005,0.9978,0.9978
HD 28192 b,HD 28192,2,Hot,0.0004,0.9986,0.001,0.9986
HD 28254 b,HD 28254,3,Gas-Giant,0.0022,0.0007,0.9971,0.9971
HD 284149 AB b,HD 284149 A,3,Gas-Giant,0.0012,0.0004,0.9984,0.9984
HD 28471 b,HD 28471,2,Hot,0.0003,0.9979,0.0017,0.9979
HD 28471 c,HD 28471,2,Hot,0.0002,0.9993,0.0004,0.9993
HD 28471 d,HD 28471,2,Hot,0.0002,0.9993,0.0004,0.9993
HD 285507 b,HD 285507,2,Hot,0.0009,0.9936,0.0054,0.9936
HD 285968 b,HD 285968,2,Hot,0.0229,0.9762,0.001,0.9762
HD 28678 b,HD 28678,1,Rocky-Habitable,0.9373,0.0195,0.0432,0.9373
HD 29021 b,HD 29021,3,Gas-Giant,0.1072,0.001,0.8919,0.8919
HD 290327 b,HD 290327,1,Rocky-Habitable,0.7571,0.06,0.1828,0.7571
HD 29399 b,HD 29399,3,Gas-Giant,0.0029,0.0005,0.9966,0.9966
HD 2952 b,HD 2952,3,Gas-Giant,0.0201,0.0008,0.9791,0.9791
HD 29985 b,HD 29985,3,Gas-Giant,0.0021,0.0008,0.9971,0.9971
HD 30177 b,HD 30177,3,Gas-Giant,0.0016,0.0006,0.9978,0.9978
HD 30177 c,HD 30177,3,Gas-Giant,0.002,0.0007,0.9973,0.9973
HD 30562 b,HD 30562,3,Gas-Giant,0.142,0.0402,0.8178,0.8178
HD 30669 b,HD 30669,3,Gas-Giant,0.0797,0.0484,0.8718,0.8718
HD 30856 b,HD 30856,1,Rocky-Habitable,0.8576,0.0284,0.1139,0.8576
HD 31253 b,HD 31253,3,Gas-Giant,0.3019,0.0491,0.6489,0.6489
HD 31527 b,HD 31527,2,Hot,0.0004,0.9986,0.0009,0.9986
HD 31527 c,HD 31527,2,Hot,0.0092,0.9887,0.0021,0.9887
HD 31527 d,HD 31527,1,Rocky-Habitable,0.985,0.0121,0.0029,0.985
HD 3167 d,HD 3167,2,Hot,0.0003,0.9983,0.0013,0.9983
HD 3167 e,HD 3167,2,Hot,0.0414,0.8422,0.1164,0.8422
HD 32518 b,HD 32518,1,Rocky-Habitable,0.9866,0.0088,0.0046,0.9866
HD 32963 b,HD 32963,3,Gas-Giant,0.0953,0.0433,0.8613,0.8613
HD 330075 b,HD 330075,2,Hot,0.0002,0.9987,0.0011,0.9987
HD 331093 b,HD 331093,3,Gas-Giant,0.2375,0.0601,0.7024,0.7024
HD 33142 b,HD 33142,3,Gas-Giant,0.0048,0.0011,0.9941,0.9941
HD 33142 c,HD 33142,3,Gas-Giant,0.0035,0.0011,0.9954,0.9954
HD 33142 d,HD 33142,3,Gas-Giant,0.001,0.0033,0.9957,0.9957
HD 33283 b,HD 33283,3,Gas-Giant,0.0006,0.0166,0.9829,0.9829
HD 33564 b,HD 33564,1,Rocky-Habitable,0.7643,0.0527,0.183,0.7643
HD 33844 b,HD 33844,3,Gas-Giant,0.3347,0.0228,0.6426,0.6426
HD 33844 c,HD 33844,3,Gas-Giant,0.0029,0.0005,0.9966,0.9966
HD 34445 b,HD 34445,3,Gas-Giant,0.1457,0.0399,0.8144,0.8144
HD 34445 c,HD 34445,3,Gas-Giant,0.3742,0.0764,0.5494,0.5494
HD 34445 d,HD 34445,3,Gas-Giant,0.0406,0.4552,0.5042,0.5042
HD 34445 e,HD 34445,2,Hot,0.01,0.7905,0.1995,0.7905
HD 34445 f,HD 34445,3,Gas-Giant,0.265,0.0502,0.6848,0.6848
HD 34445 g,HD 34445,3,Gas-Giant,0.0282,0.0112,0.9605,0.9605
HD 35759 b,HD 35759,2,Hot,0.0186,0.8168,0.1645,0.8168
HD 35843 b,HD 35843,2,Hot,0.0002,0.9995,0.0003,0.9995
HD 360 b,HD 360,3,Gas-Giant,0.0161,0.0012,0.9827,0.9827
HD 36384 b,HD 36384,3,Gas-Giant,0.0674,0.0012,0.9314,0.9314
HD 3651 b,HD 3651,2,Hot,0.0497,0.9195,0.0308,0.9195
HD 37124 b,HD 37124,1,Rocky-Habitable,0.9722,0.0241,0.0037,0.9722
HD 37124 c,HD 37124,1,Rocky-Habitable,0.9782,0.0122,0.0096,0.9782
HD 37124 d,HD 37124,1,Rocky-Habitable,0.9815,0.009,0.0094,0.9815
HD 37605 b,HD 37605,2,Hot,0.0311,0.9106,0.0582,0.9106
HD 37605 c,HD 37605,1,Rocky-Habitable,0.7789,0.0142,0.2069,0.7789
HD 3765 b,HD 3765,3,Gas-Giant,0.0849,0.0465,0.8686,0.8686
HD 38283 b,HD 38283,1,Rocky-Habitable,0.8625,0.0544,0.0831,0.8625
HD 38529 b,HD 38529,2,Hot,0.0004,0.9986,0.001,0.9986
HD 38529 c,HD 38529,3,Gas-Giant,0.0016,0.0005,0.9978,0.9978
HD 38801 b,HD 38801,3,Gas-Giant,0.0833,0.0489,0.8678,0.8678
HD 39091 b,HD 39091,3,Gas-Giant,0.0013,0.0004,0.9982,0.9982
HD 39194 b,HD 39194,2,Hot,0.0003,0.9995,0.0002,0.9995
HD 39194 c,HD 39194,2,Hot,0.0006,0.9992,0.0002,0.9992
HD 39194 d,HD 39194,2,Hot,0.0182,0.9814,0.0004,0.9814
HD 39855 b,HD 39855,2,Hot,0.0002,0.9986,0.0012,0.9986
HD 40307 b,HD 40307,2,Hot,0.0003,0.9994,0.0003,0.9994
HD 40307 c,HD 40307,2,Hot,0.0003,0.9995,0.0002,0.9995
HD 40307 d,HD 40307,2,Hot,0.0029,0.9968,0.0003,0.9968
HD 40307 f,HD 40307,2,Hot,0.3825,0.6167,0.0008,0.6167
HD 40307 g,HD 40307,1,Rocky-Habitable,0.9963,0.0032,0.0005,0.9963
HD 40956 b,HD 40956,3,Gas-Giant,0.0039,0.0009,0.9953,0.9953
HD 40979 b,HD 40979,3,Gas-Giant,0.3012,0.0522,0.6466,0.6466
HD 41004 A b,HD 41004 A,1,Rocky-Habitable,0.7607,0.0317,0.2075,0.7607
HD 41004 B b,HD 41004 B,2,Hot,1e-04,0.9996,0.0002,0.9996
HD 4113 b,HD 4113,1,Rocky-Habitable,0.7095,0.0948,0.1957,0.7095
HD 42012 b,HD 42012,1,Rocky-Habitable,0.6949,0.0715,0.2336,0.6949
HD 4203 b,HD 4203,3,Gas-Giant,0.0536,0.0234,0.923,0.923
HD 4203 c,HD 4203,3,Gas-Giant,0.0027,0.0013,0.9961,0.9961
HD 4208 b,HD 4208,1,Rocky-Habitable,0.8762,0.0812,0.0426,0.8762
HD 42618 b,HD 42618,1,Rocky-Habitable,0.8734,0.1193,0.0073,0.8734
HD 4308 b,HD 4308,2,Hot,0.0004,0.9992,0.0005,0.9992
HD 4313 b,HD 4313,1,Rocky-Habitable,0.9368,0.0197,0.0435,0.9368
HD 43197 b,HD 43197,1,Rocky-Habitable,0.7474,0.0907,0.1619,0.7474
HD 43197 c,HD 43197,3,Gas-Giant,0.0018,0.0006,0.9976,0.9976
HD 43691 b,HD 43691,3,Gas-Giant,0.0017,0.0498,0.9485,0.9485
HD 44219 b,HD 44219,3,Gas-Giant,0.1658,0.0595,0.7747,0.7747
HD 45184 b,HD 45184,2,Hot,0.0004,0.9937,0.0058,0.9937
HD 45184 c,HD 45184,2,Hot,0.0004,0.9963,0.0032,0.9963
HD 45350 b,HD 45350,3,Gas-Giant,0.3622,0.0785,0.5593,0.5593
HD 45364 b,HD 45364,1,Rocky-Habitable,0.9806,0.0142,0.0052,0.9806
HD 45364 c,HD 45364,1,Rocky-Habitable,0.9814,0.0132,0.0054,0.9814
HD 45652 b,HD 45652,2,Hot,0.0041,0.9791,0.0168,0.9791
HD 457 b,HD 457,3,Gas-Giant,0.0016,0.0005,0.9979,0.9979
HD 46375 b,HD 46375,2,Hot,0.0003,0.9941,0.0056,0.9941
HD 47186 b,HD 47186,2,Hot,0.0003,0.9928,0.007,0.9928
HD 47186 c,HD 47186,1,Rocky-Habitable,0.5367,0.1084,0.3549,0.5367
HD 4732 b,HD 4732,3,Gas-Giant,0.0103,0.0015,0.9883,0.9883
HD 4732 c,HD 4732,3,Gas-Giant,0.0044,0.0007,0.9948,0.9948
HD 47366 b,HD 47366,3,Gas-Giant,0.0091,0.0009,0.99,0.99
HD 47366 c,HD 47366,3,Gas-Giant,0.007,0.0008,0.9922,0.9922
HD 47536 b,HD 47536,1,Rocky-Habitable,0.9597,0.0049,0.0354,0.9597
HD 4760 b,HD 4760,3,Gas-Giant,0.034,0.0017,0.9643,0.9643
HD 48265 b,HD 48265,3,Gas-Giant,0.0706,0.0322,0.8973,0.8973
HD 48948 b,HD 48948,2,Hot,0.0005,0.999,0.0005,0.999
HD 48948 c,HD 48948,2,Hot,0.4582,0.5371,0.0048,0.5371
HD 48948 d,HD 48948,1,Rocky-Habitable,0.986,0.0098,0.0043,0.986
HD 4917 b,HD 4917,1,Rocky-Habitable,0.9479,0.0144,0.0377,0.9479
HD 49674 b,HD 49674,2,Hot,0.0004,0.9874,0.0123,0.9874
HD 50499 b,HD 50499,3,Gas-Giant,0.0602,0.0279,0.9119,0.9119
HD 50499 c,HD 50499,3,Gas-Giant,0.0024,0.0009,0.9966,0.9966
HD 50554 b,HD 50554,1,Rocky-Habitable,0.7837,0.1263,0.0899,0.7837
HD 51608 b,HD 51608,2,Hot,0.0003,0.9992,0.0005,0.9992
HD 51608 c,HD 51608,2,Hot,0.2675,0.7235,0.009,0.7235
HD 52265 b,HD 52265,2,Hot,0.0634,0.74,0.1966,0.74
HD 5278 c,HD 5278,2,Hot,0.0021,0.9942,0.0037,0.9942
HD 5319 b,HD 5319,1,Rocky-Habitable,0.8947,0.027,0.0783,0.8947
HD 5319 c,HD 5319,1,Rocky-Habitable,0.8512,0.0264,0.1224,0.8512
HD 55696 b,HD 55696,3,Gas-Giant,0.0201,0.0079,0.972,0.972
HD 5583 b,HD 5583,3,Gas-Giant,0.013,0.003,0.984,0.984
HD 5608 b,HD 5608,3,Gas-Giant,0.0059,0.0007,0.9934,0.9934
HD 564 b,HD 564,1,Rocky-Habitable,0.8266,0.0708,0.1026,0.8266
HD 56957 b,HD 56957,3,Gas-Giant,0.0019,0.0006,0.9975,0.9975
HD 5891 b,HD 5891,1,Rocky-Habitable,0.9756,0.02,0.0044,0.9756
HD 59686 A b,HD 59686 A,1,Rocky-Habitable,0.6632,0.0253,0.3115,0.6632
HD 60292 b,HD 60292,3,Gas-Giant,0.0238,0.001,0.9752,0.9752
HD 60532 b,HD 60532,1,Rocky-Habitable,0.8597,0.0833,0.057,0.8597
HD 60532 c,HD 60532,1,Rocky-Habitable,0.842,0.0776,0.0804,0.842
HD 62364 b,HD 62364,3,Gas-Giant,0.0051,0.0005,0.9943,0.9943
HD 62364 c,HD 62364,3,Gas-Giant,0.008,0.0004,0.9915,0.9915
HD 62509 b,HD 62509,1,Rocky-Habitable,0.577,0.0295,0.3935,0.577
HD 62549 b,HD 62549,3,Gas-Giant,0.0018,0.0006,0.9976,0.9976
HD 63454 b,HD 63454,2,Hot,0.0003,0.9983,0.0014,0.9983
HD 63765 b,HD 63765,1,Rocky-Habitable,0.8557,0.0526,0.0918,0.8557
HD 64114 b,HD 64114,2,Hot,0.0026,0.9878,0.0096,0.9878
HD 64121 b,HD 64121,3,Gas-Giant,0.0394,0.0045,0.9561,0.9561
HD 6434 b,HD 6434,2,Hot,0.0008,0.9988,0.0004,0.9988
HD 65216 b,HD 65216,1,Rocky-Habitable,0.5176,0.065,0.4174,0.5176
HD 65216 c,HD 65216,3,Gas-Giant,0.1508,0.0667,0.7826,0.7826
HD 66141 b,HD 66141,3,Gas-Giant,0.02,0.0012,0.9787,0.9787
HD 66428 b,HD 66428,3,Gas-Giant,0.0016,0.0005,0.9979,0.9979
HD 66428 c,HD 66428,3,Gas-Giant,0.0187,0.0017,0.9796,0.9796
HD 67087 b,HD 67087,3,Gas-Giant,0.1779,0.0237,0.7985,0.7985
HD 67087 c,HD 67087,3,Gas-Giant,0.0158,0.0057,0.9786,0.9786
HD 68402 b,HD 68402,1,Rocky-Habitable,0.8007,0.037,0.1623,0.8007
HD 6860 b,HD 6860,3,Gas-Giant,0.0499,0.0007,0.9494,0.9494
HD 68988 b,HD 68988,2,Hot,0.0007,0.9389,0.0604,0.9389
HD 68988 c,HD 68988,3,Gas-Giant,0.0034,0.0013,0.9953,0.9953
HD 69123 b,HD 69123,3,Gas-Giant,0.0042,0.0006,0.9951,0.9951
HD 69830 b,HD 69830,2,Hot,0.0003,0.9992,0.0005,0.9992
HD 69830 c,HD 69830,2,Hot,0.002,0.9972,0.0008,0.9972
HD 69830 d,HD 69830,1,Rocky-Habitable,0.99,0.008,0.002,0.99
HD 70573 b,HD 70573,1,Rocky-Habitable,0.7519,0.0671,0.181,0.7519
HD 70642 b,HD 70642,3,Gas-Giant,0.0478,0.0223,0.9299,0.9299
HD 7199 b,HD 7199,3,Gas-Giant,0.064,0.0348,0.9012,0.9012
HD 72490 b,HD 72490,1,Rocky-Habitable,0.8586,0.0301,0.1113,0.8586
HD 72659 b,HD 72659,3,Gas-Giant,0.3064,0.0601,0.6336,0.6336
HD 72659 c,HD 72659,3,Gas-Giant,0.0022,0.0006,0.9972,0.9972
HD 72892 b,HD 72892,2,Hot,0.0035,0.9923,0.0042,0.9923
HD 73256 c,HD 73256,3,Gas-Giant,0.0016,0.0005,0.9979,0.9979
HD 73267 b,HD 73267,3,Gas-Giant,0.0021,0.0007,0.9972,0.9972
HD 73267 c,HD 73267,3,Gas-Giant,0.0021,0.0008,0.9971,0.9971
HD 73344 c,HD 73344,2,Hot,0.014,0.8158,0.1703,0.8158
HD 73344 d,HD 73344,3,Gas-Giant,0.0017,0.0006,0.9976,0.9976
HD 73526 b,HD 73526,3,Gas-Giant,0.2637,0.0721,0.6642,0.6642
HD 73526 c,HD 73526,1,Rocky-Habitable,0.7375,0.0876,0.1749,0.7375
HD 73534 b,HD 73534,1,Rocky-Habitable,0.7892,0.0414,0.1694,0.7892
HD 74156 b,HD 74156,2,Hot,0.0119,0.976,0.0121,0.976
HD 74156 c,HD 74156,3,Gas-Giant,0.0016,0.0006,0.9978,0.9978
HD 7449 b,HD 7449,3,Gas-Giant,0.0016,0.0006,0.9978,0.9978
HD 74698 b,HD 74698,2,Hot,0.0022,0.9239,0.0739,0.9239
HD 74698 c,HD 74698,3,Gas-Giant,0.2821,0.0607,0.6572,0.6572
HD 75289 b,HD 75289,2,Hot,0.0004,0.9835,0.0162,0.9835
HD 75302 b,HD 75302,3,Gas-Giant,0.0019,0.0006,0.9975,0.9975
HD 75784 b,HD 75784,1,Rocky-Habitable,0.9562,0.0154,0.0284,0.9562
HD 75784 c,HD 75784,3,Gas-Giant,0.3906,0.0187,0.5907,0.5907
HD 75898 b,HD 75898,3,Gas-Giant,0.2228,0.0499,0.7273,0.7273
HD 75898 c,HD 75898,3,Gas-Giant,0.0013,0.0004,0.9983,0.9983
HD 76700 b,HD 76700,2,Hot,0.0004,0.9853,0.0143,0.9853
HD 76920 b,HD 76920,3,Gas-Giant,0.0201,0.0012,0.9787,0.9787
HD 77338 b,HD 77338,2,Hot,0.0009,0.9699,0.0293,0.9699
HD 79181 b,HD 79181,3,Gas-Giant,0.0222,0.0014,0.9764,0.9764
HD 7924 b,HD 7924,2,Hot,0.0002,0.9995,0.0003,0.9995
HD 7924 c,HD 7924,2,Hot,0.0012,0.9985,0.0002,0.9985
HD 7924 d,HD 7924,2,Hot,0.0128,0.9868,0.0004,0.9868
HD 79498 b,HD 79498,1,Rocky-Habitable,0.8684,0.0227,0.1088,0.8684
HD 80606 b,HD 80606,3,Gas-Giant,0.0029,0.0177,0.9794,0.9794
HD 80869 b,HD 80869,3,Gas-Giant,0.0018,0.0006,0.9977,0.9977
HD 80883 b,HD 80883,3,Gas-Giant,0.0019,0.0006,0.9975,0.9975
HD 80913 b,HD 80913,3,Gas-Giant,0.0016,0.0005,0.9979,0.9979
HD 81040 b,HD 81040,3,Gas-Giant,0.0447,0.0008,0.9545,0.9545
HD 81688 b,HD 81688,3,Gas-Giant,0.0227,0.0012,0.9762,0.9762
HD 81817 b,HD 81817,3,Gas-Giant,0.0016,0.0005,0.9979,0.9979
HD 81817 c,HD 81817,1,Rocky-Habitable,0.8907,0.0124,0.0968,0.8907
HD 82886 b,HD 82886,1,Rocky-Habitable,0.9769,0.0141,0.0091,0.9769
HD 82943 b,HD 82943,3,Gas-Giant,0.004,0.0012,0.9949,0.9949
HD 82943 c,HD 82943,3,Gas-Giant,0.0026,0.0009,0.9965,0.9965
HD 8326 b,HD 8326,1,Rocky-Habitable,0.8821,0.0685,0.0493,0.8821
HD 83443 b,HD 83443,2,Hot,0.002,0.6573,0.3407,0.6573
HD 83443 c,HD 83443,3,Gas-Giant,0.0243,0.0009,0.9748,0.9748
HD 8535 b,HD 8535,3,Gas-Giant,0.2777,0.0563,0.6661,0.6661
HD 85390 b,HD 85390,1,Rocky-Habitable,0.5821,0.0973,0.3206,0.5821
HD 8574 b,HD 8574,1,Rocky-Habitable,0.5286,0.111,0.3604,0.5286
HD 86065 b,HD 86065,3,Gas-Giant,0.0018,0.0006,0.9976,0.9976
HD 86081 b,HD 86081,3,Gas-Giant,0.0004,0.0334,0.9662,0.9662
HD 86226 b,HD 86226,3,Gas-Giant,0.4679,0.0433,0.4887,0.4887
HD 86264 b,HD 86264,3,Gas-Giant,0.0016,0.0006,0.9978,0.9978
HD 86728 b,HD 86728,2,Hot,0.0056,0.9287,0.0657,0.9287
HD 8673 b,HD 8673,3,Gas-Giant,0.0016,0.0005,0.9979,0.9979
HD 86950 b,HD 86950,3,Gas-Giant,0.0057,0.0006,0.9937,0.9937
HD 87646 b,HD 87646,2,Hot,0.0004,0.9989,0.0008,0.9989
HD 87816 b,HD 87816,3,Gas-Giant,0.0039,0.0006,0.9954,0.9954
HD 87816 c,HD 87816,3,Gas-Giant,0.0033,0.0006,0.996,0.996
HD 87883 b,HD 87883,3,Gas-Giant,0.0548,0.0007,0.9445,0.9445
HD 88072 b,HD 88072,3,Gas-Giant,0.0018,0.0006,0.9976,0.9976
HD 88133 b,HD 88133,2,Hot,0.0002,0.9987,0.0011,0.9987
HD 89307 b,HD 89307,1,Rocky-Habitable,0.6583,0.0415,0.3002,0.6583
HD 89744 b,HD 89744,1,Rocky-Habitable,0.5692,0.0922,0.3386,0.5692
HD 89839 b,HD 89839,3,Gas-Giant,0.0016,0.0005,0.9979,0.9979
HD 90156 b,HD 90156,2,Hot,0.0112,0.9882,0.0007,0.9882
HD 9174 b,HD 9174,3,Gas-Giant,0.0044,0.0024,0.9932,0.9932
HD 92788 b,HD 92788,3,Gas-Giant,0.2656,0.0497,0.6846,0.6846
HD 92788 c,HD 92788,3,Gas-Giant,0.0055,0.0023,0.9923,0.9923
HD 93083 b,HD 93083,1,Rocky-Habitable,0.9744,0.0189,0.0067,0.9744
HD 93351 b,HD 93351,2,Hot,0.0002,0.9987,0.0011,0.9987
HD 93351 c,HD 93351,3,Gas-Giant,0.0016,0.0005,0.9978,0.9978
HD 93385 b,HD 93385,2,Hot,0.001,0.9771,0.0219,0.9771
HD 93385 c,HD 93385,2,Hot,0.001,0.9851,0.014,0.9851
HD 93385 d,HD 93385,2,Hot,0.0021,0.9893,0.0085,0.9893
HD 9446 b,HD 9446,2,Hot,0.0018,0.9934,0.0048,0.9934
HD 9446 c,HD 9446,1,Rocky-Habitable,0.9392,0.0333,0.0276,0.9392
HD 94771 b,HD 94771,3,Gas-Giant,0.0045,0.0023,0.9932,0.9932
HD 94834 b,HD 94834,1,Rocky-Habitable,0.8242,0.0233,0.1525,0.8242
HD 94890 b,HD 94890,3,Gas-Giant,0.0073,0.0008,0.9918,0.9918
HD 94890 c,HD 94890,3,Gas-Giant,0.0073,0.0008,0.9918,0.9918
HD 95086 b,HD 95086,3,Gas-Giant,0.1327,0.003,0.8643,0.8643
HD 95089 b,HD 95089,1,Rocky-Habitable,0.9272,0.0216,0.0512,0.9272
HD 95089 c,HD 95089,1,Rocky-Habitable,0.7253,0.0282,0.2465,0.7253
HD 95127 b,HD 95127,1,Rocky-Habitable,0.9931,0.0032,0.0037,0.9931
HD 95338 b,HD 95338,2,Hot,0.2216,0.6854,0.093,0.6854
HD 95544 b,HD 95544,3,Gas-Giant,0.0017,0.0006,0.9977,0.9977
HD 95735 c,GJ 411,1,Rocky-Habitable,0.9346,0.0056,0.0597,0.9346
HD 95872 b,HD 95872,3,Gas-Giant,0.0118,0.003,0.9852,0.9852
HD 96063 b,HD 96063,1,Rocky-Habitable,0.9196,0.0318,0.0486,0.9196
HD 96127 b,HD 96127,1,Rocky-Habitable,0.9915,0.0033,0.0052,0.9915
HD 96167 b,HD 96167,3,Gas-Giant,0.4441,0.0813,0.4746,0.4746
HD 96700 b,HD 96700,2,Hot,0.0004,0.9979,0.0017,0.9979
HD 96700 c,HD 96700,2,Hot,0.0009,0.9978,0.0013,0.9978
HD 96700 d,HD 96700,2,Hot,0.0457,0.9444,0.0099,0.9444
HD 96992 b,HD 96992,3,Gas-Giant,0.0205,0.0016,0.9779,0.9779
HD 97037 b,HD 97037,3,Gas-Giant,0.0015,0.0004,0.9981,0.9981
HD 97048 b,HD 97048,3,Gas-Giant,0.0016,0.0007,0.9978,0.9978
HD 98219 b,HD 98219,1,Rocky-Habitable,0.9265,0.0223,0.0511,0.9265
HD 98649 b,HD 98649,3,Gas-Giant,0.0339,0.0007,0.9654,0.9654
HD 98736 b,HD 98736,1,Rocky-Habitable,0.8194,0.0165,0.1641,0.8194
HD 99109 b,HD 99109,3,Gas-Giant,0.0713,0.0423,0.8864,0.8864
HD 99283 b,HD 99283,3,Gas-Giant,0.0205,0.0009,0.9786,0.9786
HD 99492 b,HD 99492,2,Hot,0.0238,0.7471,0.2291,0.7471
HD 99492 c,HD 99492,3,Gas-Giant,0.0791,0.0148,0.9062,0.9062
HD 99706 b,HD 99706,1,Rocky-Habitable,0.8972,0.0214,0.0814,0.8972
HD 99706 c,HD 99706,1,Rocky-Habitable,0.587,0.0556,0.3574,0.587
HIP 105854 b,HIP 105854,3,Gas-Giant,0.0047,0.0007,0.9947,0.9947
HIP 107772 b,HIP 107772,2,Hot,0.0607,0.9153,0.024,0.9153
HIP 107773 b,HIP 107773,3,Gas-Giant,0.0038,0.001,0.9953,0.9953
HIP 109384 b,HIP 109384,1,Rocky-Habitable,0.9015,0.0649,0.0335,0.9015
HIP 109600 b,HIP 109600,1,Rocky-Habitable,0.8365,0.0697,0.0938,0.8365
HIP 111909 b,HIP 111909,3,Gas-Giant,0.0108,0.0015,0.9877,0.9877
HIP 111909 c,HIP 111909,3,Gas-Giant,0.0081,0.0014,0.9906,0.9906
HIP 114933 b,HIP 114933,3,Gas-Giant,0.0043,0.0007,0.995,0.995
HIP 12961 b,HIP 12961,1,Rocky-Habitable,0.9913,0.008,0.0007,0.9913
HIP 14810 b,HIP 14810,2,Hot,0.002,0.7918,0.2063,0.7918
HIP 14810 c,HIP 14810,1,Rocky-Habitable,0.6033,0.1754,0.2214,0.6033
HIP 14810 d,HIP 14810,1,Rocky-Habitable,0.874,0.0146,0.1114,0.874
HIP 18606 b,HIP 18606,3,Gas-Giant,0.0172,0.0022,0.9805,0.9805
HIP 19976 b,HIP 19976,2,Hot,0.0141,0.9745,0.0113,0.9745
HIP 21152 b,HIP 21152,3,Gas-Giant,0.0074,0.0004,0.9922,0.9922
HIP 34222 b,HIP 34222,2,Hot,0.2492,0.5774,0.1733,0.5774
HIP 35173 b,HIP 35173,2,Hot,0.105,0.875,0.0199,0.875
HIP 35965 b,HIP 35965,3,Gas-Giant,0.0018,0.0007,0.9975,0.9975
HIP 38594 b,HIP 38594,2,Hot,0.0661,0.9095,0.0243,0.9095
HIP 38594 c,HIP 38594,3,Gas-Giant,0.216,0.0689,0.7151,0.7151
HIP 39017 b,HIP 39017,3,Gas-Giant,0.0095,0.0011,0.9894,0.9894
HIP 41378 g,HIP 41378,2,Hot,0.0319,0.9646,0.0035,0.9646
HIP 4845 b,HIP 4845,2,Hot,0.0029,0.993,0.0041,0.993
HIP 48714 b,HIP 48714,2,Hot,0.003,0.9928,0.0042,0.9928
HIP 5158 b,HIP 5158,1,Rocky-Habitable,0.9938,0.0049,0.0012,0.9938
HIP 5158 c,HIP 5158,1,Rocky-Habitable,0.8846,0.0119,0.1035,0.8846
HIP 54373 b,HIP 54373,2,Hot,0.0028,0.9948,0.0024,0.9948
HIP 54373 c,HIP 54373,2,Hot,0.0973,0.8921,0.0106,0.8921
HIP 54515 b,HIP 54515,3,Gas-Giant,0.0012,0.0004,0.9984,0.9984
HIP 54597 b,HIP 54597,3,Gas-Giant,0.0034,0.0011,0.9955,0.9955
HIP 55507 b,HIP 55507,3,Gas-Giant,0.0017,0.0006,0.9978,0.9978
HIP 56640 b,HIP 56640,3,Gas-Giant,0.0018,0.0006,0.9976,0.9976
HIP 57274 b,HIP 57274,2,Hot,0.0007,0.9976,0.0017,0.9976
HIP 57274 c,HIP 57274,3,Gas-Giant,0.0069,0.1789,0.8142,0.8142
HIP 57274 d,HIP 57274,3,Gas-Giant,0.0414,0.0099,0.9486,0.9486
HIP 5763 b,HIP 5763,2,Hot,0.0049,0.9893,0.0059,0.9893
HIP 63242 b,HIP 63242,3,Gas-Giant,0.0119,0.0024,0.9856,0.9856
HIP 65407 b,HIP 65407,2,Hot,0.0116,0.8388,0.1496,0.8388
HIP 65407 c,HIP 65407,2,Hot,0.0261,0.706,0.268,0.706
HIP 65891 b,HIP 65891,3,Gas-Giant,0.0017,0.0006,0.9977,0.9977
HIP 66074 b,HIP 66074,3,Gas-Giant,0.0335,0.0008,0.9657,0.9657
HIP 67537 b,HIP 67537,3,Gas-Giant,0.0015,0.0005,0.9981,0.9981
HIP 67851 b,HIP 67851,3,Gas-Giant,0.0046,0.0045,0.9909,0.9909
HIP 67851 c,HIP 67851,3,Gas-Giant,0.0063,0.0008,0.993,0.993
HIP 70849 b,HIP 70849,3,Gas-Giant,0.0021,0.0006,0.9974,0.9974
HIP 71135 b,HIP 71135,1,Rocky-Habitable,0.9935,0.0056,0.0009,0.9935
HIP 74890 b,HIP 74890,3,Gas-Giant,0.0032,0.0006,0.9962,0.9962
HIP 75092 b,HIP 75092,3,Gas-Giant,0.0081,0.0014,0.9906,0.9906
HIP 77900 b,HIP 77900,3,Gas-Giant,0.0119,0.0014,0.9867,0.9867
HIP 78530 b,HIP 78530,3,Gas-Giant,0.0012,0.0004,0.9984,0.9984
HIP 79098 AB b,HIP 79098 AB,3,Gas-Giant,0.0035,0.0007,0.9958,0.9958
HIP 79431 b,HIP 79431,1,Rocky-Habitable,0.8145,0.0066,0.1789,0.8145
HIP 81208 C b,HIP 81208 C,3,Gas-Giant,0.0022,0.0005,0.9973,0.9973
HIP 8541 b,HIP 8541,3,Gas-Giant,0.0017,0.0006,0.9978,0.9978
HIP 86221 b,HIP 86221,2,Hot,0.0003,0.9985,0.0012,0.9985
HIP 90988 b,HIP 90988,1,Rocky-Habitable,0.6443,0.0934,0.2624,0.6443
HIP 91258 b,HIP 91258,2,Hot,0.0004,0.9891,0.0105,0.9891
HIP 948 b,HIP 948,3,Gas-Giant,0.0017,0.0005,0.9978,0.9978
HIP 97166 c,HIP 97166,2,Hot,0.0017,0.9841,0.0143,0.9841
HIP 97233 b,HIP 97233,3,Gas-Giant,0.0015,0.0005,0.9981,0.9981
HIP 99770 b,HIP 99770,3,Gas-Giant,0.0012,0.0004,0.9984,0.9984
HN Lib b,HN Lib,1,Rocky-Habitable,0.9939,0.0049,0.0012,0.9939
HN Peg b,HN Peg,3,Gas-Giant,0.0453,0.0047,0.9501,0.9501
HR 2562 b,HR 2562,3,Gas-Giant,0.0013,0.0005,0.9982,0.9982
HR 5183 b,HR 5183,1,Rocky-Habitable,0.9901,0.007,0.0029,0.9901
HR 810 b,HR 810,3,Gas-Giant,0.3077,0.045,0.6472,0.6472
HR 8799 b,HR 8799,3,Gas-Giant,0.0093,0.0016,0.9891,0.9891
HR 8799 c,HR 8799,3,Gas-Giant,0.0092,0.0018,0.989,0.989
HR 8799 d,HR 8799,3,Gas-Giant,0.0123,0.0018,0.9859,0.9859
HS Psc b,HS Psc,2,Hot,0.0009,0.9981,0.001,0.9981
HU Aqr AB b,HU Aqr,1,Rocky-Habitable,0.5008,0.0728,0.4264,0.5008
HU Aqr AB c,HU Aqr,1,Rocky-Habitable,0.5675,0.0311,0.4014,0.5675
IC 4651 9122 b,IC 4651 9122,3,Gas-Giant,0.4025,0.0859,0.5116,0.5116
ITG 15 b,ITG 15 A,3,Gas-Giant,0.0033,0.0006,0.996,0.996
K2-102 b,K2-102,2,Hot,0.0013,0.9967,0.002,0.9967
K2-111 c,K2-111,2,Hot,0.0003,0.9993,0.0004,0.9993
K2-116 b,K2-116,2,Hot,0.0004,0.9994,0.0003,0.9994
K2-118 b,K2-118,1,Rocky-Habitable,0.8279,0.171,0.0012,0.8279
K2-125 b,K2-125,1,Rocky-Habitable,0.991,0.0086,0.0004,0.991
K2-128 b,K2-128,2,Hot,0.0005,0.9993,0.0002,0.9993
K2-129 b,K2-129,2,Hot,0.007,0.9919,0.0011,0.9919
K2-130 b,K2-130,2,Hot,0.0004,0.9993,0.0004,0.9993
K2-132 b,K2-132,3,Gas-Giant,0.0007,0.0185,0.9807,0.9807
K2-133 b,K2-133,2,Hot,0.005,0.994,0.001,0.994
K2-133 c,K2-133,2,Hot,0.0043,0.9951,0.0006,0.9951
K2-133 d,K2-133,2,Hot,0.4458,0.5529,0.0013,0.5529
K2-137 b,K2-137,2,Hot,0.0005,0.9993,0.0002,0.9993
K2-138 b,K2-138,2,Hot,0.0003,0.9992,0.0005,0.9992
K2-138 c,K2-138,2,Hot,0.0002,0.9989,0.0009,0.9989
K2-138 d,K2-138,2,Hot,0.0002,0.9993,0.0006,0.9993
K2-138 e,K2-138,2,Hot,0.0003,0.9974,0.0024,0.9974
K2-138 f,K2-138,3,Gas-Giant,0.0018,0.1156,0.8826,0.8826
K2-138 g,K2-138,2,Hot,0.0039,0.9837,0.0124,0.9837
K2-146 b,K2-146,2,Hot,0.0007,0.9991,0.0003,0.9991
K2-146 c,K2-146,2,Hot,0.0005,0.9993,0.0002,0.9993
K2-148 b,K2-148,2,Hot,0.001,0.9983,0.0007,0.9983
K2-148 c,K2-148,2,Hot,0.0017,0.9977,0.0007,0.9977
K2-148 d,K2-148,2,Hot,0.0026,0.9965,0.0009,0.9965
K2-149 b,K2-149,2,Hot,0.1374,0.8567,0.0059,0.8567
K2-150 b,K2-150,2,Hot,0.2087,0.7868,0.0044,0.7868
K2-156 b,K2-156,2,Hot,0.0002,0.9996,0.0002,0.9996
K2-157 c,K2-157,2,Hot,0.001,0.9979,0.0011,0.9979
K2-157 d,K2-157,2,Hot,0.0377,0.952,0.0103,0.952
K2-160 b,K2-160,2,Hot,1e-04,0.9995,0.0005,0.9995
K2-161 b,K2-161,2,Hot,0.0017,0.6827,0.3157,0.6827
K2-163 b,K2-163,2,Hot,0.0003,0.9991,0.0007,0.9991
K2-164 b,K2-164,2,Hot,0.0005,0.9986,0.0008,0.9986
K2-165 b,K2-165,2,Hot,0.0002,0.9996,0.0002,0.9996
K2-165 c,K2-165,2,Hot,0.0002,0.9997,1e-04,0.9997
K2-165 d,K2-165,2,Hot,0.0009,0.9987,0.0004,0.9987
K2-169 b,K2-169,2,Hot,0.0002,0.9994,0.0004,0.9994
K2-170 b,K2-170,2,Hot,0.0002,0.9996,0.0002,0.9996
K2-170 c,K2-170,2,Hot,0.0003,0.9994,0.0003,0.9994
K2-171 b,K2-171,2,Hot,1e-04,0.9997,0.0002,0.9997
K2-172 b,K2-172,2,Hot,0.0011,0.9986,0.0002,0.9986
K2-172 c,K2-172,2,Hot,0.0179,0.9766,0.0054,0.9766
K2-173 b,K2-173,2,Hot,1e-04,0.9997,1e-04,0.9997
K2-175 b,K2-175,2,Hot,1e-04,0.9993,0.0006,0.9993
K2-176 b,K2-176,2,Hot,0.0002,0.9996,0.0003,0.9996
K2-177 b,K2-177,2,Hot,0.0022,0.9961,0.0018,0.9961
K2-178 b,K2-178,2,Hot,0.0002,0.998,0.0017,0.998
K2-179 b,K2-179,2,Hot,1e-04,0.9997,0.0002,0.9997
K2-18 c,K2-18,2,Hot,0.0058,0.9935,0.0007,0.9935
K2-183 b,K2-183,2,Hot,1e-04,0.9996,0.0002,0.9996
K2-183 c,K2-183,2,Hot,0.0002,0.9993,0.0005,0.9993
K2-183 d,K2-183,2,Hot,0.0198,0.9774,0.0027,0.9774
K2-186 b,K2-186,2,Hot,0.0192,0.9674,0.0134,0.9674
K2-187 b,K2-187,2,Hot,0.0002,0.9996,0.0002,0.9996
K2-187 c,K2-187,2,Hot,0.0002,0.9997,0.0002,0.9997
K2-187 d,K2-187,2,Hot,1e-04,0.9997,0.0002,0.9997
K2-187 e,K2-187,2,Hot,0.001,0.9987,0.0003,0.9987
K2-19 b,K2-19,3,Gas-Giant,0.001,0.0416,0.9574,0.9574
K2-19 c,K2-19,2,Hot,0.0015,0.959,0.0395,0.959
K2-19 d,K2-19,2,Hot,0.0011,0.9875,0.0114,0.9875
K2-190 b,K2-190,2,Hot,0.0004,0.9993,0.0003,0.9993
K2-190 c,K2-190,2,Hot,0.0057,0.9939,0.0004,0.9939
K2-191 b,K2-191,2,Hot,0.0002,0.9994,0.0004,0.9994
K2-194 b,K2-194,2,Hot,0.0164,0.9609,0.0227,0.9609
K2-195 c,K2-195,2,Hot,0.0116,0.9856,0.0028,0.9856
K2-196 b,K2-196,2,Hot,0.0138,0.9711,0.0151,0.9711
K2-200 b,K2-200,2,Hot,0.0002,0.9997,0.0002,0.9997
K2-201 b,K2-201,2,Hot,1e-04,0.9996,0.0002,0.9996
K2-201 c,K2-201,2,Hot,0.005,0.9851,0.01,0.9851
K2-2016-BLG-0005L b,K2-2016-BLG-0005L,3,Gas-Giant,0.0075,0.0034,0.9891,0.9891
K2-202 b,K2-202,2,Hot,1e-04,0.9993,0.0005,0.9993
K2-205 b,K2-205,2,Hot,0.0069,0.992,0.001,0.992
K2-206 b,K2-206,2,Hot,0.004,0.9954,0.0006,0.9954
K2-207 b,K2-207,2,Hot,0.0004,0.9987,0.0009,0.9987
K2-209 b,K2-209,2,Hot,0.0002,0.9996,0.0002,0.9996
K2-21 b,K2-21,2,Hot,0.002,0.9971,0.0008,0.9971
K2-21 c,K2-21,2,Hot,0.0183,0.9803,0.0014,0.9803
K2-210 b,K2-210,2,Hot,0.0002,0.9996,0.0002,0.9996
K2-212 b,K2-212,2,Hot,0.0015,0.9978,0.0007,0.9978
K2-213 b,K2-213,2,Hot,0.0005,0.9979,0.0016,0.9979
K2-215 b,K2-215,2,Hot,0.0002,0.9993,0.0005,0.9993
K2-217 b,K2-217,2,Hot,0.0005,0.9972,0.0024,0.9972
K2-218 b,K2-218,2,Hot,0.0004,0.9971,0.0025,0.9971
K2-219 b,K2-219,2,Hot,0.0002,0.9996,0.0003,0.9996
K2-219 c,K2-219,2,Hot,0.0002,0.9995,0.0003,0.9995
K2-219 d,K2-219,2,Hot,0.0003,0.9986,0.0012,0.9986
K2-22 b,K2-22,2,Hot,1e-04,0.9997,0.0002,0.9997
K2-221 b,K2-221,2,Hot,1e-04,0.9996,0.0002,0.9996
K2-223 b,K2-223,2,Hot,0.0002,0.9993,0.0005,0.9993
K2-223 c,K2-223,2,Hot,0.0002,0.9994,0.0005,0.9994
K2-227 b,K2-227,2,Hot,0.0005,0.9992,0.0002,0.9992
K2-229 b,K2-229,2,Hot,0.0002,0.9996,0.0002,0.9996
K2-231 b,K2-231,2,Hot,0.0005,0.9986,0.0009,0.9986
K2-24 b,K2-24,3,Gas-Giant,0.0058,0.244,0.7502,0.7502
K2-24 c,K2-24,3,Gas-Giant,0.0077,0.0234,0.9689,0.9689
K2-282 b,K2-282,2,Hot,1e-04,0.9996,0.0003,0.9996
K2-291 b,K2-291,2,Hot,0.0004,0.9985,0.0011,0.9985
K2-308 b,K2-308,3,Gas-Giant,0.0003,0.0072,0.9925,0.9925
K2-31 b,K2-31,3,Gas-Giant,0.0004,0.0098,0.9898,0.9898
K2-312 c,HD 80653,3,Gas-Giant,0.0789,0.0361,0.885,0.885
K2-33 b,K2-33,3,Gas-Giant,0.0098,0.087,0.9033,0.9033
K2-35 b,K2-35,2,Hot,0.0004,0.9992,0.0004,0.9992
K2-35 c,K2-35,2,Hot,0.0005,0.9993,0.0003,0.9993
K2-360 c,EPIC 201595106,2,Hot,0.0004,0.9982,0.0014,0.9982
K2-365 b,K2-365,2,Hot,0.0024,0.996,0.0016,0.996
K2-366 b,K2-366,2,Hot,0.0005,0.9991,0.0004,0.9991
K2-367 b,K2-367,2,Hot,0.0333,0.965,0.0017,0.965
K2-368 b,K2-368,2,Hot,0.0002,0.9996,0.0002,0.9996
K2-368 c,K2-368,2,Hot,0.0006,0.9991,0.0003,0.9991
K2-368 d,K2-368,2,Hot,0.0407,0.9578,0.0015,0.9578
K2-369 b,K2-369,2,Hot,0.0002,0.9997,0.0002,0.9997
K2-370 b,K2-370,2,Hot,1e-04,0.9995,0.0004,0.9995
K2-371 b,K2-371,3,Gas-Giant,0.0003,0.0071,0.9926,0.9926
K2-372 b,K2-372,2,Hot,0.0002,0.9994,0.0004,0.9994
K2-373 b,K2-373,2,Hot,1e-04,0.9994,0.0005,0.9994
K2-374 b,K2-374,2,Hot,1e-04,0.9997,0.0002,0.9997
K2-374 c,K2-374,2,Hot,0.0005,0.9991,0.0004,0.9991
K2-375 b,K2-375,2,Hot,0.0004,0.9992,0.0004,0.9992
K2-376 b,K2-376,2,Hot,1e-04,0.9996,0.0002,0.9996
K2-377 b,K2-377,2,Hot,0.0701,0.9278,0.0021,0.9278
K2-378 b,K2-378,2,Hot,0.0002,0.9995,0.0003,0.9995
K2-379 b,K2-379,2,Hot,0.0005,0.9992,0.0003,0.9992
K2-380 b,K2-380,2,Hot,0.0003,0.9991,0.0007,0.9991
K2-381 b,K2-381,2,Hot,0.0005,0.9991,0.0003,0.9991
K2-381 c,K2-381,2,Hot,0.0132,0.9861,0.0006,0.9861
K2-381 d,K2-381,1,Rocky-Habitable,0.753,0.2443,0.0027,0.753
K2-382 b,K2-382,2,Hot,0.0071,0.9921,0.0008,0.9921
K2-383 b,K2-383,2,Hot,0.0002,0.9996,0.0003,0.9996
K2-384 b,K2-384,2,Hot,0.0013,0.9983,0.0004,0.9983
K2-384 c,K2-384,2,Hot,0.0014,0.9982,0.0004,0.9982
K2-384 d,K2-384,2,Hot,0.0649,0.9306,0.0045,0.9306
K2-384 e,K2-384,2,Hot,0.1831,0.8117,0.0052,0.8117
K2-384 f,K2-384,1,Rocky-Habitable,0.9708,0.0281,0.0011,0.9708
K2-385 b,K2-385,2,Hot,0.0002,0.9996,0.0002,0.9996
K2-386 b,K2-386,2,Hot,1e-04,0.9994,0.0005,0.9994
K2-387 b,K2-387,1,Rocky-Habitable,0.8495,0.0049,0.1456,0.8495
K2-389 c,K2-389,2,Hot,0.0017,0.9978,0.0004,0.9978
K2-39 b,K2-39,3,Gas-Giant,0.001,0.217,0.782,0.782
K2-390 b,K2-390,2,Hot,0.0003,0.994,0.0057,0.994
K2-391 b,K2-391,2,Hot,1e-04,0.9997,0.0002,0.9997
K2-392 b,K2-392,2,Hot,0.0005,0.9992,0.0003,0.9992
K2-393 b,K2-393,2,Hot,0.0002,0.9993,0.0005,0.9993
K2-394 b,K2-394,2,Hot,1e-04,0.9997,1e-04,0.9997
K2-395 b,K2-395,2,Hot,1e-04,0.9997,0.0002,0.9997
K2-395 c,K2-395,2,Hot,0.0004,0.9992,0.0004,0.9992
K2-396 b,K2-396,2,Hot,0.0002,0.9995,0.0003,0.9995
K2-396 c,K2-396,2,Hot,0.0411,0.9466,0.0122,0.9466
K2-397 b,K2-397,2,Hot,1e-04,0.9996,0.0003,0.9996
K2-398 b,K2-398,2,Hot,0.0002,0.9992,0.0006,0.9992
K2-398 c,K2-398,2,Hot,0.0014,0.9645,0.0342,0.9645
K2-4 b,K2-4,2,Hot,0.0029,0.9962,0.0009,0.9962
K2-400 b,K2-400,2,Hot,0.0009,0.9989,0.0003,0.9989
K2-401 b,K2-401,2,Hot,0.0004,0.9994,0.0002,0.9994
K2-402 b,K2-402,2,Hot,0.0004,0.9991,0.0005,0.9991
K2-403 b,K2-403,2,Hot,0.0173,0.7883,0.1944,0.7883
K2-404 b,K2-404,2,Hot,0.3107,0.6866,0.0026,0.6866
K2-405 b,K2-405,2,Hot,0.0002,0.9986,0.0013,0.9986
K2-406 b,K2-406,2,Hot,0.0041,0.9859,0.0101,0.9859
K2-407 b,K2-407,2,Hot,0.0002,0.9997,1e-04,0.9997
K2-407 c,K2-407,2,Hot,0.0003,0.9995,0.0002,0.9995
K2-408 b,K2-408,2,Hot,0.0059,0.9937,0.0004,0.9937
K2-409 b,K2-409,2,Hot,1e-04,0.9995,0.0003,0.9995
K2-411 b,K2-411,2,Hot,0.0003,0.999,0.0007,0.999
K2-412 b,K2-412,2,Hot,0.0002,0.9996,0.0002,0.9996
K2-413 b,K2-413,2,Hot,0.0003,0.9995,0.0002,0.9995
K2-413 c,K2-413,2,Hot,0.0005,0.9992,0.0003,0.9992
K2-414 b,K2-414,2,Hot,0.0004,0.9994,0.0003,0.9994
K2-414 c,K2-414,2,Hot,0.0006,0.9991,0.0003,0.9991
K2-42 b,K2-42,2,Hot,0.0004,0.9993,0.0003,0.9993
K2-44 b,K2-44,2,Hot,0.0002,0.9992,0.0006,0.9992
K2-45 b,K2-45,3,Gas-Giant,0.001,0.4577,0.5413,0.5413
K2-46 b,K2-46,2,Hot,0.0007,0.9987,0.0006,0.9987
K2-47 b,K2-47,2,Hot,0.0598,0.9394,0.0008,0.9394
K2-48 b,K2-48,2,Hot,0.0089,0.9902,0.0009,0.9902
K2-49 b,K2-49,2,Hot,0.0004,0.9993,0.0003,0.9993
K2-50 b,K2-50,2,Hot,0.0012,0.9982,0.0006,0.9982
K2-58 b,K2-58,2,Hot,0.0002,0.9994,0.0004,0.9994
K2-58 c,K2-58,2,Hot,0.0002,0.9994,0.0004,0.9994
K2-58 d,K2-58,2,Hot,0.0042,0.9952,0.0005,0.9952
K2-59 b,K2-59,2,Hot,0.0037,0.9959,0.0005,0.9959
K2-59 c,K2-59,2,Hot,0.0004,0.9993,0.0003,0.9993
K2-63 b,K2-63,2,Hot,0.0006,0.9945,0.0049,0.9945
K2-63 c,K2-63,2,Hot,0.0012,0.9887,0.0102,0.9887
K2-64 b,K2-64,2,Hot,0.0002,0.9996,0.0002,0.9996
K2-65 b,K2-65,2,Hot,0.0006,0.9992,0.0003,0.9992
K2-68 b,K2-68,2,Hot,0.0005,0.9991,0.0003,0.9991
K2-69 b,K2-69,2,Hot,0.001,0.9985,0.0005,0.9985
K2-70 b,K2-70,2,Hot,0.0003,0.9992,0.0005,0.9992
K2-71 b,K2-71,2,Hot,0.0017,0.9977,0.0006,0.9977
K2-72 b,K2-72,2,Hot,0.0287,0.9697,0.0016,0.9697
K2-72 c,K2-72,1,Rocky-Habitable,0.9704,0.0284,0.0012,0.9704
K2-72 d,K2-72,2,Hot,0.1976,0.7967,0.0057,0.7967
K2-72 e,K2-72,1,Rocky-Habitable,0.9939,0.0056,0.0005,0.9939
K2-73 c,K2-73,1,Rocky-Habitable,0.9848,0.0103,0.005,0.9848
K2-74 b,K2-74,2,Hot,0.0004,0.9988,0.0007,0.9988
K2-75 b,K2-75,2,Hot,0.0002,0.9991,0.0007,0.9991
K2-75 c,K2-75,2,Hot,0.0004,0.9985,0.0011,0.9985
K2-80 b,K2-80,2,Hot,0.001,0.9985,0.0005,0.9985
K2-80 c,K2-80,2,Hot,0.0002,0.9996,0.0002,0.9996
K2-80 d,K2-80,2,Hot,0.0785,0.9163,0.0052,0.9163
K2-81 b,K2-81,2,Hot,0.0003,0.9994,0.0002,0.9994
K2-83 b,K2-83,2,Hot,0.0005,0.9991,0.0004,0.9991
K2-83 c,K2-83,2,Hot,0.0026,0.9965,0.0009,0.9965
K2-84 b,K2-84,2,Hot,0.0002,0.9994,0.0004,0.9994
K2-84 c,K2-84,2,Hot,0.005,0.9943,0.0007,0.9943
K2-86 b,K2-86,2,Hot,0.0002,0.9995,0.0002,0.9995
K2-88 b,K2-88,2,Hot,0.0019,0.9974,0.0007,0.9974
K2-89 b,K2-89,2,Hot,0.0007,0.999,0.0002,0.999
K2-90 c,K2-90,2,Hot,0.0004,0.9992,0.0004,0.9992
K2-91 b,K2-91,2,Hot,0.0006,0.9992,0.0002,0.9992
K2-99 c,K2-99,3,Gas-Giant,0.0458,0.0169,0.9373,0.9373
KELT-1 b,KELT-1,3,Gas-Giant,0.0007,0.0651,0.9342,0.9342
KELT-15 b,KELT-15,3,Gas-Giant,1e-04,0.0022,0.9977,0.9977
KELT-2 A b,KELT-2 A,3,Gas-Giant,1e-04,0.0022,0.9977,0.9977
KELT-3 b,KELT-3,3,Gas-Giant,1e-04,0.0019,0.998,0.998
KELT-6 b,KELT-6,3,Gas-Giant,0.0004,0.0148,0.9848,0.9848
KELT-6 c,KELT-6,1,Rocky-Habitable,0.8097,0.076,0.1143,0.8097
KELT-7 b,KELT-7,3,Gas-Giant,1e-04,0.0017,0.9982,0.9982
KELT-8 b,KELT-8,3,Gas-Giant,0.0002,0.0075,0.9923,0.9923
KIC 10001893 b,KIC 10001893,2,Hot,0.002,0.6086,0.3894,0.6086
KIC 10001893 c,KIC 10001893,2,Hot,0.0013,0.7604,0.2383,0.7604
KIC 10001893 d,KIC 10001893,2,Hot,0.0013,0.7602,0.2385,0.7602
KIC 10068024 b,KIC 10068024,2,Hot,1e-04,0.9994,0.0005,0.9994
KIC 10525077 b,KIC 10525077,1,Rocky-Habitable,0.5993,0.0641,0.3365,0.5993
KIC 3526061 b,KIC 3526061,3,Gas-Giant,0.0031,0.0008,0.9961,0.9961
KIC 3558849 b,KIC 3558849,3,Gas-Giant,0.2236,0.0113,0.765,0.765
KIC 5437945 b,KIC 5437945,3,Gas-Giant,0.2548,0.0159,0.7293,0.7293
KIC 5479689 b,KIC 5479689,2,Hot,1e-04,0.9993,0.0006,0.9993
KIC 7917485 b,KIC 7917485,3,Gas-Giant,0.0217,0.0029,0.9755,0.9755
KIC 8121913 b,KIC 8121913,2,Hot,0.0002,0.9975,0.0023,0.9975
KIC 8540376 b,KOI-7892,2,Hot,0.0078,0.972,0.0202,0.972
KIC 8540376 c,KOI-7892,2,Hot,0.0717,0.8898,0.0385,0.8898
KIC 9663113 b,KIC 9663113,1,Rocky-Habitable,0.811,0.0685,0.1205,0.811
KMT-2016-BLG-0212L b,KMT-2016-BLG-0212L,3,Gas-Giant,0.0019,0.0005,0.9976,0.9976
KMT-2016-BLG-1105L b,KMT-2016-BLG-1105L,1,Rocky-Habitable,0.9955,0.0034,0.001,0.9955
KMT-2016-BLG-1107L b,KMT-2016-BLG-1107L,3,Gas-Giant,0.0002,0.0043,0.9955,0.9955
KMT-2016-BLG-1397L b,KMT-2016-BLG-1397L,3,Gas-Giant,0.0021,0.0006,0.9972,0.9972
KMT-2016-BLG-1820L b,KMT-2016-BLG-1820L,3,Gas-Giant,0.0006,0.0018,0.9976,0.9976
KMT-2016-BLG-1836L b,KMT-2016-BLG-1836L,3,Gas-Giant,0.0043,0.0015,0.9942,0.9942
KMT-2016-BLG-2142L b,KMT-2016-BLG-2142L,3,Gas-Giant,0.0003,0.0009,0.9988,0.9988
KMT-2016-BLG-2321L b,KMT-2016-BLG-2321L,3,Gas-Giant,0.1703,0.007,0.8227,0.8227
KMT-2016-BLG-2364L b,KMT-2016-BLG-2364L,3,Gas-Giant,0.0029,0.0009,0.9961,0.9961
KMT-2016-BLG-2397L b,KMT-2016-BLG-2397L,3,Gas-Giant,0.0031,0.0011,0.9958,0.9958
KMT-2016-BLG-2605L b,KMT-2016-BLG-2605L,3,Gas-Giant,0.0043,0.0144,0.9814,0.9814
KMT-2017-BLG-0165L b,KMT-2017-BLG-0165L,1,Rocky-Habitable,0.9677,0.014,0.0183,0.9677
KMT-2017-BLG-0428L b,KMT-2017-BLG-0428L,1,Rocky-Habitable,0.9917,0.0073,0.001,0.9917
KMT-2017-BLG-0673L b,KMT-2017-BLG-0673L,3,Gas-Giant,0.003,0.001,0.996,0.996
KMT-2017-BLG-0849L b,KMT-2017-BLG-0849L,1,Rocky-Habitable,0.996,0.0029,0.0011,0.996
KMT-2017-BLG-1003L b,KMT-2017-BLG-1003L,1,Rocky-Habitable,0.9175,0.0794,0.0031,0.9175
KMT-2017-BLG-1038L b,KMT-2017-BLG-1038L,3,Gas-Giant,0.0043,0.0017,0.994,0.994
KMT-2017-BLG-1057L b,KMT-2017-BLG-1057L,1,Rocky-Habitable,0.9745,0.0146,0.0109,0.9745
KMT-2017-BLG-1146L b,KMT-2017-BLG-1146L,3,Gas-Giant,0.0625,0.0066,0.9309,0.9309
KMT-2017-BLG-1194L b,KMT-2017-BLG-1194L,1,Rocky-Habitable,0.9917,0.0073,0.001,0.9917
KMT-2017-BLG-2197L b,KMT-2017-BLG-2197L,3,Gas-Giant,0.0026,0.0007,0.9966,0.9966
KMT-2017-BLG-2331L b,KMT-2017-BLG-2331L,3,Gas-Giant,0.3045,0.0076,0.6879,0.6879
KMT-2017-BLG-2509L b,KMT-2017-BLG-2509L,3,Gas-Giant,0.0043,0.0014,0.9943,0.9943
KMT-2018-BLG-0029L b,KMT-2018-BLG-0029L,1,Rocky-Habitable,0.9948,0.0036,0.0017,0.9948
KMT-2018-BLG-0030L b,KMT-2018-BLG-0030L,3,Gas-Giant,0.0286,0.0024,0.969,0.969
KMT-2018-BLG-0087L b,KMT-2018-BLG-0087L,3,Gas-Giant,0.0913,0.3486,0.5602,0.5602
KMT-2018-BLG-0247L b,KMT-2018-BLG-0247L,3,Gas-Giant,0.0033,0.0011,0.9956,0.9956
KMT-2018-BLG-0748L b,KMT-2018-BLG-0748L,2,Hot,0.059,0.6464,0.2946,0.6464
KMT-2018-BLG-0885L b,KMT-2018-BLG-0885L,3,Gas-Giant,0.0004,0.0008,0.9988,0.9988
KMT-2018-BLG-1025L b,KMT-2018-BLG-1025L,1,Rocky-Habitable,0.8745,0.1215,0.004,0.8745
KMT-2018-BLG-1292L b,KMT-2018-BLG-1292L,3,Gas-Giant,0.0028,0.0009,0.9963,0.9963
KMT-2018-BLG-1743L b,KMT-2018-BLG-1743L,3,Gas-Giant,0.3844,0.0521,0.5635,0.5635
KMT-2018-BLG-1976L b,KMT-2018-BLG-1976L,3,Gas-Giant,0.0043,0.0015,0.9942,0.9942
KMT-2018-BLG-1988L b,KMT-2018-BLG-1988L,1,Rocky-Habitable,0.9947,0.0036,0.0017,0.9947
KMT-2018-BLG-1990L b,KMT-2018-BLG-1990L,3,Gas-Giant,0.0424,0.0929,0.8647,0.8647
KMT-2018-BLG-1996L b,KMT-2018-BLG-1996L,3,Gas-Giant,0.1202,0.005,0.8748,0.8748
KMT-2018-BLG-2602L b,KMT-2018-BLG-2602L,3,Gas-Giant,0.117,0.0051,0.8779,0.8779
KMT-2019-BLG-0253L b,KMT-2019-BLG-0253L,1,Rocky-Habitable,0.9944,0.0038,0.0017,0.9944
KMT-2019-BLG-0297L b,KMT-2019-BLG-0297L,3,Gas-Giant,0.0004,0.0009,0.9988,0.9988
KMT-2019-BLG-0298L b,KMT-2019-BLG-0298L,3,Gas-Giant,0.009,0.0014,0.9896,0.9896
KMT-2019-BLG-0335L b,KMT-2019-BLG-0335L,3,Gas-Giant,0.0011,0.0005,0.9985,0.9985
KMT-2019-BLG-0371L b,KMT-2019-BLG-0371L,3,Gas-Giant,0.0004,0.0017,0.9979,0.9979
KMT-2019-BLG-0414L b,KMT-2019-BLG-0414L,3,Gas-Giant,0.0007,0.0016,0.9977,0.9977
KMT-2019-BLG-0578L b,KMT-2019-BLG-0578L,3,Gas-Giant,0.0358,0.0028,0.9614,0.9614
KMT-2019-BLG-0842L b,KMT-2019-BLG-0842L,1,Rocky-Habitable,0.9944,0.0038,0.0017,0.9944
KMT-2019-BLG-0953L b,KMT-2019-BLG-0953L,2,Hot,0.4463,0.5368,0.0169,0.5368
KMT-2019-BLG-1042L b,KMT-2019-BLG-1042L,1,Rocky-Habitable,0.7162,0.1177,0.1661,0.7162
KMT-2019-BLG-1216L b,KMT-2019-BLG-1216L,1,Rocky-Habitable,0.9737,0.0148,0.0115,0.9737
KMT-2019-BLG-1339L b,KMT-2019-BLG-1339L,3,Gas-Giant,0.041,0.0029,0.9562,0.9562
KMT-2019-BLG-1367L b,KMT-2019-BLG-1367L,1,Rocky-Habitable,0.9919,0.0072,0.001,0.9919
KMT-2019-BLG-1552L b,KMT-2019-BLG-1552L,3,Gas-Giant,0.0029,0.0009,0.9962,0.9962
KMT-2019-BLG-1715L b,KMT-2019-BLG-1715L,3,Gas-Giant,0.0031,0.001,0.9959,0.9959
KMT-2019-BLG-1806L b,KMT-2019-BLG-1806L,1,Rocky-Habitable,0.9959,0.003,0.0011,0.9959
KMT-2019-BLG-1953L b,KMT-2019-BLG-1953L,3,Gas-Giant,0.0031,0.0474,0.9495,0.9495
KMT-2019-BLG-2783L b,KMT-2019-BLG-2783L,3,Gas-Giant,0.0473,0.0035,0.9492,0.9492
KMT-2019-BLG-2974L b,KMT-2019-BLG-2974L,1,Rocky-Habitable,0.8112,0.0233,0.1655,0.8112
KMT-2020-BLG-0414L b,KMT-2020-BLG-0414L,1,Rocky-Habitable,0.9928,0.006,0.0012,0.9928
KMT-2020-BLG-0414L c,KMT-2020-BLG-0414L,3,Gas-Giant,0.0016,0.0005,0.9979,0.9979
KMT-2021-BLG-0119L b,KMT-2021-BLG-0119L,3,Gas-Giant,0.0023,0.0007,0.9971,0.9971
KMT-2021-BLG-0171L b,KMT-2021-BLG-0171L,1,Rocky-Habitable,0.9946,0.0037,0.0017,0.9946
KMT-2021-BLG-0192L b,KMT-2021-BLG-0192L,1,Rocky-Habitable,0.9426,0.0377,0.0197,0.9426
KMT-2021-BLG-0240L b,KMT-2021-BLG-0240L,1,Rocky-Habitable,0.8847,0.0279,0.0874,0.8847
KMT-2021-BLG-0320L b,KMT-2021-BLG-0320L,1,Rocky-Habitable,0.9384,0.0419,0.0197,0.9384
KMT-2021-BLG-0322L b,KMT-2021-BLG-0322L,3,Gas-Giant,0.0003,0.0024,0.9973,0.9973
KMT-2021-BLG-0712L b,KMT-2021-BLG-0712L,1,Rocky-Habitable,0.9643,0.0171,0.0186,0.9643
KMT-2021-BLG-0736L b,KMT-2021-BLG-0736L,1,Rocky-Habitable,0.9918,0.0047,0.0035,0.9918
KMT-2021-BLG-0748L b,KMT-2021-BLG-0748L,3,Gas-Giant,0.4558,0.0105,0.5337,0.5337
KMT-2021-BLG-0909L b,KMT-2021-BLG-0909L,3,Gas-Giant,0.0173,0.0037,0.9791,0.9791
KMT-2021-BLG-0912L b,KMT-2021-BLG-0912L,1,Rocky-Habitable,0.9955,0.0028,0.0017,0.9955
KMT-2021-BLG-1077L b,KMT-2021-BLG-1077L,3,Gas-Giant,0.3749,0.1589,0.4661,0.4661
KMT-2021-BLG-1077L c,KMT-2021-BLG-1077L,3,Gas-Giant,0.2024,0.1808,0.6168,0.6168
KMT-2021-BLG-1105L b,KMT-2021-BLG-1105L,3,Gas-Giant,0.0478,0.0035,0.9487,0.9487
KMT-2021-BLG-1150L b,KMT-2021-BLG-1150L,3,Gas-Giant,0.4365,0.014,0.5495,0.5495
KMT-2021-BLG-1253L b,KMT-2021-BLG-1253L,1,Rocky-Habitable,0.949,0.0403,0.0107,0.949
KMT-2021-BLG-1303L b,KMT-2021-BLG-1303L,1,Rocky-Habitable,0.6227,0.016,0.3613,0.6227
KMT-2021-BLG-1372L b,KMT-2021-BLG-1372L,1,Rocky-Habitable,0.8967,0.0274,0.0759,0.8967
KMT-2021-BLG-1391L b,KMT-2021-BLG-1391L,1,Rocky-Habitable,0.9958,0.0032,0.001,0.9958
KMT-2021-BLG-1547L b,KMT-2021-BLG-1547L,3,Gas-Giant,0.0162,0.0013,0.9825,0.9825
KMT-2021-BLG-1554L b,KMT-2021-BLG-1554L,2,Hot,0.143,0.7939,0.0631,0.7939
KMT-2021-BLG-1689L b,KMT-2021-BLG-1689L,1,Rocky-Habitable,0.9764,0.0069,0.0167,0.9764
KMT-2021-BLG-1770L b,KMT-2021-BLG-1770L,3,Gas-Giant,0.0004,0.0008,0.9988,0.9988
KMT-2021-BLG-1898L b,KMT-2021-BLG-1898L,3,Gas-Giant,0.2591,0.0073,0.7336,0.7336
KMT-2021-BLG-2010L b,KMT-2021-BLG-2010L,3,Gas-Giant,0.0613,0.0043,0.9343,0.9343
KMT-2021-BLG-2294L b,KMT-2021-BLG-2294L,2,Hot,0.4706,0.4933,0.0361,0.4933
KMT-2021-BLG-2478L b,KMT-2021-BLG-2478L,3,Gas-Giant,0.107,0.0042,0.8889,0.8889
KMT-2021-BLG-2609L b,KMT-2021-BLG-2609L,1,Rocky-Habitable,0.9952,0.0037,0.0011,0.9952
KMT-2022-BLG-0303L b,KMT-2022-BLG-0303L,1,Rocky-Habitable,0.6925,0.0298,0.2777,0.6925
KMT-2022-BLG-0371L b,KMT-2022-BLG-0371L,1,Rocky-Habitable,0.8156,0.0318,0.1526,0.8156
KMT-2022-BLG-0440L b,KMT-2022-BLG-0440L,1,Rocky-Habitable,0.9856,0.0106,0.0038,0.9856
KMT-2022-BLG-1013L b,KMT-2022-BLG-1013L,3,Gas-Giant,0.2458,0.0674,0.6868,0.6868
KMT-2022-BLG-1790L b,KMT-2022-BLG-1790L,3,Gas-Giant,0.0091,0.0014,0.9896,0.9896
KMT-2022-BLG-1818L b,KMT-2022-BLG-1818L,3,Gas-Giant,0.0029,0.0009,0.9962,0.9962
KMT-2022-BLG-1818L c,KMT-2022-BLG-1818L,1,Rocky-Habitable,0.7584,0.0255,0.2161,0.7584
KMT-2022-BLG-2076L b,KMT-2022-BLG-2076L,3,Gas-Giant,0.3098,0.0123,0.6779,0.6779
KMT-2022-BLG-2286L b,KMT-2022-BLG-2286L,3,Gas-Giant,0.0016,0.0005,0.9979,0.9979
KMT-2023-BLG-0119L b,KMT-2023-BLG-0119L,1,Rocky-Habitable,0.8124,0.0264,0.1612,0.8124
KMT-2023-BLG-0416L b,KMT-2023-BLG-0416L,1,Rocky-Habitable,0.9951,0.0036,0.0012,0.9951
KMT-2023-BLG-0469L b,KMT-2023-BLG-0469L,1,Rocky-Habitable,0.9681,0.0146,0.0173,0.9681
KMT-2023-BLG-0548L b,KMT-2023-BLG-0548L,3,Gas-Giant,0.0032,0.001,0.9958,0.9958
KMT-2023-BLG-0735L b,KMT-2023-BLG-0735L,1,Rocky-Habitable,0.9663,0.0139,0.0198,0.9663
KMT-2023-BLG-0830L b,KMT-2023-BLG-0830L,1,Rocky-Habitable,0.9564,0.0343,0.0094,0.9564
KMT-2023-BLG-0949L b,KMT-2023-BLG-0949L,3,Gas-Giant,0.0021,0.0007,0.9972,0.9972
KMT-2023-BLG-1431L b,KMT-2023-BLG-1431L,1,Rocky-Habitable,0.9938,0.0043,0.0019,0.9938
KMT-2023-BLG-1454L b,KMT-2023-BLG-1454L,3,Gas-Giant,0.0187,0.0135,0.9677,0.9677
KMT-2023-BLG-1642L b,KMT-2023-BLG-1642L,3,Gas-Giant,0.0199,0.0063,0.9738,0.9738
KMT-2023-BLG-1743L b,KMT-2023-BLG-1743L,3,Gas-Giant,0.0005,0.0007,0.9988,0.9988
KMT-2023-BLG-1866L b,KMT-2023-BLG-1866L,1,Rocky-Habitable,0.9955,0.0034,0.0011,0.9955
KMT-2023-BLG-1896L b,KMT-2023-BLG-1896L,1,Rocky-Habitable,0.9939,0.0037,0.0025,0.9939
KMT-2023-BLG-2209L b,KMT-2023-BLG-2209L,3,Gas-Giant,0.2442,0.0065,0.7493,0.7493
KMT-2024-BLG-0404L b,KMT-2024-BLG-0404L,3,Gas-Giant,0.0006,0.0009,0.9985,0.9985
KMT-2024-BLG-0404L c,KMT-2024-BLG-0404L,2,Hot,0.025,0.9704,0.0046,0.9704
KMT-2024-BLG-1005L b,KMT-2024-BLG-1005L,3,Gas-Giant,0.0003,0.0012,0.9985,0.9985
KMT-2024-BLG-1044L b,KMT-2024-BLG-1044L,2,Hot,0.0065,0.9927,0.0008,0.9927
KMT-2024-BLG-1209L b,KMT-2024-BLG-1209L,3,Gas-Giant,0.0033,0.0009,0.9958,0.9958
KMT-2024-BLG-1281L b,KMT-2024-BLG-1281L,1,Rocky-Habitable,0.9745,0.0168,0.0087,0.9745
KMT-2024-BLG-2059L b,KMT-2024-BLG-2059L,1,Rocky-Habitable,0.9959,0.0031,0.001,0.9959
KMT-2024-BLG-2242L b,KMT-2024-BLG-2242L,2,Hot,0.214,0.7756,0.0104,0.7756
KOBE-1 b,KOBE-1,2,Hot,0.0045,0.9942,0.0013,0.9942
KOBE-1 c,KOBE-1,1,Rocky-Habitable,0.6435,0.3523,0.0041,0.6435
KOI-12 b,KOI-12,3,Gas-Giant,0.0002,0.0014,0.9984,0.9984
KOI-134 c,KOI-134,2,Hot,0.0076,0.7229,0.2695,0.7229
KOI-142 b,KOI-142,2,Hot,0.0009,0.982,0.0171,0.982
KOI-142 c,KOI-142,3,Gas-Giant,0.0013,0.0418,0.9569,0.9569
KOI-1599.01,KOI-1599,2,Hot,0.0011,0.9986,0.0003,0.9986
KOI-1599.02,KOI-1599,2,Hot,0.0023,0.9968,0.0009,0.9968
KOI-1783.01,KOI-1783,3,Gas-Giant,0.0085,0.0107,0.9808,0.9808
KOI-1783.02,KOI-1783,3,Gas-Giant,0.1612,0.036,0.8028,0.8028
KOI-1843.03,Kepler-974,2,Hot,0.0052,0.8744,0.1203,0.8744
KOI-217 b,KOI-217,3,Gas-Giant,1e-04,0.0013,0.9986,0.9986
KOI-2513.01,KOI-2513,3,Gas-Giant,0.0025,0.0643,0.9332,0.9332
KOI-351 b,KOI-351,2,Hot,0.0003,0.9992,0.0004,0.9992
KOI-351 c,KOI-351,2,Hot,0.0003,0.9994,0.0003,0.9994
KOI-351 d,KOI-351,2,Hot,0.024,0.9534,0.0227,0.9534
KOI-351 e,KOI-351,2,Hot,0.0844,0.8834,0.0322,0.8834
KOI-351 f,KOI-351,2,Hot,0.3149,0.6095,0.0756,0.6095
KOI-351 g,KOI-351,1,Rocky-Habitable,0.995,0.0038,0.0012,0.995
KOI-351 h,KOI-351,3,Gas-Giant,0.158,0.0203,0.8217,0.8217
KOI-4978 b,KOI-4978,2,Hot,0.0002,0.9996,0.0002,0.9996
KOI-55 b,KOI-55,2,Hot,0.0002,0.9978,0.0019,0.9978
KOI-55 c,KOI-55,2,Hot,0.0003,0.9978,0.002,0.9978
KOI-7368 b,KOI-7368,2,Hot,1e-04,0.9997,1e-04,0.9997
KOI-7913 b,KOI-7913 A,1,Rocky-Habitable,0.7962,0.2001,0.0037,0.7962
KOI-984 c,KOI-984,3,Gas-Giant,0.0016,0.086,0.9124,0.9124
KOINTREAU-1 b,XEST 17-036,1,Rocky-Habitable,0.5932,0.0007,0.4061,0.5932
Kapteyn c,Kapteyn,1,Rocky-Habitable,0.9946,0.0048,0.0007,0.9946
Kepler-10 d,Kepler-10,2,Hot,0.3677,0.6117,0.0207,0.6117
Kepler-100 b,Kepler-100,2,Hot,0.0004,0.997,0.0026,0.997
Kepler-100 c,Kepler-100,2,Hot,0.0002,0.9995,0.0004,0.9995
Kepler-100 d,Kepler-100,2,Hot,0.0505,0.947,0.0024,0.947
Kepler-100 e,Kepler-100,2,Hot,0.0349,0.9448,0.0203,0.9448
Kepler-1000 b,Kepler-1000,2,Hot,0.0775,0.6407,0.2818,0.6407
Kepler-1001 b,Kepler-1001,2,Hot,0.0004,0.999,0.0006,0.999
Kepler-1001 c,Kepler-1001,2,Hot,0.0002,0.9996,0.0002,0.9996
Kepler-1002 b,Kepler-1002,2,Hot,1e-04,0.9996,0.0003,0.9996
Kepler-1003 b,Kepler-1003,2,Hot,1e-04,0.9996,0.0003,0.9996
Kepler-1004 b,Kepler-1004,2,Hot,0.0005,0.9687,0.0308,0.9687
Kepler-1005 b,Kepler-1005,2,Hot,0.0002,0.9996,0.0002,0.9996
Kepler-1006 b,Kepler-1006,2,Hot,0.0013,0.9984,0.0003,0.9984
Kepler-1007 b,Kepler-1007,2,Hot,0.0002,0.9996,0.0002,0.9996
Kepler-1008 b,Kepler-1008,2,Hot,0.0011,0.9987,0.0003,0.9987
Kepler-1009 b,Kepler-1009,2,Hot,0.0604,0.9382,0.0014,0.9382
Kepler-1010 b,Kepler-1010,2,Hot,0.1413,0.8556,0.0031,0.8556
Kepler-1011 b,Kepler-1011,2,Hot,1e-04,0.9996,0.0003,0.9996
Kepler-1012 b,Kepler-1012,2,Hot,1e-04,0.9997,0.0002,0.9997
Kepler-1013 b,Kepler-1013,2,Hot,0.014,0.9845,0.0015,0.9845
Kepler-1014 b,Kepler-1014,2,Hot,0.001,0.9987,0.0003,0.9987
Kepler-1015 b,Kepler-1015,2,Hot,0.0004,0.9954,0.0042,0.9954
Kepler-1016 b,Kepler-1016,2,Hot,1e-04,0.9995,0.0004,0.9995
Kepler-1016 c,Kepler-1016,2,Hot,0.2565,0.6798,0.0636,0.6798
Kepler-1017 b,Kepler-1017,2,Hot,1e-04,0.9997,0.0002,0.9997
Kepler-1018 b,Kepler-1018,2,Hot,0.1723,0.8179,0.0098,0.8179
Kepler-1019 b,Kepler-1019,2,Hot,0.0002,0.9996,0.0002,0.9996
Kepler-1020 b,Kepler-1020,1,Rocky-Habitable,0.9253,0.0717,0.0029,0.9253
Kepler-1021 b,Kepler-1021,2,Hot,0.0008,0.9989,0.0004,0.9989
Kepler-1022 b,Kepler-1022,2,Hot,0.0047,0.9944,0.001,0.9944
Kepler-1023 b,Kepler-1023,2,Hot,0.2752,0.7078,0.0169,0.7078
Kepler-1024 b,Kepler-1024,2,Hot,0.2948,0.6525,0.0527,0.6525
Kepler-1025 b,Kepler-1025,2,Hot,0.0485,0.948,0.0036,0.948
Kepler-1026 b,Kepler-1026,2,Hot,0.4171,0.5797,0.0032,0.5797
Kepler-1027 b,Kepler-1027,2,Hot,0.0002,0.9996,0.0002,0.9996
Kepler-1028 b,Kepler-1028,2,Hot,0.0002,0.9996,0.0002,0.9996
Kepler-1029 b,Kepler-1029,2,Hot,0.0002,0.9997,1e-04,0.9997
Kepler-103 b,Kepler-103,2,Hot,0.0005,0.9886,0.0109,0.9886
Kepler-103 c,Kepler-103,3,Gas-Giant,0.1026,0.036,0.8614,0.8614
Kepler-1030 b,Kepler-1030,2,Hot,0.0062,0.9928,0.001,0.9928
Kepler-1031 b,Kepler-1031,2,Hot,0.0002,0.9995,0.0003,0.9995
Kepler-1032 b,Kepler-1032,2,Hot,0.0002,0.9995,0.0003,0.9995
Kepler-1033 b,Kepler-1033,2,Hot,1e-04,0.9995,0.0004,0.9995
Kepler-1034 b,Kepler-1034,2,Hot,0.0005,0.9992,0.0003,0.9992
Kepler-1035 b,Kepler-1035,2,Hot,0.0002,0.9996,0.0002,0.9996
Kepler-1036 b,Kepler-1036,1,Rocky-Habitable,0.7853,0.1766,0.0381,0.7853
Kepler-1037 b,Kepler-1037,2,Hot,0.0002,0.9997,0.0002,0.9997
Kepler-1038 b,Kepler-1038,1,Rocky-Habitable,0.8273,0.1218,0.0509,0.8273
Kepler-1038 c,Kepler-1038,2,Hot,0.0004,0.999,0.0006,0.999
Kepler-1039 b,Kepler-1039,2,Hot,0.0002,0.9996,0.0002,0.9996
Kepler-104 b,Kepler-104,2,Hot,0.0002,0.9992,0.0006,0.9992
Kepler-104 c,Kepler-104,2,Hot,0.0014,0.996,0.0025,0.996
Kepler-104 d,Kepler-104,2,Hot,0.0029,0.9888,0.0083,0.9888
Kepler-1040 b,Kepler-1040,1,Rocky-Habitable,0.9897,0.0078,0.0025,0.9897
Kepler-1041 b,Kepler-1041,2,Hot,0.0023,0.9955,0.0022,0.9955
Kepler-1042 b,Kepler-1042,2,Hot,0.0005,0.9992,0.0003,0.9992
Kepler-1043 b,Kepler-1043,2,Hot,0.0419,0.9533,0.0048,0.9533
Kepler-1044 b,Kepler-1044,2,Hot,1e-04,0.9993,0.0006,0.9993
Kepler-1045 b,Kepler-1045,2,Hot,0.0287,0.9678,0.0035,0.9678
Kepler-1046 b,Kepler-1046,2,Hot,0.0005,0.9992,0.0003,0.9992
Kepler-1047 b,Kepler-1047,1,Rocky-Habitable,0.6984,0.2891,0.0125,0.6984
Kepler-1047 c,Kepler-1047,2,Hot,0.0002,0.9993,0.0005,0.9993
Kepler-1048 b,Kepler-1048,2,Hot,0.0005,0.9991,0.0003,0.9991
Kepler-1049 b,Kepler-1049,2,Hot,0.0002,0.9996,1e-04,0.9996
Kepler-105 b,Kepler-105,2,Hot,0.0002,0.9993,0.0005,0.9993
Kepler-105 c,Kepler-105,2,Hot,0.0005,0.9988,0.0007,0.9988
Kepler-1050 b,Kepler-1050,2,Hot,0.0005,0.9991,0.0004,0.9991
Kepler-1050 c,Kepler-1050,2,Hot,0.0026,0.9962,0.0012,0.9962
Kepler-1051 b,Kepler-1051,2,Hot,0.0015,0.9882,0.0103,0.9882
Kepler-1052 b,Kepler-1052,2,Hot,0.0152,0.978,0.0068,0.978
Kepler-1053 b,Kepler-1053,2,Hot,0.0002,0.9996,0.0002,0.9996
Kepler-1054 b,Kepler-1054,2,Hot,1e-04,0.9992,0.0007,0.9992
Kepler-1055 b,Kepler-1055,2,Hot,0.0002,0.9996,0.0002,0.9996
Kepler-1056 b,Kepler-1056,2,Hot,0.0025,0.9944,0.0031,0.9944
Kepler-1057 b,Kepler-1057,2,Hot,0.0004,0.9984,0.0012,0.9984
Kepler-1058 b,Kepler-1058,1,Rocky-Habitable,0.9913,0.0076,0.0011,0.9913
Kepler-1059 b,Kepler-1059,2,Hot,0.0002,0.9996,0.0002,0.9996
Kepler-106 b,Kepler-106,2,Hot,0.0024,0.9834,0.0142,0.9834
Kepler-106 c,Kepler-106,2,Hot,0.0006,0.998,0.0014,0.998
Kepler-106 d,Kepler-106,2,Hot,0.0136,0.9549,0.0315,0.9549
Kepler-106 e,Kepler-106,2,Hot,0.0379,0.9576,0.0045,0.9576
Kepler-1060 b,Kepler-1060,2,Hot,0.1062,0.8872,0.0066,0.8872
Kepler-1061 b,Kepler-1061,2,Hot,1e-04,0.9995,0.0004,0.9995
Kepler-1062 b,Kepler-1062,2,Hot,0.0017,0.9973,0.001,0.9973
Kepler-1063 b,Kepler-1063,2,Hot,0.001,0.9984,0.0006,0.9984
Kepler-1064 b,Kepler-1064,2,Hot,0.0025,0.9972,0.0003,0.9972
Kepler-1065 b,Kepler-1065,2,Hot,1e-04,0.9995,0.0004,0.9995
Kepler-1065 c,Kepler-1065,2,Hot,1e-04,0.9997,0.0002,0.9997
Kepler-1066 b,Kepler-1066,2,Hot,1e-04,0.9996,0.0003,0.9996
Kepler-1067 b,Kepler-1067,2,Hot,0.0002,0.9996,0.0002,0.9996
Kepler-1067 c,Kepler-1067,2,Hot,0.0002,0.9995,0.0003,0.9995
Kepler-1068 b,Kepler-1068,2,Hot,0.0006,0.9978,0.0016,0.9978
Kepler-1069 b,Kepler-1069,2,Hot,0.026,0.9719,0.0022,0.9719
Kepler-1070 b,Kepler-1070,2,Hot,1e-04,0.9996,0.0003,0.9996
Kepler-1071 b,Kepler-1071,2,Hot,1e-04,0.9997,0.0002,0.9997
Kepler-1072 b,Kepler-1072,2,Hot,1e-04,0.9995,0.0004,0.9995
Kepler-1073 b,Kepler-1073,2,Hot,0.0002,0.9994,0.0005,0.9994
Kepler-1073 c,Kepler-1073,2,Hot,0.0002,0.9996,0.0002,0.9996
Kepler-1073 d,Kepler-1073,2,Hot,1e-04,0.9996,0.0003,0.9996
Kepler-1074 b,Kepler-1074,2,Hot,0.001,0.9985,0.0005,0.9985
Kepler-1075 b,Kepler-1075,2,Hot,0.0003,0.9995,0.0002,0.9995
Kepler-1076 b,Kepler-1076,2,Hot,0.0002,0.9997,1e-04,0.9997
Kepler-1077 b,Kepler-1077,2,Hot,0.0165,0.9756,0.0078,0.9756
Kepler-1078 b,Kepler-1078,2,Hot,1e-04,0.9997,0.0002,0.9997
Kepler-1079 b,Kepler-1079,2,Hot,0.0012,0.9979,0.0009,0.9979
Kepler-108 b,Kepler-108,3,Gas-Giant,0.0007,0.0179,0.9814,0.9814
Kepler-108 c,Kepler-108,3,Gas-Giant,0.0323,0.0055,0.9622,0.9622
Kepler-1080 b,Kepler-1080,2,Hot,0.1274,0.7941,0.0785,0.7941
Kepler-1081 b,Kepler-1081,2,Hot,1e-04,0.9997,0.0002,0.9997
Kepler-1082 b,Kepler-1082,2,Hot,0.0002,0.9995,0.0003,0.9995
Kepler-1083 b,Kepler-1083,2,Hot,0.1294,0.8625,0.0081,0.8625
Kepler-1084 b,Kepler-1084,2,Hot,0.0002,0.9995,0.0003,0.9995
Kepler-1085 b,Kepler-1085,3,Gas-Giant,0.0582,0.01,0.9318,0.9318
Kepler-1085 c,Kepler-1085,2,Hot,0.0979,0.8537,0.0485,0.8537
Kepler-1086 b,Kepler-1086,2,Hot,0.1353,0.8584,0.0062,0.8584
Kepler-1086 c,Kepler-1086,1,Rocky-Habitable,0.9936,0.0044,0.002,0.9936
Kepler-1087 b,Kepler-1087,2,Hot,1e-04,0.9995,0.0003,0.9995
Kepler-1088 b,Kepler-1088,2,Hot,0.0038,0.9948,0.0014,0.9948
Kepler-1089 b,Kepler-1089,2,Hot,0.0007,0.999,0.0002,0.999
Kepler-1090 b,Kepler-1090,1,Rocky-Habitable,0.9955,0.0034,0.0011,0.9955
Kepler-1090 c,Kepler-1090,2,Hot,0.1515,0.8102,0.0382,0.8102
Kepler-1091 b,Kepler-1091,2,Hot,1e-04,0.9996,0.0003,0.9996
Kepler-1092 b,Kepler-1092,2,Hot,0.4793,0.5108,0.0099,0.5108
Kepler-1093 b,Kepler-1093,2,Hot,0.0045,0.9944,0.001,0.9944
Kepler-1093 c,Kepler-1093,1,Rocky-Habitable,0.5107,0.4766,0.0127,0.5107
Kepler-1094 b,Kepler-1094,2,Hot,0.0815,0.8657,0.0528,0.8657
Kepler-1095 b,Kepler-1095,2,Hot,0.0002,0.9997,0.0002,0.9997
Kepler-1096 b,Kepler-1096,2,Hot,0.0002,0.9996,0.0002,0.9996
Kepler-1097 b,Kepler-1097,1,Rocky-Habitable,0.9801,0.0134,0.0065,0.9801
Kepler-1098 b,Kepler-1098,2,Hot,0.0002,0.9996,0.0002,0.9996
Kepler-1099 b,Kepler-1099,2,Hot,1e-04,0.9994,0.0004,0.9994
Kepler-11 b,Kepler-11,2,Hot,0.0002,0.9992,0.0006,0.9992
Kepler-11 c,Kepler-11,2,Hot,0.0011,0.9796,0.0194,0.9796
Kepler-11 d,Kepler-11,2,Hot,0.0005,0.9976,0.0018,0.9976
Kepler-11 e,Kepler-11,2,Hot,0.0028,0.9696,0.0276,0.9696
Kepler-11 f,Kepler-11,2,Hot,0.0082,0.9795,0.0123,0.9795
Kepler-11 g,Kepler-11,2,Hot,0.0534,0.9059,0.0408,0.9059
Kepler-110 b,Kepler-110,2,Hot,0.0003,0.9994,0.0003,0.9994
Kepler-110 c,Kepler-110,2,Hot,0.0046,0.9943,0.0011,0.9943
Kepler-1100 b,Kepler-1100,2,Hot,1e-04,0.9995,0.0003,0.9995
Kepler-1101 b,Kepler-1101,2,Hot,0.4399,0.5495,0.0106,0.5495
Kepler-1102 b,Kepler-1102,2,Hot,0.1365,0.8524,0.0111,0.8524
Kepler-1103 b,Kepler-1103,2,Hot,0.0007,0.9987,0.0006,0.9987
Kepler-1104 b,Kepler-1104,2,Hot,1e-04,0.9995,0.0004,0.9995
Kepler-1105 b,Kepler-1105,2,Hot,0.0004,0.999,0.0006,0.999
Kepler-1106 b,Kepler-1106,2,Hot,1e-04,0.9996,0.0003,0.9996
Kepler-1107 b,Kepler-1107,2,Hot,0.0002,0.9997,0.0002,0.9997
Kepler-1108 b,Kepler-1108,2,Hot,0.0002,0.9997,0.0002,0.9997
Kepler-1109 b,Kepler-1109,2,Hot,0.0389,0.9562,0.005,0.9562
Kepler-111 b,Kepler-111,2,Hot,0.0002,0.9992,0.0006,0.9992
Kepler-1110 b,Kepler-1110,2,Hot,0.0004,0.9991,0.0005,0.9991
Kepler-1111 b,Kepler-1111,2,Hot,1e-04,0.9995,0.0004,0.9995
Kepler-1112 b,Kepler-1112,2,Hot,0.0002,0.9983,0.0015,0.9983
Kepler-1113 b,Kepler-1113,2,Hot,0.0517,0.9232,0.0251,0.9232
Kepler-1114 b,Kepler-1114,2,Hot,0.0015,0.9982,0.0003,0.9982
Kepler-1115 b,Kepler-1115,2,Hot,0.001,0.9956,0.0033,0.9956
Kepler-1116 b,Kepler-1116,2,Hot,0.0334,0.9617,0.0049,0.9617
Kepler-1117 b,Kepler-1117,2,Hot,1e-04,0.9997,0.0002,0.9997
Kepler-1118 b,Kepler-1118,2,Hot,0.02,0.975,0.005,0.975
Kepler-1119 b,Kepler-1119,2,Hot,1e-04,0.9996,0.0003,0.9996
Kepler-112 b,Kepler-112,2,Hot,0.0002,0.9994,0.0004,0.9994
Kepler-112 c,Kepler-112,2,Hot,0.0042,0.995,0.0007,0.995
Kepler-1120 b,Kepler-1120,2,Hot,0.0002,0.9996,0.0002,0.9996
Kepler-1121 b,Kepler-1121,2,Hot,0.0003,0.9991,0.0006,0.9991
Kepler-1122 b,Kepler-1122,2,Hot,0.0769,0.9187,0.0044,0.9187
Kepler-1123 b,Kepler-1123,2,Hot,1e-04,0.9997,0.0002,0.9997
Kepler-1124 b,Kepler-1124,2,Hot,0.0004,0.9994,0.0002,0.9994
Kepler-1125 b,Kepler-1125,2,Hot,0.0009,0.9989,0.0003,0.9989
Kepler-1126 b,Kepler-1126,1,Rocky-Habitable,0.7993,0.1938,0.0068,0.7993
Kepler-1127 b,Kepler-1127,2,Hot,1e-04,0.9997,0.0002,0.9997
Kepler-1128 b,Kepler-1128,2,Hot,0.1628,0.768,0.0693,0.768
Kepler-1129 b,Kepler-1129,2,Hot,0.0038,0.9939,0.0022,0.9939
Kepler-1129 c,Kepler-1129,2,Hot,0.3045,0.677,0.0185,0.677
Kepler-113 b,Kepler-113,2,Hot,0.0003,0.999,0.0007,0.999
Kepler-113 c,Kepler-113,2,Hot,0.0007,0.9986,0.0007,0.9986
Kepler-1130 b,Kepler-1130,2,Hot,0.0002,0.9997,1e-04,0.9997
Kepler-1130 c,Kepler-1130,2,Hot,1e-04,0.9997,0.0002,0.9997
Kepler-1130 d,Kepler-1130,2,Hot,1e-04,0.9996,0.0002,0.9996
Kepler-1131 b,Kepler-1131,2,Hot,1e-04,0.9996,0.0003,0.9996
Kepler-1132 b,Kepler-1132,1,Rocky-Habitable,0.7387,0.2561,0.0051,0.7387
Kepler-1133 b,Kepler-1133,2,Hot,0.0003,0.9995,0.0002,0.9995
Kepler-1134 b,Kepler-1134,2,Hot,0.0011,0.9984,0.0005,0.9984
Kepler-1135 b,Kepler-1135,2,Hot,0.3884,0.5984,0.0132,0.5984
Kepler-1136 b,Kepler-1136,2,Hot,0.0002,0.9996,0.0002,0.9996
Kepler-1137 b,Kepler-1137,2,Hot,0.0007,0.997,0.0023,0.997
Kepler-1138 b,Kepler-1138,2,Hot,1e-04,0.9997,0.0002,0.9997
Kepler-1139 b,Kepler-1139,2,Hot,1e-04,0.9997,0.0002,0.9997
Kepler-114 b,Kepler-114,2,Hot,0.0004,0.9994,0.0002,0.9994
Kepler-114 c,Kepler-114,2,Hot,1e-04,0.9997,1e-04,0.9997
Kepler-114 d,Kepler-114,2,Hot,0.0004,0.9979,0.0017,0.9979
Kepler-1140 b,Kepler-1140,2,Hot,0.1751,0.8203,0.0046,0.8203
Kepler-1141 b,Kepler-1141,2,Hot,0.0002,0.9995,0.0003,0.9995
Kepler-1142 b,Kepler-1142,2,Hot,0.0022,0.9974,0.0004,0.9974
Kepler-1143 b,Kepler-1143,2,Hot,0.0002,0.9997,0.0002,0.9997
Kepler-1143 c,Kepler-1143,1,Rocky-Habitable,0.9625,0.0205,0.017,0.9625
Kepler-1144 b,Kepler-1144,2,Hot,0.0008,0.9989,0.0003,0.9989
Kepler-1145 b,Kepler-1145,2,Hot,0.0002,0.9996,0.0002,0.9996
Kepler-1146 b,Kepler-1146,2,Hot,0.0002,0.9996,0.0002,0.9996
Kepler-1147 b,Kepler-1147,2,Hot,0.0002,0.999,0.0009,0.999
Kepler-1148 b,Kepler-1148,2,Hot,1e-04,0.9997,0.0002,0.9997
Kepler-1149 b,Kepler-1149,2,Hot,0.0002,0.9996,0.0003,0.9996
Kepler-115 b,Kepler-115,2,Hot,0.0003,0.9991,0.0006,0.9991
Kepler-115 c,Kepler-115,2,Hot,0.0002,0.9993,0.0005,0.9993
Kepler-1150 b,Kepler-1150,2,Hot,0.0002,0.9996,0.0002,0.9996
Kepler-1151 b,Kepler-1151,1,Rocky-Habitable,0.5567,0.4343,0.009,0.5567
Kepler-1152 b,Kepler-1152,2,Hot,0.0003,0.9996,0.0002,0.9996
Kepler-1153 b,Kepler-1153,2,Hot,1e-04,0.9997,0.0002,0.9997
Kepler-1154 b,Kepler-1154,2,Hot,1e-04,0.9992,0.0006,0.9992
Kepler-1154 c,Kepler-1154,2,Hot,1e-04,0.9991,0.0007,0.9991
Kepler-1155 b,Kepler-1155,2,Hot,0.0361,0.9596,0.0043,0.9596
Kepler-1156 b,Kepler-1156,2,Hot,0.0005,0.9992,0.0003,0.9992
Kepler-1157 b,Kepler-1157,2,Hot,0.0002,0.9996,0.0002,0.9996
Kepler-1158 b,Kepler-1158,2,Hot,0.0005,0.9978,0.0016,0.9978
Kepler-1159 b,Kepler-1159,2,Hot,0.0017,0.9967,0.0016,0.9967
Kepler-116 b,Kepler-116,2,Hot,0.0002,0.9978,0.0019,0.9978
Kepler-116 c,Kepler-116,2,Hot,0.0002,0.9993,0.0005,0.9993
Kepler-1160 b,Kepler-1160,2,Hot,0.0002,0.9996,0.0003,0.9996
Kepler-1161 b,Kepler-1161,2,Hot,0.0008,0.9989,0.0003,0.9989
Kepler-1162 b,Kepler-1162,2,Hot,0.1512,0.8458,0.003,0.8458
Kepler-1163 b,Kepler-1163,2,Hot,0.0002,0.9996,0.0002,0.9996
Kepler-1164 b,Kepler-1164,2,Hot,0.0002,0.9997,0.0002,0.9997
Kepler-1165 b,Kepler-1165,2,Hot,0.0002,0.9992,0.0006,0.9992
Kepler-1165 c,Kepler-1165,2,Hot,0.0026,0.9932,0.0041,0.9932
Kepler-1166 b,Kepler-1166,2,Hot,0.157,0.8399,0.0032,0.8399
Kepler-1167 b,Kepler-1167,2,Hot,1e-04,0.9997,0.0002,0.9997
Kepler-1168 b,Kepler-1168,1,Rocky-Habitable,0.6932,0.2979,0.0089,0.6932
Kepler-1169 b,Kepler-1169,2,Hot,0.0002,0.9992,0.0006,0.9992
Kepler-1170 b,Kepler-1170,2,Hot,0.0003,0.9994,0.0003,0.9994
Kepler-1171 b,Kepler-1171,2,Hot,0.0002,0.9979,0.0019,0.9979
Kepler-1172 b,Kepler-1172,2,Hot,0.007,0.9893,0.0037,0.9893
Kepler-1173 b,Kepler-1173,2,Hot,0.0002,0.9996,0.0002,0.9996
Kepler-1174 b,Kepler-1174,2,Hot,0.0002,0.9996,0.0002,0.9996
Kepler-1175 b,Kepler-1175,2,Hot,0.0301,0.9618,0.0081,0.9618
Kepler-1176 b,Kepler-1176,2,Hot,0.0024,0.9961,0.0015,0.9961
Kepler-1177 b,Kepler-1177,1,Rocky-Habitable,0.6781,0.3089,0.013,0.6781
Kepler-1178 b,Kepler-1178,2,Hot,0.4271,0.5707,0.0023,0.5707
Kepler-1179 b,Kepler-1179,2,Hot,0.0002,0.9997,0.0002,0.9997
Kepler-118 b,Kepler-118,2,Hot,0.0002,0.9996,0.0002,0.9996
Kepler-118 c,Kepler-118,3,Gas-Giant,0.0014,0.1548,0.8437,0.8437
Kepler-1180 b,Kepler-1180,2,Hot,0.0005,0.9992,0.0003,0.9992
Kepler-1181 b,Kepler-1181,2,Hot,1e-04,0.9996,0.0002,0.9996
Kepler-1182 b,Kepler-1182,2,Hot,0.0002,0.9994,0.0004,0.9994
Kepler-1183 b,Kepler-1183,2,Hot,0.0108,0.9826,0.0066,0.9826
Kepler-1184 b,Kepler-1184,2,Hot,0.1153,0.8698,0.0149,0.8698
Kepler-1185 b,Kepler-1185,1,Rocky-Habitable,0.9291,0.0681,0.0029,0.9291
Kepler-1186 b,Kepler-1186,2,Hot,0.0004,0.9992,0.0004,0.9992
Kepler-1187 b,Kepler-1187,2,Hot,0.0006,0.9986,0.0008,0.9986
Kepler-1188 b,Kepler-1188,2,Hot,0.0007,0.9989,0.0004,0.9989
Kepler-1189 b,Kepler-1189,2,Hot,1e-04,0.9995,0.0004,0.9995
Kepler-119 b,Kepler-119,2,Hot,0.0002,0.9978,0.0019,0.9978
Kepler-119 c,Kepler-119,2,Hot,0.0003,0.9994,0.0004,0.9994
Kepler-1190 b,Kepler-1190,2,Hot,0.0016,0.998,0.0004,0.998
Kepler-1191 b,Kepler-1191,2,Hot,0.0002,0.9997,1e-04,0.9997
Kepler-1192 b,Kepler-1192,2,Hot,0.0067,0.992,0.0014,0.992
Kepler-1193 b,Kepler-1193,2,Hot,0.0002,0.9995,0.0004,0.9995
Kepler-1194 b,Kepler-1194,2,Hot,0.0016,0.9981,0.0003,0.9981
Kepler-1195 b,Kepler-1195,2,Hot,0.0002,0.9996,0.0002,0.9996
Kepler-1196 b,Kepler-1196,2,Hot,0.3604,0.6277,0.0119,0.6277
Kepler-1197 b,Kepler-1197,2,Hot,0.0002,0.9996,0.0002,0.9996
Kepler-1198 b,Kepler-1198,2,Hot,0.0002,0.9995,0.0002,0.9995
Kepler-1199 b,Kepler-1199,2,Hot,0.0006,0.9991,0.0003,0.9991
Kepler-120 b,Kepler-120,2,Hot,0.0011,0.9985,0.0004,0.9985
Kepler-120 c,Kepler-120,2,Hot,0.0265,0.9717,0.0018,0.9717
Kepler-1200 b,Kepler-1200,2,Hot,0.0002,0.9996,0.0002,0.9996
Kepler-1201 b,Kepler-1201,2,Hot,0.0004,0.9991,0.0005,0.9991
Kepler-1202 b,Kepler-1202,2,Hot,0.0104,0.9815,0.0081,0.9815
Kepler-1203 b,Kepler-1203,2,Hot,0.0003,0.9996,0.0002,0.9996
Kepler-1204 b,Kepler-1204,2,Hot,0.2454,0.7086,0.0459,0.7086
Kepler-1205 b,Kepler-1205,2,Hot,0.0002,0.9996,0.0002,0.9996
Kepler-1206 b,Kepler-1206,2,Hot,0.0002,0.9996,0.0002,0.9996
Kepler-1207 b,Kepler-1207,2,Hot,0.0005,0.9991,0.0004,0.9991
Kepler-1208 b,Kepler-1208,2,Hot,0.0005,0.9992,0.0003,0.9992
Kepler-1209 b,Kepler-1209,2,Hot,0.0091,0.9877,0.0033,0.9877
Kepler-121 b,Kepler-121,2,Hot,0.0002,0.9992,0.0006,0.9992
Kepler-121 c,Kepler-121,2,Hot,0.0081,0.991,0.0009,0.991
Kepler-1210 b,Kepler-1210,2,Hot,0.0003,0.9994,0.0003,0.9994
Kepler-1211 b,Kepler-1211,2,Hot,0.0002,0.9994,0.0004,0.9994
Kepler-1212 b,Kepler-1212,2,Hot,0.0002,0.9994,0.0004,0.9994
Kepler-1213 b,Kepler-1213,2,Hot,0.0002,0.9995,0.0004,0.9995
Kepler-1214 b,Kepler-1214,2,Hot,0.0042,0.9946,0.0012,0.9946
Kepler-1215 b,Kepler-1215,2,Hot,1e-04,0.9997,1e-04,0.9997
Kepler-1216 b,Kepler-1216,2,Hot,0.0002,0.9996,0.0002,0.9996
Kepler-1217 b,Kepler-1217,2,Hot,1e-04,0.9994,0.0005,0.9994
Kepler-1218 b,Kepler-1218,2,Hot,0.0037,0.9953,0.0011,0.9953
Kepler-1219 b,Kepler-1219,2,Hot,0.0004,0.999,0.0006,0.999
Kepler-122 b,Kepler-122,2,Hot,0.0002,0.9993,0.0006,0.9993
Kepler-122 c,Kepler-122,2,Hot,0.0011,0.745,0.2539,0.745
Kepler-122 d,Kepler-122,2,Hot,0.0008,0.9986,0.0006,0.9986
Kepler-122 e,Kepler-122,2,Hot,0.0013,0.9976,0.0011,0.9976
Kepler-122 f,Kepler-122,1,Rocky-Habitable,0.6663,0.1322,0.2015,0.6663
Kepler-1220 b,Kepler-1220,2,Hot,0.0002,0.9996,0.0002,0.9996
Kepler-1221 b,Kepler-1221,2,Hot,0.0009,0.9986,0.0005,0.9986
Kepler-1222 b,Kepler-1222,2,Hot,0.0002,0.9996,0.0002,0.9996
Kepler-1223 b,Kepler-1223,2,Hot,0.0156,0.9833,0.0011,0.9833
Kepler-1224 b,Kepler-1224,2,Hot,0.0005,0.9989,0.0006,0.9989
Kepler-1225 b,Kepler-1225,2,Hot,1e-04,0.9997,0.0002,0.9997
Kepler-1226 b,Kepler-1226,2,Hot,0.0009,0.9988,0.0003,0.9988
Kepler-1227 b,Kepler-1227,1,Rocky-Habitable,0.6377,0.3509,0.0114,0.6377
Kepler-1228 b,Kepler-1228,2,Hot,1e-04,0.9996,0.0002,0.9996
Kepler-1229 b,Kepler-1229,1,Rocky-Habitable,0.9961,0.0032,0.0008,0.9961
Kepler-123 b,Kepler-123,2,Hot,0.0004,0.9984,0.0012,0.9984
Kepler-123 c,Kepler-123,2,Hot,0.0033,0.9959,0.0007,0.9959
Kepler-1230 b,Kepler-1230,2,Hot,0.0002,0.9992,0.0006,0.9992
Kepler-1231 b,Kepler-1231,2,Hot,0.0003,0.9994,0.0003,0.9994
Kepler-1232 b,Kepler-1232,2,Hot,0.0662,0.9301,0.0036,0.9301
Kepler-1233 b,Kepler-1233,2,Hot,0.019,0.9748,0.0062,0.9748
Kepler-1234 b,Kepler-1234,2,Hot,0.0007,0.9988,0.0005,0.9988
Kepler-1235 b,Kepler-1235,2,Hot,1e-04,0.9997,0.0002,0.9997
Kepler-1236 b,Kepler-1236,2,Hot,0.1669,0.8301,0.0029,0.8301
Kepler-1237 b,Kepler-1237,2,Hot,0.4297,0.5493,0.021,0.5493
Kepler-1238 b,Kepler-1238,2,Hot,1e-04,0.9992,0.0006,0.9992
Kepler-1239 b,Kepler-1239,2,Hot,1e-04,0.9983,0.0016,0.9983
Kepler-124 b,Kepler-124,2,Hot,0.0003,0.9993,0.0004,0.9993
Kepler-124 c,Kepler-124,2,Hot,0.0012,0.9984,0.0003,0.9984
Kepler-124 d,Kepler-124,2,Hot,0.0801,0.919,0.0009,0.919
Kepler-1240 b,Kepler-1240,2,Hot,0.0002,0.9997,0.0002,0.9997
Kepler-1241 b,Kepler-1241,2,Hot,0.0017,0.9977,0.0006,0.9977
Kepler-1242 b,Kepler-1242,2,Hot,0.0034,0.9962,0.0004,0.9962
Kepler-1243 b,Kepler-1243,2,Hot,0.0013,0.9983,0.0003,0.9983
Kepler-1244 b,Kepler-1244,2,Hot,0.0002,0.9994,0.0005,0.9994
Kepler-1245 b,Kepler-1245,2,Hot,1e-04,0.9997,1e-04,0.9997
Kepler-1245 c,Kepler-1245,2,Hot,0.0002,0.9997,0.0002,0.9997
Kepler-1246 b,Kepler-1246,2,Hot,0.0037,0.9958,0.0005,0.9958
Kepler-1247 b,Kepler-1247,2,Hot,0.0009,0.9988,0.0003,0.9988
Kepler-1248 b,Kepler-1248,2,Hot,0.0004,0.9985,0.0011,0.9985
Kepler-1249 b,Kepler-1249,2,Hot,0.0028,0.9948,0.0025,0.9948
Kepler-125 b,Kepler-125,2,Hot,0.0008,0.9986,0.0005,0.9986
Kepler-125 c,Kepler-125,2,Hot,0.0017,0.9977,0.0005,0.9977
Kepler-1250 b,Kepler-1250,2,Hot,1e-04,0.9996,0.0003,0.9996
Kepler-1251 b,Kepler-1251,2,Hot,0.3321,0.6632,0.0047,0.6632
Kepler-1252 b,Kepler-1252,2,Hot,0.0005,0.9991,0.0004,0.9991
Kepler-1253 b,Kepler-1253,1,Rocky-Habitable,0.5838,0.4069,0.0093,0.5838
Kepler-1254 b,Kepler-1254,2,Hot,0.0004,0.9994,0.0002,0.9994
Kepler-1254 c,Kepler-1254,2,Hot,0.0002,0.9997,0.0002,0.9997
Kepler-1254 d,Kepler-1254,2,Hot,0.0002,0.9997,1e-04,0.9997
Kepler-1255 b,Kepler-1255,2,Hot,0.0241,0.9715,0.0044,0.9715
Kepler-1256 b,Kepler-1256,2,Hot,0.0003,0.9993,0.0004,0.9993
Kepler-1257 b,Kepler-1257,2,Hot,1e-04,0.9997,0.0002,0.9997
Kepler-1258 b,Kepler-1258,2,Hot,0.0002,0.9995,0.0003,0.9995
Kepler-1259 b,Kepler-1259,2,Hot,0.0002,0.9997,0.0002,0.9997
Kepler-126 b,Kepler-126,2,Hot,0.0002,0.9995,0.0003,0.9995
Kepler-126 c,Kepler-126,2,Hot,0.001,0.9984,0.0006,0.9984
Kepler-126 d,Kepler-126,2,Hot,0.0806,0.8933,0.0261,0.8933
Kepler-1260 b,Kepler-1260,2,Hot,0.0012,0.9983,0.0005,0.9983
Kepler-1261 b,Kepler-1261,1,Rocky-Habitable,0.7179,0.279,0.0031,0.7179
Kepler-1262 b,Kepler-1262,2,Hot,0.0002,0.9995,0.0003,0.9995
Kepler-1263 b,Kepler-1263,2,Hot,0.0002,0.9997,1e-04,0.9997
Kepler-1264 b,Kepler-1264,2,Hot,0.0002,0.9996,0.0003,0.9996
Kepler-1265 b,Kepler-1265,2,Hot,0.0003,0.9995,0.0002,0.9995
Kepler-1266 b,Kepler-1266,2,Hot,0.2532,0.744,0.0029,0.744
Kepler-1266 c,Kepler-1266,2,Hot,0.0002,0.9996,0.0002,0.9996
Kepler-1267 b,Kepler-1267,2,Hot,0.0002,0.9985,0.0013,0.9985
Kepler-1268 b,Kepler-1268,2,Hot,0.0447,0.9487,0.0066,0.9487
Kepler-1269 b,Kepler-1269,2,Hot,0.0365,0.9579,0.0056,0.9579
Kepler-127 b,Kepler-127,2,Hot,0.0004,0.9993,0.0003,0.9993
Kepler-127 c,Kepler-127,2,Hot,0.001,0.9978,0.0012,0.9978
Kepler-127 d,Kepler-127,2,Hot,0.003,0.994,0.003,0.994
Kepler-1270 b,Kepler-1270,2,Hot,1e-04,0.9997,0.0002,0.9997
Kepler-1271 b,Kepler-1271,2,Hot,1e-04,0.9996,0.0003,0.9996
Kepler-1272 b,Kepler-1272,2,Hot,0.1375,0.8494,0.0131,0.8494
Kepler-1273 b,Kepler-1273,2,Hot,0.0179,0.9783,0.0038,0.9783
Kepler-1274 b,Kepler-1274,2,Hot,0.0002,0.9994,0.0004,0.9994
Kepler-1275 b,Kepler-1275,2,Hot,1e-04,0.9995,0.0003,0.9995
Kepler-1276 b,Kepler-1276,2,Hot,0.0003,0.9994,0.0003,0.9994
Kepler-1277 b,Kepler-1277,2,Hot,0.1802,0.8161,0.0037,0.8161
Kepler-1278 b,Kepler-1278,2,Hot,0.0002,0.9995,0.0003,0.9995
Kepler-1279 b,Kepler-1279,2,Hot,0.004,0.9945,0.0015,0.9945
Kepler-128 b,Kepler-128,2,Hot,0.0007,0.9986,0.0006,0.9986
Kepler-128 c,Kepler-128,2,Hot,0.0014,0.9982,0.0004,0.9982
Kepler-1280 b,Kepler-1280,2,Hot,0.3763,0.6076,0.0161,0.6076
Kepler-1281 b,Kepler-1281,2,Hot,0.0002,0.9997,0.0002,0.9997
Kepler-1282 b,Kepler-1282,2,Hot,1e-04,0.9997,0.0002,0.9997
Kepler-1283 b,Kepler-1283,2,Hot,0.0003,0.9993,0.0004,0.9993
Kepler-1284 b,Kepler-1284,2,Hot,0.0002,0.9996,0.0002,0.9996
Kepler-1285 b,Kepler-1285,2,Hot,0.0011,0.9981,0.0008,0.9981
Kepler-1286 b,Kepler-1286,2,Hot,1e-04,0.9996,0.0003,0.9996
Kepler-1287 b,Kepler-1287,2,Hot,0.0004,0.9994,0.0002,0.9994
Kepler-1288 b,Kepler-1288,2,Hot,0.0002,0.9994,0.0004,0.9994
Kepler-1289 b,Kepler-1289,2,Hot,0.0002,0.9996,0.0002,0.9996
Kepler-129 b,Kepler-129,2,Hot,0.0008,0.9971,0.0021,0.9971
Kepler-129 c,Kepler-129,3,Gas-Giant,0.0089,0.2442,0.7469,0.7469
Kepler-129 d,Kepler-129,3,Gas-Giant,0.0387,0.02,0.9414,0.9414
Kepler-1290 b,Kepler-1290,2,Hot,1e-04,0.9997,0.0002,0.9997
Kepler-1291 b,Kepler-1291,2,Hot,0.0003,0.9995,0.0002,0.9995
Kepler-1292 b,Kepler-1292,2,Hot,1e-04,0.9997,0.0002,0.9997
Kepler-1293 b,Kepler-1293,2,Hot,0.0002,0.9996,0.0002,0.9996
Kepler-1294 b,Kepler-1294,2,Hot,0.4474,0.4965,0.0561,0.4965
Kepler-1295 b,Kepler-1295,2,Hot,1e-04,0.9997,0.0002,0.9997
Kepler-1296 b,Kepler-1296,2,Hot,0.0003,0.9995,0.0002,0.9995
Kepler-1297 b,Kepler-1297,2,Hot,0.0002,0.9995,0.0003,0.9995
Kepler-1298 b,Kepler-1298,2,Hot,0.0002,0.9994,0.0004,0.9994
Kepler-1299 b,Kepler-1299,2,Hot,0.0006,0.9986,0.0008,0.9986
Kepler-130 b,Kepler-130,2,Hot,0.0003,0.9993,0.0003,0.9993
Kepler-130 d,Kepler-130,2,Hot,0.1721,0.8219,0.006,0.8219
Kepler-1300 b,Kepler-1300,2,Hot,0.0028,0.9958,0.0014,0.9958
Kepler-1301 b,Kepler-1301,2,Hot,0.0003,0.9994,0.0002,0.9994
Kepler-1302 b,Kepler-1302,2,Hot,0.0004,0.9993,0.0004,0.9993
Kepler-1303 b,Kepler-1303,2,Hot,0.0002,0.9996,0.0002,0.9996
Kepler-1304 b,Kepler-1304,2,Hot,0.0014,0.9983,0.0003,0.9983
Kepler-1305 b,Kepler-1305,2,Hot,0.0005,0.9993,0.0002,0.9993
Kepler-1306 b,Kepler-1306,2,Hot,0.0008,0.9989,0.0004,0.9989
Kepler-1307 b,Kepler-1307,2,Hot,0.0006,0.9986,0.0009,0.9986
Kepler-1308 b,Kepler-1308,2,Hot,0.0006,0.9992,0.0002,0.9992
Kepler-1309 b,Kepler-1309,2,Hot,0.1401,0.8573,0.0026,0.8573
Kepler-131 b,Kepler-131,2,Hot,0.0024,0.9951,0.0025,0.9951
Kepler-131 c,Kepler-131,2,Hot,0.0153,0.7552,0.2296,0.7552
Kepler-1310 b,Kepler-1310,2,Hot,0.0002,0.9996,0.0002,0.9996
Kepler-1311 b,Kepler-1311,2,Hot,0.0004,0.9992,0.0004,0.9992
Kepler-1311 c,Kepler-1311,2,Hot,0.0002,0.9996,0.0003,0.9996
Kepler-1311 d,Kepler-1311,3,Gas-Giant,0.009,0.0011,0.9899,0.9899
Kepler-1312 b,Kepler-1312,2,Hot,1e-04,0.9997,0.0002,0.9997
Kepler-1312 c,Kepler-1312,2,Hot,0.0002,0.9996,0.0002,0.9996
Kepler-1313 b,Kepler-1313,2,Hot,1e-04,0.9997,0.0002,0.9997
Kepler-1314 b,Kepler-1314,2,Hot,0.0006,0.9958,0.0037,0.9958
Kepler-1315 b,Kepler-1315,2,Hot,0.0002,0.9996,0.0002,0.9996
Kepler-1315 c,Kepler-1315,2,Hot,0.0013,0.9969,0.0018,0.9969
Kepler-1316 b,Kepler-1316,2,Hot,0.1991,0.7336,0.0673,0.7336
Kepler-1317 b,Kepler-1317,2,Hot,1e-04,0.9997,0.0002,0.9997
Kepler-1318 b,Kepler-1318,1,Rocky-Habitable,0.9954,0.003,0.0016,0.9954
Kepler-1319 b,Kepler-1319,2,Hot,0.0008,0.9983,0.0009,0.9983
Kepler-132 b,Kepler-132,2,Hot,0.0003,0.9994,0.0003,0.9994
Kepler-132 c,Kepler-132,2,Hot,0.0003,0.9993,0.0004,0.9993
Kepler-132 d,Kepler-132,2,Hot,0.0006,0.999,0.0004,0.999
Kepler-132 e,Kepler-132,1,Rocky-Habitable,0.7937,0.1978,0.0085,0.7937
Kepler-1320 b,Kepler-1320,2,Hot,0.0002,0.9996,0.0002,0.9996
Kepler-1321 b,Kepler-1321,2,Hot,0.0049,0.9884,0.0067,0.9884
Kepler-1321 c,Kepler-1321,2,Hot,0.0002,0.9996,0.0002,0.9996
Kepler-1321 d,Kepler-1321,2,Hot,0.0074,0.9907,0.0019,0.9907
Kepler-1322 b,Kepler-1322,2,Hot,1e-04,0.9997,0.0002,0.9997
Kepler-1322 c,Kepler-1322,2,Hot,0.0002,0.9996,0.0002,0.9996
Kepler-1323 b,Kepler-1323,2,Hot,1e-04,0.9995,0.0003,0.9995
Kepler-1324 b,Kepler-1324,2,Hot,0.0002,0.9996,0.0002,0.9996
Kepler-1325 b,Kepler-1325,2,Hot,0.0154,0.9787,0.0059,0.9787
Kepler-1326 b,Kepler-1326,2,Hot,0.0063,0.9566,0.0371,0.9566
Kepler-1327 b,Kepler-1327,2,Hot,0.0006,0.9991,0.0003,0.9991
Kepler-1328 b,Kepler-1328,2,Hot,0.0002,0.9996,0.0002,0.9996
Kepler-1329 b,Kepler-1329,2,Hot,0.0015,0.9979,0.0006,0.9979
Kepler-133 b,Kepler-133,2,Hot,0.0003,0.9995,0.0003,0.9995
Kepler-133 c,Kepler-133,2,Hot,0.0025,0.9958,0.0017,0.9958
Kepler-1330 b,Kepler-1330,2,Hot,0.0003,0.9993,0.0004,0.9993
Kepler-1331 b,Kepler-1331,2,Hot,0.0002,0.9996,0.0002,0.9996
Kepler-1332 b,Kepler-1332,2,Hot,0.0005,0.9993,0.0002,0.9993
Kepler-1333 b,Kepler-1333,1,Rocky-Habitable,0.6232,0.3604,0.0164,0.6232
Kepler-1334 b,Kepler-1334,2,Hot,0.0005,0.9992,0.0003,0.9992
Kepler-1335 b,Kepler-1335,2,Hot,0.0002,0.9996,0.0002,0.9996
Kepler-1336 b,Kepler-1336,2,Hot,0.0252,0.9725,0.0023,0.9725
Kepler-1336 c,Kepler-1336,2,Hot,1e-04,0.9997,0.0002,0.9997
Kepler-1337 b,Kepler-1337,2,Hot,0.3705,0.6256,0.0039,0.6256
Kepler-1338 b,Kepler-1338,2,Hot,0.0002,0.9995,0.0003,0.9995
Kepler-1339 b,Kepler-1339,2,Hot,0.0002,0.9996,0.0002,0.9996
Kepler-134 b,Kepler-134,2,Hot,0.0002,0.9993,0.0006,0.9993
Kepler-134 c,Kepler-134,2,Hot,0.0002,0.9995,0.0003,0.9995
Kepler-1340 b,Kepler-1340,2,Hot,1e-04,0.9993,0.0006,0.9993
Kepler-1341 b,Kepler-1341,1,Rocky-Habitable,0.991,0.0063,0.0027,0.991
Kepler-1342 b,Kepler-1342,2,Hot,1e-04,0.9997,0.0002,0.9997
Kepler-1343 b,Kepler-1343,2,Hot,1e-04,0.9995,0.0003,0.9995
Kepler-1344 b,Kepler-1344,2,Hot,1e-04,0.9996,0.0003,0.9996
Kepler-1345 b,Kepler-1345,2,Hot,0.0095,0.9849,0.0056,0.9849
Kepler-1346 b,Kepler-1346,2,Hot,1e-04,0.9996,0.0003,0.9996
Kepler-1347 b,Kepler-1347,2,Hot,0.0014,0.9984,0.0002,0.9984
Kepler-1348 b,Kepler-1348,2,Hot,0.0173,0.9805,0.0021,0.9805
Kepler-1349 b,Kepler-1349,2,Hot,0.0002,0.9995,0.0003,0.9995
Kepler-135 b,Kepler-135,2,Hot,1e-04,0.9995,0.0004,0.9995
Kepler-135 c,Kepler-135,2,Hot,0.0002,0.9995,0.0003,0.9995
Kepler-1350 b,Kepler-1350,2,Hot,0.0005,0.9993,0.0003,0.9993
Kepler-1350 c,Kepler-1350,2,Hot,0.0004,0.9994,0.0002,0.9994
Kepler-1351 b,Kepler-1351,2,Hot,0.0002,0.9996,0.0002,0.9996
Kepler-1352 b,Kepler-1352,2,Hot,0.0002,0.9995,0.0003,0.9995
Kepler-1353 b,Kepler-1353,2,Hot,0.3903,0.6066,0.0031,0.6066
Kepler-1354 b,Kepler-1354,2,Hot,0.0477,0.9109,0.0414,0.9109
Kepler-1355 b,Kepler-1355,2,Hot,0.0002,0.9997,0.0002,0.9997
Kepler-1356 b,Kepler-1356,2,Hot,1e-04,0.9997,0.0002,0.9997
Kepler-1357 b,Kepler-1357,2,Hot,0.0002,0.9996,0.0002,0.9996
Kepler-1358 b,Kepler-1358,2,Hot,0.0002,0.9997,1e-04,0.9997
Kepler-1359 b,Kepler-1359,1,Rocky-Habitable,0.9578,0.0387,0.0035,0.9578
Kepler-136 b,Kepler-136,2,Hot,1e-04,0.9996,0.0003,0.9996
Kepler-136 c,Kepler-136,2,Hot,0.0006,0.999,0.0005,0.999
Kepler-1360 b,Kepler-1360,2,Hot,0.0041,0.9715,0.0244,0.9715
Kepler-1361 b,Kepler-1361,2,Hot,0.0002,0.9997,0.0002,0.9997
Kepler-1362 b,Kepler-1362,1,Rocky-Habitable,0.9906,0.0068,0.0026,0.9906
Kepler-1363 b,Kepler-1363,2,Hot,0.0002,0.9996,0.0002,0.9996
Kepler-1364 b,Kepler-1364,2,Hot,0.0002,0.9984,0.0014,0.9984
Kepler-1365 b,Kepler-1365,2,Hot,0.0002,0.9996,0.0002,0.9996
Kepler-1365 c,Kepler-1365,2,Hot,0.0002,0.9996,0.0002,0.9996
Kepler-1366 b,Kepler-1366,2,Hot,0.0003,0.9996,0.0002,0.9996
Kepler-1367 b,Kepler-1367,2,Hot,0.0003,0.9996,0.0002,0.9996
Kepler-1368 b,Kepler-1368,2,Hot,1e-04,0.9995,0.0004,0.9995
Kepler-1369 b,Kepler-1369,2,Hot,0.0036,0.9936,0.0027,0.9936
Kepler-137 b,Kepler-137,2,Hot,0.0004,0.9994,0.0003,0.9994
Kepler-137 c,Kepler-137,2,Hot,0.0024,0.9972,0.0004,0.9972
Kepler-1370 b,Kepler-1370,2,Hot,0.001,0.9984,0.0006,0.9984
Kepler-1370 c,Kepler-1370,2,Hot,0.0002,0.9995,0.0004,0.9995
Kepler-1371 b,Kepler-1371,2,Hot,0.0002,0.9996,0.0002,0.9996
Kepler-1371 c,Kepler-1371,2,Hot,0.0002,0.9996,0.0002,0.9996
Kepler-1372 b,Kepler-1372,2,Hot,1e-04,0.9996,0.0002,0.9996
Kepler-1373 b,Kepler-1373,2,Hot,1e-04,0.9996,0.0003,0.9996
Kepler-1374 b,Kepler-1374,2,Hot,0.0003,0.9994,0.0003,0.9994
Kepler-1375 b,Kepler-1375,2,Hot,1e-04,0.9991,0.0008,0.9991
Kepler-1376 b,Kepler-1376,2,Hot,1e-04,0.9997,0.0002,0.9997
Kepler-1377 b,Kepler-1377,2,Hot,1e-04,0.9997,0.0002,0.9997
Kepler-1378 b,Kepler-1378,2,Hot,0.011,0.9878,0.0011,0.9878
Kepler-1379 b,Kepler-1379,2,Hot,0.0002,0.9996,0.0002,0.9996
Kepler-138 e,Kepler-138,1,Rocky-Habitable,0.9878,0.0119,0.0003,0.9878
Kepler-1380 b,Kepler-1380,2,Hot,0.0003,0.9992,0.0004,0.9992
Kepler-1381 b,Kepler-1381,2,Hot,0.0056,0.9932,0.0012,0.9932
Kepler-1382 b,Kepler-1382,2,Hot,0.0014,0.9967,0.0019,0.9967
Kepler-1383 b,Kepler-1383,2,Hot,0.0004,0.9992,0.0004,0.9992
Kepler-1384 b,Kepler-1384,2,Hot,0.005,0.9946,0.0003,0.9946
Kepler-1385 b,Kepler-1385,2,Hot,0.0002,0.9993,0.0005,0.9993
Kepler-1386 b,Kepler-1386,2,Hot,0.0002,0.9995,0.0003,0.9995
Kepler-1387 b,Kepler-1387,2,Hot,0.0002,0.9996,0.0002,0.9996
Kepler-1388 b,Kepler-1388,2,Hot,0.0943,0.9037,0.002,0.9037
Kepler-1388 c,Kepler-1388,2,Hot,0.0005,0.9992,0.0002,0.9992
Kepler-1388 d,Kepler-1388,1,Rocky-Habitable,0.7017,0.293,0.0053,0.7017
Kepler-1388 e,Kepler-1388,1,Rocky-Habitable,0.9939,0.0054,0.0007,0.9939
Kepler-1389 b,Kepler-1389,1,Rocky-Habitable,0.9812,0.018,0.0008,0.9812
Kepler-139 b,Kepler-139,2,Hot,0.0003,0.999,0.0006,0.999
Kepler-139 c,Kepler-139,2,Hot,0.3168,0.6344,0.0488,0.6344
Kepler-139 d,Kepler-139,2,Hot,0.0003,0.9995,0.0002,0.9995
Kepler-139 e,Kepler-139,3,Gas-Giant,0.3314,0.1055,0.5631,0.5631
Kepler-139 f,Kepler-139,1,Rocky-Habitable,0.9369,0.0258,0.0374,0.9369
Kepler-1390 b,Kepler-1390,2,Hot,0.0002,0.9996,0.0002,0.9996
Kepler-1391 b,Kepler-1391,2,Hot,0.3196,0.6642,0.0162,0.6642
Kepler-1392 b,Kepler-1392,2,Hot,0.001,0.9988,0.0003,0.9988
Kepler-1393 b,Kepler-1393,2,Hot,0.0002,0.9996,0.0002,0.9996
Kepler-1394 b,Kepler-1394,2,Hot,1e-04,0.9994,0.0004,0.9994
Kepler-1395 b,Kepler-1395,2,Hot,0.0002,0.9994,0.0004,0.9994
Kepler-1396 b,Kepler-1396,2,Hot,0.0004,0.9992,0.0004,0.9992
Kepler-1397 b,Kepler-1397,2,Hot,0.1552,0.8359,0.0089,0.8359
Kepler-1398 b,Kepler-1398,2,Hot,0.0002,0.9995,0.0003,0.9995
Kepler-1398 c,Kepler-1398,2,Hot,0.0002,0.9995,0.0003,0.9995
Kepler-1399 b,Kepler-1399,2,Hot,0.0002,0.9996,0.0002,0.9996
Kepler-14 b,Kepler-14,3,Gas-Giant,0.0002,0.0055,0.9944,0.9944
Kepler-140 b,Kepler-140,2,Hot,0.0002,0.999,0.0008,0.999
Kepler-140 c,Kepler-140,2,Hot,0.0415,0.9511,0.0074,0.9511
Kepler-1400 b,Kepler-1400,2,Hot,0.0003,0.9993,0.0003,0.9993
Kepler-1401 b,Kepler-1401,2,Hot,0.0002,0.9994,0.0004,0.9994
Kepler-1402 b,Kepler-1402,2,Hot,0.0002,0.9996,0.0002,0.9996
Kepler-1403 b,Kepler-1403,2,Hot,1e-04,0.9995,0.0003,0.9995
Kepler-1404 b,Kepler-1404,2,Hot,0.0017,0.9981,0.0003,0.9981
Kepler-1405 b,Kepler-1405,2,Hot,0.0082,0.9785,0.0133,0.9785
Kepler-1406 b,Kepler-1406,2,Hot,0.0004,0.9992,0.0004,0.9992
Kepler-1407 b,Kepler-1407,2,Hot,0.0007,0.9984,0.0009,0.9984
Kepler-1408 b,Kepler-1408,2,Hot,0.0002,0.9995,0.0003,0.9995
Kepler-1409 b,Kepler-1409,2,Hot,0.0002,0.9996,0.0002,0.9996
Kepler-141 b,Kepler-141,2,Hot,0.0003,0.9993,0.0004,0.9993
Kepler-141 c,Kepler-141,2,Hot,0.0004,0.9993,0.0003,0.9993
Kepler-1410 b,Kepler-1410,1,Rocky-Habitable,0.9951,0.0042,0.0007,0.9951
Kepler-1411 b,Kepler-1411,2,Hot,0.3449,0.6366,0.0185,0.6366
Kepler-1412 b,Kepler-1412,2,Hot,0.0002,0.9995,0.0003,0.9995
Kepler-1413 b,Kepler-1413,2,Hot,0.0012,0.9985,0.0003,0.9985
Kepler-1414 b,Kepler-1414,2,Hot,0.0002,0.9997,0.0002,0.9997
Kepler-1415 b,Kepler-1415,2,Hot,1e-04,0.9996,0.0002,0.9996
Kepler-1416 b,Kepler-1416,2,Hot,0.0002,0.9995,0.0003,0.9995
Kepler-1417 b,Kepler-1417,2,Hot,0.0049,0.9942,0.0009,0.9942
Kepler-1418 b,Kepler-1418,2,Hot,0.2451,0.7517,0.0032,0.7517
Kepler-1419 b,Kepler-1419,2,Hot,0.0237,0.9656,0.0107,0.9656
Kepler-142 b,Kepler-142,2,Hot,0.0002,0.9987,0.0011,0.9987
Kepler-142 c,Kepler-142,2,Hot,0.0002,0.9989,0.0009,0.9989
Kepler-142 d,Kepler-142,2,Hot,0.011,0.988,0.0011,0.988
Kepler-1420 b,Kepler-1420,2,Hot,0.0002,0.9997,1e-04,0.9997
Kepler-1421 b,Kepler-1421,2,Hot,0.0002,0.9995,0.0004,0.9995
Kepler-1422 b,Kepler-1422,2,Hot,0.0007,0.999,0.0003,0.999
Kepler-1423 b,Kepler-1423,2,Hot,0.2677,0.7294,0.003,0.7294
Kepler-1424 b,Kepler-1424,2,Hot,0.0995,0.8978,0.0027,0.8978
Kepler-1425 b,Kepler-1425,2,Hot,0.001,0.9988,0.0002,0.9988
Kepler-1426 b,Kepler-1426,2,Hot,0.0009,0.9988,0.0004,0.9988
Kepler-1427 b,Kepler-1427,2,Hot,0.0002,0.9995,0.0003,0.9995
Kepler-1428 b,Kepler-1428,2,Hot,0.0006,0.9981,0.0013,0.9981
Kepler-1429 b,Kepler-1429,2,Hot,0.0002,0.9996,0.0003,0.9996
Kepler-143 b,Kepler-143,2,Hot,0.0004,0.999,0.0006,0.999
Kepler-143 c,Kepler-143,2,Hot,0.0019,0.9945,0.0036,0.9945
Kepler-1430 b,Kepler-1430,2,Hot,0.0002,0.9996,0.0002,0.9996
Kepler-1431 b,Kepler-1431,2,Hot,0.0002,0.9995,0.0003,0.9995
Kepler-1432 b,Kepler-1432,2,Hot,0.0028,0.9959,0.0013,0.9959
Kepler-1433 b,Kepler-1433,2,Hot,1e-04,0.9995,0.0004,0.9995
Kepler-1434 b,Kepler-1434,2,Hot,0.0004,0.9987,0.001,0.9987
Kepler-1435 b,Kepler-1435,2,Hot,0.0002,0.9996,0.0002,0.9996
Kepler-1436 b,Kepler-1436,2,Hot,0.0003,0.9994,0.0003,0.9994
Kepler-1437 b,Kepler-1437,2,Hot,0.0003,0.9995,0.0002,0.9995
Kepler-1438 b,Kepler-1438,2,Hot,1e-04,0.9996,0.0003,0.9996
Kepler-1439 b,Kepler-1439,2,Hot,0.0314,0.967,0.0016,0.967
Kepler-144 b,Kepler-144,2,Hot,0.0003,0.9994,0.0003,0.9994
Kepler-144 c,Kepler-144,2,Hot,0.0002,0.9995,0.0003,0.9995
Kepler-1440 b,Kepler-1440,2,Hot,0.1737,0.8219,0.0044,0.8219
Kepler-1441 b,Kepler-1441,2,Hot,0.1306,0.8658,0.0037,0.8658
Kepler-1442 b,Kepler-1442,2,Hot,0.033,0.8376,0.1294,0.8376
Kepler-1443 b,Kepler-1443,2,Hot,0.0002,0.9995,0.0003,0.9995
Kepler-1444 b,Kepler-1444,2,Hot,0.0339,0.9608,0.0052,0.9608
Kepler-1445 b,Kepler-1445,2,Hot,0.0003,0.9993,0.0004,0.9993
Kepler-1446 b,Kepler-1446,2,Hot,0.0002,0.9996,0.0002,0.9996
Kepler-1447 b,Kepler-1447,2,Hot,0.2015,0.7713,0.0271,0.7713
Kepler-1448 b,Kepler-1448,2,Hot,0.0004,0.9994,0.0003,0.9994
Kepler-1449 b,Kepler-1449,2,Hot,0.0004,0.9992,0.0004,0.9992
Kepler-145 b,Kepler-145,2,Hot,0.011,0.9663,0.0227,0.9663
Kepler-145 c,Kepler-145,2,Hot,0.0678,0.7442,0.188,0.7442
Kepler-1450 b,Kepler-1450,1,Rocky-Habitable,0.9858,0.013,0.0012,0.9858
Kepler-1451 b,Kepler-1451,2,Hot,0.0182,0.9738,0.008,0.9738
Kepler-1452 b,Kepler-1452,2,Hot,0.0545,0.926,0.0195,0.926
Kepler-1453 b,Kepler-1453,2,Hot,0.0719,0.9185,0.0096,0.9185
Kepler-1454 b,Kepler-1454,2,Hot,0.4882,0.5068,0.0049,0.5068
Kepler-1455 b,Kepler-1455,1,Rocky-Habitable,0.9955,0.0039,0.0006,0.9955
Kepler-1456 b,Kepler-1456,2,Hot,0.2027,0.7935,0.0039,0.7935
Kepler-1457 b,Kepler-1457,2,Hot,0.249,0.7421,0.009,0.7421
Kepler-1458 b,Kepler-1458,2,Hot,0.0734,0.9142,0.0124,0.9142
Kepler-1459 b,Kepler-1459,1,Rocky-Habitable,0.9763,0.0223,0.0014,0.9763
Kepler-146 b,Kepler-146,2,Hot,0.0019,0.9895,0.0085,0.9895
Kepler-146 c,Kepler-146,2,Hot,0.0101,0.9649,0.025,0.9649
Kepler-1460 b,Kepler-1460,1,Rocky-Habitable,0.8388,0.1585,0.0027,0.8388
Kepler-1461 b,Kepler-1461,2,Hot,0.4499,0.5478,0.0023,0.5478
Kepler-1462 b,Kepler-1462,2,Hot,0.1166,0.8047,0.0788,0.8047
Kepler-1463 b,Kepler-1463,2,Hot,0.0106,0.9877,0.0017,0.9877
Kepler-1464 b,Kepler-1464,2,Hot,0.037,0.9591,0.0039,0.9591
Kepler-1464 c,Kepler-1464,2,Hot,0.0002,0.9996,0.0002,0.9996
Kepler-1465 b,Kepler-1465,1,Rocky-Habitable,0.6762,0.3212,0.0025,0.6762
Kepler-1466 b,Kepler-1466,2,Hot,0.0429,0.9541,0.003,0.9541
Kepler-1467 b,Kepler-1467,2,Hot,0.1013,0.8798,0.0188,0.8798
Kepler-1468 b,Kepler-1468,2,Hot,0.0002,0.9995,0.0003,0.9995
Kepler-1468 c,Kepler-1468,2,Hot,0.0002,0.9996,0.0003,0.9996
Kepler-1468 d,Kepler-1468,2,Hot,0.0018,0.9917,0.0066,0.9917
Kepler-1469 b,Kepler-1469,2,Hot,0.0017,0.9964,0.0019,0.9964
Kepler-147 b,Kepler-147,2,Hot,0.0003,0.9994,0.0003,0.9994
Kepler-147 c,Kepler-147,2,Hot,0.0022,0.9969,0.0009,0.9969
Kepler-1470 b,Kepler-1470,2,Hot,0.0077,0.9918,0.0005,0.9918
Kepler-1471 b,Kepler-1471,2,Hot,0.0002,0.9997,0.0002,0.9997
Kepler-1472 b,Kepler-1472,2,Hot,0.0386,0.9572,0.0042,0.9572
Kepler-1473 b,Kepler-1473,2,Hot,0.0005,0.9992,0.0003,0.9992
Kepler-1474 b,Kepler-1474,2,Hot,0.0388,0.9562,0.005,0.9562
Kepler-1475 b,Kepler-1475,2,Hot,0.0343,0.9285,0.0372,0.9285
Kepler-1476 b,Kepler-1476,2,Hot,0.0003,0.9994,0.0003,0.9994
Kepler-1477 b,Kepler-1477,2,Hot,0.0007,0.9991,0.0002,0.9991
Kepler-1478 b,Kepler-1478,2,Hot,0.0106,0.9871,0.0023,0.9871
Kepler-1479 b,Kepler-1479,2,Hot,0.0005,0.9992,0.0003,0.9992
Kepler-148 b,Kepler-148,2,Hot,0.0002,0.9993,0.0005,0.9993
Kepler-148 c,Kepler-148,2,Hot,0.0002,0.9988,0.001,0.9988
Kepler-148 d,Kepler-148,3,Gas-Giant,0.0038,0.0115,0.9846,0.9846
Kepler-1480 b,Kepler-1480,2,Hot,0.0212,0.9762,0.0026,0.9762
Kepler-1481 b,Kepler-1481,2,Hot,0.0002,0.9996,0.0002,0.9996
Kepler-1482 b,Kepler-1482,2,Hot,0.0006,0.9991,0.0002,0.9991
Kepler-1483 b,Kepler-1483,2,Hot,0.0003,0.9992,0.0005,0.9992
Kepler-1484 b,Kepler-1484,2,Hot,0.0409,0.9564,0.0026,0.9564
Kepler-1485 b,Kepler-1485,2,Hot,0.0011,0.9984,0.0005,0.9984
Kepler-1486 b,Kepler-1486,2,Hot,0.2565,0.7262,0.0173,0.7262
Kepler-1487 b,Kepler-1487,2,Hot,1e-04,0.9991,0.0008,0.9991
Kepler-1488 b,Kepler-1488,2,Hot,0.0442,0.9493,0.0066,0.9493
Kepler-1488 c,Kepler-1488,2,Hot,0.0002,0.9997,0.0002,0.9997
Kepler-1489 b,Kepler-1489,1,Rocky-Habitable,0.6077,0.3834,0.0089,0.6077
Kepler-1489 c,Kepler-1489,3,Gas-Giant,0.0022,0.3882,0.6096,0.6096
Kepler-149 b,Kepler-149,2,Hot,0.0029,0.9902,0.0069,0.9902
Kepler-149 c,Kepler-149,2,Hot,0.0544,0.9434,0.0022,0.9434
Kepler-149 d,Kepler-149,2,Hot,0.2091,0.66,0.1309,0.66
Kepler-1490 b,Kepler-1490,2,Hot,0.42,0.5521,0.0279,0.5521
Kepler-1491 b,Kepler-1491,2,Hot,0.0015,0.998,0.0005,0.998
Kepler-1492 b,Kepler-1492,2,Hot,0.0293,0.9684,0.0023,0.9684
Kepler-1493 b,Kepler-1493,2,Hot,0.0012,0.9983,0.0006,0.9983
Kepler-1494 b,Kepler-1494,2,Hot,0.2996,0.6692,0.0312,0.6692
Kepler-1495 b,Kepler-1495,2,Hot,0.2128,0.7491,0.0381,0.7491
Kepler-1496 b,Kepler-1496,2,Hot,0.3157,0.6662,0.0181,0.6662
Kepler-1497 b,Kepler-1497,2,Hot,0.0003,0.9994,0.0003,0.9994
Kepler-1498 b,Kepler-1498,2,Hot,0.4686,0.5266,0.0048,0.5266
Kepler-1499 b,Kepler-1499,2,Hot,0.4243,0.5719,0.0038,0.5719
Kepler-15 b,Kepler-15,3,Gas-Giant,0.0002,0.0029,0.9969,0.9969
Kepler-150 b,Kepler-150,2,Hot,0.0002,0.9994,0.0004,0.9994
Kepler-150 c,Kepler-150,2,Hot,0.0002,0.9989,0.0009,0.9989
Kepler-150 d,Kepler-150,2,Hot,0.0002,0.9993,0.0005,0.9993
Kepler-150 e,Kepler-150,2,Hot,0.0022,0.9955,0.0024,0.9955
Kepler-150 f,Kepler-150,1,Rocky-Habitable,0.943,0.0279,0.029,0.943
Kepler-1500 b,Kepler-1500,2,Hot,0.0012,0.9985,0.0003,0.9985
Kepler-1501 b,Kepler-1501,2,Hot,0.0005,0.9991,0.0004,0.9991
Kepler-1502 b,Kepler-1502,2,Hot,0.0043,0.9774,0.0182,0.9774
Kepler-1503 b,Kepler-1503,1,Rocky-Habitable,0.9794,0.0197,0.0009,0.9794
Kepler-1504 b,Kepler-1504,1,Rocky-Habitable,0.6053,0.3856,0.0091,0.6053
Kepler-1505 b,Kepler-1505,2,Hot,0.1524,0.8457,0.0019,0.8457
Kepler-1506 b,Kepler-1506,2,Hot,0.0011,0.9986,0.0002,0.9986
Kepler-1507 b,Kepler-1507,2,Hot,0.0012,0.9985,0.0002,0.9985
Kepler-1508 b,Kepler-1508,2,Hot,0.001,0.9985,0.0004,0.9985
Kepler-1509 b,Kepler-1509,2,Hot,0.0106,0.9875,0.0019,0.9875
Kepler-151 b,Kepler-151,2,Hot,0.0004,0.9989,0.0008,0.9989
Kepler-151 c,Kepler-151,2,Hot,0.0027,0.9967,0.0006,0.9967
Kepler-1510 b,Kepler-1510,2,Hot,0.0376,0.9143,0.048,0.9143
Kepler-1511 b,Kepler-1511,2,Hot,0.008,0.9887,0.0032,0.9887
Kepler-1512 b,Kepler-1512,2,Hot,0.3217,0.6662,0.0121,0.6662
Kepler-1513 b,Kepler-1513,3,Gas-Giant,0.0091,0.0045,0.9863,0.9863
Kepler-1513 c,Kepler-1513,1,Rocky-Habitable,0.8598,0.0198,0.1204,0.8598
Kepler-1515 b,Kepler-1515,3,Gas-Giant,0.01,0.0015,0.9886,0.9886
Kepler-1516 b,Kepler-1516,2,Hot,1e-04,0.9996,0.0002,0.9996
Kepler-1517 b,Kepler-1517,3,Gas-Giant,0.0003,0.0124,0.9873,0.9873
Kepler-1518 b,Kepler-1518,2,Hot,0.0002,0.9977,0.0021,0.9977
Kepler-1519 b,Kepler-1519,3,Gas-Giant,0.1454,0.0132,0.8414,0.8414
Kepler-152 b,Kepler-152,2,Hot,0.0012,0.998,0.0007,0.998
Kepler-152 c,Kepler-152,2,Hot,0.3233,0.6703,0.0063,0.6703
Kepler-1520 b,Kepler-1520,2,Hot,0.0003,0.9476,0.0521,0.9476
Kepler-1521 b,Kepler-1521,1,Rocky-Habitable,0.7609,0.2371,0.002,0.7609
Kepler-1522 b,Kepler-1522,2,Hot,0.0002,0.9996,0.0003,0.9996
Kepler-1523 b,Kepler-1523,2,Hot,1e-04,0.9997,0.0002,0.9997
Kepler-1524 b,Kepler-1524,2,Hot,0.031,0.9159,0.0531,0.9159
Kepler-1525 b,Kepler-1525,2,Hot,0.0002,0.9993,0.0005,0.9993
Kepler-1526 b,Kepler-1526,2,Hot,1e-04,0.9996,0.0002,0.9996
Kepler-1527 b,Kepler-1527,3,Gas-Giant,0.1332,0.3234,0.5434,0.5434
Kepler-1528 b,Kepler-1528,2,Hot,0.0002,0.9996,0.0003,0.9996
Kepler-1529 b,Kepler-1529,2,Hot,1e-04,0.9997,1e-04,0.9997
Kepler-153 b,Kepler-153,2,Hot,0.0006,0.9985,0.0009,0.9985
Kepler-153 c,Kepler-153,2,Hot,0.0106,0.9885,0.0009,0.9885
Kepler-1530 b,Kepler-1530,2,Hot,1e-04,0.9997,0.0002,0.9997
Kepler-1530 c,Kepler-1530,2,Hot,0.0002,0.9997,0.0002,0.9997
Kepler-1530 d,Kepler-1530,2,Hot,0.0002,0.9977,0.002,0.9977
Kepler-1531 b,Kepler-1531,2,Hot,1e-04,0.9996,0.0003,0.9996
Kepler-1532 b,Kepler-1532,2,Hot,0.0002,0.9996,0.0002,0.9996
Kepler-1533 b,Kepler-1533,1,Rocky-Habitable,0.6371,0.1767,0.1863,0.6371
Kepler-1534 b,Kepler-1534,2,Hot,1e-04,0.9998,1e-04,0.9998
Kepler-1535 b,Kepler-1535,1,Rocky-Habitable,0.8254,0.1578,0.0167,0.8254
Kepler-1536 b,Kepler-1536,1,Rocky-Habitable,0.9932,0.0037,0.0031,0.9932
Kepler-1537 b,Kepler-1537,2,Hot,0.0002,0.9996,0.0002,0.9996
Kepler-1538 b,Kepler-1538,1,Rocky-Habitable,0.9101,0.0777,0.0123,0.9101
Kepler-1539 b,Kepler-1539,1,Rocky-Habitable,0.9726,0.0236,0.0038,0.9726
Kepler-154 b,Kepler-154,2,Hot,0.0061,0.9931,0.0008,0.9931
Kepler-154 c,Kepler-154,2,Hot,0.0114,0.9847,0.0039,0.9847
Kepler-154 d,Kepler-154,2,Hot,0.0015,0.9966,0.0019,0.9966
Kepler-154 e,Kepler-154,2,Hot,0.0002,0.9996,0.0002,0.9996
Kepler-154 f,Kepler-154,2,Hot,0.0004,0.9994,0.0003,0.9994
Kepler-1540 b,Kepler-1540,1,Rocky-Habitable,0.9932,0.0049,0.0019,0.9932
Kepler-1541 b,Kepler-1541,2,Hot,0.0003,0.9995,0.0002,0.9995
Kepler-1542 b,Kepler-1542,2,Hot,1e-04,0.9996,0.0002,0.9996
Kepler-1542 c,Kepler-1542,2,Hot,1e-04,0.9996,0.0002,0.9996
Kepler-1542 d,Kepler-1542,2,Hot,1e-04,0.9997,0.0002,0.9997
Kepler-1542 e,Kepler-1542,2,Hot,1e-04,0.9997,0.0002,0.9997
Kepler-1543 b,Kepler-1543,2,Hot,1e-04,0.999,0.0009,0.999
Kepler-1544 b,Kepler-1544,1,Rocky-Habitable,0.992,0.0063,0.0018,0.992
Kepler-1545 b,Kepler-1545,1,Rocky-Habitable,0.9802,0.0171,0.0027,0.9802
Kepler-1546 b,Kepler-1546,2,Hot,0.0006,0.9986,0.0008,0.9986
Kepler-1547 b,Kepler-1547,2,Hot,0.0002,0.9995,0.0003,0.9995
Kepler-1548 b,Kepler-1548,1,Rocky-Habitable,0.8374,0.1398,0.0228,0.8374
Kepler-1549 b,Kepler-1549,1,Rocky-Habitable,0.9887,0.0084,0.0029,0.9887
Kepler-155 b,Kepler-155,2,Hot,0.0004,0.9994,0.0002,0.9994
Kepler-155 c,Kepler-155,1,Rocky-Habitable,0.8675,0.1313,0.0012,0.8675
Kepler-1550 b,Kepler-1550,1,Rocky-Habitable,0.9549,0.0349,0.0102,0.9549
Kepler-1551 b,Kepler-1551,2,Hot,0.0015,0.9967,0.0017,0.9967
Kepler-1552 b,Kepler-1552,1,Rocky-Habitable,0.9951,0.0038,0.0012,0.9951
Kepler-1553 b,Kepler-1553,2,Hot,0.0002,0.9997,0.0002,0.9997
Kepler-1554 b,Kepler-1554,1,Rocky-Habitable,0.9907,0.0071,0.0022,0.9907
Kepler-1555 b,Kepler-1555,2,Hot,0.0002,0.9995,0.0003,0.9995
Kepler-1556 b,Kepler-1556,2,Hot,0.0002,0.9994,0.0004,0.9994
Kepler-1557 b,Kepler-1557,2,Hot,1e-04,0.9996,0.0003,0.9996
Kepler-1558 b,Kepler-1558,2,Hot,0.0002,0.9996,0.0002,0.9996
Kepler-1559 b,Kepler-1559,2,Hot,0.0002,0.9996,0.0002,0.9996
Kepler-156 b,Kepler-156,2,Hot,0.0002,0.9996,0.0003,0.9996
Kepler-156 c,Kepler-156,2,Hot,0.001,0.9986,0.0004,0.9986
Kepler-1560 b,Kepler-1560,2,Hot,0.0002,0.9995,0.0003,0.9995
Kepler-1561 b,Kepler-1561,2,Hot,0.0002,0.9995,0.0003,0.9995
Kepler-1562 b,Kepler-1562,2,Hot,0.1426,0.7788,0.0786,0.7788
Kepler-1563 b,Kepler-1563,2,Hot,0.0002,0.9996,0.0002,0.9996
Kepler-1564 b,Kepler-1564,2,Hot,0.0018,0.9978,0.0004,0.9978
Kepler-1565 b,Kepler-1565,2,Hot,0.0002,0.9996,0.0002,0.9996
Kepler-1566 b,Kepler-1566,2,Hot,0.0002,0.9996,0.0002,0.9996
Kepler-1567 b,Kepler-1567,1,Rocky-Habitable,0.9208,0.0697,0.0095,0.9208
Kepler-1568 b,Kepler-1568,2,Hot,0.004,0.9944,0.0016,0.9944
Kepler-1569 b,Kepler-1569,2,Hot,1e-04,0.9995,0.0003,0.9995
Kepler-157 b,Kepler-157,2,Hot,0.0002,0.9993,0.0006,0.9993
Kepler-157 c,Kepler-157,2,Hot,0.0002,0.9994,0.0004,0.9994
Kepler-157 d,Kepler-157,2,Hot,0.0002,0.9996,0.0002,0.9996
Kepler-1570 b,Kepler-1570,2,Hot,0.0553,0.943,0.0016,0.943
Kepler-1571 b,Kepler-1571,2,Hot,1e-04,0.9995,0.0003,0.9995
Kepler-1572 b,Kepler-1572,2,Hot,1e-04,0.9997,0.0002,0.9997
Kepler-1573 b,Kepler-1573,2,Hot,0.0002,0.9996,0.0003,0.9996
Kepler-1574 b,Kepler-1574,2,Hot,0.0002,0.9995,0.0003,0.9995
Kepler-1575 b,Kepler-1575,2,Hot,0.0002,0.9996,0.0002,0.9996
Kepler-1576 b,Kepler-1576,2,Hot,0.0002,0.9995,0.0003,0.9995
Kepler-1577 b,Kepler-1577,2,Hot,0.0003,0.9996,0.0002,0.9996
Kepler-1578 b,Kepler-1578,2,Hot,0.0002,0.9996,0.0002,0.9996
Kepler-1579 b,Kepler-1579,2,Hot,0.0002,0.9996,0.0002,0.9996
Kepler-158 b,Kepler-158,2,Hot,0.0044,0.9948,0.0008,0.9948
Kepler-158 c,Kepler-158,2,Hot,0.1395,0.8588,0.0017,0.8588
Kepler-158 d,Kepler-158,2,Hot,0.0012,0.9691,0.0297,0.9691
Kepler-1580 b,Kepler-1580,2,Hot,0.3086,0.6708,0.0206,0.6708
Kepler-1581 b,Kepler-1581,2,Hot,0.0002,0.9995,0.0003,0.9995
Kepler-1582 b,Kepler-1582,2,Hot,0.0437,0.9503,0.0061,0.9503
Kepler-1583 b,Kepler-1583,2,Hot,0.0004,0.9994,0.0003,0.9994
Kepler-1584 b,Kepler-1584,2,Hot,0.0004,0.9993,0.0003,0.9993
Kepler-1585 b,Kepler-1585,2,Hot,1e-04,0.9997,0.0002,0.9997
Kepler-1586 b,Kepler-1586,2,Hot,0.0006,0.9988,0.0006,0.9988
Kepler-1587 b,Kepler-1587,2,Hot,0.0003,0.9991,0.0006,0.9991
Kepler-1588 b,Kepler-1588,2,Hot,0.0003,0.9995,0.0002,0.9995
Kepler-1589 b,Kepler-1589,2,Hot,0.0002,0.9994,0.0004,0.9994
Kepler-159 b,Kepler-159,2,Hot,0.0006,0.999,0.0004,0.999
Kepler-159 c,Kepler-159,2,Hot,0.4503,0.5439,0.0058,0.5439
Kepler-1590 b,Kepler-1590,2,Hot,0.0002,0.9995,0.0003,0.9995
Kepler-1591 b,Kepler-1591,2,Hot,0.0002,0.9996,0.0002,0.9996
Kepler-1592 b,Kepler-1592,2,Hot,1e-04,0.9996,0.0003,0.9996
Kepler-1593 b,Kepler-1593,1,Rocky-Habitable,0.99,0.0083,0.0017,0.99
Kepler-1594 b,Kepler-1594,2,Hot,0.0002,0.9995,0.0003,0.9995
Kepler-1595 b,Kepler-1595,2,Hot,1e-04,0.9997,1e-04,0.9997
Kepler-1596 b,Kepler-1596,1,Rocky-Habitable,0.5733,0.4178,0.0089,0.5733
Kepler-1597 b,Kepler-1597,2,Hot,0.0002,0.9995,0.0003,0.9995
Kepler-1598 b,Kepler-1598,2,Hot,0.0002,0.9995,0.0003,0.9995
Kepler-1599 b,Kepler-1599,1,Rocky-Habitable,0.8832,0.1014,0.0154,0.8832
Kepler-16 b,Kepler-16,3,Gas-Giant,0.1771,0.0081,0.8148,0.8148
Kepler-160 b,Kepler-160,2,Hot,0.0006,0.9984,0.001,0.9984
Kepler-160 c,Kepler-160,2,Hot,0.0008,0.9956,0.0035,0.9956
Kepler-160 d,Kepler-160,3,Gas-Giant,0.0063,0.4052,0.5885,0.5885
Kepler-1600 b,Kepler-1600,1,Rocky-Habitable,0.9852,0.0101,0.0046,0.9852
Kepler-1600 c,Kepler-1600,2,Hot,0.0003,0.9992,0.0004,0.9992
Kepler-1601 b,Kepler-1601,2,Hot,0.0002,0.9995,0.0003,0.9995
Kepler-1602 b,Kepler-1602,2,Hot,0.0002,0.9994,0.0003,0.9994
Kepler-1603 b,Kepler-1603,2,Hot,1e-04,0.9995,0.0004,0.9995
Kepler-1604 b,Kepler-1604,2,Hot,0.0002,0.9996,0.0002,0.9996
Kepler-1605 b,Kepler-1605,1,Rocky-Habitable,0.8238,0.1722,0.004,0.8238
Kepler-1606 b,Kepler-1606,1,Rocky-Habitable,0.9938,0.0047,0.0015,0.9938
Kepler-1607 b,Kepler-1607,2,Hot,0.0006,0.999,0.0004,0.999
Kepler-1608 b,Kepler-1608,2,Hot,0.0042,0.9955,0.0003,0.9955
Kepler-1609 b,Kepler-1609,1,Rocky-Habitable,0.6904,0.2872,0.0224,0.6904
Kepler-161 b,Kepler-161,2,Hot,0.0002,0.9996,0.0002,0.9996
Kepler-161 c,Kepler-161,2,Hot,0.0002,0.9996,0.0002,0.9996
Kepler-1610 b,Kepler-1610,2,Hot,0.0003,0.9991,0.0005,0.9991
Kepler-1611 b,Kepler-1611,2,Hot,0.0002,0.9997,1e-04,0.9997
Kepler-1612 b,Kepler-1612,2,Hot,0.0002,0.9996,0.0002,0.9996
Kepler-1613 b,Kepler-1613,2,Hot,1e-04,0.9995,0.0004,0.9995
Kepler-1614 b,Kepler-1614,2,Hot,0.0002,0.9996,0.0002,0.9996
Kepler-1615 b,Kepler-1615,2,Hot,0.1272,0.8613,0.0115,0.8613
Kepler-1616 b,Kepler-1616,2,Hot,0.0002,0.9996,0.0002,0.9996
Kepler-1617 b,Kepler-1617,2,Hot,0.0113,0.9868,0.0019,0.9868
Kepler-1618 b,Kepler-1618,2,Hot,0.0002,0.9994,0.0004,0.9994
Kepler-1619 b,Kepler-1619,2,Hot,0.0164,0.9829,0.0008,0.9829
Kepler-162 b,Kepler-162,2,Hot,0.0003,0.9993,0.0004,0.9993
Kepler-162 c,Kepler-162,2,Hot,0.0007,0.9977,0.0016,0.9977
Kepler-1620 b,Kepler-1620,1,Rocky-Habitable,0.6619,0.3238,0.0143,0.6619
Kepler-1621 b,Kepler-1621,1,Rocky-Habitable,0.5956,0.3876,0.0168,0.5956
Kepler-1622 b,Kepler-1622,2,Hot,0.0003,0.9991,0.0006,0.9991
Kepler-1623 b,Kepler-1623,2,Hot,0.0002,0.9996,0.0002,0.9996
Kepler-1624 b,Kepler-1624,2,Hot,0.0012,0.9846,0.0142,0.9846
Kepler-1625 b,Kepler-1625,3,Gas-Giant,0.4065,0.0658,0.5277,0.5277
Kepler-1626 b,Kepler-1626,2,Hot,1e-04,0.9991,0.0008,0.9991
Kepler-1627 b,Kepler-1627,2,Hot,0.0002,0.9995,0.0003,0.9995
Kepler-1628 b,Kepler-1628,1,Rocky-Habitable,0.8616,0.0218,0.1167,0.8616
Kepler-1629 b,Kepler-1629,2,Hot,0.0002,0.9996,0.0003,0.9996
Kepler-163 b,Kepler-163,2,Hot,0.0003,0.9994,0.0003,0.9994
Kepler-163 c,Kepler-163,2,Hot,0.0009,0.9986,0.0005,0.9986
Kepler-1630 b,Kepler-1630,1,Rocky-Habitable,0.9953,0.0033,0.0015,0.9953
Kepler-1631 b,Kepler-1631,2,Hot,0.0002,0.9996,0.0002,0.9996
Kepler-1632 b,Kepler-1632,1,Rocky-Habitable,0.9728,0.0221,0.0052,0.9728
Kepler-1633 b,Kepler-1633,1,Rocky-Habitable,0.9864,0.0101,0.0034,0.9864
Kepler-1634 b,Kepler-1634,1,Rocky-Habitable,0.9865,0.0095,0.004,0.9865
Kepler-1635 b,Kepler-1635,1,Rocky-Habitable,0.9813,0.0122,0.0065,0.9813
Kepler-1636 b,Kepler-1636,1,Rocky-Habitable,0.9834,0.0121,0.0046,0.9834
Kepler-1637 b,Kepler-1637,2,Hot,0.0002,0.9995,0.0003,0.9995
Kepler-1638 b,Kepler-1638,1,Rocky-Habitable,0.9874,0.0099,0.0027,0.9874
Kepler-1639 b,Kepler-1639,2,Hot,0.0003,0.9989,0.0008,0.9989
Kepler-164 b,Kepler-164,2,Hot,0.0003,0.9994,0.0003,0.9994
Kepler-164 c,Kepler-164,2,Hot,0.0002,0.9994,0.0005,0.9994
Kepler-164 d,Kepler-164,2,Hot,0.0034,0.9956,0.001,0.9956
Kepler-1640 b,Kepler-1640,2,Hot,0.0002,0.9919,0.0079,0.9919
Kepler-1641 b,Kepler-1641,2,Hot,0.0005,0.9984,0.0011,0.9984
Kepler-1641 c,Kepler-1641,2,Hot,0.0038,0.9924,0.0039,0.9924
Kepler-1642 b,Kepler-1642,2,Hot,0.0002,0.9992,0.0005,0.9992
Kepler-1642 c,Kepler-1642,2,Hot,1e-04,0.9997,0.0002,0.9997
Kepler-1643 b,Kepler-1643,2,Hot,1e-04,0.9997,0.0002,0.9997
Kepler-1644 b,Kepler-1644,2,Hot,0.0073,0.9919,0.0008,0.9919
Kepler-1645 b,Kepler-1645,2,Hot,0.0009,0.9985,0.0005,0.9985
Kepler-1646 b,Kepler-1646,2,Hot,0.0061,0.9926,0.0014,0.9926
Kepler-1647 b,Kepler-1647,3,Gas-Giant,0.0184,0.0008,0.9808,0.9808
Kepler-165 b,Kepler-165,2,Hot,0.0002,0.9994,0.0003,0.9994
Kepler-165 c,Kepler-165,2,Hot,0.0009,0.9988,0.0003,0.9988
Kepler-1650 b,Kepler-1650,2,Hot,0.0008,0.999,0.0002,0.999
Kepler-1651 b,Kepler-1651,2,Hot,0.0125,0.9868,0.0007,0.9868
Kepler-1656 b,Kepler-1656,2,Hot,0.0056,0.981,0.0134,0.981
Kepler-1656 c,Kepler-1656,3,Gas-Giant,0.3561,0.1126,0.5314,0.5314
Kepler-166 b,Kepler-166,2,Hot,0.0002,0.9995,0.0003,0.9995
Kepler-166 c,Kepler-166,2,Hot,0.0063,0.993,0.0007,0.993
Kepler-166 d,Kepler-166,2,Hot,1e-04,0.9997,0.0002,0.9997
Kepler-1660 AB b,Kepler-1660 A,3,Gas-Giant,0.002,0.0008,0.9972,0.9972
Kepler-1663 b,Kepler-1663,2,Hot,0.4169,0.5702,0.0129,0.5702
Kepler-1664 b,Kepler-1664,2,Hot,0.0018,0.9938,0.0044,0.9938
Kepler-1665 b,Kepler-1665,2,Hot,0.0005,0.9991,0.0004,0.9991
Kepler-1666 b,Kepler-1666,2,Hot,0.0023,0.991,0.0067,0.991
Kepler-1666 c,Kepler-1666,2,Hot,0.0064,0.9695,0.0241,0.9695
Kepler-1667 b,Kepler-1667,2,Hot,0.0612,0.9188,0.02,0.9188
Kepler-1668 b,Kepler-1668,2,Hot,0.001,0.9951,0.0038,0.9951
Kepler-1669 b,Kepler-1669,2,Hot,0.001,0.9982,0.0008,0.9982
Kepler-1669 c,Kepler-1669,2,Hot,0.0002,0.9996,0.0002,0.9996
Kepler-1670 b,Kepler-1670,2,Hot,0.0027,0.9904,0.0069,0.9904
Kepler-1671 b,Kepler-1671,2,Hot,0.0003,0.9983,0.0014,0.9983
Kepler-1672 b,Kepler-1672,2,Hot,0.418,0.5016,0.0804,0.5016
Kepler-1673 b,Kepler-1673,2,Hot,0.011,0.9773,0.0117,0.9773
Kepler-1674 b,Kepler-1674,2,Hot,0.1315,0.8187,0.0497,0.8187
Kepler-1675 b,Kepler-1675,2,Hot,0.0616,0.9027,0.0357,0.9027
Kepler-1676 b,Kepler-1676,2,Hot,0.0143,0.9711,0.0146,0.9711
Kepler-1677 b,Kepler-1677,2,Hot,0.0031,0.9885,0.0084,0.9885
Kepler-1678 b,Kepler-1678,1,Rocky-Habitable,0.732,0.2141,0.0539,0.732
Kepler-1679 b,Kepler-1679,2,Hot,0.0004,0.9993,0.0004,0.9993
Kepler-168 b,Kepler-168,2,Hot,0.0002,0.9993,0.0005,0.9993
Kepler-168 c,Kepler-168,2,Hot,0.0002,0.9989,0.0009,0.9989
Kepler-1680 b,Kepler-1680,2,Hot,0.0003,0.9995,0.0002,0.9995
Kepler-1681 b,Kepler-1681,2,Hot,0.2838,0.6971,0.0191,0.6971
Kepler-1682 b,Kepler-1682,2,Hot,0.0003,0.9993,0.0004,0.9993
Kepler-1683 b,Kepler-1683,2,Hot,0.0009,0.9985,0.0005,0.9985
Kepler-1684 b,Kepler-1684,1,Rocky-Habitable,0.7234,0.2664,0.0102,0.7234
Kepler-1685 b,Kepler-1685,2,Hot,0.0013,0.9976,0.001,0.9976
Kepler-1686 b,Kepler-1686,2,Hot,0.0004,0.9983,0.0013,0.9983
Kepler-1687 b,Kepler-1687,2,Hot,0.0007,0.9989,0.0004,0.9989
Kepler-1688 b,Kepler-1688,2,Hot,0.0003,0.9996,0.0002,0.9996
Kepler-1689 b,Kepler-1689,2,Hot,0.0004,0.9992,0.0004,0.9992
Kepler-169 b,Kepler-169,2,Hot,0.0003,0.9993,0.0004,0.9993
Kepler-169 c,Kepler-169,2,Hot,0.0003,0.9995,0.0002,0.9995
Kepler-169 d,Kepler-169,2,Hot,0.0004,0.9993,0.0003,0.9993
Kepler-169 e,Kepler-169,2,Hot,0.0011,0.9986,0.0003,0.9986
Kepler-169 f,Kepler-169,2,Hot,0.3968,0.5973,0.0059,0.5973
Kepler-1690 b,Kepler-1690,1,Rocky-Habitable,0.987,0.0099,0.0031,0.987
Kepler-1691 b,Kepler-1691,2,Hot,0.0002,0.9992,0.0006,0.9992
Kepler-1692 b,Kepler-1692,2,Hot,0.0003,0.9995,0.0002,0.9995
Kepler-1693 b,Kepler-1693,2,Hot,0.0008,0.9984,0.0008,0.9984
Kepler-1693 c,Kepler-1693,2,Hot,0.0002,0.9996,0.0003,0.9996
Kepler-1694 b,Kepler-1694,2,Hot,0.0002,0.9996,0.0002,0.9996
Kepler-1695 b,Kepler-1695,2,Hot,0.0002,0.9995,0.0003,0.9995
Kepler-1696 b,Kepler-1696,2,Hot,0.074,0.9094,0.0166,0.9094
Kepler-1697 b,Kepler-1697,1,Rocky-Habitable,0.6123,0.3817,0.006,0.6123
Kepler-1698 b,Kepler-1698,2,Hot,0.0002,0.9996,0.0002,0.9996
Kepler-1699 b,Kepler-1699,2,Hot,0.0002,0.9995,0.0003,0.9995
Kepler-170 b,Kepler-170,2,Hot,0.0002,0.9992,0.0006,0.9992
Kepler-170 c,Kepler-170,2,Hot,0.0004,0.999,0.0006,0.999
Kepler-1700 b,Kepler-1700,1,Rocky-Habitable,0.8384,0.138,0.0236,0.8384
Kepler-1701 b,Kepler-1701,1,Rocky-Habitable,0.9784,0.0187,0.0028,0.9784
Kepler-1702 b,Kepler-1702,2,Hot,0.0062,0.9934,0.0005,0.9934
Kepler-1705 b,Kepler-1705,2,Hot,0.0003,0.9986,0.0011,0.9986
Kepler-1705 c,Kepler-1705,2,Hot,0.0003,0.9986,0.0011,0.9986
Kepler-1708 b,Kepler-1708,3,Gas-Giant,0.0094,0.0039,0.9867,0.9867
Kepler-1709 b,Kepler-1709,2,Hot,0.2099,0.7567,0.0334,0.7567
Kepler-171 b,Kepler-171,2,Hot,0.0002,0.9993,0.0006,0.9993
Kepler-171 c,Kepler-171,2,Hot,0.0002,0.9994,0.0004,0.9994
Kepler-171 d,Kepler-171,2,Hot,0.0081,0.9912,0.0007,0.9912
Kepler-1710 b,Kepler-1710,2,Hot,0.0004,0.9989,0.0006,0.9989
Kepler-1711 b,Kepler-1711,2,Hot,0.0025,0.9967,0.0009,0.9967
Kepler-1712 b,Kepler-1712,1,Rocky-Habitable,0.5773,0.4201,0.0026,0.5773
Kepler-1713 b,Kepler-1713,2,Hot,0.0007,0.9987,0.0006,0.9987
Kepler-1714 b,Kepler-1714,2,Hot,0.0003,0.9961,0.0035,0.9961
Kepler-1715 b,Kepler-1715,2,Hot,0.0086,0.9631,0.0283,0.9631
Kepler-1716 b,Kepler-1716,1,Rocky-Habitable,0.5881,0.4089,0.0031,0.5881
Kepler-1717 b,Kepler-1717,2,Hot,0.0026,0.995,0.0024,0.995
Kepler-1718 b,Kepler-1718,1,Rocky-Habitable,0.7997,0.183,0.0173,0.7997
Kepler-1719 b,Kepler-1719,2,Hot,1e-04,0.9992,0.0006,0.9992
Kepler-172 b,Kepler-172,2,Hot,0.0002,0.9992,0.0007,0.9992
Kepler-172 c,Kepler-172,2,Hot,0.0002,0.9994,0.0005,0.9994
Kepler-172 d,Kepler-172,2,Hot,0.0003,0.9993,0.0003,0.9993
Kepler-172 e,Kepler-172,2,Hot,0.0048,0.9941,0.0011,0.9941
Kepler-1720 b,Kepler-1720,2,Hot,0.0004,0.9991,0.0005,0.9991
Kepler-1721 b,Kepler-1721,2,Hot,1e-04,0.9996,0.0003,0.9996
Kepler-1722 b,Kepler-1722,2,Hot,0.0002,0.9995,0.0003,0.9995
Kepler-1723 b,Kepler-1723,2,Hot,0.0043,0.9902,0.0055,0.9902
Kepler-1724 b,Kepler-1724,2,Hot,0.0002,0.9991,0.0007,0.9991
Kepler-1725 b,Kepler-1725,2,Hot,0.0005,0.9987,0.0009,0.9987
Kepler-1726 b,Kepler-1726,2,Hot,0.0011,0.9985,0.0004,0.9985
Kepler-1727 b,Kepler-1727,2,Hot,0.0002,0.9994,0.0004,0.9994
Kepler-1728 b,Kepler-1728,2,Hot,1e-04,0.9994,0.0005,0.9994
Kepler-1729 b,Kepler-1729,2,Hot,0.0008,0.9985,0.0008,0.9985
Kepler-173 b,Kepler-173,2,Hot,0.0003,0.9992,0.0005,0.9992
Kepler-173 c,Kepler-173,2,Hot,0.0002,0.9991,0.0007,0.9991
Kepler-1730 b,Kepler-1730,2,Hot,0.0008,0.9934,0.0058,0.9934
Kepler-1731 b,Kepler-1731,2,Hot,0.0402,0.9532,0.0066,0.9532
Kepler-1732 b,Kepler-1732,2,Hot,0.0212,0.9439,0.0349,0.9439
Kepler-1733 b,Kepler-1733,2,Hot,0.0005,0.9891,0.0104,0.9891
Kepler-1734 b,Kepler-1734,2,Hot,0.0002,0.9991,0.0007,0.9991
Kepler-1735 b,Kepler-1735,2,Hot,0.0007,0.999,0.0003,0.999
Kepler-1736 b,Kepler-1736,2,Hot,0.0084,0.9709,0.0206,0.9709
Kepler-1737 b,Kepler-1737,1,Rocky-Habitable,0.5994,0.1916,0.209,0.5994
Kepler-1738 b,Kepler-1738,2,Hot,1e-04,0.9993,0.0005,0.9993
Kepler-1739 b,Kepler-1739,2,Hot,0.0002,0.9994,0.0004,0.9994
Kepler-174 b,Kepler-174,2,Hot,0.0021,0.9973,0.0006,0.9973
Kepler-174 c,Kepler-174,2,Hot,0.3528,0.6453,0.0019,0.6453
Kepler-174 d,Kepler-174,1,Rocky-Habitable,0.9931,0.0051,0.0019,0.9931
Kepler-1740 b,Kepler-1740,2,Hot,0.0002,0.9995,0.0004,0.9995
Kepler-1741 b,Kepler-1741,2,Hot,0.0005,0.9993,0.0002,0.9993
Kepler-1742 b,Kepler-1742,2,Hot,0.1728,0.8221,0.0052,0.8221
Kepler-1743 b,Kepler-1743,2,Hot,0.0005,0.9975,0.0019,0.9975
Kepler-1744 b,Kepler-1744,2,Hot,0.0048,0.9825,0.0126,0.9825
Kepler-1745 b,Kepler-1745,2,Hot,1e-04,0.9996,0.0003,0.9996
Kepler-1746 b,Kepler-1746,3,Gas-Giant,0.0147,0.0018,0.9834,0.9834
Kepler-1747 b,Kepler-1747,2,Hot,0.0002,0.998,0.0018,0.998
Kepler-1748 b,Kepler-1748,2,Hot,0.0002,0.9995,0.0003,0.9995
Kepler-1749 b,Kepler-1749,2,Hot,0.2976,0.7,0.0024,0.7
Kepler-175 b,Kepler-175,2,Hot,0.0002,0.9992,0.0005,0.9992
Kepler-175 c,Kepler-175,2,Hot,0.0016,0.993,0.0054,0.993
Kepler-1750 b,Kepler-1750,3,Gas-Giant,0.3971,0.0718,0.5311,0.5311
Kepler-1751 b,Kepler-1751,2,Hot,0.0002,0.9995,0.0003,0.9995
Kepler-1752 b,Kepler-1752,2,Hot,0.2713,0.5301,0.1986,0.5301
Kepler-1753 b,Kepler-1753,2,Hot,0.0012,0.9985,0.0003,0.9985
Kepler-1754 b,Kepler-1754,2,Hot,0.0003,0.9991,0.0006,0.9991
Kepler-1755 b,Kepler-1755,2,Hot,0.0031,0.8233,0.1736,0.8233
Kepler-1756 b,Kepler-1756,2,Hot,0.0002,0.9996,0.0003,0.9996
Kepler-1757 b,Kepler-1757,2,Hot,0.0012,0.9981,0.0007,0.9981
Kepler-1758 b,Kepler-1758,2,Hot,0.0003,0.9984,0.0012,0.9984
Kepler-1759 b,Kepler-1759,2,Hot,0.0002,0.9997,0.0002,0.9997
Kepler-176 b,Kepler-176,2,Hot,0.0002,0.9996,0.0002,0.9996
Kepler-176 c,Kepler-176,2,Hot,0.0003,0.9993,0.0004,0.9993
Kepler-176 d,Kepler-176,2,Hot,0.0027,0.9967,0.0006,0.9967
Kepler-176 e,Kepler-176,1,Rocky-Habitable,0.4995,0.4949,0.0056,0.4995
Kepler-1760 b,Kepler-1760,2,Hot,0.2416,0.7513,0.007,0.7513
Kepler-1761 b,Kepler-1761,2,Hot,0.0005,0.9992,0.0003,0.9992
Kepler-1762 b,Kepler-1762,2,Hot,0.0016,0.9938,0.0046,0.9938
Kepler-1763 b,Kepler-1763,2,Hot,0.0002,0.9995,0.0003,0.9995
Kepler-1764 b,Kepler-1764,2,Hot,0.1088,0.64,0.2512,0.64
Kepler-1765 b,Kepler-1765,2,Hot,0.0002,0.9993,0.0005,0.9993
Kepler-1766 b,Kepler-1766,1,Rocky-Habitable,0.7221,0.2682,0.0097,0.7221
Kepler-1767 b,Kepler-1767,1,Rocky-Habitable,0.6102,0.3737,0.0161,0.6102
Kepler-1768 b,Kepler-1768,2,Hot,0.0005,0.9985,0.0011,0.9985
Kepler-1769 b,Kepler-1769,2,Hot,0.0882,0.6059,0.3059,0.6059
Kepler-177 b,Kepler-177,2,Hot,0.0232,0.96,0.0167,0.96
Kepler-177 c,Kepler-177,3,Gas-Giant,0.0411,0.028,0.9309,0.9309
Kepler-1770 b,Kepler-1770,2,Hot,0.0005,0.9984,0.0011,0.9984
Kepler-1771 b,Kepler-1771,2,Hot,0.1908,0.7296,0.0796,0.7296
Kepler-1772 b,Kepler-1772,2,Hot,1e-04,0.9995,0.0004,0.9995
Kepler-1773 b,Kepler-1773,2,Hot,0.0425,0.8898,0.0676,0.8898
Kepler-1774 b,Kepler-1774,2,Hot,0.0269,0.9465,0.0266,0.9465
Kepler-1775 b,Kepler-1775,2,Hot,0.2276,0.6304,0.142,0.6304
Kepler-1776 b,Kepler-1776,2,Hot,0.0206,0.9715,0.0079,0.9715
Kepler-1777 b,Kepler-1777,2,Hot,0.0002,0.9993,0.0005,0.9993
Kepler-1778 b,Kepler-1778,2,Hot,0.0003,0.9988,0.0009,0.9988
Kepler-1779 b,Kepler-1779,2,Hot,0.0007,0.9974,0.002,0.9974
Kepler-178 b,Kepler-178,2,Hot,1e-04,0.9995,0.0004,0.9995
Kepler-178 c,Kepler-178,2,Hot,0.0007,0.9983,0.001,0.9983
Kepler-178 d,Kepler-178,2,Hot,0.0425,0.8027,0.1548,0.8027
Kepler-1780 b,Kepler-1780,2,Hot,0.3676,0.5684,0.064,0.5684
Kepler-1781 b,Kepler-1781,2,Hot,1e-04,0.9994,0.0005,0.9994
Kepler-1782 b,Kepler-1782,2,Hot,1e-04,0.9998,1e-04,0.9998
Kepler-1783 b,Kepler-1783,2,Hot,0.0003,0.9994,0.0002,0.9994
Kepler-1784 b,Kepler-1784,2,Hot,0.0006,0.9985,0.001,0.9985
Kepler-1785 b,Kepler-1785,2,Hot,0.0006,0.9987,0.0007,0.9987
Kepler-1786 b,Kepler-1786,2,Hot,0.1926,0.7468,0.0606,0.7468
Kepler-1787 b,Kepler-1787,2,Hot,0.0171,0.9799,0.003,0.9799
Kepler-1788 b,Kepler-1788,2,Hot,0.0002,0.9995,0.0003,0.9995
Kepler-1789 b,Kepler-1789,2,Hot,0.3357,0.6426,0.0217,0.6426
Kepler-179 b,Kepler-179,2,Hot,0.0002,0.9994,0.0004,0.9994
Kepler-179 c,Kepler-179,2,Hot,0.0002,0.9996,0.0002,0.9996
Kepler-1790 b,Kepler-1790,2,Hot,0.0142,0.979,0.0068,0.979
Kepler-1791 b,Kepler-1791,2,Hot,0.0002,0.9993,0.0005,0.9993
Kepler-1792 b,Kepler-1792,2,Hot,1e-04,0.9993,0.0005,0.9993
Kepler-1793 b,Kepler-1793,2,Hot,0.0004,0.9987,0.0009,0.9987
Kepler-1794 b,Kepler-1794,2,Hot,0.0004,0.9993,0.0003,0.9993
Kepler-1795 b,Kepler-1795,2,Hot,0.0343,0.9604,0.0053,0.9604
Kepler-1796 b,Kepler-1796,2,Hot,0.0047,0.993,0.0024,0.993
Kepler-1797 b,Kepler-1797,2,Hot,0.0014,0.9968,0.0019,0.9968
Kepler-1798 b,Kepler-1798,1,Rocky-Habitable,0.6635,0.3305,0.006,0.6635
Kepler-1799 b,Kepler-1799,2,Hot,0.0005,0.993,0.0064,0.993
Kepler-18 b,Kepler-18,2,Hot,0.0003,0.9984,0.0012,0.9984
Kepler-18 c,Kepler-18,2,Hot,0.002,0.5906,0.4074,0.5906
Kepler-18 d,Kepler-18,3,Gas-Giant,0.0005,0.0127,0.9868,0.9868
Kepler-180 b,Kepler-180,2,Hot,0.0005,0.9992,0.0003,0.9992
Kepler-180 c,Kepler-180,2,Hot,0.002,0.9959,0.002,0.9959
Kepler-1800 b,Kepler-1800,2,Hot,1e-04,0.9997,0.0002,0.9997
Kepler-1801 b,Kepler-1801,2,Hot,0.0002,0.9992,0.0005,0.9992
Kepler-1802 b,Kepler-1802,2,Hot,0.0424,0.9564,0.0012,0.9564
Kepler-1802 c,Kepler-1802,1,Rocky-Habitable,0.9165,0.0817,0.0018,0.9165
Kepler-1804 b,Kepler-1804,2,Hot,0.001,0.9985,0.0006,0.9985
Kepler-1805 b,Kepler-1805,2,Hot,0.0112,0.9871,0.0016,0.9871
Kepler-1806 b,Kepler-1806,2,Hot,0.0003,0.9995,0.0003,0.9995
Kepler-1807 b,Kepler-1807,2,Hot,0.0003,0.9984,0.0013,0.9984
Kepler-1808 b,Kepler-1808,2,Hot,0.0013,0.998,0.0007,0.998
Kepler-1809 b,Kepler-1809,2,Hot,0.0002,0.9996,0.0002,0.9996
Kepler-181 b,Kepler-181,2,Hot,0.0003,0.9993,0.0004,0.9993
Kepler-181 c,Kepler-181,2,Hot,0.0002,0.9995,0.0004,0.9995
Kepler-1810 b,Kepler-1810,2,Hot,0.3795,0.4793,0.1412,0.4793
Kepler-1811 b,Kepler-1811,2,Hot,0.1687,0.7301,0.1012,0.7301
Kepler-1812 b,Kepler-1812,2,Hot,1e-04,0.9992,0.0007,0.9992
Kepler-1813 b,Kepler-1813,2,Hot,0.0002,0.9996,0.0002,0.9996
Kepler-1814 b,Kepler-1814,2,Hot,1e-04,0.9995,0.0004,0.9995
Kepler-1815 b,Kepler-1815,2,Hot,0.0004,0.9991,0.0005,0.9991
Kepler-1816 b,Kepler-1816,1,Rocky-Habitable,0.9755,0.0235,0.0009,0.9755
Kepler-1817 b,Kepler-1817,2,Hot,0.3099,0.6805,0.0097,0.6805
Kepler-1818 b,Kepler-1818,2,Hot,1e-04,0.9996,0.0002,0.9996
Kepler-1819 b,Kepler-1819,2,Hot,0.0011,0.9913,0.0076,0.9913
Kepler-182 b,Kepler-182,2,Hot,0.0002,0.9991,0.0007,0.9991
Kepler-182 c,Kepler-182,2,Hot,0.0006,0.9966,0.0028,0.9966
Kepler-1820 b,Kepler-1820,2,Hot,0.0136,0.9765,0.0099,0.9765
Kepler-1821 b,Kepler-1821,2,Hot,0.0017,0.9972,0.0012,0.9972
Kepler-1822 b,Kepler-1822,2,Hot,0.0018,0.9976,0.0007,0.9976
Kepler-1823 b,Kepler-1823,2,Hot,0.0019,0.9968,0.0013,0.9968
Kepler-1824 b,Kepler-1824,1,Rocky-Habitable,0.6177,0.3545,0.0278,0.6177
Kepler-1825 b,Kepler-1825,2,Hot,0.0002,0.9996,0.0002,0.9996
Kepler-1826 b,Kepler-1826,2,Hot,0.0003,0.9995,0.0002,0.9995
Kepler-1827 b,Kepler-1827,2,Hot,1e-04,0.9997,0.0002,0.9997
Kepler-1828 b,Kepler-1828,2,Hot,0.0002,0.9994,0.0004,0.9994
Kepler-1829 b,Kepler-1829,2,Hot,1e-04,0.9997,0.0002,0.9997
Kepler-183 b,Kepler-183,2,Hot,0.0002,0.9994,0.0005,0.9994
Kepler-183 c,Kepler-183,2,Hot,0.0002,0.9995,0.0003,0.9995
Kepler-1830 b,Kepler-1830,2,Hot,0.1208,0.763,0.1161,0.763
Kepler-1831 b,Kepler-1831,2,Hot,1e-04,0.9995,0.0004,0.9995
Kepler-1832 b,Kepler-1832,2,Hot,0.0002,0.9997,0.0002,0.9997
Kepler-1833 b,Kepler-1833,2,Hot,0.0005,0.9979,0.0017,0.9979
Kepler-1834 b,Kepler-1834,2,Hot,0.0002,0.9995,0.0003,0.9995
Kepler-1835 b,Kepler-1835,2,Hot,0.0004,0.9981,0.0016,0.9981
Kepler-1836 b,Kepler-1836,2,Hot,0.0002,0.9993,0.0005,0.9993
Kepler-1837 b,Kepler-1837,2,Hot,1e-04,0.9996,0.0003,0.9996
Kepler-1838 b,Kepler-1838,2,Hot,0.0004,0.9992,0.0004,0.9992
Kepler-1839 b,Kepler-1839,2,Hot,1e-04,0.9996,0.0003,0.9996
Kepler-184 b,Kepler-184,2,Hot,0.0002,0.9995,0.0004,0.9995
Kepler-184 c,Kepler-184,2,Hot,0.0008,0.9987,0.0005,0.9987
Kepler-184 d,Kepler-184,2,Hot,0.0036,0.9954,0.001,0.9954
Kepler-1840 b,Kepler-1840,1,Rocky-Habitable,0.9903,0.007,0.0027,0.9903
Kepler-1841 b,Kepler-1841,2,Hot,0.0563,0.9393,0.0044,0.9393
Kepler-1842 b,Kepler-1842,2,Hot,0.0003,0.9991,0.0006,0.9991
Kepler-1843 b,Kepler-1843,2,Hot,0.0083,0.9882,0.0035,0.9882
Kepler-1844 b,Kepler-1844,2,Hot,0.0002,0.9992,0.0006,0.9992
Kepler-1845 b,Kepler-1845,2,Hot,0.0011,0.9985,0.0004,0.9985
Kepler-1846 b,Kepler-1846,2,Hot,0.0124,0.9864,0.0011,0.9864
Kepler-1847 b,Kepler-1847,2,Hot,0.0003,0.9987,0.0009,0.9987
Kepler-1848 b,Kepler-1848,2,Hot,0.0002,0.9996,1e-04,0.9996
Kepler-1849 b,Kepler-1849,1,Rocky-Habitable,0.9808,0.0183,0.0009,0.9808
Kepler-185 b,Kepler-185,2,Hot,0.0003,0.9993,0.0004,0.9993
Kepler-185 c,Kepler-185,2,Hot,0.0026,0.9969,0.0005,0.9969
Kepler-1850 b,Kepler-1850,2,Hot,0.0003,0.9996,0.0002,0.9996
Kepler-1851 b,Kepler-1851,2,Hot,0.0005,0.9947,0.0049,0.9947
Kepler-1852 b,Kepler-1852,2,Hot,0.0005,0.9986,0.0009,0.9986
Kepler-1853 b,Kepler-1853,1,Rocky-Habitable,0.929,0.0678,0.0033,0.929
Kepler-1854 b,Kepler-1854,2,Hot,0.4351,0.5618,0.0031,0.5618
Kepler-1855 b,Kepler-1855,2,Hot,0.0006,0.9991,0.0003,0.9991
Kepler-1856 b,Kepler-1856,2,Hot,0.0002,0.9996,0.0002,0.9996
Kepler-1857 b,Kepler-1857,2,Hot,0.0002,0.999,0.0007,0.999
Kepler-1858 b,Kepler-1858,1,Rocky-Habitable,0.9477,0.0488,0.0035,0.9477
Kepler-1859 b,Kepler-1859,2,Hot,0.0002,0.9994,0.0005,0.9994
Kepler-186 b,Kepler-186,2,Hot,0.0009,0.9988,0.0003,0.9988
Kepler-186 c,Kepler-186,2,Hot,0.0022,0.9975,0.0003,0.9975
Kepler-186 d,Kepler-186,2,Hot,0.1107,0.8885,0.0009,0.8885
Kepler-186 e,Kepler-186,1,Rocky-Habitable,0.9489,0.0503,0.0008,0.9489
Kepler-186 f,Kepler-186,1,Rocky-Habitable,0.9978,0.0018,0.0004,0.9978
Kepler-1860 b,Kepler-1860,2,Hot,0.0008,0.9989,0.0003,0.9989
Kepler-1861 b,Kepler-1861,2,Hot,0.0847,0.899,0.0163,0.899
Kepler-1862 b,Kepler-1862,2,Hot,0.0005,0.9992,0.0003,0.9992
Kepler-1863 b,Kepler-1863,2,Hot,0.09,0.8959,0.0142,0.8959
Kepler-1864 b,Kepler-1864,2,Hot,0.0002,0.9995,0.0003,0.9995
Kepler-1865 b,Kepler-1865,2,Hot,0.0002,0.9997,0.0002,0.9997
Kepler-1866 b,Kepler-1866,2,Hot,0.0006,0.9985,0.0009,0.9985
Kepler-1867 b,Kepler-1867,2,Hot,0.0004,0.9993,0.0003,0.9993
Kepler-1868 b,Kepler-1868,1,Rocky-Habitable,0.9966,0.0023,0.0011,0.9966
Kepler-1869 b,Kepler-1869,2,Hot,0.0002,0.9996,0.0002,0.9996
Kepler-187 b,Kepler-187,2,Hot,0.0003,0.9993,0.0004,0.9993
Kepler-187 c,Kepler-187,2,Hot,0.0002,0.9993,0.0005,0.9993
Kepler-1870 b,Kepler-1870,2,Hot,1e-04,0.9997,0.0002,0.9997
Kepler-1871 b,Kepler-1871,2,Hot,1e-04,0.9995,0.0004,0.9995
Kepler-1872 b,Kepler-1872,2,Hot,1e-04,0.9994,0.0005,0.9994
Kepler-1873 b,Kepler-1873,2,Hot,1e-04,0.9996,0.0002,0.9996
Kepler-1874 b,Kepler-1874,1,Rocky-Habitable,0.9741,0.0232,0.0027,0.9741
Kepler-1875 b,Kepler-1875,2,Hot,0.003,0.9908,0.0062,0.9908
Kepler-1877 b,Kepler-1877,2,Hot,0.0002,0.9994,0.0004,0.9994
Kepler-1878 b,Kepler-1878,2,Hot,0.0002,0.9991,0.0007,0.9991
Kepler-1879 b,Kepler-1879,2,Hot,1e-04,0.9996,0.0003,0.9996
Kepler-188 b,Kepler-188,2,Hot,0.0003,0.9986,0.0011,0.9986
Kepler-188 c,Kepler-188,2,Hot,0.0002,0.9985,0.0013,0.9985
Kepler-1880 b,Kepler-1880,2,Hot,0.0002,0.9996,0.0002,0.9996
Kepler-1881 b,Kepler-1881,1,Rocky-Habitable,0.9774,0.0186,0.004,0.9774
Kepler-1882 b,Kepler-1882,2,Hot,0.0021,0.9967,0.0012,0.9967
Kepler-1883 b,Kepler-1883,2,Hot,0.1644,0.7307,0.1049,0.7307
Kepler-1884 b,Kepler-1884,2,Hot,0.0002,0.9995,0.0003,0.9995
Kepler-1885 b,Kepler-1885,2,Hot,1e-04,0.9996,0.0002,0.9996
Kepler-1886 b,Kepler-1886,2,Hot,0.0044,0.9942,0.0014,0.9942
Kepler-1887 b,Kepler-1887,2,Hot,0.0013,0.9979,0.0008,0.9979
Kepler-1888 b,Kepler-1888,2,Hot,0.0004,0.9994,0.0002,0.9994
Kepler-1889 b,Kepler-1889,2,Hot,0.0166,0.9791,0.0043,0.9791
Kepler-189 b,Kepler-189,2,Hot,0.0004,0.9994,0.0002,0.9994
Kepler-189 c,Kepler-189,2,Hot,0.0017,0.9979,0.0005,0.9979
Kepler-1890 b,Kepler-1890,2,Hot,0.0002,0.9995,0.0003,0.9995
Kepler-1891 b,Kepler-1891,2,Hot,0.0002,0.9996,0.0002,0.9996
Kepler-1892 b,Kepler-1892,2,Hot,0.0002,0.9997,0.0002,0.9997
Kepler-1893 b,Kepler-1893,2,Hot,0.0002,0.9995,0.0003,0.9995
Kepler-1894 b,Kepler-1894,2,Hot,0.0002,0.9996,0.0002,0.9996
Kepler-1895 b,Kepler-1895,2,Hot,1e-04,0.9997,0.0002,0.9997
Kepler-1896 b,Kepler-1896,2,Hot,0.0066,0.9885,0.0049,0.9885
Kepler-1897 b,Kepler-1897,2,Hot,0.0188,0.9783,0.0029,0.9783
Kepler-1898 b,Kepler-1898,2,Hot,0.0002,0.9996,0.0002,0.9996
Kepler-1899 b,Kepler-1899,2,Hot,0.0002,0.9996,0.0002,0.9996
Kepler-19 c,Kepler-19,2,Hot,0.0048,0.9935,0.0017,0.9935
Kepler-19 d,Kepler-19,2,Hot,0.2906,0.6721,0.0373,0.6721
Kepler-190 b,Kepler-190,2,Hot,0.0002,0.9994,0.0004,0.9994
Kepler-190 c,Kepler-190,2,Hot,0.0003,0.9994,0.0004,0.9994
Kepler-1900 b,Kepler-1900,2,Hot,1e-04,0.9996,0.0003,0.9996
Kepler-1901 b,Kepler-1901,2,Hot,0.0002,0.9995,0.0003,0.9995
Kepler-1902 b,Kepler-1902,2,Hot,0.0006,0.9991,0.0003,0.9991
Kepler-1903 b,Kepler-1903,2,Hot,0.0004,0.9984,0.0012,0.9984
Kepler-1904 b,Kepler-1904,2,Hot,0.0006,0.9991,0.0002,0.9991
Kepler-1905 b,Kepler-1905,2,Hot,0.0002,0.9994,0.0004,0.9994
Kepler-1906 b,Kepler-1906,2,Hot,0.0002,0.9994,0.0004,0.9994
Kepler-1907 b,Kepler-1907,2,Hot,0.0002,0.9997,1e-04,0.9997
Kepler-1907 c,Kepler-1907,2,Hot,0.0017,0.998,0.0003,0.998
Kepler-1909 b,Kepler-1909,2,Hot,0.0002,0.9996,0.0002,0.9996
Kepler-191 b,Kepler-191,2,Hot,0.0004,0.9994,0.0002,0.9994
Kepler-191 c,Kepler-191,2,Hot,0.0017,0.9979,0.0004,0.9979
Kepler-191 d,Kepler-191,2,Hot,1e-04,0.9997,0.0002,0.9997
Kepler-1910 b,Kepler-1910,2,Hot,0.0004,0.9994,0.0002,0.9994
Kepler-1911 b,Kepler-1911,2,Hot,0.0002,0.9997,0.0002,0.9997
Kepler-1912 b,Kepler-1912,2,Hot,0.0002,0.9996,0.0002,0.9996
Kepler-1913 b,Kepler-1913,2,Hot,0.0005,0.9991,0.0005,0.9991
Kepler-1914 b,Kepler-1914,2,Hot,0.0098,0.9864,0.0038,0.9864
Kepler-1915 b,Kepler-1915,2,Hot,0.0004,0.9988,0.0008,0.9988
Kepler-1916 b,Kepler-1916,2,Hot,0.008,0.9854,0.0066,0.9854
Kepler-1917 b,Kepler-1917,2,Hot,0.0003,0.9994,0.0002,0.9994
Kepler-1918 b,Kepler-1918,2,Hot,0.1465,0.8468,0.0067,0.8468
Kepler-1919 b,Kepler-1919,2,Hot,0.0452,0.9496,0.0052,0.9496
Kepler-192 b,Kepler-192,2,Hot,0.0002,0.9994,0.0004,0.9994
Kepler-192 c,Kepler-192,2,Hot,0.0007,0.9985,0.0008,0.9985
Kepler-192 d,Kepler-192,2,Hot,0.0002,0.9996,0.0002,0.9996
Kepler-1920 b,Kepler-1920,2,Hot,0.0103,0.9779,0.0119,0.9779
Kepler-1921 b,Kepler-1921,2,Hot,0.0008,0.9979,0.0013,0.9979
Kepler-1922 b,Kepler-1922,2,Hot,0.0003,0.9989,0.0007,0.9989
Kepler-1923 b,Kepler-1923,2,Hot,0.1606,0.8219,0.0175,0.8219
Kepler-1924 b,Kepler-1924,2,Hot,0.0006,0.9978,0.0017,0.9978
Kepler-1925 b,Kepler-1925,2,Hot,0.0554,0.906,0.0386,0.906
Kepler-1926 b,Kepler-1926,2,Hot,0.2607,0.7355,0.0038,0.7355
Kepler-1927 b,Kepler-1927,2,Hot,0.1247,0.7884,0.0868,0.7884
Kepler-1928 b,Kepler-1928,2,Hot,0.0014,0.9974,0.0012,0.9974
Kepler-1929 b,Kepler-1929,2,Hot,0.1564,0.8075,0.0362,0.8075
Kepler-193 b,Kepler-193,2,Hot,0.0002,0.9991,0.0007,0.9991
Kepler-193 c,Kepler-193,2,Hot,0.0025,0.9919,0.0056,0.9919
Kepler-1930 b,Kepler-1930,2,Hot,0.003,0.9959,0.0011,0.9959
Kepler-1931 b,Kepler-1931,2,Hot,0.0219,0.967,0.0111,0.967
Kepler-1932 b,Kepler-1932,2,Hot,1e-04,0.9996,0.0002,0.9996
Kepler-1933 b,Kepler-1933,2,Hot,1e-04,0.9996,0.0002,0.9996
Kepler-1934 b,Kepler-1934,2,Hot,0.0002,0.9995,0.0003,0.9995
Kepler-1935 b,Kepler-1935,2,Hot,1e-04,0.9996,0.0003,0.9996
Kepler-1936 b,Kepler-1936,2,Hot,0.1267,0.6359,0.2375,0.6359
Kepler-1937 b,Kepler-1937,2,Hot,0.0002,0.9987,0.001,0.9987
Kepler-1938 b,Kepler-1938,2,Hot,0.0038,0.9958,0.0004,0.9958
Kepler-1939 b,Kepler-1939,2,Hot,0.0002,0.9996,0.0002,0.9996
Kepler-194 b,Kepler-194,2,Hot,0.0003,0.9987,0.001,0.9987
Kepler-194 c,Kepler-194,2,Hot,0.0004,0.9985,0.0011,0.9985
Kepler-194 d,Kepler-194,2,Hot,0.0058,0.9922,0.002,0.9922
Kepler-1940 b,Kepler-1940,2,Hot,1e-04,0.9998,1e-04,0.9998
Kepler-1941 b,Kepler-1941,2,Hot,0.0023,0.9952,0.0024,0.9952
Kepler-1942 b,Kepler-1942,2,Hot,0.0002,0.9993,0.0005,0.9993
Kepler-1943 b,Kepler-1943,2,Hot,1e-04,0.9996,0.0002,0.9996
Kepler-1944 b,Kepler-1944,2,Hot,0.0007,0.9975,0.0018,0.9975
Kepler-1945 b,Kepler-1945,2,Hot,0.0002,0.9996,0.0002,0.9996
Kepler-1946 b,Kepler-1946,2,Hot,1e-04,0.9996,0.0003,0.9996
Kepler-1947 b,Kepler-1947,2,Hot,0.0002,0.9995,0.0003,0.9995
Kepler-1948 b,Kepler-1948,1,Rocky-Habitable,0.5826,0.4116,0.0058,0.5826
Kepler-1949 b,Kepler-1949,2,Hot,1e-04,0.9992,0.0007,0.9992
Kepler-195 b,Kepler-195,2,Hot,0.0002,0.9995,0.0002,0.9995
Kepler-195 c,Kepler-195,2,Hot,0.0183,0.9809,0.0007,0.9809
Kepler-1950 b,Kepler-1950,2,Hot,0.0003,0.9995,0.0002,0.9995
Kepler-1951 b,Kepler-1951,2,Hot,0.0053,0.9931,0.0016,0.9931
Kepler-1952 b,Kepler-1952,2,Hot,0.0101,0.9889,0.001,0.9889
Kepler-1953 b,Kepler-1953,2,Hot,0.0003,0.9996,0.0002,0.9996
Kepler-1954 b,Kepler-1954,2,Hot,0.0002,0.9996,0.0002,0.9996
Kepler-1955 b,Kepler-1955,2,Hot,0.0013,0.9978,0.0008,0.9978
Kepler-1956 b,Kepler-1956,2,Hot,0.0005,0.9991,0.0004,0.9991
Kepler-1957 b,Kepler-1957,2,Hot,0.0002,0.9996,0.0002,0.9996
Kepler-1958 b,Kepler-1958,2,Hot,0.0002,0.9994,0.0003,0.9994
Kepler-1959 b,Kepler-1959,2,Hot,0.0002,0.9997,1e-04,0.9997
Kepler-196 b,Kepler-196,2,Hot,0.0028,0.9968,0.0005,0.9968
Kepler-196 c,Kepler-196,2,Hot,0.025,0.9734,0.0016,0.9734
Kepler-196 d,Kepler-196,1,Rocky-Habitable,0.9795,0.0176,0.0029,0.9795
Kepler-1960 b,Kepler-1960,2,Hot,0.0002,0.9995,0.0004,0.9995
Kepler-1961 b,Kepler-1961,2,Hot,0.0002,0.9997,1e-04,0.9997
Kepler-1962 b,Kepler-1962,2,Hot,0.0003,0.999,0.0007,0.999
Kepler-1963 b,Kepler-1963,2,Hot,0.0002,0.9996,0.0002,0.9996
Kepler-1964 b,Kepler-1964,2,Hot,0.0002,0.9996,0.0002,0.9996
Kepler-1965 b,Kepler-1965,2,Hot,0.0542,0.9432,0.0026,0.9432
Kepler-1966 b,Kepler-1966,2,Hot,0.0006,0.9986,0.0007,0.9986
Kepler-1967 b,Kepler-1967,2,Hot,0.0008,0.9979,0.0014,0.9979
Kepler-1968 b,Kepler-1968,2,Hot,0.0005,0.9987,0.0007,0.9987
Kepler-1969 b,Kepler-1969,2,Hot,1e-04,0.9995,0.0004,0.9995
Kepler-197 b,Kepler-197,2,Hot,0.0003,0.9994,0.0003,0.9994
Kepler-197 c,Kepler-197,2,Hot,0.0003,0.9995,0.0003,0.9995
Kepler-197 d,Kepler-197,2,Hot,0.0005,0.9991,0.0004,0.9991
Kepler-197 e,Kepler-197,2,Hot,0.0024,0.997,0.0006,0.997
Kepler-1972 b,Kepler-1972,2,Hot,0.0008,0.9928,0.0064,0.9928
Kepler-1972 c,Kepler-1972,2,Hot,0.0006,0.995,0.0044,0.995
Kepler-198 b,Kepler-198,2,Hot,0.0005,0.9987,0.0008,0.9987
Kepler-198 c,Kepler-198,2,Hot,0.0214,0.9772,0.0014,0.9772
Kepler-198 d,Kepler-198,2,Hot,1e-04,0.9997,0.0002,0.9997
Kepler-199 b,Kepler-199,2,Hot,0.0014,0.9968,0.0018,0.9968
Kepler-199 c,Kepler-199,2,Hot,0.0096,0.9837,0.0067,0.9837
Kepler-20 g,Kepler-20,2,Hot,0.002,0.9951,0.0029,0.9951
Kepler-200 b,Kepler-200,2,Hot,1e-04,0.9996,0.0003,0.9996
Kepler-200 c,Kepler-200,2,Hot,0.0003,0.9995,0.0002,0.9995
Kepler-201 b,Kepler-201,2,Hot,0.0013,0.9978,0.0009,0.9978
Kepler-201 c,Kepler-201,2,Hot,0.3884,0.5386,0.073,0.5386
Kepler-202 b,Kepler-202,2,Hot,0.0003,0.9993,0.0004,0.9993
Kepler-202 c,Kepler-202,2,Hot,0.0044,0.9949,0.0007,0.9949
Kepler-203 b,Kepler-203,2,Hot,0.0002,0.9984,0.0014,0.9984
Kepler-203 c,Kepler-203,2,Hot,0.0002,0.9992,0.0006,0.9992
Kepler-203 d,Kepler-203,2,Hot,0.0003,0.9994,0.0003,0.9994
Kepler-204 b,Kepler-204,2,Hot,0.0003,0.999,0.0007,0.999
Kepler-204 c,Kepler-204,2,Hot,0.0033,0.996,0.0007,0.996
Kepler-205 b,Kepler-205,2,Hot,0.0004,0.9992,0.0004,0.9992
Kepler-205 c,Kepler-205,2,Hot,0.0202,0.9783,0.0015,0.9783
Kepler-206 b,Kepler-206,2,Hot,0.0003,0.9994,0.0003,0.9994
Kepler-206 c,Kepler-206,2,Hot,0.0004,0.9993,0.0003,0.9993
Kepler-206 d,Kepler-206,2,Hot,0.0025,0.9968,0.0006,0.9968
Kepler-207 b,Kepler-207,2,Hot,0.0002,0.9987,0.0011,0.9987
Kepler-207 c,Kepler-207,2,Hot,0.0002,0.9992,0.0006,0.9992
Kepler-207 d,Kepler-207,2,Hot,0.0002,0.9983,0.0015,0.9983
Kepler-208 b,Kepler-208,2,Hot,0.0002,0.9993,0.0005,0.9993
Kepler-208 c,Kepler-208,2,Hot,0.0003,0.9993,0.0004,0.9993
Kepler-208 d,Kepler-208,2,Hot,0.0002,0.9995,0.0002,0.9995
Kepler-208 e,Kepler-208,2,Hot,0.0006,0.999,0.0004,0.999
Kepler-209 b,Kepler-209,2,Hot,0.0004,0.9993,0.0003,0.9993
Kepler-209 c,Kepler-209,2,Hot,0.005,0.9923,0.0026,0.9923
Kepler-210 b,Kepler-210,2,Hot,0.0002,0.9991,0.0007,0.9991
Kepler-210 c,Kepler-210,2,Hot,0.0005,0.9986,0.0009,0.9986
Kepler-211 b,Kepler-211,2,Hot,0.0003,0.9994,0.0003,0.9994
Kepler-211 c,Kepler-211,2,Hot,0.0002,0.9996,0.0002,0.9996
Kepler-212 b,Kepler-212,2,Hot,0.0012,0.9985,0.0004,0.9985
Kepler-212 c,Kepler-212,2,Hot,0.0019,0.9968,0.0013,0.9968
Kepler-213 b,Kepler-213,2,Hot,0.0002,0.9992,0.0006,0.9992
Kepler-213 c,Kepler-213,2,Hot,0.0002,0.9994,0.0004,0.9994
Kepler-214 b,Kepler-214,2,Hot,0.0004,0.9986,0.001,0.9986
Kepler-214 c,Kepler-214,2,Hot,0.0029,0.9963,0.0009,0.9963
Kepler-215 b,Kepler-215,2,Hot,0.0003,0.9994,0.0003,0.9994
Kepler-215 c,Kepler-215,2,Hot,0.0005,0.9992,0.0004,0.9992
Kepler-215 d,Kepler-215,2,Hot,0.0051,0.994,0.0008,0.994
Kepler-215 e,Kepler-215,2,Hot,0.0732,0.9238,0.003,0.9238
Kepler-216 b,Kepler-216,2,Hot,0.0002,0.9991,0.0007,0.9991
Kepler-216 c,Kepler-216,2,Hot,0.0004,0.9984,0.0012,0.9984
Kepler-217 b,Kepler-217,2,Hot,0.0002,0.9991,0.0007,0.9991
Kepler-217 c,Kepler-217,2,Hot,1e-04,0.9996,0.0003,0.9996
Kepler-217 d,Kepler-217,2,Hot,1e-04,0.9995,0.0004,0.9995
Kepler-218 b,Kepler-218,2,Hot,0.0002,0.9994,0.0004,0.9994
Kepler-218 c,Kepler-218,2,Hot,0.0053,0.992,0.0027,0.992
Kepler-218 d,Kepler-218,1,Rocky-Habitable,0.9696,0.0243,0.0061,0.9696
Kepler-219 b,Kepler-219,2,Hot,0.0002,0.9987,0.0011,0.9987
Kepler-219 c,Kepler-219,2,Hot,0.0011,0.9966,0.0023,0.9966
Kepler-219 d,Kepler-219,2,Hot,0.0034,0.9947,0.0019,0.9947
Kepler-220 b,Kepler-220,2,Hot,0.0004,0.9993,0.0003,0.9993
Kepler-220 c,Kepler-220,2,Hot,0.0008,0.9987,0.0005,0.9987
Kepler-220 d,Kepler-220,2,Hot,0.2974,0.6998,0.0027,0.6998
Kepler-220 e,Kepler-220,1,Rocky-Habitable,0.5288,0.4693,0.0019,0.5288
Kepler-221 b,Kepler-221,2,Hot,0.0002,0.9995,0.0004,0.9995
Kepler-221 c,Kepler-221,2,Hot,0.0002,0.9995,0.0003,0.9995
Kepler-221 d,Kepler-221,2,Hot,0.0002,0.9994,0.0004,0.9994
Kepler-221 e,Kepler-221,2,Hot,0.0004,0.999,0.0005,0.999
Kepler-222 b,Kepler-222,2,Hot,0.0002,0.999,0.0008,0.999
Kepler-222 c,Kepler-222,2,Hot,0.0004,0.9965,0.0031,0.9965
Kepler-222 d,Kepler-222,2,Hot,0.0029,0.9927,0.0043,0.9927
Kepler-223 b,Kepler-223,2,Hot,0.0002,0.9989,0.0009,0.9989
Kepler-223 c,Kepler-223,2,Hot,0.001,0.965,0.034,0.965
Kepler-223 d,Kepler-223,3,Gas-Giant,0.0019,0.075,0.923,0.923
Kepler-223 e,Kepler-223,3,Gas-Giant,0.0023,0.0499,0.9479,0.9479
Kepler-224 b,Kepler-224,2,Hot,0.0003,0.9993,0.0004,0.9993
Kepler-224 c,Kepler-224,2,Hot,0.0002,0.9995,0.0003,0.9995
Kepler-224 d,Kepler-224,2,Hot,0.0005,0.9993,0.0002,0.9993
Kepler-224 e,Kepler-224,2,Hot,0.003,0.9966,0.0004,0.9966
Kepler-225 b,Kepler-225,2,Hot,0.0047,0.9945,0.0008,0.9945
Kepler-225 c,Kepler-225,1,Rocky-Habitable,0.9655,0.0338,0.0007,0.9655
Kepler-226 b,Kepler-226,2,Hot,0.0002,0.9994,0.0003,0.9994
Kepler-226 c,Kepler-226,2,Hot,0.0002,0.9996,0.0003,0.9996
Kepler-226 d,Kepler-226,2,Hot,0.0003,0.9994,0.0002,0.9994
Kepler-227 b,Kepler-227,2,Hot,0.0002,0.9992,0.0006,0.9992
Kepler-227 c,Kepler-227,2,Hot,0.0037,0.9921,0.0042,0.9921
Kepler-228 b,Kepler-228,2,Hot,0.0002,0.9989,0.0008,0.9989
Kepler-228 c,Kepler-228,2,Hot,0.0002,0.9984,0.0014,0.9984
Kepler-228 d,Kepler-228,2,Hot,0.0003,0.9964,0.0033,0.9964
Kepler-229 b,Kepler-229,2,Hot,0.0002,0.9996,0.0002,0.9996
Kepler-229 c,Kepler-229,2,Hot,0.0019,0.9745,0.0236,0.9745
Kepler-229 d,Kepler-229,2,Hot,0.0078,0.9866,0.0056,0.9866
Kepler-23 b,Kepler-23,2,Hot,0.0002,0.9995,0.0003,0.9995
Kepler-23 c,Kepler-23,2,Hot,0.0003,0.998,0.0017,0.998
Kepler-23 d,Kepler-23,2,Hot,0.0004,0.999,0.0006,0.999
Kepler-230 b,Kepler-230,2,Hot,0.002,0.9913,0.0067,0.9913
Kepler-230 c,Kepler-230,2,Hot,0.2295,0.7619,0.0086,0.7619
Kepler-231 b,Kepler-231,2,Hot,0.0045,0.9946,0.0009,0.9946
Kepler-231 c,Kepler-231,1,Rocky-Habitable,0.7801,0.2177,0.0022,0.7801
Kepler-232 b,Kepler-232,2,Hot,0.0002,0.9983,0.0015,0.9983
Kepler-232 c,Kepler-232,2,Hot,0.0004,0.996,0.0036,0.996
Kepler-233 b,Kepler-233,2,Hot,0.0002,0.9994,0.0004,0.9994
Kepler-233 c,Kepler-233,2,Hot,0.0923,0.9045,0.0032,0.9045
Kepler-234 b,Kepler-234,2,Hot,0.0003,0.9952,0.0045,0.9952
Kepler-234 c,Kepler-234,2,Hot,0.0003,0.9964,0.0033,0.9964
Kepler-235 b,Kepler-235,2,Hot,0.0003,0.9994,0.0004,0.9994
Kepler-235 c,Kepler-235,2,Hot,0.0011,0.9983,0.0005,0.9983
Kepler-235 d,Kepler-235,2,Hot,0.0212,0.9774,0.0014,0.9774
Kepler-235 e,Kepler-235,1,Rocky-Habitable,0.6078,0.3901,0.0021,0.6078
Kepler-236 b,Kepler-236,2,Hot,0.0033,0.9959,0.0008,0.9959
Kepler-236 c,Kepler-236,1,Rocky-Habitable,0.9852,0.0142,0.0006,0.9852
Kepler-237 b,Kepler-237,2,Hot,0.0003,0.9994,0.0003,0.9994
Kepler-237 c,Kepler-237,2,Hot,0.0004,0.9994,0.0003,0.9994
Kepler-238 b,Kepler-238,2,Hot,0.0002,0.9989,0.0009,0.9989
Kepler-238 c,Kepler-238,2,Hot,0.0002,0.9994,0.0004,0.9994
Kepler-238 d,Kepler-238,2,Hot,0.0003,0.999,0.0007,0.999
Kepler-238 e,Kepler-238,2,Hot,0.0064,0.7673,0.2263,0.7673
Kepler-238 f,Kepler-238,1,Rocky-Habitable,0.7128,0.283,0.0043,0.7128
Kepler-239 b,Kepler-239,2,Hot,0.0007,0.999,0.0003,0.999
Kepler-239 c,Kepler-239,2,Hot,0.4199,0.5746,0.0055,0.5746
Kepler-24 b,Kepler-24,2,Hot,0.0003,0.999,0.0007,0.999
Kepler-24 c,Kepler-24,2,Hot,0.0003,0.9985,0.0011,0.9985
Kepler-24 d,Kepler-24,2,Hot,0.0002,0.9993,0.0005,0.9993
Kepler-24 e,Kepler-24,2,Hot,0.0005,0.9983,0.0012,0.9983
Kepler-240 b,Kepler-240,2,Hot,0.0003,0.9994,0.0003,0.9994
Kepler-240 c,Kepler-240,2,Hot,0.0002,0.9995,0.0003,0.9995
Kepler-241 b,Kepler-241,2,Hot,0.0015,0.9979,0.0005,0.9979
Kepler-241 c,Kepler-241,2,Hot,0.3396,0.6581,0.0022,0.6581
Kepler-242 b,Kepler-242,2,Hot,0.0003,0.9993,0.0004,0.9993
Kepler-242 c,Kepler-242,2,Hot,0.0015,0.9981,0.0004,0.9981
Kepler-243 b,Kepler-243,2,Hot,0.0002,0.9996,0.0002,0.9996
Kepler-243 c,Kepler-243,2,Hot,0.0027,0.9968,0.0005,0.9968
Kepler-244 b,Kepler-244,2,Hot,0.0002,0.9993,0.0005,0.9993
Kepler-244 c,Kepler-244,2,Hot,0.0002,0.9996,0.0002,0.9996
Kepler-244 d,Kepler-244,2,Hot,0.0007,0.9988,0.0005,0.9988
Kepler-245 b,Kepler-245,2,Hot,0.0002,0.9993,0.0004,0.9993
Kepler-245 c,Kepler-245,2,Hot,0.0016,0.998,0.0004,0.998
Kepler-245 d,Kepler-245,2,Hot,0.0059,0.9927,0.0014,0.9927
Kepler-245 e,Kepler-245,2,Hot,1e-04,0.9997,0.0002,0.9997
Kepler-246 b,Kepler-246,2,Hot,0.0002,0.9995,0.0003,0.9995
Kepler-246 c,Kepler-246,2,Hot,0.0004,0.9994,0.0002,0.9994
Kepler-247 b,Kepler-247,2,Hot,0.0002,0.9994,0.0004,0.9994
Kepler-247 c,Kepler-247,2,Hot,0.0005,0.9974,0.0021,0.9974
Kepler-247 d,Kepler-247,2,Hot,0.0011,0.9955,0.0033,0.9955
Kepler-248 b,Kepler-248,2,Hot,0.0002,0.9995,0.0003,0.9995
Kepler-248 c,Kepler-248,2,Hot,0.0009,0.9952,0.0039,0.9952
Kepler-249 b,Kepler-249,2,Hot,0.0015,0.9979,0.0006,0.9979
Kepler-249 c,Kepler-249,2,Hot,0.0063,0.9928,0.0009,0.9928
Kepler-249 d,Kepler-249,1,Rocky-Habitable,0.8113,0.1871,0.0016,0.8113
Kepler-25 b,Kepler-25,2,Hot,1e-04,0.9996,0.0002,0.9996
Kepler-25 c,Kepler-25,2,Hot,0.0009,0.9572,0.042,0.9572
Kepler-25 d,Kepler-25,1,Rocky-Habitable,0.5091,0.1238,0.3671,0.5091
Kepler-250 b,Kepler-250,2,Hot,0.0003,0.9994,0.0003,0.9994
Kepler-250 c,Kepler-250,2,Hot,0.0002,0.9995,0.0003,0.9995
Kepler-250 d,Kepler-250,2,Hot,0.0018,0.9978,0.0004,0.9978
Kepler-251 b,Kepler-251,2,Hot,0.0002,0.9995,0.0002,0.9995
Kepler-251 c,Kepler-251,2,Hot,0.0004,0.9989,0.0007,0.9989
Kepler-251 d,Kepler-251,2,Hot,0.002,0.9971,0.0009,0.9971
Kepler-251 e,Kepler-251,2,Hot,0.2216,0.7696,0.0088,0.7696
Kepler-252 b,Kepler-252,2,Hot,0.001,0.9985,0.0004,0.9985
Kepler-252 c,Kepler-252,2,Hot,0.0032,0.9959,0.0009,0.9959
Kepler-253 b,Kepler-253,2,Hot,0.0002,0.9995,0.0003,0.9995
Kepler-253 c,Kepler-253,2,Hot,0.0002,0.9994,0.0004,0.9994
Kepler-253 d,Kepler-253,2,Hot,0.0006,0.9979,0.0014,0.9979
Kepler-254 b,Kepler-254,2,Hot,0.0002,0.9975,0.0023,0.9975
Kepler-254 c,Kepler-254,2,Hot,1e-04,0.9996,0.0003,0.9996
Kepler-254 d,Kepler-254,2,Hot,0.0004,0.9988,0.0008,0.9988
Kepler-255 b,Kepler-255,2,Hot,0.0002,0.9996,0.0002,0.9996
Kepler-255 c,Kepler-255,2,Hot,0.0002,0.9993,0.0005,0.9993
Kepler-255 d,Kepler-255,2,Hot,0.0002,0.9997,0.0002,0.9997
Kepler-256 b,Kepler-256,2,Hot,0.0002,0.9993,0.0005,0.9993
Kepler-256 c,Kepler-256,2,Hot,0.0002,0.9992,0.0006,0.9992
Kepler-256 d,Kepler-256,2,Hot,0.0002,0.9996,0.0003,0.9996
Kepler-256 e,Kepler-256,2,Hot,0.0002,0.9995,0.0003,0.9995
Kepler-257 b,Kepler-257,2,Hot,0.0002,0.9991,0.0007,0.9991
Kepler-257 c,Kepler-257,2,Hot,0.0004,0.9859,0.0137,0.9859
Kepler-257 d,Kepler-257,2,Hot,0.0042,0.9789,0.0169,0.9789
Kepler-258 b,Kepler-258,2,Hot,0.0011,0.9959,0.003,0.9959
Kepler-258 c,Kepler-258,2,Hot,0.0134,0.9812,0.0054,0.9812
Kepler-259 b,Kepler-259,2,Hot,0.0002,0.999,0.0008,0.999
Kepler-259 c,Kepler-259,2,Hot,0.0012,0.9976,0.0012,0.9976
Kepler-26 b,Kepler-26,2,Hot,0.0207,0.976,0.0033,0.976
Kepler-26 c,Kepler-26,2,Hot,0.0895,0.9041,0.0064,0.9041
Kepler-26 d,Kepler-26,2,Hot,0.0004,0.9993,0.0003,0.9993
Kepler-26 e,Kepler-26,1,Rocky-Habitable,0.6261,0.3717,0.0022,0.6261
Kepler-260 b,Kepler-260,2,Hot,0.0002,0.9996,0.0002,0.9996
Kepler-260 c,Kepler-260,2,Hot,0.1086,0.8877,0.0038,0.8877
Kepler-261 b,Kepler-261,2,Hot,0.0003,0.9995,0.0002,0.9995
Kepler-261 c,Kepler-261,2,Hot,0.013,0.9864,0.0006,0.9864
Kepler-262 b,Kepler-262,2,Hot,0.0003,0.9994,0.0003,0.9994
Kepler-262 c,Kepler-262,2,Hot,0.0013,0.9982,0.0006,0.9982
Kepler-263 b,Kepler-263,2,Hot,0.0004,0.9991,0.0005,0.9991
Kepler-263 c,Kepler-263,2,Hot,0.0186,0.9802,0.0011,0.9802
Kepler-264 b,Kepler-264,2,Hot,0.002,0.9902,0.0078,0.9902
Kepler-264 c,Kepler-264,2,Hot,0.2791,0.6447,0.0763,0.6447
Kepler-265 b,Kepler-265,2,Hot,0.0002,0.9994,0.0004,0.9994
Kepler-265 c,Kepler-265,2,Hot,0.0004,0.9987,0.0009,0.9987
Kepler-265 d,Kepler-265,2,Hot,0.006,0.993,0.001,0.993
Kepler-265 e,Kepler-265,2,Hot,0.0175,0.9792,0.0032,0.9792
Kepler-266 b,Kepler-266,2,Hot,0.0002,0.9991,0.0008,0.9991
Kepler-266 c,Kepler-266,2,Hot,0.0419,0.7662,0.1919,0.7662
Kepler-267 b,Kepler-267,2,Hot,0.0003,0.9994,0.0003,0.9994
Kepler-267 c,Kepler-267,2,Hot,0.0008,0.9988,0.0004,0.9988
Kepler-267 d,Kepler-267,2,Hot,0.3319,0.6653,0.0028,0.6653
Kepler-268 b,Kepler-268,2,Hot,0.0009,0.9982,0.001,0.9982
Kepler-268 c,Kepler-268,2,Hot,0.0122,0.9484,0.0394,0.9484
Kepler-269 b,Kepler-269,2,Hot,0.0002,0.9992,0.0006,0.9992
Kepler-269 c,Kepler-269,2,Hot,0.0003,0.9994,0.0003,0.9994
Kepler-27 b,Kepler-27,3,Gas-Giant,0.0005,0.0543,0.9452,0.9452
Kepler-27 c,Kepler-27,3,Gas-Giant,0.0008,0.0578,0.9414,0.9414
Kepler-27 d,Kepler-27,2,Hot,0.0003,0.9986,0.0011,0.9986
Kepler-270 b,Kepler-270,2,Hot,1e-04,0.9996,0.0003,0.9996
Kepler-270 c,Kepler-270,2,Hot,0.0023,0.997,0.0007,0.997
Kepler-271 b,Kepler-271,2,Hot,0.0004,0.9993,0.0003,0.9993
Kepler-271 c,Kepler-271,2,Hot,0.0002,0.9996,0.0002,0.9996
Kepler-271 d,Kepler-271,2,Hot,0.0002,0.9996,0.0002,0.9996
Kepler-272 b,Kepler-272,2,Hot,0.0003,0.9994,0.0004,0.9994
Kepler-272 c,Kepler-272,2,Hot,0.0002,0.9996,0.0002,0.9996
Kepler-272 d,Kepler-272,2,Hot,0.0002,0.9996,0.0002,0.9996
Kepler-273 b,Kepler-273,2,Hot,0.0002,0.9994,0.0004,0.9994
Kepler-273 c,Kepler-273,2,Hot,0.0002,0.9996,0.0003,0.9996
Kepler-274 b,Kepler-274,2,Hot,0.0003,0.9995,0.0003,0.9995
Kepler-274 c,Kepler-274,2,Hot,0.0062,0.9928,0.001,0.9928
Kepler-275 b,Kepler-275,2,Hot,0.0002,0.9994,0.0005,0.9994
Kepler-275 c,Kepler-275,2,Hot,0.0004,0.9982,0.0014,0.9982
Kepler-275 d,Kepler-275,2,Hot,0.0021,0.9895,0.0084,0.9895
Kepler-276 b,Kepler-276,2,Hot,0.0003,0.9985,0.0012,0.9985
Kepler-276 c,Kepler-276,2,Hot,0.0505,0.945,0.0046,0.945
Kepler-276 d,Kepler-276,2,Hot,0.3946,0.5985,0.0069,0.5985
Kepler-277 b,Kepler-277,2,Hot,0.0129,0.9472,0.0399,0.9472
Kepler-277 c,Kepler-277,2,Hot,0.0763,0.8364,0.0873,0.8364
Kepler-279 b,Kepler-279,2,Hot,0.0003,0.997,0.0027,0.997
Kepler-279 c,Kepler-279,2,Hot,0.0453,0.8934,0.0613,0.8934
Kepler-279 d,Kepler-279,2,Hot,0.3331,0.622,0.045,0.622
Kepler-279 e,Kepler-279,2,Hot,0.3772,0.5105,0.1123,0.5105
Kepler-28 b,Kepler-28,2,Hot,0.0004,0.9983,0.0013,0.9983
Kepler-28 c,Kepler-28,2,Hot,0.0005,0.9989,0.0007,0.9989
Kepler-280 b,Kepler-280,2,Hot,0.0002,0.9992,0.0006,0.9992
Kepler-280 c,Kepler-280,2,Hot,0.0002,0.9994,0.0004,0.9994
Kepler-281 b,Kepler-281,2,Hot,0.0003,0.9991,0.0006,0.9991
Kepler-281 c,Kepler-281,2,Hot,0.0056,0.8314,0.163,0.8314
Kepler-281 d,Kepler-281,3,Gas-Giant,0.0712,0.0871,0.8417,0.8417
Kepler-282 b,Kepler-282,2,Hot,0.0003,0.9995,0.0002,0.9995
Kepler-282 c,Kepler-282,2,Hot,0.0006,0.9991,0.0003,0.9991
Kepler-282 d,Kepler-282,2,Hot,0.0576,0.8965,0.0459,0.8965
Kepler-282 e,Kepler-282,2,Hot,0.1003,0.8,0.0997,0.8
Kepler-283 b,Kepler-283,2,Hot,0.0027,0.9965,0.0008,0.9965
Kepler-283 c,Kepler-283,1,Rocky-Habitable,0.9881,0.0112,0.0007,0.9881
Kepler-284 b,Kepler-284,2,Hot,0.0002,0.9995,0.0003,0.9995
Kepler-284 c,Kepler-284,2,Hot,0.0059,0.9934,0.0008,0.9934
Kepler-285 b,Kepler-285,2,Hot,0.0003,0.9993,0.0004,0.9993
Kepler-285 c,Kepler-285,2,Hot,0.0002,0.9996,0.0002,0.9996
Kepler-286 b,Kepler-286,2,Hot,0.0002,0.9994,0.0004,0.9994
Kepler-286 c,Kepler-286,2,Hot,0.0003,0.9993,0.0004,0.9993
Kepler-286 d,Kepler-286,2,Hot,0.0002,0.9996,0.0002,0.9996
Kepler-286 e,Kepler-286,2,Hot,0.0057,0.9935,0.0007,0.9935
Kepler-287 b,Kepler-287,2,Hot,0.0006,0.9988,0.0005,0.9988
Kepler-287 c,Kepler-287,2,Hot,0.0021,0.9933,0.0046,0.9933
Kepler-288 b,Kepler-288,2,Hot,0.0002,0.9995,0.0003,0.9995
Kepler-288 c,Kepler-288,2,Hot,0.0006,0.998,0.0014,0.998
Kepler-288 d,Kepler-288,2,Hot,0.0093,0.9881,0.0025,0.9881
Kepler-289 b,Kepler-289,2,Hot,0.0019,0.9906,0.0075,0.9906
Kepler-289 c,Kepler-289,3,Gas-Giant,0.0039,0.0024,0.9938,0.9938
Kepler-289 d,Kepler-289,2,Hot,0.0222,0.9314,0.0464,0.9314
Kepler-289 e,Kepler-289,1,Rocky-Habitable,0.9946,0.0039,0.0014,0.9946
Kepler-29 b,Kepler-29,2,Hot,0.0002,0.9994,0.0004,0.9994
Kepler-29 c,Kepler-29,2,Hot,0.0003,0.9991,0.0006,0.9991
Kepler-290 b,Kepler-290,2,Hot,0.0008,0.9989,0.0003,0.9989
Kepler-290 c,Kepler-290,2,Hot,0.0071,0.992,0.0009,0.992
Kepler-291 b,Kepler-291,2,Hot,0.0002,0.9988,0.001,0.9988
Kepler-291 c,Kepler-291,2,Hot,0.0002,0.9994,0.0004,0.9994
Kepler-292 b,Kepler-292,2,Hot,0.0003,0.9993,0.0004,0.9993
Kepler-292 c,Kepler-292,2,Hot,0.0003,0.9994,0.0004,0.9994
Kepler-292 d,Kepler-292,2,Hot,0.0002,0.9995,0.0003,0.9995
Kepler-292 e,Kepler-292,2,Hot,0.0003,0.9993,0.0004,0.9993
Kepler-292 f,Kepler-292,2,Hot,0.001,0.9985,0.0005,0.9985
Kepler-293 b,Kepler-293,2,Hot,0.0007,0.9978,0.0015,0.9978
Kepler-293 c,Kepler-293,2,Hot,0.0064,0.9706,0.023,0.9706
Kepler-294 b,Kepler-294,2,Hot,0.0002,0.9991,0.0007,0.9991
Kepler-294 c,Kepler-294,2,Hot,0.0002,0.999,0.0008,0.999
Kepler-295 b,Kepler-295,2,Hot,0.0005,0.9992,0.0003,0.9992
Kepler-295 c,Kepler-295,2,Hot,0.0026,0.9969,0.0005,0.9969
Kepler-295 d,Kepler-295,2,Hot,0.0059,0.9933,0.0007,0.9933
Kepler-296 b,Kepler-296,2,Hot,0.0099,0.989,0.0011,0.989
Kepler-296 c,Kepler-296,2,Hot,0.0019,0.9976,0.0005,0.9976
Kepler-296 d,Kepler-296,1,Rocky-Habitable,0.8188,0.1789,0.0023,0.8188
Kepler-296 e,Kepler-296,1,Rocky-Habitable,0.9938,0.0059,0.0003,0.9938
Kepler-296 f,Kepler-296,1,Rocky-Habitable,0.9926,0.007,0.0004,0.9926
Kepler-297 b,Kepler-297,2,Hot,0.0034,0.9951,0.0015,0.9951
Kepler-297 c,Kepler-297,3,Gas-Giant,0.0098,0.2173,0.7728,0.7728
Kepler-298 b,Kepler-298,2,Hot,0.0019,0.9974,0.0007,0.9974
Kepler-298 c,Kepler-298,2,Hot,0.0476,0.9509,0.0016,0.9509
Kepler-298 d,Kepler-298,1,Rocky-Habitable,0.9779,0.0213,0.0007,0.9779
Kepler-299 b,Kepler-299,2,Hot,0.0003,0.9993,0.0004,0.9993
Kepler-299 c,Kepler-299,2,Hot,0.0002,0.9994,0.0004,0.9994
Kepler-299 d,Kepler-299,2,Hot,0.0005,0.9992,0.0003,0.9992
Kepler-299 e,Kepler-299,2,Hot,0.0079,0.9914,0.0007,0.9914
Kepler-30 b,Kepler-30,2,Hot,0.0046,0.9492,0.0462,0.9492
Kepler-30 c,Kepler-30,3,Gas-Giant,0.0003,0.0035,0.9962,0.9962
Kepler-30 d,Kepler-30,3,Gas-Giant,0.0082,0.0113,0.9805,0.9805
Kepler-300 b,Kepler-300,2,Hot,0.0002,0.9995,0.0003,0.9995
Kepler-300 c,Kepler-300,2,Hot,0.0039,0.9951,0.001,0.9951
Kepler-301 b,Kepler-301,2,Hot,0.0003,0.9991,0.0006,0.9991
Kepler-301 c,Kepler-301,2,Hot,0.0003,0.9994,0.0003,0.9994
Kepler-301 d,Kepler-301,2,Hot,0.0005,0.9991,0.0004,0.9991
Kepler-302 b,Kepler-302,2,Hot,0.0018,0.9932,0.005,0.9932
Kepler-302 c,Kepler-302,3,Gas-Giant,0.0007,0.0018,0.9975,0.9975
Kepler-303 b,Kepler-303,2,Hot,0.0004,0.9992,0.0003,0.9992
Kepler-303 c,Kepler-303,2,Hot,0.0017,0.9977,0.0006,0.9977
Kepler-304 b,Kepler-304,2,Hot,0.0002,0.9992,0.0006,0.9992
Kepler-304 c,Kepler-304,2,Hot,0.0002,0.9996,0.0002,0.9996
Kepler-304 d,Kepler-304,2,Hot,0.0004,0.9989,0.0007,0.9989
Kepler-304 e,Kepler-304,2,Hot,0.0002,0.9996,0.0002,0.9996
Kepler-305 b,Kepler-305,2,Hot,0.0003,0.9959,0.0038,0.9959
Kepler-305 c,Kepler-305,2,Hot,0.0003,0.9969,0.0027,0.9969
Kepler-305 d,Kepler-305,2,Hot,0.001,0.9981,0.0009,0.9981
Kepler-305 e,Kepler-305,2,Hot,0.0002,0.9996,0.0002,0.9996
Kepler-306 b,Kepler-306,2,Hot,0.0003,0.9995,0.0003,0.9995
Kepler-306 c,Kepler-306,2,Hot,0.0002,0.9994,0.0003,0.9994
Kepler-306 d,Kepler-306,2,Hot,0.0022,0.9974,0.0004,0.9974
Kepler-306 e,Kepler-306,2,Hot,0.1672,0.8311,0.0017,0.8311
Kepler-307 b,Kepler-307,2,Hot,0.0002,0.9989,0.0009,0.9989
Kepler-307 c,Kepler-307,2,Hot,0.0004,0.9976,0.002,0.9976
Kepler-308 b,Kepler-308,2,Hot,1e-04,0.9996,0.0003,0.9996
Kepler-308 c,Kepler-308,2,Hot,0.0004,0.9991,0.0005,0.9991
Kepler-309 b,Kepler-309,2,Hot,0.0004,0.9994,0.0002,0.9994
Kepler-309 c,Kepler-309,1,Rocky-Habitable,0.9225,0.0726,0.0049,0.9225
Kepler-31 b,Kepler-31,2,Hot,0.002,0.901,0.0971,0.901
Kepler-31 c,Kepler-31,3,Gas-Giant,0.0033,0.08,0.9167,0.9167
Kepler-31 d,Kepler-31,3,Gas-Giant,0.0058,0.0386,0.9556,0.9556
Kepler-310 b,Kepler-310,2,Hot,0.0007,0.9989,0.0004,0.9989
Kepler-310 c,Kepler-310,2,Hot,0.0056,0.9759,0.0185,0.9759
Kepler-310 d,Kepler-310,2,Hot,0.0438,0.9489,0.0073,0.9489
Kepler-311 b,Kepler-311,2,Hot,0.0002,0.9995,0.0003,0.9995
Kepler-311 c,Kepler-311,2,Hot,0.0009,0.9986,0.0005,0.9986
Kepler-312 b,Kepler-312,2,Hot,0.0002,0.999,0.0008,0.999
Kepler-312 c,Kepler-312,2,Hot,0.0005,0.9983,0.0012,0.9983
Kepler-313 b,Kepler-313,2,Hot,0.0003,0.9991,0.0006,0.9991
Kepler-313 c,Kepler-313,2,Hot,0.0039,0.9951,0.001,0.9951
Kepler-314 b,Kepler-314,2,Hot,0.0003,0.9992,0.0005,0.9992
Kepler-314 c,Kepler-314,2,Hot,0.0002,0.9995,0.0003,0.9995
Kepler-315 b,Kepler-315,2,Hot,0.0304,0.8646,0.1051,0.8646
Kepler-315 c,Kepler-315,1,Rocky-Habitable,0.702,0.111,0.187,0.702
Kepler-316 b,Kepler-316,2,Hot,0.0004,0.9993,0.0003,0.9993
Kepler-316 c,Kepler-316,2,Hot,0.0011,0.9985,0.0005,0.9985
Kepler-317 b,Kepler-317,2,Hot,1e-04,0.9996,0.0002,0.9996
Kepler-317 c,Kepler-317,2,Hot,0.0003,0.9995,0.0002,0.9995
Kepler-318 b,Kepler-318,2,Hot,0.0003,0.9905,0.0093,0.9905
Kepler-318 c,Kepler-318,2,Hot,0.0004,0.9982,0.0015,0.9982
Kepler-319 b,Kepler-319,2,Hot,0.0002,0.9995,0.0003,0.9995
Kepler-319 c,Kepler-319,2,Hot,0.0002,0.9994,0.0004,0.9994
Kepler-319 d,Kepler-319,2,Hot,0.0062,0.9931,0.0007,0.9931
Kepler-32 b,Kepler-32,3,Gas-Giant,0.0014,0.1104,0.8882,0.8882
Kepler-32 c,Kepler-32,3,Gas-Giant,0.0054,0.2579,0.7367,0.7367
Kepler-32 d,Kepler-32,1,Rocky-Habitable,0.9295,0.0682,0.0022,0.9295
Kepler-32 e,Kepler-32,2,Hot,0.0006,0.999,0.0004,0.999
Kepler-32 f,Kepler-32,2,Hot,0.0003,0.9995,0.0002,0.9995
Kepler-320 b,Kepler-320,2,Hot,0.0002,0.9995,0.0003,0.9995
Kepler-320 c,Kepler-320,2,Hot,0.0005,0.9992,0.0004,0.9992
Kepler-321 b,Kepler-321,2,Hot,0.0002,0.9995,0.0003,0.9995
Kepler-321 c,Kepler-321,2,Hot,0.0002,0.9994,0.0004,0.9994
Kepler-322 b,Kepler-322,2,Hot,0.0003,0.9993,0.0004,0.9993
Kepler-322 c,Kepler-322,2,Hot,0.0002,0.9995,0.0003,0.9995
Kepler-324 b,Kepler-324,2,Hot,0.0003,0.9995,0.0003,0.9995
Kepler-324 c,Kepler-324,2,Hot,0.0267,0.9704,0.0029,0.9704
Kepler-324 e,Kepler-324,2,Hot,0.0014,0.9981,0.0006,0.9981
Kepler-325 b,Kepler-325,2,Hot,0.0002,0.9989,0.0009,0.9989
Kepler-325 c,Kepler-325,2,Hot,0.0002,0.9992,0.0005,0.9992
Kepler-325 d,Kepler-325,2,Hot,0.0028,0.9957,0.0014,0.9957
Kepler-326 b,Kepler-326,2,Hot,0.0002,0.9994,0.0004,0.9994
Kepler-326 c,Kepler-326,2,Hot,0.0002,0.9995,0.0002,0.9995
Kepler-326 d,Kepler-326,2,Hot,0.0003,0.9995,0.0002,0.9995
Kepler-327 b,Kepler-327,2,Hot,0.0008,0.9988,0.0004,0.9988
Kepler-327 c,Kepler-327,2,Hot,0.0016,0.9978,0.0006,0.9978
Kepler-327 d,Kepler-327,2,Hot,0.1839,0.8132,0.0028,0.8132
Kepler-328 b,Kepler-328,2,Hot,0.1048,0.8202,0.075,0.8202
Kepler-328 c,Kepler-328,2,Hot,0.0541,0.6318,0.3141,0.6318
Kepler-329 b,Kepler-329,2,Hot,0.0009,0.9987,0.0004,0.9987
Kepler-329 c,Kepler-329,2,Hot,0.0143,0.9844,0.0012,0.9844
Kepler-33 b,Kepler-33,2,Hot,0.001,0.9787,0.0203,0.9787
Kepler-33 c,Kepler-33,2,Hot,0.0041,0.9727,0.0233,0.9727
Kepler-33 d,Kepler-33,2,Hot,0.0071,0.8026,0.1903,0.8026
Kepler-33 e,Kepler-33,2,Hot,0.0075,0.9444,0.0481,0.9444
Kepler-33 f,Kepler-33,2,Hot,0.007,0.894,0.099,0.894
Kepler-330 b,Kepler-330,2,Hot,0.0004,0.9994,0.0003,0.9994
Kepler-330 c,Kepler-330,2,Hot,0.0014,0.9982,0.0004,0.9982
Kepler-331 b,Kepler-331,2,Hot,0.0009,0.9986,0.0005,0.9986
Kepler-331 c,Kepler-331,2,Hot,0.0073,0.9917,0.001,0.9917
Kepler-331 d,Kepler-331,2,Hot,0.3921,0.6047,0.0032,0.6047
Kepler-332 b,Kepler-332,2,Hot,0.0005,0.9993,0.0003,0.9993
Kepler-332 c,Kepler-332,2,Hot,0.0023,0.9973,0.0004,0.9973
Kepler-332 d,Kepler-332,2,Hot,0.1246,0.8741,0.0013,0.8741
Kepler-333 b,Kepler-333,2,Hot,0.0044,0.9947,0.0009,0.9947
Kepler-333 c,Kepler-333,2,Hot,0.2504,0.746,0.0036,0.746
Kepler-334 b,Kepler-334,2,Hot,0.0003,0.9994,0.0003,0.9994
Kepler-334 c,Kepler-334,2,Hot,0.0003,0.9994,0.0003,0.9994
Kepler-334 d,Kepler-334,2,Hot,0.0036,0.9956,0.0007,0.9956
Kepler-335 b,Kepler-335,2,Hot,0.0002,0.998,0.0017,0.998
Kepler-335 c,Kepler-335,2,Hot,0.0055,0.9839,0.0106,0.9839
Kepler-336 b,Kepler-336,2,Hot,0.0003,0.9991,0.0006,0.9991
Kepler-336 c,Kepler-336,2,Hot,1e-04,0.9996,0.0003,0.9996
Kepler-336 d,Kepler-336,2,Hot,0.0005,0.9989,0.0006,0.9989
Kepler-337 b,Kepler-337,2,Hot,0.0002,0.9994,0.0004,0.9994
Kepler-337 c,Kepler-337,2,Hot,1e-04,0.9997,0.0002,0.9997
Kepler-338 b,Kepler-338,2,Hot,0.0003,0.999,0.0007,0.999
Kepler-338 c,Kepler-338,2,Hot,0.0019,0.9973,0.0008,0.9973
Kepler-338 d,Kepler-338,2,Hot,0.0015,0.9964,0.0022,0.9964
Kepler-338 e,Kepler-338,2,Hot,0.0008,0.9984,0.0008,0.9984
Kepler-339 b,Kepler-339,2,Hot,0.0002,0.9995,0.0002,0.9995
Kepler-339 c,Kepler-339,2,Hot,0.0003,0.9995,0.0002,0.9995
Kepler-339 d,Kepler-339,2,Hot,0.0003,0.9995,0.0002,0.9995
Kepler-34 b,Kepler-34,3,Gas-Giant,0.0282,0.0076,0.9642,0.9642
Kepler-340 b,Kepler-340,2,Hot,0.0003,0.9983,0.0014,0.9983
Kepler-340 c,Kepler-340,2,Hot,0.0008,0.9935,0.0057,0.9935
Kepler-341 b,Kepler-341,2,Hot,0.0003,0.9994,0.0003,0.9994
Kepler-341 c,Kepler-341,2,Hot,0.0002,0.9995,0.0003,0.9995
Kepler-341 d,Kepler-341,2,Hot,0.005,0.9941,0.0009,0.9941
Kepler-341 e,Kepler-341,2,Hot,0.0068,0.9922,0.001,0.9922
Kepler-342 b,Kepler-342,2,Hot,0.0002,0.9993,0.0005,0.9993
Kepler-342 c,Kepler-342,2,Hot,0.0023,0.997,0.0008,0.997
Kepler-342 d,Kepler-342,2,Hot,0.0019,0.9968,0.0013,0.9968
Kepler-342 e,Kepler-342,2,Hot,0.0002,0.9994,0.0004,0.9994
Kepler-343 b,Kepler-343,2,Hot,0.0002,0.9994,0.0005,0.9994
Kepler-343 c,Kepler-343,2,Hot,0.0023,0.9971,0.0007,0.9971
Kepler-344 b,Kepler-344,2,Hot,0.0009,0.9983,0.0009,0.9983
Kepler-344 c,Kepler-344,2,Hot,0.2126,0.7493,0.0382,0.7493
Kepler-345 b,Kepler-345,2,Hot,0.0006,0.9991,0.0003,0.9991
Kepler-345 c,Kepler-345,2,Hot,0.001,0.9985,0.0005,0.9985
Kepler-346 b,Kepler-346,2,Hot,0.0002,0.9989,0.0009,0.9989
Kepler-346 c,Kepler-346,2,Hot,0.0008,0.9977,0.0015,0.9977
Kepler-347 b,Kepler-347,2,Hot,0.0002,0.9995,0.0003,0.9995
Kepler-347 c,Kepler-347,2,Hot,0.0036,0.9955,0.0008,0.9955
Kepler-348 b,Kepler-348,2,Hot,0.0003,0.9993,0.0004,0.9993
Kepler-348 c,Kepler-348,2,Hot,0.0006,0.999,0.0004,0.999
Kepler-349 b,Kepler-349,2,Hot,0.0002,0.9994,0.0004,0.9994
Kepler-349 c,Kepler-349,2,Hot,0.0002,0.9995,0.0003,0.9995
Kepler-35 b,Kepler-35,3,Gas-Giant,0.0432,0.0116,0.9452,0.9452
Kepler-350 b,Kepler-350,2,Hot,0.0002,0.9995,0.0002,0.9995
Kepler-350 c,Kepler-350,2,Hot,0.0006,0.9973,0.0021,0.9973
Kepler-350 d,Kepler-350,2,Hot,0.0145,0.9826,0.0029,0.9826
Kepler-351 b,Kepler-351,2,Hot,0.0025,0.9956,0.0019,0.9956
Kepler-351 c,Kepler-351,2,Hot,0.0049,0.9913,0.0038,0.9913
Kepler-351 d,Kepler-351,1,Rocky-Habitable,0.9232,0.0668,0.01,0.9232
Kepler-352 b,Kepler-352,2,Hot,0.0003,0.9995,0.0002,0.9995
Kepler-352 c,Kepler-352,2,Hot,0.0013,0.9983,0.0004,0.9983
Kepler-352 d,Kepler-352,2,Hot,0.0002,0.9996,0.0002,0.9996
Kepler-353 b,Kepler-353,2,Hot,0.0012,0.9983,0.0005,0.9983
Kepler-353 c,Kepler-353,2,Hot,0.002,0.9973,0.0007,0.9973
Kepler-354 b,Kepler-354,2,Hot,0.0004,0.9994,0.0002,0.9994
Kepler-354 c,Kepler-354,2,Hot,0.0058,0.9934,0.0008,0.9934
Kepler-354 d,Kepler-354,2,Hot,0.0446,0.9541,0.0013,0.9541
Kepler-355 b,Kepler-355,2,Hot,0.0002,0.9995,0.0003,0.9995
Kepler-355 c,Kepler-355,2,Hot,0.0007,0.9981,0.0012,0.9981
Kepler-356 b,Kepler-356,2,Hot,0.0002,0.9994,0.0005,0.9994
Kepler-356 c,Kepler-356,2,Hot,0.0003,0.9994,0.0003,0.9994
Kepler-357 b,Kepler-357,2,Hot,0.0003,0.9995,0.0002,0.9995
Kepler-357 c,Kepler-357,2,Hot,0.0011,0.9984,0.0005,0.9984
Kepler-357 d,Kepler-357,2,Hot,0.0375,0.9579,0.0046,0.9579
Kepler-358 b,Kepler-358,2,Hot,0.0015,0.9971,0.0014,0.9971
Kepler-358 c,Kepler-358,2,Hot,0.0216,0.9695,0.0089,0.9695
Kepler-359 b,Kepler-359,2,Hot,0.0012,0.994,0.0048,0.994
Kepler-359 c,Kepler-359,2,Hot,0.0106,0.9249,0.0644,0.9249
Kepler-359 d,Kepler-359,2,Hot,0.0137,0.9164,0.0698,0.9164
Kepler-36 b,Kepler-36,2,Hot,0.0007,0.9987,0.0006,0.9987
Kepler-36 c,Kepler-36,2,Hot,0.0018,0.9855,0.0128,0.9855
Kepler-360 b,Kepler-360,2,Hot,0.0002,0.999,0.0007,0.999
Kepler-360 c,Kepler-360,2,Hot,0.0002,0.9992,0.0006,0.9992
Kepler-361 b,Kepler-361,2,Hot,0.0002,0.9995,0.0003,0.9995
Kepler-361 c,Kepler-361,2,Hot,0.0087,0.9867,0.0046,0.9867
Kepler-362 b,Kepler-362,2,Hot,0.0003,0.9994,0.0002,0.9994
Kepler-362 c,Kepler-362,2,Hot,0.0071,0.9921,0.0008,0.9921
Kepler-363 b,Kepler-363,2,Hot,0.0002,0.9994,0.0004,0.9994
Kepler-363 c,Kepler-363,2,Hot,0.0003,0.9995,0.0002,0.9995
Kepler-363 d,Kepler-363,2,Hot,0.0003,0.9994,0.0003,0.9994
Kepler-364 b,Kepler-364,2,Hot,0.0028,0.9966,0.0006,0.9966
Kepler-364 c,Kepler-364,2,Hot,0.013,0.984,0.003,0.984
Kepler-365 b,Kepler-365,2,Hot,1e-04,0.9996,0.0003,0.9996
Kepler-365 c,Kepler-365,2,Hot,0.0006,0.999,0.0004,0.999
Kepler-366 b,Kepler-366,2,Hot,0.0002,0.9992,0.0007,0.9992
Kepler-366 c,Kepler-366,2,Hot,0.0003,0.9994,0.0003,0.9994
Kepler-367 b,Kepler-367,2,Hot,0.3396,0.6584,0.002,0.6584
Kepler-367 c,Kepler-367,1,Rocky-Habitable,0.8184,0.1806,0.0011,0.8184
Kepler-368 b,Kepler-368,2,Hot,0.0017,0.9961,0.0022,0.9961
Kepler-368 c,Kepler-368,2,Hot,0.0089,0.9723,0.0188,0.9723
Kepler-369 b,Kepler-369,2,Hot,0.0013,0.9982,0.0006,0.9982
Kepler-369 c,Kepler-369,1,Rocky-Habitable,0.7776,0.2205,0.0018,0.7776
Kepler-37 e,Kepler-37,2,Hot,0.0811,0.8755,0.0434,0.8755
Kepler-370 b,Kepler-370,2,Hot,0.0002,0.9994,0.0004,0.9994
Kepler-370 c,Kepler-370,2,Hot,0.0007,0.9988,0.0005,0.9988
Kepler-371 b,Kepler-371,2,Hot,0.0066,0.9927,0.0007,0.9927
Kepler-371 c,Kepler-371,2,Hot,0.1129,0.8833,0.0038,0.8833
Kepler-372 b,Kepler-372,2,Hot,0.0003,0.9992,0.0005,0.9992
Kepler-372 c,Kepler-372,2,Hot,0.0005,0.9989,0.0006,0.9989
Kepler-372 d,Kepler-372,2,Hot,0.0014,0.9979,0.0007,0.9979
Kepler-373 b,Kepler-373,2,Hot,0.0003,0.9995,0.0003,0.9995
Kepler-373 c,Kepler-373,2,Hot,0.0007,0.9989,0.0004,0.9989
Kepler-374 b,Kepler-374,2,Hot,0.0003,0.9991,0.0006,0.9991
Kepler-374 c,Kepler-374,2,Hot,0.0003,0.9991,0.0006,0.9991
Kepler-374 d,Kepler-374,2,Hot,0.0003,0.9994,0.0003,0.9994
Kepler-375 b,Kepler-375,2,Hot,0.0003,0.9994,0.0003,0.9994
Kepler-375 c,Kepler-375,2,Hot,0.0006,0.9985,0.0009,0.9985
Kepler-376 b,Kepler-376,2,Hot,0.0003,0.9993,0.0004,0.9993
Kepler-376 c,Kepler-376,2,Hot,0.0005,0.9991,0.0004,0.9991
Kepler-377 b,Kepler-377,2,Hot,0.0003,0.9994,0.0003,0.9994
Kepler-377 c,Kepler-377,2,Hot,0.0029,0.9963,0.0008,0.9963
Kepler-378 b,Kepler-378,2,Hot,0.0062,0.9929,0.0008,0.9929
Kepler-378 c,Kepler-378,2,Hot,0.4586,0.5391,0.0023,0.5391
Kepler-379 b,Kepler-379,2,Hot,0.0008,0.9987,0.0005,0.9987
Kepler-379 c,Kepler-379,2,Hot,0.0145,0.9822,0.0033,0.9822
Kepler-380 b,Kepler-380,2,Hot,0.0003,0.9992,0.0005,0.9992
Kepler-380 c,Kepler-380,2,Hot,0.0003,0.9993,0.0004,0.9993
Kepler-381 b,Kepler-381,2,Hot,0.0003,0.9994,0.0003,0.9994
Kepler-381 c,Kepler-381,2,Hot,0.0004,0.9993,0.0003,0.9993
Kepler-381 d,Kepler-381,2,Hot,0.0002,0.9995,0.0003,0.9995
Kepler-382 b,Kepler-382,2,Hot,0.0002,0.9996,0.0002,0.9996
Kepler-382 c,Kepler-382,2,Hot,0.0004,0.9993,0.0003,0.9993
Kepler-383 b,Kepler-383,2,Hot,0.0023,0.997,0.0006,0.997
Kepler-383 c,Kepler-383,2,Hot,0.2544,0.7437,0.0019,0.7437
Kepler-384 b,Kepler-384,2,Hot,0.0046,0.9949,0.0005,0.9949
Kepler-384 c,Kepler-384,2,Hot,0.0092,0.9899,0.0008,0.9899
Kepler-385 b,Kepler-385,2,Hot,0.0002,0.9989,0.0009,0.9989
Kepler-385 c,Kepler-385,2,Hot,0.0002,0.9988,0.0009,0.9988
Kepler-385 d,Kepler-385,2,Hot,0.0691,0.9153,0.0156,0.9153
Kepler-386 b,Kepler-386,2,Hot,0.0005,0.9992,0.0003,0.9992
Kepler-386 c,Kepler-386,2,Hot,0.0087,0.9907,0.0006,0.9907
Kepler-387 b,Kepler-387,2,Hot,0.0003,0.9994,0.0003,0.9994
Kepler-387 c,Kepler-387,2,Hot,0.0004,0.9994,0.0002,0.9994
Kepler-388 b,Kepler-388,2,Hot,0.0004,0.9992,0.0004,0.9992
Kepler-388 c,Kepler-388,2,Hot,0.0034,0.9958,0.0008,0.9958
Kepler-389 b,Kepler-389,2,Hot,0.0002,0.9994,0.0004,0.9994
Kepler-389 c,Kepler-389,2,Hot,0.0008,0.9989,0.0003,0.9989
Kepler-390 b,Kepler-390,2,Hot,0.0003,0.9995,0.0002,0.9995
Kepler-390 c,Kepler-390,2,Hot,0.0005,0.9993,0.0002,0.9993
Kepler-392 b,Kepler-392,2,Hot,0.0003,0.9994,0.0003,0.9994
Kepler-392 c,Kepler-392,2,Hot,0.0003,0.9994,0.0003,0.9994
Kepler-393 b,Kepler-393,2,Hot,0.0002,0.9995,0.0003,0.9995
Kepler-393 c,Kepler-393,2,Hot,0.0004,0.9993,0.0003,0.9993
Kepler-394 b,Kepler-394,2,Hot,0.0002,0.9994,0.0004,0.9994
Kepler-394 c,Kepler-394,2,Hot,0.0004,0.9993,0.0003,0.9993
Kepler-394 d,Kepler-394,2,Hot,0.0002,0.9995,0.0003,0.9995
Kepler-395 b,Kepler-395,2,Hot,0.0008,0.9988,0.0004,0.9988
Kepler-395 c,Kepler-395,1,Rocky-Habitable,0.6672,0.3304,0.0024,0.6672
Kepler-396 b,Kepler-396,2,Hot,0.1133,0.5976,0.2892,0.5976
Kepler-396 c,Kepler-396,3,Gas-Giant,0.0257,0.4046,0.5697,0.5697
Kepler-397 b,Kepler-397,2,Hot,0.0015,0.998,0.0006,0.998
Kepler-397 c,Kepler-397,3,Gas-Giant,0.0667,0.236,0.6974,0.6974
Kepler-398 b,Kepler-398,2,Hot,0.0004,0.9993,0.0003,0.9993
Kepler-398 c,Kepler-398,2,Hot,0.0022,0.9971,0.0007,0.9971
Kepler-398 d,Kepler-398,2,Hot,0.0005,0.9992,0.0003,0.9992
Kepler-399 b,Kepler-399,2,Hot,0.0006,0.9991,0.0002,0.9991
Kepler-399 c,Kepler-399,2,Hot,0.0031,0.9962,0.0007,0.9962
Kepler-399 d,Kepler-399,2,Hot,0.0517,0.9464,0.0019,0.9464
Kepler-400 b,Kepler-400,2,Hot,0.0002,0.9995,0.0003,0.9995
Kepler-400 c,Kepler-400,2,Hot,0.0007,0.9989,0.0004,0.9989
Kepler-401 b,Kepler-401,2,Hot,0.0004,0.9993,0.0003,0.9993
Kepler-401 c,Kepler-401,2,Hot,0.0045,0.9942,0.0013,0.9942
Kepler-401 d,Kepler-401,1,Rocky-Habitable,0.9827,0.0136,0.0037,0.9827
Kepler-402 b,Kepler-402,2,Hot,0.0003,0.9992,0.0005,0.9992
Kepler-402 c,Kepler-402,2,Hot,0.0002,0.9994,0.0004,0.9994
Kepler-402 d,Kepler-402,2,Hot,0.0002,0.9995,0.0003,0.9995
Kepler-402 e,Kepler-402,2,Hot,0.0003,0.9995,0.0003,0.9995
Kepler-403 b,Kepler-403,2,Hot,0.0003,0.9993,0.0004,0.9993
Kepler-403 c,Kepler-403,2,Hot,0.033,0.9647,0.0023,0.9647
Kepler-403 d,Kepler-403,2,Hot,0.0006,0.9987,0.0007,0.9987
Kepler-404 b,Kepler-404,2,Hot,0.0004,0.9994,0.0002,0.9994
Kepler-404 c,Kepler-404,2,Hot,0.0005,0.9992,0.0003,0.9992
Kepler-405 b,Kepler-405,2,Hot,1e-04,0.9996,0.0003,0.9996
Kepler-405 c,Kepler-405,2,Hot,0.0045,0.9544,0.041,0.9544
Kepler-406 b,Kepler-406,2,Hot,0.0003,0.999,0.0007,0.999
Kepler-406 c,Kepler-406,2,Hot,0.0003,0.9988,0.0009,0.9988
Kepler-407 b,Kepler-407,2,Hot,1e-04,0.9993,0.0005,0.9993
Kepler-407 c,Kepler-407,3,Gas-Giant,0.0014,0.0005,0.9981,0.9981
Kepler-408 b,Kepler-408,2,Hot,0.0012,0.9873,0.0115,0.9873
Kepler-410 A b,Kepler-410 A,2,Hot,0.0017,0.9946,0.0037,0.9946
Kepler-411 e,Kepler-411,2,Hot,0.048,0.9509,0.0011,0.9509
Kepler-413 b,Kepler-413,1,Rocky-Habitable,0.6865,0.2936,0.02,0.6865
Kepler-414 b,Kepler-414,2,Hot,1e-04,0.9997,1e-04,0.9997
Kepler-414 c,Kepler-414,2,Hot,0.0011,0.9972,0.0017,0.9972
Kepler-415 b,Kepler-415,2,Hot,0.0017,0.5405,0.4577,0.5405
Kepler-415 c,Kepler-415,2,Hot,0.0003,0.9993,0.0005,0.9993
Kepler-416 b,Kepler-416,2,Hot,0.002,0.9834,0.0146,0.9834
Kepler-416 c,Kepler-416,2,Hot,0.0003,0.9992,0.0005,0.9992
Kepler-417 b,Kepler-417,2,Hot,0.0009,0.9987,0.0005,0.9987
Kepler-417 c,Kepler-417,2,Hot,0.0005,0.9986,0.0009,0.9986
Kepler-418 b,Kepler-418,3,Gas-Giant,0.001,0.0012,0.9978,0.9978
Kepler-418 c,Kepler-418,2,Hot,0.0008,0.9843,0.0149,0.9843
Kepler-419 b,Kepler-419,3,Gas-Giant,0.0003,0.0049,0.9948,0.9948
Kepler-419 c,Kepler-419,3,Gas-Giant,0.0015,0.0005,0.9981,0.9981
Kepler-422 b,Kepler-422,3,Gas-Giant,1e-04,0.0009,0.999,0.999
Kepler-424 b,Kepler-424,3,Gas-Giant,0.0004,0.009,0.9906,0.9906
Kepler-424 c,Kepler-424,1,Rocky-Habitable,0.8829,0.0207,0.0964,0.8829
Kepler-432 b,Kepler-432,3,Gas-Giant,0.0081,0.0609,0.931,0.931
Kepler-432 c,Kepler-432,1,Rocky-Habitable,0.8979,0.0144,0.0877,0.8979
Kepler-436 b,Kepler-436,1,Rocky-Habitable,0.7071,0.2873,0.0056,0.7071
Kepler-436 c,Kepler-436,2,Hot,0.017,0.9815,0.0015,0.9815
Kepler-437 b,Kepler-437,1,Rocky-Habitable,0.9569,0.0425,0.0005,0.9569
Kepler-438 b,Kepler-438,1,Rocky-Habitable,0.9849,0.0137,0.0014,0.9849
Kepler-439 b,Kepler-439,1,Rocky-Habitable,0.8818,0.1103,0.0078,0.8818
Kepler-440 b,Kepler-440,1,Rocky-Habitable,0.9592,0.0401,0.0007,0.9592
Kepler-441 b,Kepler-441,1,Rocky-Habitable,0.9913,0.0074,0.0013,0.9913
Kepler-442 b,Kepler-442,1,Rocky-Habitable,0.9865,0.013,0.0005,0.9865
Kepler-443 b,Kepler-443,1,Rocky-Habitable,0.9939,0.0054,0.0007,0.9939
Kepler-444 b,Kepler-444,2,Hot,0.0012,0.9839,0.0149,0.9839
Kepler-444 c,Kepler-444,3,Gas-Giant,0.0038,0.3107,0.6854,0.6854
Kepler-444 d,Kepler-444,3,Gas-Giant,0.004,0.4056,0.5904,0.5904
Kepler-444 e,Kepler-444,2,Hot,0.0007,0.9968,0.0025,0.9968
Kepler-444 f,Kepler-444,2,Hot,0.0004,0.9994,0.0002,0.9994
Kepler-445 b,Kepler-445,2,Hot,0.0045,0.9942,0.0013,0.9942
Kepler-445 c,Kepler-445,2,Hot,0.041,0.9516,0.0074,0.9516
Kepler-445 d,Kepler-445,1,Rocky-Habitable,0.9322,0.0595,0.0084,0.9322
Kepler-446 b,Kepler-446,2,Hot,0.002,0.9978,0.0002,0.9978
Kepler-446 c,Kepler-446,2,Hot,0.0023,0.9975,0.0002,0.9975
Kepler-446 d,Kepler-446,2,Hot,0.021,0.9785,0.0005,0.9785
Kepler-447 b,Kepler-447,3,Gas-Giant,1e-04,0.0008,0.9991,0.9991
Kepler-448 c,KOI-12,3,Gas-Giant,0.0015,0.0004,0.9981,0.9981
Kepler-449 b,Kepler-449,2,Hot,0.0003,0.9994,0.0003,0.9994
Kepler-449 c,Kepler-449,2,Hot,0.0304,0.9649,0.0047,0.9649
Kepler-450 b,Kepler-450,3,Gas-Giant,0.0054,0.174,0.8206,0.8206
Kepler-450 c,Kepler-450,2,Hot,0.0023,0.9795,0.0182,0.9795
Kepler-450 d,Kepler-450,2,Hot,0.0008,0.9825,0.0167,0.9825
Kepler-451 c,2MASS J19383260+4603591,3,Gas-Giant,0.0372,0.0293,0.9336,0.9336
Kepler-451 d,2MASS J19383260+4603591,2,Hot,0.003,0.8707,0.1263,0.8707
Kepler-453 b,Kepler-453,3,Gas-Giant,0.0848,0.0245,0.8907,0.8907
Kepler-454 c,Kepler-454,3,Gas-Giant,0.0821,0.0332,0.8847,0.8847
Kepler-454 d,Kepler-454,3,Gas-Giant,0.0046,0.0024,0.993,0.993
Kepler-457 d,KOI-7892,2,Hot,0.0004,0.9972,0.0024,0.9972
Kepler-458 c,KIC 9663113,2,Hot,0.0031,0.9352,0.0617,0.9352
Kepler-46 c,Kepler-46,3,Gas-Giant,0.0068,0.088,0.9052,0.9052
Kepler-46 d,Kepler-46,2,Hot,0.0003,0.9995,0.0002,0.9995
Kepler-460 c,KIC 5437945,3,Gas-Giant,0.3796,0.0621,0.5583,0.5583
Kepler-461 b,Kepler-461,2,Hot,0.0002,0.9993,0.0005,0.9993
Kepler-462 b,Kepler-462,3,Gas-Giant,0.0261,0.4042,0.5698,0.5698
Kepler-462 c,Kepler-462,3,Gas-Giant,0.0431,0.037,0.92,0.92
Kepler-463 b,Kepler-463,2,Hot,0.0002,0.9995,0.0004,0.9995
Kepler-464 b,Kepler-464,2,Hot,0.0002,0.9984,0.0015,0.9984
Kepler-465 b,Kepler-465,2,Hot,0.0002,0.9979,0.0019,0.9979
Kepler-466 b,Kepler-466,2,Hot,0.062,0.9197,0.0183,0.9197
Kepler-466 c,Kepler-466,2,Hot,0.0002,0.9995,0.0003,0.9995
Kepler-467 b,Kepler-467,2,Hot,0.0072,0.9903,0.0025,0.9903
Kepler-468 b,Kepler-468,3,Gas-Giant,0.0003,0.0015,0.9982,0.9982
Kepler-47 b,Kepler-47,3,Gas-Giant,0.0386,0.1551,0.8064,0.8064
Kepler-47 c,Kepler-47,3,Gas-Giant,0.1329,0.0112,0.8559,0.8559
Kepler-47 d,Kepler-47,3,Gas-Giant,0.0622,0.0125,0.9253,0.9253
Kepler-471 b,Kepler-471,3,Gas-Giant,1e-04,0.0025,0.9974,0.9974
Kepler-472 b,Kepler-472,2,Hot,1e-04,0.9993,0.0005,0.9993
Kepler-473 b,Kepler-473,2,Hot,0.0008,0.9927,0.0065,0.9927
Kepler-474 b,Kepler-474,2,Hot,1e-04,0.9996,0.0003,0.9996
Kepler-475 b,Kepler-475,2,Hot,1e-04,0.9995,0.0004,0.9995
Kepler-476 b,Kepler-476,2,Hot,0.0003,0.9986,0.0011,0.9986
Kepler-477 b,Kepler-477,2,Hot,0.0004,0.9993,0.0002,0.9993
Kepler-478 b,Kepler-478,2,Hot,0.0006,0.999,0.0004,0.999
Kepler-479 b,Kepler-479,2,Hot,0.0005,0.9993,0.0002,0.9993
Kepler-48 b,Kepler-48,2,Hot,1e-04,0.9995,0.0004,0.9995
Kepler-48 c,Kepler-48,2,Hot,0.0005,0.9982,0.0013,0.9982
Kepler-48 d,Kepler-48,2,Hot,0.275,0.7166,0.0083,0.7166
Kepler-48 e,Kepler-48,3,Gas-Giant,0.0029,0.001,0.9961,0.9961
Kepler-48 f,Kepler-48,1,Rocky-Habitable,0.49,0.0312,0.4788,0.49
Kepler-480 b,Kepler-480,2,Hot,1e-04,0.999,0.0009,0.999
Kepler-481 b,Kepler-481,2,Hot,0.0002,0.9991,0.0007,0.9991
Kepler-482 b,Kepler-482,1,Rocky-Habitable,0.9807,0.0183,0.001,0.9807
Kepler-483 b,Kepler-483,2,Hot,0.0022,0.9924,0.0054,0.9924
Kepler-484 b,Kepler-484,2,Hot,0.0002,0.9994,0.0004,0.9994
Kepler-485 b,Kepler-485,3,Gas-Giant,1e-04,0.0021,0.9978,0.9978
Kepler-487 b,Kepler-487,3,Gas-Giant,0.0002,0.0031,0.9967,0.9967
Kepler-487 c,Kepler-487,2,Hot,0.0248,0.9698,0.0054,0.9698
Kepler-487 d,Kepler-487,2,Hot,1e-04,0.9996,0.0003,0.9996
Kepler-489 b,Kepler-489,3,Gas-Giant,0.002,0.1901,0.808,0.808
Kepler-49 b,Kepler-49,2,Hot,0.0005,0.9991,0.0004,0.9991
Kepler-49 c,Kepler-49,2,Hot,0.0029,0.9965,0.0005,0.9965
Kepler-49 d,Kepler-49,2,Hot,0.0004,0.9993,0.0003,0.9993
Kepler-49 e,Kepler-49,2,Hot,0.0169,0.9817,0.0014,0.9817
Kepler-490 b,Kepler-490,3,Gas-Giant,0.0002,0.004,0.9959,0.9959
Kepler-491 b,Kepler-491,3,Gas-Giant,0.0002,0.0828,0.9169,0.9169
Kepler-493 b,Kepler-493,3,Gas-Giant,1e-04,0.0021,0.9978,0.9978
Kepler-495 b,Kepler-495,2,Hot,0.0002,0.9919,0.0079,0.9919
Kepler-495 c,Kepler-495,2,Hot,0.0002,0.9995,0.0003,0.9995
Kepler-496 b,Kepler-496,2,Hot,0.0002,0.9995,0.0003,0.9995
Kepler-497 b,Kepler-497,2,Hot,0.0003,0.864,0.1357,0.864
Kepler-498 b,Kepler-498,2,Hot,0.0002,0.9993,0.0005,0.9993
Kepler-499 b,Kepler-499,2,Hot,1e-04,0.9997,0.0002,0.9997
Kepler-50 b,Kepler-50,2,Hot,0.0002,0.9994,0.0004,0.9994
Kepler-50 c,Kepler-50,2,Hot,0.0002,0.9992,0.0006,0.9992
Kepler-500 b,Kepler-500,2,Hot,0.0002,0.9991,0.0007,0.9991
Kepler-501 b,Kepler-501,2,Hot,0.0002,0.998,0.0018,0.998
Kepler-501 c,Kepler-501,2,Hot,0.0002,0.9995,0.0004,0.9995
Kepler-502 b,Kepler-502,2,Hot,0.0002,0.9898,0.01,0.9898
Kepler-504 b,Kepler-504,2,Hot,0.0249,0.9739,0.0012,0.9739
Kepler-505 b,Kepler-505,1,Rocky-Habitable,0.9883,0.0109,0.0008,0.9883
Kepler-506 b,Kepler-506,2,Hot,1e-04,0.999,0.0009,0.999
Kepler-507 b,Kepler-507,2,Hot,1e-04,0.9995,0.0003,0.9995
Kepler-508 b,Kepler-508,2,Hot,0.0161,0.9783,0.0056,0.9783
Kepler-509 b,Kepler-509,2,Hot,0.0228,0.9724,0.0048,0.9724
Kepler-51 e,Kepler-51,1,Rocky-Habitable,0.9943,0.0041,0.0015,0.9943
Kepler-510 b,Kepler-510,2,Hot,0.0007,0.9988,0.0006,0.9988
Kepler-511 b,Kepler-511,3,Gas-Giant,0.1807,0.0235,0.7958,0.7958
Kepler-511 c,Kepler-511,2,Hot,0.0042,0.9833,0.0125,0.9833
Kepler-512 b,Kepler-512,2,Hot,0.0224,0.9645,0.0131,0.9645
Kepler-513 b,Kepler-513,2,Hot,0.0168,0.9809,0.0023,0.9809
Kepler-514 b,Kepler-514,2,Hot,0.0002,0.999,0.0008,0.999
Kepler-515 b,Kepler-515,2,Hot,0.0053,0.9933,0.0014,0.9933
Kepler-516 b,Kepler-516,2,Hot,0.0017,0.796,0.2023,0.796
Kepler-517 b,Kepler-517,2,Hot,0.2633,0.7224,0.0143,0.7224
Kepler-518 b,Kepler-518,2,Hot,0.0002,0.9995,0.0003,0.9995
Kepler-519 b,Kepler-519,2,Hot,0.0375,0.9607,0.0018,0.9607
Kepler-52 b,Kepler-52,2,Hot,0.0024,0.5004,0.4972,0.5004
Kepler-52 c,Kepler-52,2,Hot,0.2431,0.6694,0.0875,0.6694
Kepler-52 d,Kepler-52,1,Rocky-Habitable,0.5097,0.4876,0.0027,0.5097
Kepler-520 b,Kepler-520,2,Hot,0.0012,0.9984,0.0004,0.9984
Kepler-520 c,Kepler-520,2,Hot,0.0002,0.9996,0.0002,0.9996
Kepler-521 b,Kepler-521,2,Hot,0.0018,0.9909,0.0073,0.9909
Kepler-522 b,Kepler-522,3,Gas-Giant,0.0047,0.0764,0.9189,0.9189
Kepler-523 b,Kepler-523,2,Hot,1e-04,0.9997,1e-04,0.9997
Kepler-524 b,Kepler-524,2,Hot,1e-04,0.9997,0.0002,0.9997
Kepler-524 c,Kepler-524,2,Hot,0.0002,0.9995,0.0003,0.9995
Kepler-525 b,Kepler-525,2,Hot,0.0014,0.9966,0.002,0.9966
Kepler-526 b,Kepler-526,2,Hot,0.0002,0.999,0.0008,0.999
Kepler-527 b,Kepler-527,2,Hot,0.0002,0.999,0.0008,0.999
Kepler-528 b,Kepler-528,2,Hot,0.0012,0.9983,0.0005,0.9983
Kepler-529 b,Kepler-529,2,Hot,0.0002,0.9995,0.0004,0.9995
Kepler-529 c,Kepler-529,2,Hot,0.0003,0.9994,0.0003,0.9994
Kepler-529 d,Kepler-529,2,Hot,0.0063,0.9901,0.0036,0.9901
Kepler-53 b,Kepler-53,2,Hot,0.0048,0.5299,0.4652,0.5299
Kepler-53 c,Kepler-53,2,Hot,0.0071,0.9771,0.0158,0.9771
Kepler-53 d,Kepler-53,2,Hot,0.0002,0.9995,0.0003,0.9995
Kepler-530 b,Kepler-530,2,Hot,0.028,0.966,0.006,0.966
Kepler-531 b,Kepler-531,2,Hot,0.3416,0.6536,0.0048,0.6536
Kepler-532 b,Kepler-532,2,Hot,0.0005,0.9992,0.0003,0.9992
Kepler-533 b,Kepler-533,2,Hot,0.2286,0.7591,0.0123,0.7591
Kepler-534 b,Kepler-534,2,Hot,0.0003,0.9994,0.0003,0.9994
Kepler-534 c,Kepler-534,2,Hot,0.0002,0.9995,0.0004,0.9995
Kepler-535 b,Kepler-535,2,Hot,1e-04,0.9994,0.0005,0.9994
Kepler-536 b,Kepler-536,2,Hot,1e-04,0.9995,0.0004,0.9995
Kepler-537 b,Kepler-537,2,Hot,0.0002,0.9994,0.0004,0.9994
Kepler-539 c,Kepler-539,3,Gas-Giant,0.0279,0.0011,0.971,0.971
Kepler-54 b,Kepler-54,2,Hot,0.0217,0.977,0.0013,0.977
Kepler-54 c,Kepler-54,1,Rocky-Habitable,0.5532,0.4452,0.0016,0.5532
Kepler-54 d,Kepler-54,2,Hot,0.0359,0.9619,0.0022,0.9619
Kepler-540 b,Kepler-540,1,Rocky-Habitable,0.8377,0.1449,0.0173,0.8377
Kepler-541 b,Kepler-541,2,Hot,1e-04,0.9985,0.0013,0.9985
Kepler-542 b,Kepler-542,2,Hot,0.0008,0.9989,0.0003,0.9989
Kepler-543 b,Kepler-543,2,Hot,0.0027,0.9969,0.0005,0.9969
Kepler-544 b,Kepler-544,2,Hot,0.0009,0.9986,0.0005,0.9986
Kepler-545 b,Kepler-545,2,Hot,0.0002,0.9992,0.0006,0.9992
Kepler-546 b,Kepler-546,3,Gas-Giant,0.0004,0.4023,0.5974,0.5974
Kepler-547 b,Kepler-547,2,Hot,0.0002,0.9993,0.0005,0.9993
Kepler-548 b,Kepler-548,3,Gas-Giant,0.0002,0.0077,0.9921,0.9921
Kepler-549 b,Kepler-549,2,Hot,0.0918,0.9009,0.0072,0.9009
Kepler-549 c,Kepler-549,1,Rocky-Habitable,0.6495,0.3233,0.0272,0.6495
Kepler-55 b,Kepler-55,1,Rocky-Habitable,0.8768,0.1212,0.002,0.8768
Kepler-55 c,Kepler-55,1,Rocky-Habitable,0.937,0.0614,0.0016,0.937
Kepler-55 d,Kepler-55,2,Hot,0.0003,0.9993,0.0003,0.9993
Kepler-55 e,Kepler-55,2,Hot,0.0003,0.9994,0.0003,0.9994
Kepler-55 f,Kepler-55,2,Hot,0.0013,0.9981,0.0006,0.9981
Kepler-550 b,Kepler-550,2,Hot,0.0003,0.9983,0.0014,0.9983
Kepler-551 b,Kepler-551,2,Hot,0.007,0.992,0.001,0.992
Kepler-552 b,Kepler-552,2,Hot,0.0002,0.999,0.0009,0.999
Kepler-554 b,Kepler-554,2,Hot,1e-04,0.9979,0.002,0.9979
Kepler-555 b,Kepler-555,2,Hot,0.0004,0.9988,0.0008,0.9988
Kepler-556 b,Kepler-556,2,Hot,0.0002,0.9995,0.0003,0.9995
Kepler-557 b,Kepler-557,2,Hot,1e-04,0.9994,0.0005,0.9994
Kepler-558 b,Kepler-558,2,Hot,0.1631,0.8344,0.0025,0.8344
Kepler-559 b,Kepler-559,2,Hot,0.0005,0.9987,0.0009,0.9987
Kepler-56 b,Kepler-56,3,Gas-Giant,0.0019,0.1308,0.8672,0.8672
Kepler-56 c,Kepler-56,3,Gas-Giant,0.0004,0.0087,0.9909,0.9909
Kepler-56 d,Kepler-56,3,Gas-Giant,0.0521,0.0045,0.9434,0.9434
Kepler-560 b,Kepler-560,1,Rocky-Habitable,0.9618,0.0373,0.0009,0.9618
Kepler-561 b,Kepler-561,3,Gas-Giant,0.0073,0.0591,0.9336,0.9336
Kepler-561 c,Kepler-561,2,Hot,1e-04,0.9997,0.0002,0.9997
Kepler-562 b,Kepler-562,2,Hot,0.0022,0.9771,0.0207,0.9771
Kepler-563 b,Kepler-563,2,Hot,0.0194,0.9788,0.0018,0.9788
Kepler-564 b,Kepler-564,2,Hot,0.0002,0.998,0.0018,0.998
Kepler-565 b,Kepler-565,2,Hot,1e-04,0.9993,0.0005,0.9993
Kepler-566 b,Kepler-566,2,Hot,0.0048,0.9944,0.0008,0.9944
Kepler-567 b,Kepler-567,2,Hot,0.0014,0.9983,0.0003,0.9983
Kepler-568 b,Kepler-568,2,Hot,0.1036,0.8941,0.0023,0.8941
Kepler-569 b,Kepler-569,2,Hot,0.0151,0.9792,0.0057,0.9792
Kepler-57 b,Kepler-57,2,Hot,0.0003,0.9994,0.0004,0.9994
Kepler-57 c,Kepler-57,2,Hot,0.0002,0.9996,0.0002,0.9996
Kepler-570 b,Kepler-570,2,Hot,1e-04,0.9996,0.0003,0.9996
Kepler-571 b,Kepler-571,2,Hot,1e-04,0.9997,0.0002,0.9997
Kepler-572 b,Kepler-572,2,Hot,0.0015,0.9981,0.0005,0.9981
Kepler-573 b,Kepler-573,2,Hot,0.0017,0.9966,0.0017,0.9966
Kepler-574 b,Kepler-574,2,Hot,1e-04,0.9997,0.0002,0.9997
Kepler-575 b,Kepler-575,2,Hot,0.0002,0.9995,0.0004,0.9995
Kepler-576 b,Kepler-576,2,Hot,0.0141,0.9727,0.0132,0.9727
Kepler-577 b,Kepler-577,2,Hot,0.1137,0.8839,0.0024,0.8839
Kepler-578 b,Kepler-578,2,Hot,1e-04,0.9996,0.0002,0.9996
Kepler-579 b,Kepler-579,2,Hot,0.0003,0.9993,0.0004,0.9993
Kepler-58 b,Kepler-58,2,Hot,0.0006,0.9897,0.0098,0.9897
Kepler-58 c,Kepler-58,2,Hot,0.0019,0.6285,0.3696,0.6285
Kepler-58 d,Kepler-58,2,Hot,0.0014,0.9953,0.0033,0.9953
Kepler-580 b,Kepler-580,2,Hot,0.0006,0.9989,0.0005,0.9989
Kepler-581 b,Kepler-581,2,Hot,0.0249,0.9692,0.0059,0.9692
Kepler-582 b,Kepler-582,2,Hot,0.0006,0.9984,0.001,0.9984
Kepler-583 b,Kepler-583,2,Hot,1e-04,0.9996,0.0003,0.9996
Kepler-584 b,Kepler-584,2,Hot,0.0061,0.9667,0.0272,0.9667
Kepler-585 b,Kepler-585,2,Hot,1e-04,0.9996,0.0003,0.9996
Kepler-586 b,Kepler-586,2,Hot,1e-04,0.9996,0.0003,0.9996
Kepler-587 b,Kepler-587,2,Hot,0.0002,0.9995,0.0002,0.9995
Kepler-588 b,Kepler-588,2,Hot,1e-04,0.9995,0.0004,0.9995
Kepler-589 b,Kepler-589,2,Hot,0.0014,0.9983,0.0003,0.9983
Kepler-589 c,Kepler-589,2,Hot,1e-04,0.9997,0.0002,0.9997
Kepler-59 b,Kepler-59,2,Hot,0.0003,0.9994,0.0003,0.9994
Kepler-59 c,Kepler-59,2,Hot,0.0006,0.9991,0.0003,0.9991
Kepler-590 b,Kepler-590,2,Hot,0.0002,0.9979,0.0019,0.9979
Kepler-591 b,Kepler-591,2,Hot,0.1777,0.7786,0.0437,0.7786
Kepler-592 b,Kepler-592,2,Hot,1e-04,0.9995,0.0004,0.9995
Kepler-593 b,Kepler-593,2,Hot,0.0016,0.9956,0.0027,0.9956
Kepler-594 b,Kepler-594,2,Hot,0.0007,0.999,0.0003,0.999
Kepler-595 b,Kepler-595,2,Hot,0.0024,0.9942,0.0034,0.9942
Kepler-595 c,Kepler-595,2,Hot,0.0027,0.9959,0.0013,0.9959
Kepler-596 b,Kepler-596,2,Hot,0.0007,0.9972,0.0022,0.9972
Kepler-597 b,Kepler-597,2,Hot,0.0002,0.9995,0.0003,0.9995
Kepler-598 b,Kepler-598,2,Hot,0.0002,0.9997,0.0002,0.9997
Kepler-598 c,Kepler-598,2,Hot,0.361,0.6137,0.0252,0.6137
Kepler-599 b,Kepler-599,2,Hot,0.0007,0.9987,0.0005,0.9987
Kepler-60 b,Kepler-60,2,Hot,0.0002,0.9996,0.0002,0.9996
Kepler-60 c,Kepler-60,2,Hot,0.0002,0.9995,0.0003,0.9995
Kepler-60 d,Kepler-60,2,Hot,0.0003,0.9991,0.0006,0.9991
Kepler-600 b,Kepler-600,2,Hot,0.0041,0.9942,0.0017,0.9942
Kepler-601 b,Kepler-601,2,Hot,1e-04,0.9997,1e-04,0.9997
Kepler-602 b,Kepler-602,2,Hot,0.0003,0.9994,0.0003,0.9994
Kepler-603 b,Kepler-603,2,Hot,0.0014,0.9965,0.0021,0.9965
Kepler-603 c,Kepler-603,3,Gas-Giant,0.019,0.029,0.952,0.952
Kepler-603 d,Kepler-603,2,Hot,0.0002,0.9996,0.0002,0.9996
Kepler-604 b,Kepler-604,2,Hot,0.0035,0.9936,0.003,0.9936
Kepler-605 b,Kepler-605,2,Hot,1e-04,0.9997,0.0002,0.9997
Kepler-605 c,Kepler-605,2,Hot,0.0002,0.9996,0.0002,0.9996
Kepler-606 b,Kepler-606,2,Hot,0.001,0.997,0.0019,0.997
Kepler-607 b,Kepler-607,2,Hot,0.0002,0.9996,0.0002,0.9996
Kepler-607 c,Kepler-607,2,Hot,0.1395,0.853,0.0075,0.853
Kepler-608 b,Kepler-608,2,Hot,0.0002,0.9992,0.0007,0.9992
Kepler-609 b,Kepler-609,2,Hot,0.0002,0.9989,0.001,0.9989
Kepler-610 b,Kepler-610,2,Hot,0.0002,0.9967,0.0031,0.9967
Kepler-610 c,Kepler-610,1,Rocky-Habitable,0.7217,0.2085,0.0697,0.7217
Kepler-611 b,Kepler-611,2,Hot,1e-04,0.9996,0.0002,0.9996
Kepler-612 b,Kepler-612,2,Hot,1e-04,0.9995,0.0004,0.9995
Kepler-613 b,Kepler-613,2,Hot,0.0004,0.9993,0.0004,0.9993
Kepler-614 b,Kepler-614,2,Hot,0.001,0.9987,0.0003,0.9987
Kepler-615 b,Kepler-615,2,Hot,0.0013,0.9984,0.0003,0.9984
Kepler-616 b,Kepler-616,2,Hot,0.0002,0.9994,0.0005,0.9994
Kepler-616 c,Kepler-616,2,Hot,0.2354,0.7061,0.0586,0.7061
Kepler-616 d,Kepler-616,2,Hot,0.0707,0.9141,0.0152,0.9141
Kepler-617 b,Kepler-617,2,Hot,0.0005,0.9993,0.0002,0.9993
Kepler-618 b,Kepler-618,2,Hot,1e-04,0.9994,0.0005,0.9994
Kepler-619 b,Kepler-619,2,Hot,1e-04,0.9991,0.0008,0.9991
Kepler-619 c,Kepler-619,2,Hot,1e-04,0.9995,0.0004,0.9995
Kepler-620 b,Kepler-620,2,Hot,0.0002,0.9987,0.0011,0.9987
Kepler-621 b,Kepler-621,2,Hot,1e-04,0.9996,0.0002,0.9996
Kepler-622 b,Kepler-622,2,Hot,0.064,0.9345,0.0016,0.9345
Kepler-623 b,Kepler-623,2,Hot,0.0002,0.9994,0.0004,0.9994
Kepler-624 b,Kepler-624,2,Hot,0.0004,0.9991,0.0005,0.9991
Kepler-625 b,Kepler-625,2,Hot,0.0002,0.9993,0.0005,0.9993
Kepler-625 c,Kepler-625,2,Hot,0.0002,0.9995,0.0003,0.9995
Kepler-626 b,Kepler-626,2,Hot,0.0003,0.9993,0.0004,0.9993
Kepler-627 b,Kepler-627,2,Hot,0.0057,0.9612,0.0331,0.9612
Kepler-629 b,Kepler-629,2,Hot,0.0002,0.9997,1e-04,0.9997
Kepler-63 b,Kepler-63,2,Hot,0.0093,0.7113,0.2794,0.7113
Kepler-630 b,Kepler-630,1,Rocky-Habitable,0.7354,0.2145,0.0501,0.7354
Kepler-631 b,Kepler-631,2,Hot,0.0008,0.996,0.0032,0.996
Kepler-632 b,Kepler-632,2,Hot,0.1492,0.8455,0.0053,0.8455
Kepler-633 b,Kepler-633,2,Hot,0.0002,0.9996,0.0002,0.9996
Kepler-633 c,Kepler-633,2,Hot,0.0037,0.9951,0.0012,0.9951
Kepler-634 b,Kepler-634,2,Hot,0.0002,0.9994,0.0004,0.9994
Kepler-635 b,Kepler-635,2,Hot,0.0103,0.9797,0.0099,0.9797
Kepler-636 b,Kepler-636,2,Hot,0.0011,0.995,0.0039,0.995
Kepler-637 b,Kepler-637,2,Hot,0.0118,0.7719,0.2163,0.7719
Kepler-638 b,Kepler-638,2,Hot,1e-04,0.9997,0.0002,0.9997
Kepler-639 b,Kepler-639,2,Hot,0.0003,0.9975,0.0022,0.9975
Kepler-640 b,Kepler-640,2,Hot,0.0047,0.9916,0.0037,0.9916
Kepler-641 b,Kepler-641,2,Hot,0.0004,0.9989,0.0007,0.9989
Kepler-642 b,Kepler-642,2,Hot,1e-04,0.9988,0.001,0.9988
Kepler-643 b,Kepler-643,3,Gas-Giant,0.0006,0.0129,0.9865,0.9865
Kepler-644 b,Kepler-644,2,Hot,0.0002,0.9976,0.0022,0.9976
Kepler-645 b,Kepler-645,2,Hot,1e-04,0.9995,0.0004,0.9995
Kepler-646 b,Kepler-646,2,Hot,0.0006,0.9992,0.0002,0.9992
Kepler-647 b,Kepler-647,2,Hot,0.0009,0.9988,0.0003,0.9988
Kepler-647 c,Kepler-647,2,Hot,0.0048,0.9769,0.0183,0.9769
Kepler-648 b,Kepler-648,2,Hot,0.001,0.9957,0.0032,0.9957
Kepler-649 b,Kepler-649,2,Hot,0.0204,0.9768,0.0028,0.9768
Kepler-65 b,Kepler-65,2,Hot,0.0002,0.9985,0.0013,0.9985
Kepler-65 c,Kepler-65,2,Hot,0.0002,0.9981,0.0017,0.9981
Kepler-65 d,Kepler-65,2,Hot,0.0003,0.9989,0.0008,0.9989
Kepler-65 e,Kepler-65,3,Gas-Giant,0.0658,0.0133,0.9209,0.9209
Kepler-650 b,Kepler-650,2,Hot,1e-04,0.9992,0.0007,0.9992
Kepler-651 b,Kepler-651,2,Hot,0.0024,0.9967,0.0009,0.9967
Kepler-652 b,Kepler-652,2,Hot,1e-04,0.9994,0.0004,0.9994
Kepler-653 b,Kepler-653,2,Hot,0.0023,0.9965,0.0012,0.9965
Kepler-653 c,Kepler-653,2,Hot,0.0002,0.9994,0.0004,0.9994
Kepler-654 b,Kepler-654,2,Hot,0.0004,0.9992,0.0004,0.9992
Kepler-655 b,Kepler-655,2,Hot,0.0173,0.9748,0.0079,0.9748
Kepler-656 b,Kepler-656,2,Hot,0.0002,0.9994,0.0004,0.9994
Kepler-657 b,Kepler-657,2,Hot,0.0041,0.9905,0.0054,0.9905
Kepler-658 b,Kepler-658,2,Hot,0.0003,0.9996,0.0002,0.9996
Kepler-659 b,Kepler-659,2,Hot,0.0119,0.9865,0.0016,0.9865
Kepler-66 b,Kepler-66,2,Hot,0.0004,0.9989,0.0007,0.9989
Kepler-660 b,Kepler-660,2,Hot,0.0004,0.9993,0.0003,0.9993
Kepler-661 b,Kepler-661,2,Hot,0.0002,0.9995,0.0003,0.9995
Kepler-662 b,Kepler-662,2,Hot,0.0868,0.9098,0.0034,0.9098
Kepler-663 b,Kepler-663,2,Hot,1e-04,0.9997,0.0002,0.9997
Kepler-664 b,Kepler-664,2,Hot,1e-04,0.9995,0.0004,0.9995
Kepler-665 b,Kepler-665,2,Hot,0.0032,0.9964,0.0005,0.9964
Kepler-666 b,Kepler-666,2,Hot,1e-04,0.9996,0.0003,0.9996
Kepler-667 b,Kepler-667,2,Hot,0.054,0.7782,0.1678,0.7782
Kepler-668 b,Kepler-668,2,Hot,0.0003,0.9994,0.0004,0.9994
Kepler-669 b,Kepler-669,2,Hot,0.0002,0.9894,0.0103,0.9894
Kepler-67 b,Kepler-67,2,Hot,0.0005,0.9989,0.0006,0.9989
Kepler-670 b,Kepler-670,3,Gas-Giant,1e-04,0.0033,0.9966,0.9966
Kepler-671 b,Kepler-671,2,Hot,1e-04,0.9995,0.0004,0.9995
Kepler-672 b,Kepler-672,2,Hot,0.0258,0.97,0.0042,0.97
Kepler-673 b,Kepler-673,2,Hot,0.0005,0.6342,0.3653,0.6342
Kepler-674 b,Kepler-674,2,Hot,0.0002,0.9996,0.0002,0.9996
Kepler-675 b,Kepler-675,2,Hot,0.0002,0.9996,0.0002,0.9996
Kepler-676 b,Kepler-676,2,Hot,0.2658,0.7313,0.0029,0.7313
Kepler-677 b,Kepler-677,2,Hot,0.0003,0.974,0.0257,0.974
Kepler-678 b,Kepler-678,2,Hot,0.0003,0.9914,0.0083,0.9914
Kepler-679 b,Kepler-679,2,Hot,0.0004,0.9991,0.0005,0.9991
Kepler-68 d,Kepler-68,3,Gas-Giant,0.2876,0.0636,0.6488,0.6488
Kepler-68 e,Kepler-68,3,Gas-Giant,0.0785,0.0363,0.8852,0.8852
Kepler-680 b,Kepler-680,2,Hot,1e-04,0.9993,0.0006,0.9993
Kepler-681 b,Kepler-681,2,Hot,0.1095,0.8845,0.006,0.8845
Kepler-682 b,Kepler-682,3,Gas-Giant,0.0006,0.0675,0.9318,0.9318
Kepler-683 b,Kepler-683,2,Hot,1e-04,0.9996,0.0003,0.9996
Kepler-684 b,Kepler-684,2,Hot,0.0002,0.9995,0.0003,0.9995
Kepler-685 b,Kepler-685,3,Gas-Giant,0.0002,0.0049,0.9949,0.9949
Kepler-686 b,Kepler-686,3,Gas-Giant,0.0002,0.0046,0.9952,0.9952
Kepler-687 b,Kepler-687,2,Hot,0.0333,0.9607,0.006,0.9607
Kepler-688 b,Kepler-688,3,Gas-Giant,0.0002,0.0093,0.9905,0.9905
Kepler-689 b,Kepler-689,2,Hot,0.0017,0.9968,0.0016,0.9968
Kepler-690 b,Kepler-690,2,Hot,0.001,0.7788,0.2202,0.7788
Kepler-691 b,Kepler-691,2,Hot,0.0206,0.9777,0.0017,0.9777
Kepler-692 b,Kepler-692,2,Hot,0.0018,0.9961,0.0021,0.9961
Kepler-693 b,Kepler-693,3,Gas-Giant,0.0016,0.0385,0.9599,0.9599
Kepler-694 b,Kepler-694,2,Hot,1e-04,0.9996,0.0003,0.9996
Kepler-695 b,Kepler-695,3,Gas-Giant,0.0003,0.0331,0.9666,0.9666
Kepler-696 b,Kepler-696,2,Hot,0.0005,0.5537,0.4458,0.5537
Kepler-697 b,Kepler-697,2,Hot,1e-04,0.999,0.0009,0.999
Kepler-698 b,Kepler-698,2,Hot,0.0006,0.9984,0.001,0.9984
Kepler-700 b,Kepler-700,3,Gas-Giant,0.0287,0.2525,0.7187,0.7187
Kepler-701 b,Kepler-701,2,Hot,0.0002,0.9993,0.0004,0.9993
Kepler-702 b,Kepler-702,3,Gas-Giant,0.0003,0.028,0.9718,0.9718
Kepler-703 b,Kepler-703,3,Gas-Giant,0.0005,0.1303,0.8693,0.8693
Kepler-704 b,Kepler-704,2,Hot,1e-04,0.9996,0.0003,0.9996
Kepler-705 b,Kepler-705,1,Rocky-Habitable,0.9951,0.004,0.0009,0.9951
Kepler-707 b,Kepler-707,2,Hot,0.0002,0.9996,0.0002,0.9996
Kepler-708 b,Kepler-708,2,Hot,1e-04,0.9996,0.0003,0.9996
Kepler-709 b,Kepler-709,2,Hot,0.0021,0.9974,0.0005,0.9974
Kepler-710 b,Kepler-710,2,Hot,1e-04,0.9997,0.0002,0.9997
Kepler-711 b,Kepler-711,2,Hot,0.0069,0.9891,0.004,0.9891
Kepler-712 b,Kepler-712,2,Hot,0.0048,0.9929,0.0022,0.9929
Kepler-712 c,Kepler-712,1,Rocky-Habitable,0.9478,0.0146,0.0375,0.9478
Kepler-713 b,Kepler-713,2,Hot,1e-04,0.9996,0.0003,0.9996
Kepler-714 b,Kepler-714,3,Gas-Giant,0.0002,0.0174,0.9824,0.9824
Kepler-715 b,Kepler-715,2,Hot,0.0003,0.9974,0.0023,0.9974
Kepler-716 b,Kepler-716,2,Hot,0.0003,0.9994,0.0004,0.9994
Kepler-716 c,Kepler-716,2,Hot,0.0002,0.9996,0.0002,0.9996
Kepler-717 b,Kepler-717,2,Hot,1e-04,0.9996,0.0002,0.9996
Kepler-718 b,Kepler-718,3,Gas-Giant,1e-04,0.0019,0.998,0.998
Kepler-719 b,Kepler-719,3,Gas-Giant,0.0007,0.1487,0.8506,0.8506
Kepler-720 b,Kepler-720,3,Gas-Giant,0.0003,0.0433,0.9564,0.9564
Kepler-721 b,Kepler-721,2,Hot,1e-04,0.9997,0.0002,0.9997
Kepler-722 b,Kepler-722,2,Hot,1e-04,0.9995,0.0004,0.9995
Kepler-722 c,Kepler-722,1,Rocky-Habitable,0.5091,0.4638,0.0271,0.5091
Kepler-723 b,Kepler-723,3,Gas-Giant,0.0002,0.007,0.9928,0.9928
Kepler-724 b,Kepler-724,2,Hot,1e-04,0.9995,0.0004,0.9995
Kepler-725 c,Kepler-725,1,Rocky-Habitable,0.9933,0.0056,0.0011,0.9933
Kepler-726 b,Kepler-726,2,Hot,0.0022,0.9962,0.0016,0.9962
Kepler-727 b,Kepler-727,2,Hot,1e-04,0.9997,0.0002,0.9997
Kepler-728 b,Kepler-728,2,Hot,1e-04,0.9996,0.0003,0.9996
Kepler-729 b,Kepler-729,2,Hot,0.0002,0.9994,0.0005,0.9994
Kepler-731 b,Kepler-731,3,Gas-Giant,1e-04,0.0026,0.9973,0.9973
Kepler-732 b,Kepler-732,2,Hot,0.0416,0.9567,0.0017,0.9567
Kepler-732 c,Kepler-732,2,Hot,0.0006,0.9992,0.0002,0.9992
Kepler-733 b,Kepler-733,2,Hot,0.0013,0.9972,0.0015,0.9972
Kepler-734 b,Kepler-734,2,Hot,0.0002,0.9996,0.0003,0.9996
Kepler-735 b,Kepler-735,2,Hot,0.0004,0.9987,0.0009,0.9987
Kepler-736 b,Kepler-736,2,Hot,1e-04,0.9996,0.0003,0.9996
Kepler-737 b,Kepler-737,1,Rocky-Habitable,0.9966,0.003,0.0003,0.9966
Kepler-738 b,Kepler-738,2,Hot,0.0139,0.9844,0.0017,0.9844
Kepler-739 b,Kepler-739,2,Hot,0.0004,0.9989,0.0007,0.9989
Kepler-740 b,Kepler-740,2,Hot,1e-04,0.9988,0.0011,0.9988
Kepler-741 b,Kepler-741,2,Hot,1e-04,0.999,0.0009,0.999
Kepler-742 b,Kepler-742,2,Hot,0.0004,0.9983,0.0012,0.9983
Kepler-743 b,Kepler-743,2,Hot,0.0002,0.9997,0.0002,0.9997
Kepler-744 b,Kepler-744,2,Hot,0.0005,0.9993,0.0002,0.9993
Kepler-745 b,Kepler-745,2,Hot,0.0002,0.9992,0.0007,0.9992
Kepler-746 b,Kepler-746,2,Hot,1e-04,0.9997,0.0002,0.9997
Kepler-747 b,Kepler-747,2,Hot,0.0689,0.7684,0.1626,0.7684
Kepler-748 b,Kepler-748,2,Hot,1e-04,0.9993,0.0006,0.9993
Kepler-749 b,Kepler-749,2,Hot,0.0034,0.9959,0.0007,0.9959
Kepler-750 b,Kepler-750,2,Hot,0.0002,0.9985,0.0012,0.9985
Kepler-750 c,Kepler-750,2,Hot,1e-04,0.9996,0.0003,0.9996
Kepler-751 b,Kepler-751,2,Hot,0.0012,0.9984,0.0004,0.9984
Kepler-752 b,Kepler-752,2,Hot,0.0011,0.9983,0.0007,0.9983
Kepler-753 b,Kepler-753,2,Hot,0.0003,0.9995,0.0002,0.9995
Kepler-754 b,Kepler-754,2,Hot,0.0004,0.9992,0.0004,0.9992
Kepler-755 b,Kepler-755,2,Hot,1e-04,0.9997,0.0002,0.9997
Kepler-755 c,Kepler-755,2,Hot,0.0002,0.9997,0.0002,0.9997
Kepler-756 b,Kepler-756,2,Hot,0.0002,0.9996,0.0002,0.9996
Kepler-757 b,Kepler-757,2,Hot,0.0002,0.9996,0.0003,0.9996
Kepler-758 b,Kepler-758,2,Hot,0.0003,0.9988,0.0008,0.9988
Kepler-758 c,Kepler-758,2,Hot,1e-04,0.9996,0.0003,0.9996
Kepler-758 d,Kepler-758,2,Hot,0.0009,0.9986,0.0005,0.9986
Kepler-758 e,Kepler-758,2,Hot,0.0002,0.9996,0.0002,0.9996
Kepler-759 b,Kepler-759,2,Hot,0.0447,0.9491,0.0062,0.9491
Kepler-760 b,Kepler-760,2,Hot,0.0003,0.9987,0.0011,0.9987
Kepler-760 c,Kepler-760,2,Hot,1e-04,0.9997,0.0002,0.9997
Kepler-761 b,Kepler-761,2,Hot,0.0002,0.9996,0.0003,0.9996
Kepler-762 b,Kepler-762,3,Gas-Giant,0.0002,0.0034,0.9964,0.9964
Kepler-763 b,Kepler-763,2,Hot,0.0002,0.9997,0.0002,0.9997
Kepler-764 b,Kepler-764,2,Hot,0.0002,0.9996,0.0002,0.9996
Kepler-765 b,Kepler-765,2,Hot,0.0098,0.9864,0.0039,0.9864
Kepler-766 b,Kepler-766,2,Hot,1e-04,0.9989,0.001,0.9989
Kepler-767 b,Kepler-767,3,Gas-Giant,0.0459,0.0321,0.922,0.922
Kepler-768 b,Kepler-768,2,Hot,0.0006,0.9992,0.0002,0.9992
Kepler-769 b,Kepler-769,2,Hot,1e-04,0.9989,0.001,0.9989
Kepler-769 c,Kepler-769,2,Hot,0.0005,0.999,0.0005,0.999
Kepler-770 b,Kepler-770,2,Hot,0.0006,0.9989,0.0004,0.9989
Kepler-770 c,Kepler-770,2,Hot,0.0002,0.9997,0.0002,0.9997
Kepler-770 d,Kepler-770,2,Hot,1e-04,0.9997,0.0002,0.9997
Kepler-771 b,Kepler-771,2,Hot,0.0002,0.9995,0.0003,0.9995
Kepler-772 b,Kepler-772,2,Hot,0.0007,0.999,0.0004,0.999
Kepler-773 b,Kepler-773,2,Hot,0.0002,0.9995,0.0003,0.9995
Kepler-774 b,Kepler-774,2,Hot,0.0002,0.998,0.0018,0.998
Kepler-775 b,Kepler-775,2,Hot,0.0002,0.9996,0.0002,0.9996
Kepler-776 b,Kepler-776,2,Hot,1e-04,0.9997,0.0002,0.9997
Kepler-777 b,Kepler-777,2,Hot,0.0004,0.9994,0.0002,0.9994
Kepler-778 b,Kepler-778,2,Hot,0.0002,0.9997,0.0002,0.9997
Kepler-779 b,Kepler-779,2,Hot,0.0006,0.9992,0.0002,0.9992
Kepler-780 b,Kepler-780,2,Hot,0.0002,0.9996,0.0003,0.9996
Kepler-781 b,Kepler-781,2,Hot,0.0006,0.9989,0.0005,0.9989
Kepler-782 b,Kepler-782,1,Rocky-Habitable,0.4824,0.4216,0.096,0.4824
Kepler-783 b,Kepler-783,2,Hot,1e-04,0.9997,0.0002,0.9997
Kepler-783 c,Kepler-783,2,Hot,1e-04,0.9997,0.0002,0.9997
Kepler-784 b,Kepler-784,2,Hot,0.1218,0.8742,0.0041,0.8742
Kepler-785 b,Kepler-785,3,Gas-Giant,0.0003,0.0086,0.9911,0.9911
Kepler-786 b,Kepler-786,1,Rocky-Habitable,0.8602,0.1355,0.0044,0.8602
Kepler-787 b,Kepler-787,2,Hot,0.0002,0.9996,0.0002,0.9996
Kepler-788 b,Kepler-788,2,Hot,1e-04,0.9992,0.0007,0.9992
Kepler-789 b,Kepler-789,2,Hot,1e-04,0.9996,0.0003,0.9996
Kepler-79 b,Kepler-79,2,Hot,0.0009,0.9885,0.0105,0.9885
Kepler-79 c,Kepler-79,2,Hot,0.0057,0.8344,0.1598,0.8344
Kepler-79 d,Kepler-79,3,Gas-Giant,0.0018,0.0151,0.9831,0.9831
Kepler-79 e,Kepler-79,3,Gas-Giant,0.0134,0.3047,0.6818,0.6818
Kepler-790 b,Kepler-790,2,Hot,0.0012,0.9986,0.0003,0.9986
Kepler-791 b,Kepler-791,2,Hot,0.0002,0.9987,0.0011,0.9987
Kepler-792 b,Kepler-792,2,Hot,0.0002,0.9994,0.0004,0.9994
Kepler-793 b,Kepler-793,2,Hot,0.0002,0.9996,0.0002,0.9996
Kepler-794 b,Kepler-794,2,Hot,0.001,0.9975,0.0015,0.9975
Kepler-795 b,Kepler-795,2,Hot,0.0823,0.915,0.0027,0.915
Kepler-796 b,Kepler-796,2,Hot,0.0002,0.9996,0.0002,0.9996
Kepler-797 b,Kepler-797,2,Hot,0.0112,0.9872,0.0016,0.9872
Kepler-798 b,Kepler-798,2,Hot,0.0003,0.999,0.0007,0.999
Kepler-799 b,Kepler-799,3,Gas-Giant,0.017,0.0163,0.9667,0.9667
Kepler-799 c,Kepler-799,2,Hot,0.0005,0.9982,0.0013,0.9982
Kepler-80 b,Kepler-80,2,Hot,0.0004,0.9986,0.001,0.9986
Kepler-80 c,Kepler-80,2,Hot,0.0004,0.9983,0.0013,0.9983
Kepler-80 d,Kepler-80,2,Hot,0.0022,0.9949,0.0028,0.9949
Kepler-80 e,Kepler-80,2,Hot,0.0006,0.9988,0.0006,0.9988
Kepler-80 f,Kepler-80,2,Hot,0.0008,0.9984,0.0008,0.9984
Kepler-800 b,Kepler-800,2,Hot,0.0005,0.999,0.0005,0.999
Kepler-801 b,Kepler-801,2,Hot,0.0032,0.9962,0.0005,0.9962
Kepler-802 b,Kepler-802,2,Hot,0.0248,0.952,0.0232,0.952
Kepler-803 b,Kepler-803,2,Hot,0.0458,0.9191,0.0351,0.9191
Kepler-804 b,Kepler-804,2,Hot,0.0004,0.9993,0.0003,0.9993
Kepler-804 c,Kepler-804,2,Hot,0.0003,0.9994,0.0003,0.9994
Kepler-805 b,Kepler-805,2,Hot,0.0072,0.9894,0.0034,0.9894
Kepler-806 b,Kepler-806,2,Hot,0.0002,0.9996,0.0002,0.9996
Kepler-808 b,Kepler-808,2,Hot,0.0002,0.9996,0.0002,0.9996
Kepler-809 b,Kepler-809,2,Hot,0.1509,0.8028,0.0462,0.8028
Kepler-81 b,Kepler-81,2,Hot,1e-04,0.9997,0.0002,0.9997
Kepler-81 c,Kepler-81,2,Hot,0.0003,0.9994,0.0003,0.9994
Kepler-81 d,Kepler-81,2,Hot,0.0229,0.9757,0.0014,0.9757
Kepler-810 b,Kepler-810,2,Hot,1e-04,0.9996,0.0003,0.9996
Kepler-811 b,Kepler-811,2,Hot,0.0032,0.9929,0.004,0.9929
Kepler-812 b,Kepler-812,2,Hot,0.0003,0.9964,0.0033,0.9964
Kepler-813 b,Kepler-813,2,Hot,0.0011,0.9985,0.0004,0.9985
Kepler-814 b,Kepler-814,2,Hot,1e-04,0.9996,0.0003,0.9996
Kepler-815 b,Kepler-815,2,Hot,0.0006,0.9982,0.0012,0.9982
Kepler-816 b,Kepler-816,3,Gas-Giant,0.0002,0.0133,0.9865,0.9865
Kepler-817 b,Kepler-817,3,Gas-Giant,0.0004,0.0611,0.9385,0.9385
Kepler-818 b,Kepler-818,2,Hot,0.0007,0.9905,0.0088,0.9905
Kepler-819 b,Kepler-819,2,Hot,0.0314,0.9641,0.0045,0.9641
Kepler-82 b,Kepler-82,2,Hot,0.001,0.9915,0.0075,0.9915
Kepler-82 c,Kepler-82,3,Gas-Giant,0.0074,0.162,0.8306,0.8306
Kepler-82 d,Kepler-82,2,Hot,0.0002,0.9993,0.0005,0.9993
Kepler-82 e,Kepler-82,2,Hot,0.0002,0.9996,0.0003,0.9996
Kepler-82 f,Kepler-82,2,Hot,0.1121,0.8809,0.007,0.8809
Kepler-820 b,Kepler-820,3,Gas-Giant,0.0233,0.0512,0.9255,0.9255
Kepler-821 b,Kepler-821,2,Hot,0.0002,0.9997,0.0002,0.9997
Kepler-822 b,Kepler-822,2,Hot,1e-04,0.9996,0.0003,0.9996
Kepler-823 b,Kepler-823,2,Hot,1e-04,0.9996,0.0002,0.9996
Kepler-824 b,Kepler-824,2,Hot,1e-04,0.9995,0.0004,0.9995
Kepler-825 b,Kepler-825,2,Hot,1e-04,0.9996,0.0003,0.9996
Kepler-825 c,Kepler-825,2,Hot,1e-04,0.9996,0.0002,0.9996
Kepler-826 b,Kepler-826,2,Hot,0.0002,0.9996,0.0003,0.9996
Kepler-827 b,Kepler-827,2,Hot,0.0399,0.497,0.4632,0.497
Kepler-828 b,Kepler-828,2,Hot,1e-04,0.9997,0.0002,0.9997
Kepler-829 b,Kepler-829,2,Hot,1e-04,0.9997,0.0002,0.9997
Kepler-83 b,Kepler-83,2,Hot,0.0002,0.9994,0.0004,0.9994
Kepler-83 c,Kepler-83,2,Hot,0.0044,0.9947,0.0009,0.9947
Kepler-83 d,Kepler-83,2,Hot,0.0003,0.9995,0.0002,0.9995
Kepler-830 b,Kepler-830,2,Hot,0.0002,0.9995,0.0003,0.9995
Kepler-831 b,Kepler-831,2,Hot,0.0002,0.9997,0.0002,0.9997
Kepler-832 b,Kepler-832,2,Hot,1e-04,0.9997,0.0002,0.9997
Kepler-833 b,Kepler-833,2,Hot,0.0936,0.904,0.0024,0.904
Kepler-834 b,Kepler-834,2,Hot,0.0085,0.9908,0.0007,0.9908
Kepler-835 b,Kepler-835,2,Hot,0.0002,0.9989,0.0009,0.9989
Kepler-836 b,Kepler-836,2,Hot,0.0002,0.9994,0.0004,0.9994
Kepler-837 b,Kepler-837,2,Hot,0.0005,0.999,0.0004,0.999
Kepler-838 b,Kepler-838,2,Hot,0.0004,0.9992,0.0004,0.9992
Kepler-839 b,Kepler-839,2,Hot,0.042,0.9455,0.0124,0.9455
Kepler-84 b,Kepler-84,2,Hot,0.0002,0.9996,0.0002,0.9996
Kepler-84 c,Kepler-84,2,Hot,0.0004,0.9993,0.0003,0.9993
Kepler-84 d,Kepler-84,2,Hot,0.0003,0.9993,0.0005,0.9993
Kepler-84 e,Kepler-84,2,Hot,0.0011,0.9978,0.0011,0.9978
Kepler-84 f,Kepler-84,2,Hot,0.0032,0.9958,0.0011,0.9958
Kepler-841 b,Kepler-841,1,Rocky-Habitable,0.674,0.1289,0.197,0.674
Kepler-842 b,Kepler-842,2,Hot,0.0002,0.9996,0.0002,0.9996
Kepler-843 b,Kepler-843,2,Hot,1e-04,0.9993,0.0005,0.9993
Kepler-844 b,Kepler-844,2,Hot,0.0003,0.9996,0.0002,0.9996
Kepler-845 b,Kepler-845,2,Hot,1e-04,0.9997,0.0002,0.9997
Kepler-846 b,Kepler-846,2,Hot,0.0007,0.9987,0.0006,0.9987
Kepler-847 b,Kepler-847,2,Hot,0.0002,0.9996,0.0003,0.9996
Kepler-848 b,Kepler-848,2,Hot,0.0002,0.9994,0.0004,0.9994
Kepler-85 b,Kepler-85,2,Hot,0.0002,0.9993,0.0004,0.9993
Kepler-85 c,Kepler-85,2,Hot,0.0005,0.9987,0.0008,0.9987
Kepler-85 d,Kepler-85,2,Hot,0.0015,0.9981,0.0004,0.9981
Kepler-85 e,Kepler-85,2,Hot,0.008,0.9914,0.0006,0.9914
Kepler-850 b,Kepler-850,2,Hot,1e-04,0.9996,0.0003,0.9996
Kepler-851 b,Kepler-851,2,Hot,0.0003,0.9995,0.0002,0.9995
Kepler-852 b,Kepler-852,2,Hot,0.0764,0.9072,0.0165,0.9072
Kepler-853 b,Kepler-853,2,Hot,1e-04,0.9995,0.0004,0.9995
Kepler-855 b,Kepler-855,3,Gas-Giant,0.0002,0.0198,0.98,0.98
Kepler-856 b,Kepler-856,3,Gas-Giant,0.0002,0.0064,0.9934,0.9934
Kepler-857 b,Kepler-857,3,Gas-Giant,0.0108,0.0595,0.9297,0.9297
Kepler-858 b,Kepler-858,2,Hot,0.0917,0.7554,0.1528,0.7554
Kepler-859 b,Kepler-859,2,Hot,0.0066,0.991,0.0024,0.991
Kepler-860 b,Kepler-860,2,Hot,1e-04,0.9992,0.0007,0.9992
Kepler-861 b,Kepler-861,2,Hot,1e-04,0.9997,0.0002,0.9997
Kepler-862 b,Kepler-862,2,Hot,1e-04,0.9996,0.0003,0.9996
Kepler-863 b,Kepler-863,2,Hot,0.0004,0.999,0.0005,0.999
Kepler-864 b,Kepler-864,2,Hot,1e-04,0.9996,0.0003,0.9996
Kepler-865 b,Kepler-865,2,Hot,0.0003,0.9992,0.0005,0.9992
Kepler-866 b,Kepler-866,2,Hot,0.0002,0.9996,0.0002,0.9996
Kepler-867 b,Kepler-867,1,Rocky-Habitable,0.6802,0.2024,0.1174,0.6802
Kepler-868 b,Kepler-868,2,Hot,1e-04,0.9997,0.0002,0.9997
Kepler-869 b,Kepler-869,2,Hot,0.0222,0.9636,0.0142,0.9636
Kepler-870 b,Kepler-870,2,Hot,0.0015,0.9969,0.0016,0.9969
Kepler-871 b,Kepler-871,2,Hot,0.0015,0.9926,0.006,0.9926
Kepler-872 b,Kepler-872,2,Hot,1e-04,0.9994,0.0004,0.9994
Kepler-873 b,Kepler-873,2,Hot,0.0007,0.9962,0.0032,0.9962
Kepler-874 b,Kepler-874,2,Hot,0.0051,0.9828,0.0121,0.9828
Kepler-875 b,Kepler-875,2,Hot,0.0056,0.9903,0.0041,0.9903
Kepler-876 b,Kepler-876,2,Hot,0.0002,0.9997,1e-04,0.9997
Kepler-877 b,Kepler-877,2,Hot,0.0029,0.9968,0.0003,0.9968
Kepler-878 b,Kepler-878,2,Hot,0.1819,0.8155,0.0026,0.8155
Kepler-879 b,Kepler-879,2,Hot,0.0165,0.978,0.0055,0.978
Kepler-879 c,Kepler-879,2,Hot,0.0007,0.9876,0.0116,0.9876
Kepler-88 d,KOI-142,3,Gas-Giant,0.0296,0.0117,0.9587,0.9587
Kepler-880 b,Kepler-880,2,Hot,0.0002,0.9986,0.0012,0.9986
Kepler-881 b,Kepler-881,2,Hot,1e-04,0.9997,0.0002,0.9997
Kepler-882 b,Kepler-882,2,Hot,0.0002,0.9997,0.0002,0.9997
Kepler-883 b,Kepler-883,2,Hot,0.0003,0.9994,0.0003,0.9994
Kepler-884 b,Kepler-884,2,Hot,0.0002,0.9996,0.0002,0.9996
Kepler-885 b,Kepler-885,2,Hot,0.0006,0.9979,0.0015,0.9979
Kepler-886 b,Kepler-886,2,Hot,0.0002,0.9996,0.0002,0.9996
Kepler-887 b,Kepler-887,2,Hot,0.0012,0.998,0.0008,0.998
Kepler-887 c,Kepler-887,2,Hot,0.0002,0.9995,0.0004,0.9995
Kepler-888 b,Kepler-888,1,Rocky-Habitable,0.5843,0.4068,0.0089,0.5843
Kepler-889 b,Kepler-889,2,Hot,0.0002,0.9993,0.0005,0.9993
Kepler-890 b,Kepler-890,3,Gas-Giant,0.0008,0.0055,0.9937,0.9937
Kepler-891 b,Kepler-891,3,Gas-Giant,0.0084,0.1246,0.867,0.867
Kepler-892 b,Kepler-892,2,Hot,0.0039,0.9954,0.0008,0.9954
Kepler-893 b,Kepler-893,2,Hot,0.0002,0.9994,0.0004,0.9994
Kepler-894 b,Kepler-894,2,Hot,0.0002,0.9994,0.0004,0.9994
Kepler-895 b,Kepler-895,2,Hot,0.0003,0.9995,0.0002,0.9995
Kepler-896 b,Kepler-896,1,Rocky-Habitable,0.9124,0.0764,0.0113,0.9124
Kepler-897 b,Kepler-897,2,Hot,1e-04,0.9994,0.0004,0.9994
Kepler-898 b,Kepler-898,2,Hot,0.0004,0.9994,0.0002,0.9994
Kepler-899 b,Kepler-899,2,Hot,0.0011,0.9982,0.0007,0.9982
Kepler-9 b,Kepler-9,3,Gas-Giant,0.0007,0.0111,0.9882,0.9882
Kepler-9 c,Kepler-9,3,Gas-Giant,0.0028,0.0474,0.9497,0.9497
Kepler-900 b,Kepler-900,2,Hot,0.0003,0.9994,0.0003,0.9994
Kepler-901 b,Kepler-901,2,Hot,0.0002,0.9996,1e-04,0.9996
Kepler-902 b,Kepler-902,2,Hot,0.0302,0.9649,0.0048,0.9649
Kepler-903 b,Kepler-903,2,Hot,0.0002,0.9995,0.0003,0.9995
Kepler-903 c,Kepler-903,2,Hot,0.2693,0.7152,0.0155,0.7152
Kepler-904 b,Kepler-904,2,Hot,1e-04,0.9995,0.0004,0.9995
Kepler-905 b,Kepler-905,2,Hot,1e-04,0.9997,0.0002,0.9997
Kepler-906 b,Kepler-906,2,Hot,0.0586,0.9376,0.0038,0.9376
Kepler-907 b,Kepler-907,2,Hot,0.0007,0.999,0.0003,0.999
Kepler-908 b,Kepler-908,2,Hot,0.0002,0.9993,0.0005,0.9993
Kepler-909 b,Kepler-909,2,Hot,0.0005,0.9991,0.0005,0.9991
Kepler-910 b,Kepler-910,2,Hot,0.0002,0.9994,0.0004,0.9994
Kepler-911 b,Kepler-911,2,Hot,0.0007,0.9981,0.0012,0.9981
Kepler-912 b,Kepler-912,2,Hot,1e-04,0.9993,0.0005,0.9993
Kepler-913 b,Kepler-913,2,Hot,0.0004,0.9994,0.0003,0.9994
Kepler-913 c,Kepler-913,2,Hot,0.0002,0.997,0.0028,0.997
Kepler-914 b,Kepler-914,2,Hot,0.0002,0.9993,0.0005,0.9993
Kepler-915 b,Kepler-915,2,Hot,1e-04,0.9995,0.0004,0.9995
Kepler-916 b,Kepler-916,2,Hot,0.2208,0.7765,0.0027,0.7765
Kepler-917 b,Kepler-917,2,Hot,1e-04,0.9996,0.0002,0.9996
Kepler-918 b,Kepler-918,2,Hot,1e-04,0.9996,0.0003,0.9996
Kepler-919 b,Kepler-919,2,Hot,0.0002,0.9993,0.0006,0.9993
Kepler-92 b,Kepler-92,2,Hot,0.0018,0.9743,0.0239,0.9743
Kepler-92 c,Kepler-92,2,Hot,0.0081,0.9888,0.003,0.9888
Kepler-92 d,Kepler-92,2,Hot,0.0121,0.8575,0.1304,0.8575
Kepler-920 b,Kepler-920,2,Hot,1e-04,0.9997,0.0002,0.9997
Kepler-920 c,Kepler-920,2,Hot,0.3692,0.5672,0.0637,0.5672
Kepler-921 b,Kepler-921,2,Hot,0.1914,0.7943,0.0142,0.7943
Kepler-922 b,Kepler-922,2,Hot,0.0002,0.9996,0.0002,0.9996
Kepler-923 b,Kepler-923,2,Hot,0.0002,0.9994,0.0004,0.9994
Kepler-924 b,Kepler-924,2,Hot,0.0272,0.9499,0.0229,0.9499
Kepler-925 b,Kepler-925,1,Rocky-Habitable,0.7795,0.2151,0.0053,0.7795
Kepler-926 b,Kepler-926,2,Hot,0.1616,0.8276,0.0108,0.8276
Kepler-927 b,Kepler-927,2,Hot,0.0003,0.9993,0.0003,0.9993
Kepler-928 b,Kepler-928,2,Hot,0.0002,0.9996,0.0002,0.9996
Kepler-929 b,Kepler-929,2,Hot,0.0002,0.9995,0.0003,0.9995
Kepler-93 c,Kepler-93,3,Gas-Giant,0.0103,0.001,0.9886,0.9886
Kepler-930 b,Kepler-930,2,Hot,0.3167,0.667,0.0163,0.667
Kepler-931 b,Kepler-931,2,Hot,0.0003,0.9995,0.0002,0.9995
Kepler-932 b,Kepler-932,2,Hot,0.0002,0.9997,0.0002,0.9997
Kepler-933 b,Kepler-933,2,Hot,0.0006,0.999,0.0004,0.999
Kepler-934 b,Kepler-934,1,Rocky-Habitable,0.8884,0.1092,0.0025,0.8884
Kepler-935 b,Kepler-935,2,Hot,0.0002,0.9997,1e-04,0.9997
Kepler-936 b,Kepler-936,2,Hot,0.0003,0.9993,0.0003,0.9993
Kepler-937 b,Kepler-937,2,Hot,0.0283,0.9081,0.0636,0.9081
Kepler-937 c,Kepler-937,1,Rocky-Habitable,0.8659,0.1166,0.0175,0.8659
Kepler-938 b,Kepler-938,2,Hot,0.2404,0.7512,0.0083,0.7512
Kepler-939 b,Kepler-939,2,Hot,0.0014,0.9983,0.0003,0.9983
Kepler-94 b,Kepler-94,2,Hot,0.0005,0.9829,0.0166,0.9829
Kepler-94 c,Kepler-94,3,Gas-Giant,0.0021,0.0006,0.9972,0.9972
Kepler-940 b,Kepler-940,2,Hot,0.2258,0.7385,0.0358,0.7385
Kepler-941 b,Kepler-941,2,Hot,0.0006,0.9988,0.0006,0.9988
Kepler-942 b,Kepler-942,1,Rocky-Habitable,0.6298,0.3632,0.007,0.6298
Kepler-943 b,Kepler-943,3,Gas-Giant,0.03,0.3482,0.6218,0.6218
Kepler-944 b,Kepler-944,2,Hot,0.0627,0.9317,0.0056,0.9317
Kepler-945 b,Kepler-945,2,Hot,0.0133,0.9831,0.0037,0.9831
Kepler-946 b,Kepler-946,2,Hot,0.0002,0.9996,0.0002,0.9996
Kepler-947 b,Kepler-947,2,Hot,0.0171,0.9809,0.002,0.9809
Kepler-948 b,Kepler-948,2,Hot,1e-04,0.9997,0.0002,0.9997
Kepler-949 b,Kepler-949,2,Hot,0.0002,0.9993,0.0005,0.9993
Kepler-95 b,Kepler-95,2,Hot,0.0005,0.9956,0.0039,0.9956
Kepler-950 b,Kepler-950,3,Gas-Giant,0.0016,0.0044,0.994,0.994
Kepler-951 b,Kepler-951,1,Rocky-Habitable,0.4265,0.2089,0.3646,0.4265
Kepler-952 b,Kepler-952,3,Gas-Giant,0.0069,0.0105,0.9827,0.9827
Kepler-953 b,Kepler-953,2,Hot,0.2619,0.5216,0.2166,0.5216
Kepler-953 c,Kepler-953,2,Hot,0.0005,0.9986,0.0009,0.9986
Kepler-954 b,Kepler-954,2,Hot,0.0038,0.9957,0.0005,0.9957
Kepler-955 b,Kepler-955,2,Hot,0.0004,0.999,0.0007,0.999
Kepler-956 b,Kepler-956,2,Hot,1e-04,0.9994,0.0005,0.9994
Kepler-957 b,Kepler-957,2,Hot,0.0003,0.9953,0.0045,0.9953
Kepler-958 b,Kepler-958,2,Hot,0.0002,0.9995,0.0002,0.9995
Kepler-959 b,Kepler-959,2,Hot,0.0004,0.9938,0.0058,0.9938
Kepler-96 b,Kepler-96,2,Hot,0.0003,0.9991,0.0006,0.9991
Kepler-960 b,Kepler-960,2,Hot,1e-04,0.9996,0.0002,0.9996
Kepler-961 b,Kepler-961,2,Hot,0.0005,0.9989,0.0006,0.9989
Kepler-962 b,Kepler-962,2,Hot,0.0005,0.9993,0.0003,0.9993
Kepler-963 b,Kepler-963,2,Hot,0.0002,0.9995,0.0004,0.9995
Kepler-963 c,Kepler-963,2,Hot,0.0002,0.9996,0.0002,0.9996
Kepler-964 b,Kepler-964,2,Hot,0.0009,0.9988,0.0003,0.9988
Kepler-965 b,Kepler-965,1,Rocky-Habitable,0.5813,0.3029,0.1158,0.5813
Kepler-966 b,Kepler-966,2,Hot,0.2033,0.6908,0.1059,0.6908
Kepler-967 b,Kepler-967,2,Hot,0.0006,0.9991,0.0003,0.9991
Kepler-967 c,Kepler-967,1,Rocky-Habitable,0.9678,0.0189,0.0133,0.9678
Kepler-968 b,Kepler-968,2,Hot,0.0002,0.9996,0.0002,0.9996
Kepler-968 c,Kepler-968,2,Hot,0.0003,0.9994,0.0003,0.9994
Kepler-969 b,Kepler-969,2,Hot,0.1925,0.7998,0.0077,0.7998
Kepler-969 c,Kepler-969,2,Hot,0.0002,0.9995,0.0003,0.9995
Kepler-97 b,Kepler-97,2,Hot,0.0002,0.9995,0.0003,0.9995
Kepler-97 c,Kepler-97,3,Gas-Giant,0.0495,0.0044,0.9461,0.9461
Kepler-970 b,Kepler-970,2,Hot,0.0112,0.9874,0.0014,0.9874
Kepler-971 b,Kepler-971,2,Hot,0.0002,0.9995,0.0002,0.9995
Kepler-972 b,Kepler-972,2,Hot,0.0002,0.9936,0.0062,0.9936
Kepler-973 b,Kepler-973,1,Rocky-Habitable,0.6404,0.356,0.0036,0.6404
Kepler-974 b,Kepler-974,2,Hot,0.0007,0.999,0.0003,0.999
Kepler-975 b,Kepler-975,2,Hot,0.0002,0.9996,0.0002,0.9996
Kepler-976 b,Kepler-976,2,Hot,0.3513,0.5219,0.1268,0.5219
Kepler-977 b,Kepler-977,2,Hot,0.0303,0.9666,0.0031,0.9666
Kepler-978 b,Kepler-978,2,Hot,0.0561,0.9255,0.0184,0.9255
Kepler-979 b,Kepler-979,2,Hot,0.0002,0.9994,0.0004,0.9994
Kepler-98 b,Kepler-98,2,Hot,1e-04,0.9993,0.0006,0.9993
Kepler-980 b,Kepler-980,2,Hot,0.0002,0.9994,0.0005,0.9994
Kepler-981 b,Kepler-981,2,Hot,1e-04,0.9997,0.0002,0.9997
Kepler-982 b,Kepler-982,2,Hot,0.0003,0.9991,0.0006,0.9991
Kepler-983 b,Kepler-983,2,Hot,0.29,0.6896,0.0204,0.6896
Kepler-984 b,Kepler-984,2,Hot,0.0968,0.8956,0.0076,0.8956
Kepler-985 b,Kepler-985,1,Rocky-Habitable,0.5565,0.4049,0.0386,0.5565
Kepler-986 b,Kepler-986,2,Hot,0.3178,0.6678,0.0143,0.6678
Kepler-987 b,Kepler-987,2,Hot,0.3868,0.5552,0.058,0.5552
Kepler-988 b,Kepler-988,2,Hot,0.2987,0.6981,0.0032,0.6981
Kepler-989 b,Kepler-989,2,Hot,0.0002,0.9995,0.0003,0.9995
Kepler-99 b,Kepler-99,2,Hot,0.0005,0.9988,0.0007,0.9988
Kepler-990 b,Kepler-990,2,Hot,0.0002,0.9993,0.0005,0.9993
Kepler-990 c,Kepler-990,2,Hot,1e-04,0.9995,0.0004,0.9995
Kepler-991 b,Kepler-991,1,Rocky-Habitable,0.9876,0.0115,0.0008,0.9876
Kepler-992 b,Kepler-992,2,Hot,0.0256,0.9732,0.0012,0.9732
Kepler-993 b,Kepler-993,1,Rocky-Habitable,0.9726,0.0255,0.0018,0.9726
Kepler-994 b,Kepler-994,2,Hot,0.0003,0.9996,0.0002,0.9996
Kepler-995 b,Kepler-995,2,Hot,0.077,0.9193,0.0037,0.9193
Kepler-996 b,Kepler-996,2,Hot,1e-04,0.9995,0.0004,0.9995
Kepler-997 b,Kepler-997,2,Hot,1e-04,0.9995,0.0004,0.9995
Kepler-998 b,Kepler-998,2,Hot,1e-04,0.9994,0.0005,0.9994
Kepler-999 b,Kepler-999,2,Hot,1e-04,0.9993,0.0006,0.9993
L 363-38 b,L 363-38,1,Rocky-Habitable,0.6362,0.3586,0.0053,0.6362
L 98-59 e,L 98-59,1,Rocky-Habitable,0.536,0.1216,0.3424,0.536
L 98-59 f,L 98-59,1,Rocky-Habitable,0.7291,0.0345,0.2363,0.7291
LHS 1678 b,LHS 1678,2,Hot,0.0015,0.9983,0.0002,0.9983
LHS 1678 c,LHS 1678,2,Hot,0.0028,0.9967,0.0004,0.9967
LHS 1678 d,LHS 1678,2,Hot,0.0068,0.9927,0.0005,0.9927
LHS 1815 b,LHS 1815,2,Hot,0.0008,0.999,0.0002,0.999
LHS 3154 b,LHS 3154,2,Hot,0.0445,0.9537,0.0018,0.9537
LP 261-75 b,LP 261-75 A,3,Gas-Giant,0.0975,0.0009,0.9016,0.9016
LSPM J2116+0234 b,LSPM J2116+0234,1,Rocky-Habitable,0.9559,0.0436,0.0005,0.9559
LkCa 15 b,LkCa 15,3,Gas-Giant,0.4798,0.0037,0.5164,0.5164
LkCa 15 c,LkCa 15,3,Gas-Giant,0.446,0.0032,0.5508,0.5508
Luhman 16 b,Luhman 16 A,3,Gas-Giant,0.0013,0.0005,0.9982,0.9982
Lupus-TR-3 b,Lupus-TR-3,3,Gas-Giant,0.0002,0.0104,0.9893,0.9893
M62H b,M62H,3,Gas-Giant,0.0002,0.0062,0.9937,0.9937
MOA-2007-BLG-192L b,MOA-2007-BLG-192L,2,Hot,0.2453,0.7518,0.003,0.7518
MOA-2007-BLG-400L b,MOA-2007-BLG-400L,3,Gas-Giant,0.0157,0.0013,0.9829,0.9829
MOA-2008-BLG-310L b,MOA-2008-BLG-310L,2,Hot,0.4637,0.5058,0.0305,0.5058
MOA-2008-BLG-379L b,MOA-2008-BLG-379L,3,Gas-Giant,0.0031,0.0008,0.9961,0.9961
MOA-2009-BLG-266L b,MOA-2009-BLG-266L,1,Rocky-Habitable,0.9872,0.0088,0.004,0.9872
MOA-2009-BLG-319L b,MOA-2009-BLG-319L,1,Rocky-Habitable,0.818,0.0325,0.1495,0.818
MOA-2009-BLG-387L b,MOA-2009-BLG-387L,3,Gas-Giant,0.0029,0.0012,0.9959,0.9959
MOA-2010-BLG-073L b,MOA-2010-BLG-073L,3,Gas-Giant,0.0006,0.001,0.9984,0.9984
MOA-2010-BLG-117L b,MOA-2010-BLG-117L,3,Gas-Giant,0.429,0.0098,0.5611,0.5611
MOA-2010-BLG-328L b,MOA-2010-BLG-328L,2,Hot,0.3384,0.6544,0.0072,0.6544
MOA-2010-BLG-353L b,MOA-2010-BLG-353L,1,Rocky-Habitable,0.6353,0.0651,0.2996,0.6353
MOA-2010-BLG-477L b,MOA-2010-BLG-477L,3,Gas-Giant,0.0041,0.0008,0.9951,0.9951
MOA-2011-BLG-028L b,MOA-2011-BLG-028L,1,Rocky-Habitable,0.9835,0.0091,0.0074,0.9835
MOA-2011-BLG-262L b,MOA-2011-BLG-262L,2,Hot,0.443,0.5391,0.0179,0.5391
MOA-2011-BLG-291L b,MOA-2011-BLG-291L,2,Hot,0.0774,0.9137,0.0089,0.9137
MOA-2011-BLG-293L b,MOA-2011-BLG-293L,3,Gas-Giant,0.0006,0.0018,0.9976,0.9976
MOA-2011-BLG-322L b,MOA-2011-BLG-322L,3,Gas-Giant,0.002,0.0006,0.9974,0.9974
MOA-2012-BLG-006L b,MOA-2012-BLG-006L,3,Gas-Giant,0.0023,0.0007,0.997,0.997
MOA-2012-BLG-505L b,MOA-2012-BLG-505L,2,Hot,0.4698,0.5261,0.0041,0.5261
MOA-2013-BLG-220L b,MOA-2013-BLG-220L,3,Gas-Giant,0.003,0.001,0.996,0.996
MOA-2013-BLG-605L b,MOA-2013-BLG-605L,1,Rocky-Habitable,0.5694,0.4272,0.0034,0.5694
MOA-2015-BLG-337L b,MOA-2015-BLG-337L,2,Hot,0.0012,0.9956,0.0033,0.9956
MOA-2016-BLG-227L b,MOA-2016-BLG-227L,3,Gas-Giant,0.001,0.0012,0.9978,0.9978
MOA-2016-BLG-319L b,MOA-2016-BLG-319L,3,Gas-Giant,0.0188,0.017,0.9641,0.9641
MOA-2016-BLG-526L b,MOA-2016-BLG-526L,1,Rocky-Habitable,0.987,0.0096,0.0034,0.987
MOA-2019-BLG-008L b,MOA-2019-BLG-008L,3,Gas-Giant,0.0002,0.0012,0.9985,0.9985
MOA-2020-BLG-135L b,MOA-2020-BLG-135L,1,Rocky-Habitable,0.5326,0.4569,0.0105,0.5326
MOA-2020-BLG-208L b,MOA-2020-BLG-208L,1,Rocky-Habitable,0.9622,0.0158,0.0221,0.9622
MOA-2022-BLG-033L b,MOA-2022-BLG-033L,1,Rocky-Habitable,0.9919,0.0061,0.002,0.9919
MOA-2022-BLG-091L b,MOA-2022-BLG-091L,3,Gas-Giant,0.0029,0.0009,0.9962,0.9962
MOA-2022-BLG-249L b,MOA-2022-BLG-249L,1,Rocky-Habitable,0.9901,0.0088,0.0011,0.9901
MOA-2022-BLG-563L b,MOA-2022-BLG-563L,1,Rocky-Habitable,0.5351,0.0148,0.4501,0.5351
MOA-bin-1L b,MOA-bin-1L,3,Gas-Giant,0.0033,0.0009,0.9958,0.9958
MOA-bin-29 b,MOA-bin-29,3,Gas-Giant,0.0041,0.0507,0.9452,0.9452
MWC 758 c,MWC 758,1,Rocky-Habitable,0.6024,0.0026,0.395,0.6024
MXB 1658-298 b,MXB 1658-298,3,Gas-Giant,0.0015,0.0005,0.998,0.998
NGC 2682 Sand 1429 b,NGC 2682 Sand 1429,2,Hot,0.0192,0.7709,0.2099,0.7709
NGC 2682 Sand 978 b,NGC 2682 Sand 978,1,Rocky-Habitable,0.9427,0.0055,0.0518,0.9427
NGC 2682 YBP 1194 b,NGC 2682 YBP 1194,2,Hot,1e-04,0.9995,0.0003,0.9995
NGC 2682 YBP 1514 b,NGC 2682 YBP 1514,2,Hot,1e-04,0.9996,0.0003,0.9996
NGC 2682 YBP 401 b,NGC 2682 YBP 401,2,Hot,1e-04,0.9992,0.0007,0.9992
NGTS-3 A b,NGTS-3 A,3,Gas-Giant,1e-04,0.001,0.9989,0.9989
NN Ser c,NN Ser,3,Gas-Giant,0.0063,0.0035,0.9902,0.9902
NN Ser d,NN Ser,3,Gas-Giant,0.0908,0.0491,0.8601,0.8601
NSVS 14256825 b,NSVS 14256825,3,Gas-Giant,0.0107,0.0049,0.9844,0.9844
NY Vir b,NY Vir,3,Gas-Giant,0.0098,0.005,0.9852,0.9852
NY Vir c,NY Vir,3,Gas-Giant,0.0098,0.005,0.9852,0.9852
OGLE-2003-BLG-235L b,OGLE-2003-BLG-235L,3,Gas-Giant,0.0041,0.0012,0.9947,0.9947
OGLE-2005-BLG-071L b,OGLE-2005-BLG-071L,3,Gas-Giant,0.1191,0.0009,0.88,0.88
OGLE-2005-BLG-169L b,OGLE-2005-BLG-169L,1,Rocky-Habitable,0.9941,0.004,0.0019,0.9941
OGLE-2005-BLG-390L b,OGLE-2005-BLG-390L,1,Rocky-Habitable,0.9943,0.0036,0.0021,0.9943
OGLE-2006-BLG-109L b,OGLE-2006-BLG-109L,3,Gas-Giant,0.0116,0.0067,0.9816,0.9816
OGLE-2006-BLG-109L c,OGLE-2006-BLG-109L,1,Rocky-Habitable,0.9352,0.0212,0.0436,0.9352
OGLE-2006-BLG-284L A b,OGLE-2006-BLG-284L A,3,Gas-Giant,0.4475,0.0115,0.5409,0.5409
OGLE-2007-BLG-349L AB c,OGLE-2007-BLG-349L A,1,Rocky-Habitable,0.8356,0.0748,0.0896,0.8356
OGLE-2007-BLG-368L b,OGLE-2007-BLG-368L,1,Rocky-Habitable,0.986,0.0089,0.0051,0.986
OGLE-2008-BLG-092L b,OGLE-2008-BLG-092L,1,Rocky-Habitable,0.9928,0.0037,0.0035,0.9928
OGLE-2008-BLG-355L b,OGLE-2008-BLG-355L,3,Gas-Giant,0.0016,0.0008,0.9976,0.9976
OGLE-2011-BLG-0173L b,OGLE-2011-BLG-0173L,1,Rocky-Habitable,0.9667,0.0092,0.0241,0.9667
OGLE-2011-BLG-0251L b,OGLE-2011-BLG-0251L,1,Rocky-Habitable,0.5093,0.0089,0.4819,0.5093
OGLE-2011-BLG-0265L b,OGLE-2011-BLG-0265L,3,Gas-Giant,0.1111,0.0042,0.8848,0.8848
OGLE-2012-BLG-0026L b,OGLE-2012-BLG-0026L,1,Rocky-Habitable,0.9524,0.0127,0.0349,0.9524
OGLE-2012-BLG-0026L c,OGLE-2012-BLG-0026L,3,Gas-Giant,0.4366,0.014,0.5494,0.5494
OGLE-2012-BLG-0358L b,OGLE-2012-BLG-0358L,3,Gas-Giant,0.0008,0.0034,0.9958,0.9958
OGLE-2012-BLG-0406L b,OGLE-2012-BLG-0406L,3,Gas-Giant,0.0031,0.001,0.9959,0.9959
OGLE-2012-BLG-0563L b,OGLE-2012-BLG-0563L,3,Gas-Giant,0.0188,0.0766,0.9045,0.9045
OGLE-2012-BLG-0724L b,OGLE-2012-BLG-0724L,3,Gas-Giant,0.3066,0.0196,0.6738,0.6738
OGLE-2012-BLG-0838L b,OGLE-2012-BLG-0838L,1,Rocky-Habitable,0.9356,0.0155,0.0489,0.9356
OGLE-2012-BLG-0950L b,OGLE-2012-BLG-0950L,1,Rocky-Habitable,0.9781,0.0104,0.0116,0.9781
OGLE-2013-BLG-0102L b,OGLE-2013-BLG-0102L,3,Gas-Giant,0.0003,0.0013,0.9983,0.9983
OGLE-2013-BLG-0132L b,OGLE-2013-BLG-0132L,1,Rocky-Habitable,0.8159,0.0303,0.1538,0.8159
OGLE-2013-BLG-0341L B b,OGLE-2013-BLG-0341L B,2,Hot,0.3894,0.6076,0.003,0.6076
OGLE-2013-BLG-0911L b,OGLE-2013-BLG-0911L,3,Gas-Giant,0.0002,0.0026,0.9972,0.9972
OGLE-2013-BLG-1721L b,OGLE-2013-BLG-1721L,3,Gas-Giant,0.4228,0.0086,0.5687,0.5687
OGLE-2013-BLG-1761L b,OGLE-2013-BLG-1761L,3,Gas-Giant,0.0026,0.0009,0.9965,0.9965
OGLE-2014-BLG-0124L b,OGLE-2014-BLG-0124L,3,Gas-Giant,0.3106,0.0089,0.6806,0.6806
OGLE-2014-BLG-0221L b,OGLE-2014-BLG-0221L,3,Gas-Giant,0.0025,0.0008,0.9967,0.9967
OGLE-2014-BLG-0319L b,OGLE-2014-BLG-0319L,1,Rocky-Habitable,0.6671,0.0133,0.3197,0.6671
OGLE-2014-BLG-0676L b,OGLE-2014-BLG-0676L,3,Gas-Giant,0.0029,0.001,0.9961,0.9961
OGLE-2014-BLG-1722L b,OGLE-2014-BLG-1722L,1,Rocky-Habitable,0.686,0.1291,0.1849,0.686
OGLE-2014-BLG-1722L c,OGLE-2014-BLG-1722L,1,Rocky-Habitable,0.6344,0.0665,0.2992,0.6344
OGLE-2014-BLG-1760L b,OGLE-2014-BLG-1760L,3,Gas-Giant,0.2351,0.0075,0.7574,0.7574
OGLE-2015-BLG-0051L b,OGLE-2015-BLG-0051L,3,Gas-Giant,0.0043,0.0146,0.9811,0.9811
OGLE-2015-BLG-0954L b,OGLE-2015-BLG-0954L,3,Gas-Giant,0.0012,0.0012,0.9977,0.9977
OGLE-2015-BLG-0966L b,OGLE-2015-BLG-0966L,1,Rocky-Habitable,0.986,0.0089,0.0051,0.986
OGLE-2015-BLG-1609L b,OGLE-2015-BLG-1609L,2,Hot,0.0309,0.5792,0.39,0.5792
OGLE-2015-BLG-1649L b,OGLE-2015-BLG-1649L,3,Gas-Giant,0.0027,0.001,0.9962,0.9962
OGLE-2015-BLG-1670L b,OGLE-2015-BLG-1670L,1,Rocky-Habitable,0.9871,0.0085,0.0044,0.9871
OGLE-2015-BLG-1771L b,OGLE-2015-BLG-1771L,3,Gas-Giant,0.0259,0.0596,0.9145,0.9145
OGLE-2016-BLG-0007L b,OGLE-2016-BLG-0007L,1,Rocky-Habitable,0.9964,0.0024,0.0012,0.9964
OGLE-2016-BLG-0263L b,OGLE-2016-BLG-0263L,3,Gas-Giant,0.0028,0.0009,0.9963,0.9963
OGLE-2016-BLG-0613L AB b,OGLE-2016-BLG-0613L AB,3,Gas-Giant,0.0028,0.0009,0.9963,0.9963
OGLE-2016-BLG-1067L b,OGLE-2016-BLG-1067L,3,Gas-Giant,0.2346,0.0237,0.7417,0.7417
OGLE-2016-BLG-1093L b,OGLE-2016-BLG-1093L,3,Gas-Giant,0.2759,0.0064,0.7176,0.7176
OGLE-2016-BLG-1190L b,OGLE-2016-BLG-1190L,3,Gas-Giant,0.0016,0.0005,0.9978,0.9978
OGLE-2016-BLG-1195L b,OGLE-2016-BLG-1195L,1,Rocky-Habitable,0.8103,0.1861,0.0037,0.8103
OGLE-2016-BLG-1227L b,OGLE-2016-BLG-1227L,3,Gas-Giant,0.2442,0.0065,0.7493,0.7493
OGLE-2016-BLG-1266L b,OGLE-2016-BLG-1266L,3,Gas-Giant,0.0002,0.0023,0.9975,0.9975
OGLE-2016-BLG-1598L b,OGLE-2016-BLG-1598L,1,Rocky-Habitable,0.6986,0.0162,0.2852,0.6986
OGLE-2016-BLG-1800L b,OGLE-2016-BLG-1800L,3,Gas-Giant,0.0027,0.001,0.9962,0.9962
OGLE-2017-BLG-0173L b,OGLE-2017-BLG-0173L,1,Rocky-Habitable,0.9949,0.0034,0.0017,0.9949
OGLE-2017-BLG-0364L b,OGLE-2017-BLG-0364L,1,Rocky-Habitable,0.8294,0.0291,0.1415,0.8294
OGLE-2017-BLG-0373L b,OGLE-2017-BLG-0373L,1,Rocky-Habitable,0.7161,0.0164,0.2675,0.7161
OGLE-2017-BLG-0406L b,OGLE-2017-BLG-0406L,1,Rocky-Habitable,0.6202,0.019,0.3608,0.6202
OGLE-2017-BLG-0448L b,OGLE-2017-BLG-0448L,1,Rocky-Habitable,0.9947,0.0036,0.0018,0.9947
OGLE-2017-BLG-0482L b,OGLE-2017-BLG-0482L,1,Rocky-Habitable,0.9913,0.0075,0.0011,0.9913
OGLE-2017-BLG-0604L b,OGLE-2017-BLG-0604L,1,Rocky-Habitable,0.5951,0.0189,0.386,0.5951
OGLE-2017-BLG-0640L b,OGLE-2017-BLG-0640L,3,Gas-Giant,0.0013,0.0054,0.9933,0.9933
OGLE-2017-BLG-1049L b,OGLE-2017-BLG-1049L,3,Gas-Giant,0.0023,0.0007,0.997,0.997
OGLE-2017-BLG-1099L b,OGLE-2017-BLG-1099L,3,Gas-Giant,0.003,0.001,0.9961,0.9961
OGLE-2017-BLG-1140L b,OGLE-2017-BLG-1140L,3,Gas-Giant,0.0011,0.0048,0.9941,0.9941
OGLE-2017-BLG-1237L b,OGLE-2017-BLG-1237L,3,Gas-Giant,0.0029,0.0009,0.9961,0.9961
OGLE-2017-BLG-1275L b,OGLE-2017-BLG-1275L,3,Gas-Giant,0.0024,0.0007,0.9969,0.9969
OGLE-2017-BLG-1375L b,OGLE-2017-BLG-1375L,3,Gas-Giant,0.0021,0.0006,0.9973,0.9973
OGLE-2017-BLG-1434L b,OGLE-2017-BLG-1434L,1,Rocky-Habitable,0.7835,0.2126,0.0039,0.7835
OGLE-2017-BLG-1522L b,OGLE-2017-BLG-1522L,3,Gas-Giant,0.0037,0.021,0.9753,0.9753
OGLE-2017-BLG-1691L b,OGLE-2017-BLG-1691L,1,Rocky-Habitable,0.9931,0.005,0.0019,0.9931
OGLE-2017-BLG-1806L b,OGLE-2017-BLG-1806L,1,Rocky-Habitable,0.9917,0.0073,0.001,0.9917
OGLE-2018-BLG-0298L b,OGLE-2018-BLG-0298L,1,Rocky-Habitable,0.9632,0.0153,0.0215,0.9632
OGLE-2018-BLG-0383L b,OGLE-2018-BLG-0383L,1,Rocky-Habitable,0.9915,0.0075,0.001,0.9915
OGLE-2018-BLG-0506L b,OGLE-2018-BLG-0506L,1,Rocky-Habitable,0.9917,0.0049,0.0034,0.9917
OGLE-2018-BLG-0516L b,OGLE-2018-BLG-0516L,1,Rocky-Habitable,0.9799,0.0123,0.0078,0.9799
OGLE-2018-BLG-0532L b,OGLE-2018-BLG-0532L,1,Rocky-Habitable,0.7843,0.2121,0.0036,0.7843
OGLE-2018-BLG-0567L b,OGLE-2018-BLG-0567L,1,Rocky-Habitable,0.788,0.0231,0.1888,0.788
OGLE-2018-BLG-0596L b,OGLE-2018-BLG-0596L,2,Hot,0.3951,0.5894,0.0155,0.5894
OGLE-2018-BLG-0677L b,OGLE-2018-BLG-0677L,2,Hot,0.2549,0.742,0.0031,0.742
OGLE-2018-BLG-0740L b,OGLE-2018-BLG-0740L,3,Gas-Giant,0.0077,0.0008,0.9915,0.9915
OGLE-2018-BLG-0799L b,OGLE-2018-BLG-0799L,3,Gas-Giant,0.2499,0.1077,0.6424,0.6424
OGLE-2018-BLG-0932L b,OGLE-2018-BLG-0932L,3,Gas-Giant,0.0704,0.0035,0.9261,0.9261
OGLE-2018-BLG-0962L b,OGLE-2018-BLG-0962L,3,Gas-Giant,0.0478,0.0035,0.9487,0.9487
OGLE-2018-BLG-0977L b,OGLE-2018-BLG-0977L,1,Rocky-Habitable,0.9957,0.0033,0.0009,0.9957
OGLE-2018-BLG-1011L b,OGLE-2018-BLG-1011L,3,Gas-Giant,0.0066,0.0023,0.9911,0.9911
OGLE-2018-BLG-1011L c,OGLE-2018-BLG-1011L,3,Gas-Giant,0.0005,0.0032,0.9962,0.9962
OGLE-2018-BLG-1119L b,OGLE-2018-BLG-1119L,3,Gas-Giant,0.1941,0.0077,0.7982,0.7982
OGLE-2018-BLG-1126L b,OGLE-2018-BLG-1126L,1,Rocky-Habitable,0.9916,0.0049,0.0035,0.9916
OGLE-2018-BLG-1185L b,OGLE-2018-BLG-1185L,1,Rocky-Habitable,0.9887,0.01,0.0013,0.9887
OGLE-2018-BLG-1212L b,OGLE-2018-BLG-1212L,1,Rocky-Habitable,0.7169,0.1169,0.1662,0.7169
OGLE-2018-BLG-1269L b,OGLE-2018-BLG-1269L,3,Gas-Giant,0.477,0.0151,0.5079,0.5079
OGLE-2018-BLG-1367L b,OGLE-2018-BLG-1367L,3,Gas-Giant,0.0015,0.0285,0.97,0.97
OGLE-2018-BLG-1428L b,OGLE-2018-BLG-1428L,3,Gas-Giant,0.303,0.0078,0.6891,0.6891
OGLE-2018-BLG-1647L b,OGLE-2018-BLG-1647L,3,Gas-Giant,0.0159,0.0089,0.9752,0.9752
OGLE-2018-BLG-1700L b,OGLE-2018-BLG-1700L,3,Gas-Giant,0.0025,0.0008,0.9967,0.9967
OGLE-2019-BLG-0249L b,OGLE-2019-BLG-0249L,3,Gas-Giant,0.002,0.0006,0.9974,0.9974
OGLE-2019-BLG-0299L b,OGLE-2019-BLG-0299L,3,Gas-Giant,0.0022,0.0007,0.9971,0.9971
OGLE-2019-BLG-0304L b,OGLE-2019-BLG-0304L,3,Gas-Giant,0.0911,0.0408,0.8681,0.8681
OGLE-2019-BLG-0362L b,OGLE-2019-BLG-0362L,3,Gas-Giant,0.003,0.0009,0.9961,0.9961
OGLE-2019-BLG-0468L b,OGLE-2019-BLG-0468L,3,Gas-Giant,0.0029,0.0009,0.9962,0.9962
OGLE-2019-BLG-0468L c,OGLE-2019-BLG-0468L,3,Gas-Giant,0.0021,0.0006,0.9973,0.9973
OGLE-2019-BLG-0679L b,OGLE-2019-BLG-0679L,3,Gas-Giant,0.0032,0.001,0.9958,0.9958
OGLE-2019-BLG-0954L b,OGLE-2019-BLG-0954L,3,Gas-Giant,0.002,0.0006,0.9974,0.9974
OGLE-2019-BLG-0960L b,OGLE-2019-BLG-0960L,1,Rocky-Habitable,0.9946,0.0044,0.001,0.9946
OGLE-2019-BLG-1053L b,OGLE-2019-BLG-1053L,1,Rocky-Habitable,0.9949,0.0034,0.0017,0.9949
OGLE-2019-BLG-1180L b,OGLE-2019-BLG-1180L,3,Gas-Giant,0.009,0.0014,0.9897,0.9897
OGLE-2019-BLG-1470L AB c,OGLE-2019-BLG-1470L A,3,Gas-Giant,0.0031,0.0011,0.9958,0.9958
OGLE-2019-BLG-1492L b,OGLE-2019-BLG-1492L,1,Rocky-Habitable,0.9736,0.0127,0.0137,0.9736
OGLE-2023-BLG-0836L b,OGLE-2023-BLG-0836L,3,Gas-Giant,0.0025,0.0008,0.9967,0.9967
OGLE-TR-10 b,OGLE-TR-10,3,Gas-Giant,1e-04,0.0005,0.9994,0.9994
OGLE-TR-111 b,OGLE-TR-111,3,Gas-Giant,1e-04,0.0014,0.9985,0.9985
OGLE-TR-113 b,OGLE-TR-113,3,Gas-Giant,0.0002,0.0032,0.9966,0.9966
OGLE-TR-182 b,OGLE-TR-182,3,Gas-Giant,1e-04,0.0006,0.9993,0.9993
OGLE-TR-211 b,OGLE-TR-211,3,Gas-Giant,1e-04,0.0004,0.9995,0.9995
OGLE2-TR-L9 b,OGLE2-TR-L9,3,Gas-Giant,1e-04,0.0008,0.9991,0.9991
Oph 11 b,Oph 11,3,Gas-Giant,0.366,0.0006,0.6334,0.6334
POTS-1 b,POTS-1,3,Gas-Giant,0.001,0.0245,0.9745,0.9745
PSR B0329+54 b,PSR B0329+54,3,Gas-Giant,0.4467,0.0222,0.5311,0.5311
PSR B1257+12 b,PSR B1257+12,2,Hot,0.0032,0.9928,0.004,0.9928
PSR B1257+12 c,PSR B1257+12,2,Hot,0.3621,0.6354,0.0025,0.6354
PSR B1257+12 d,PSR B1257+12,1,Rocky-Habitable,0.7839,0.2127,0.0034,0.7839
PSR B1620-26 b,PSR B1620-26,3,Gas-Giant,0.0156,0.0016,0.9828,0.9828
PSR J1719-1438 b,PSR J1719-1438,3,Gas-Giant,0.0003,0.0083,0.9915,0.9915
PSR J2322-2650 b,PSR J2322-2650,2,Hot,0.0002,0.9986,0.0013,0.9986
PZ Tel b,PZ Tel,3,Gas-Giant,0.0021,0.0007,0.9972,0.9972
Pr0201 b,Pr0201,2,Hot,0.0003,0.9906,0.009,0.9906
Pr0211 b,Pr0211,2,Hot,0.0003,0.9966,0.0031,0.9966
Pr0211 c,Pr0211,3,Gas-Giant,0.0124,0.0029,0.9847,0.9847
Proxima Cen b,Proxima Cen,1,Rocky-Habitable,0.8269,0.1629,0.0102,0.8269
Proxima Cen d,Proxima Cen,2,Hot,0.2471,0.7385,0.0144,0.7385
ROXs 12 b,ROXs 12,3,Gas-Giant,0.1531,0.0008,0.8461,0.8461
ROXs 42 B b,ROXs 42 B,3,Gas-Giant,0.0071,0.0012,0.9918,0.9918
RR Cae b,RR Cae,1,Rocky-Habitable,0.6469,0.0285,0.3246,0.6469
Ross 128 b,Ross 128,1,Rocky-Habitable,0.8798,0.1166,0.0036,0.8798
Ross 458 c,Ross 458,3,Gas-Giant,0.0243,0.0023,0.9734,0.9734
Ross 508 b,Ross 508,1,Rocky-Habitable,0.8506,0.1472,0.0021,0.8506
SR 12 AB c,SR 12 AB,3,Gas-Giant,0.0002,0.0015,0.9983,0.9983
SWEEPS-11 b,SWEEPS-11,3,Gas-Giant,0.0004,0.0277,0.9719,0.9719
SWEEPS-4 b,SWEEPS-4,3,Gas-Giant,0.0008,0.0689,0.9304,0.9304
TAP 26 b,TAP 26,2,Hot,0.0035,0.9801,0.0164,0.9801
TCP J05074264+2447555 b,TCP J05074264+2447555,2,Hot,0.4235,0.5562,0.0204,0.5562
TIC 139270665 c,TIC 139270665,1,Rocky-Habitable,0.9575,0.0257,0.0168,0.9575
TIC 172900988 b,TIC 172900988 Aa,3,Gas-Giant,0.0021,0.0013,0.9966,0.9966
TIC 241249530 b,TIC 241249530,3,Gas-Giant,0.0012,0.0018,0.997,0.997
TIC 279401253 b,TIC 279401253,3,Gas-Giant,0.0036,0.0387,0.9577,0.9577
TIC 279401253 c,TIC 279401253,2,Hot,0.2303,0.6067,0.163,0.6067
TIC 365102760 b,TIC 365102760,3,Gas-Giant,0.0015,0.0821,0.9164,0.9164
TOI-1011 b,TOI-1011,2,Hot,0.0002,0.9996,0.0003,0.9996
TOI-1052 c,TOI-1052,2,Hot,0.0044,0.9236,0.072,0.9236
TOI-1062 c,TOI-1062,2,Hot,0.0002,0.9985,0.0012,0.9985
TOI-1117 c,TOI-1117,2,Hot,0.0009,0.9664,0.0328,0.9664
TOI-1117 d,TOI-1117,2,Hot,0.0007,0.9859,0.0134,0.9859
TOI-1136 b,TOI-1136,2,Hot,0.0002,0.999,0.0008,0.999
TOI-1136 c,TOI-1136,2,Hot,0.0002,0.9989,0.0009,0.9989
TOI-1136 d,TOI-1136,2,Hot,0.0002,0.9992,0.0007,0.9992
TOI-1136 e,TOI-1136,2,Hot,0.0003,0.9992,0.0005,0.9992
TOI-1136 f,TOI-1136,2,Hot,0.001,0.9981,0.0009,0.9981
TOI-1136 g,TOI-1136,2,Hot,0.0044,0.9946,0.001,0.9946
TOI-1174 b,TOI-1174,2,Hot,0.0003,0.9993,0.0004,0.9993
TOI-1180 b,TOI-1180,2,Hot,0.0004,0.9989,0.0007,0.9989
TOI-1181 b,TOI-1181,3,Gas-Giant,1e-04,0.0019,0.998,0.998
TOI-1184 b,TOI-1184,2,Hot,0.0003,0.9995,0.0003,0.9995
TOI-1203 c,TOI-1203,2,Hot,0.0002,0.9995,0.0003,0.9995
TOI-1203 e,TOI-1203,1,Rocky-Habitable,0.8507,0.1015,0.0478,0.8507
TOI-1224 c,TOI-1224,1,Rocky-Habitable,0.9933,0.0058,0.0009,0.9933
TOI-1227 b,TOI-1227,3,Gas-Giant,0.4598,0.0074,0.5328,0.5328
TOI-1233.01,HD 108236,2,Hot,0.0002,0.9994,0.0003,0.9994
TOI-1235 b,TOI-1235,2,Hot,0.0009,0.9981,0.001,0.9981
TOI-1244 b,TOI-1244,2,Hot,0.0003,0.9993,0.0004,0.9993
TOI-1266 d,TOI-1266,1,Rocky-Habitable,0.9959,0.0038,0.0003,0.9959
TOI-1272 c,TOI-1272,2,Hot,0.0006,0.9946,0.0047,0.9946
TOI-1278 b,TOI-1278,3,Gas-Giant,0.1683,0.068,0.7637,0.7637
TOI-1288 c,TOI-1288,1,Rocky-Habitable,0.9302,0.0158,0.0541,0.9302
TOI-1294 c,TOI-1294,3,Gas-Giant,0.0689,0.0988,0.8322,0.8322
TOI-1301.01,TOI-1301,2,Hot,0.0002,0.9995,0.0003,0.9995
TOI-1338 b,TOI-1338 A,3,Gas-Giant,0.0191,0.0183,0.9626,0.9626
TOI-1338 c,TOI-1338 A,1,Rocky-Habitable,0.919,0.0202,0.0609,0.919
TOI-1386 c,TOI-1386,1,Rocky-Habitable,0.9446,0.0243,0.0311,0.9446
TOI-1408 b,TOI-1408,3,Gas-Giant,1e-04,0.0006,0.9993,0.9993
TOI-1408 c,TOI-1408,2,Hot,0.0003,0.9953,0.0044,0.9953
TOI-1410 c,TOI-1410,2,Hot,0.4202,0.5489,0.0309,0.5489
TOI-1437 b,TOI-1437,2,Hot,0.0016,0.9965,0.002,0.9965
TOI-1450 A c,TOI-1450 A,2,Hot,0.0038,0.9959,0.0004,0.9959
TOI-1467 b,TOI-1467,2,Hot,0.0018,0.9976,0.0005,0.9976
TOI-1478 b,TOI-1478,3,Gas-Giant,1e-04,0.0012,0.9987,0.9987
TOI-1516 b,TOI-1516,3,Gas-Giant,0.0002,0.0047,0.9952,0.9952
TOI-1630.01,TOI-1630,2,Hot,0.0002,0.9994,0.0004,0.9994
TOI-1634 b,TOI-1634,2,Hot,0.001,0.9984,0.0006,0.9984
TOI-1634 c,TOI-1634,1,Rocky-Habitable,0.9919,0.0047,0.0033,0.9919
TOI-1659.01,TOI-1659,2,Hot,0.0002,0.9993,0.0006,0.9993
TOI-1669 b,TOI-1669,1,Rocky-Habitable,0.8981,0.0129,0.089,0.8981
TOI-1691 b,TOI-1691,2,Hot,0.0005,0.9977,0.0017,0.9977
TOI-1694 c,TOI-1694,1,Rocky-Habitable,0.8687,0.1261,0.0052,0.8687
TOI-1716.01,TOI-1716,2,Hot,0.0002,0.9989,0.001,0.9989
TOI-1723 b,TOI-1723,2,Hot,0.0003,0.9987,0.0009,0.9987
TOI-1736 c,TOI-1736,3,Gas-Giant,0.3446,0.0568,0.5986,0.5986
TOI-1739 b,TOI-1739,2,Hot,0.0004,0.9992,0.0003,0.9992
TOI-1744.01,TOI-1744,2,Hot,0.0006,0.9983,0.0011,0.9983
TOI-1758 b,TOI-1758,2,Hot,0.0011,0.9963,0.0025,0.9963
TOI-1768.01,TOI-1768,2,Hot,0.0003,0.9977,0.002,0.9977
TOI-1772.01,TOI-1772,2,Hot,0.0002,0.9994,0.0004,0.9994
TOI-1777.01,TOI-1777,2,Hot,0.0003,0.9993,0.0004,0.9993
TOI-178 b,TOI-178,2,Hot,0.0002,0.9995,0.0003,0.9995
TOI-178 c,TOI-178,2,Hot,0.0002,0.9996,0.0002,0.9996
TOI-178 d,TOI-178,2,Hot,0.0003,0.9988,0.0008,0.9988
TOI-178 e,TOI-178,2,Hot,0.0005,0.9986,0.0009,0.9986
TOI-178 f,TOI-178,2,Hot,0.0028,0.9966,0.0006,0.9966
TOI-178 g,TOI-178,2,Hot,0.0081,0.9877,0.0042,0.9877
TOI-1782.01,TOI-1782,2,Hot,0.0003,0.9994,0.0003,0.9994
TOI-1782.02,TOI-1782,2,Hot,0.0002,0.9995,0.0003,0.9995
TOI-1798.01,TOI-1798,2,Hot,0.0002,0.9993,0.0004,0.9993
TOI-1798.02,TOI-1798,2,Hot,1e-04,0.9996,0.0003,0.9996
TOI-1799 b,TOI-1799,2,Hot,0.0003,0.9994,0.0003,0.9994
TOI-1859 b,TOI-1859,3,Gas-Giant,0.0005,0.0081,0.9914,0.9914
TOI-199 b,TOI-199,3,Gas-Giant,0.0127,0.0073,0.98,0.98
TOI-199 c,TOI-199,1,Rocky-Habitable,0.9264,0.0125,0.0611,0.9264
TOI-2005 b,TOI-2005,3,Gas-Giant,0.0002,0.0118,0.988,0.988
TOI-201 b,TOI-201,3,Gas-Giant,0.0003,0.0028,0.9969,0.9969
TOI-201 c,TOI-201,3,Gas-Giant,0.0086,0.0026,0.9887,0.9887
TOI-2015 c,TOI-2015,2,Hot,0.1295,0.8684,0.0022,0.8684
TOI-2018 b,TOI-2018,2,Hot,0.0006,0.9992,0.0002,0.9992
TOI-2046 b,TOI-2046,3,Gas-Giant,0.0002,0.0029,0.9969,0.9969
TOI-2048 b,TOI-2048,2,Hot,0.0007,0.9989,0.0004,0.9989
TOI-2093 b,TOI-2093,2,Hot,0.0097,0.9882,0.0021,0.9882
TOI-2141 c,TOI-2141,2,Hot,0.0002,0.9995,0.0003,0.9995
TOI-2141 d,TOI-2141,2,Hot,0.0575,0.9396,0.0029,0.9396
TOI-216.01,TOI-216,3,Gas-Giant,0.0006,0.005,0.9944,0.9944
TOI-216.02,TOI-216,3,Gas-Giant,0.0009,0.0385,0.9606,0.9606
TOI-2184 b,TOI-2184,3,Gas-Giant,1e-04,0.0033,0.9965,0.9965
TOI-2202 b,TOI-2202,3,Gas-Giant,0.0003,0.005,0.9947,0.9947
TOI-2202 c,TOI-2202,3,Gas-Giant,0.006,0.3744,0.6196,0.6196
TOI-2211.01,TOI-2211,2,Hot,0.0002,0.9994,0.0004,0.9994
TOI-2295 c,TOI-2295,3,Gas-Giant,0.038,0.0269,0.9351,0.9351
TOI-2337 b,TOI-2337,3,Gas-Giant,0.0005,0.0748,0.9247,0.9247
TOI-2458 c,TOI-2458,2,Hot,0.0005,0.9986,0.0009,0.9986
TOI-251 b,TOI-251,3,Gas-Giant,0.0027,0.2866,0.7107,0.7107
TOI-2525 b,TOI-2525,3,Gas-Giant,0.0025,0.0329,0.9646,0.9646
TOI-2525 c,TOI-2525,3,Gas-Giant,0.0081,0.0089,0.9831,0.9831
TOI-2537 c,TOI-2537,1,Rocky-Habitable,0.9859,0.0075,0.0067,0.9859
TOI-2545 b,TOI-2545,2,Hot,0.0003,0.9987,0.0011,0.9987
TOI-2669 b,TOI-2669,3,Gas-Giant,0.0007,0.0235,0.9758,0.9758
TOI-277 b,TOI-277,2,Hot,0.0003,0.9992,0.0005,0.9992
TOI-3362 b,TOI-3362,3,Gas-Giant,0.0008,0.0642,0.935,0.935
TOI-4010 e,TOI-4010,1,Rocky-Habitable,0.7359,0.0383,0.2258,0.7359
TOI-431 c,TOI-431,2,Hot,0.0002,0.9988,0.001,0.9988
TOI-4329 b,TOI-4329,3,Gas-Giant,0.0003,0.0203,0.9794,0.9794
TOI-4377 b,TOI-4377,3,Gas-Giant,1e-04,0.0007,0.9992,0.9992
TOI-4379 b,TOI-4379,3,Gas-Giant,1e-04,0.0018,0.9982,0.9982
TOI-4504 b,TOI-4504,2,Hot,0.0007,0.9974,0.0019,0.9974
TOI-4504 c,TOI-4504,3,Gas-Giant,0.0176,0.0328,0.9496,0.9496
TOI-4504 d,TOI-4504,3,Gas-Giant,0.0009,0.0081,0.991,0.991
TOI-4507 b,TOI-4507,3,Gas-Giant,0.0037,0.0285,0.9678,0.9678
TOI-4551 b,TOI-4551,3,Gas-Giant,0.0002,0.0019,0.9979,0.9979
TOI-4562 b,TOI-4562,3,Gas-Giant,0.294,0.058,0.648,0.648
TOI-4562 c,TOI-4562,3,Gas-Giant,0.0013,0.0005,0.9981,0.9981
TOI-4582 b,TOI-4582,3,Gas-Giant,0.0009,0.0046,0.9945,0.9945
TOI-4633 c,TOI-4633,3,Gas-Giant,0.2017,0.0441,0.7542,0.7542
TOI-4638.01,TOI-4638,2,Hot,0.0002,0.9993,0.0005,0.9993
TOI-4641 b,TOI-4641,3,Gas-Giant,0.0009,0.0343,0.9648,0.9648
TOI-500 c,TOI-500,2,Hot,0.0013,0.9943,0.0044,0.9943
TOI-500 d,TOI-500,2,Hot,0.2906,0.6319,0.0775,0.6319
TOI-500 e,TOI-500,1,Rocky-Habitable,0.8667,0.0491,0.0841,0.8667
TOI-5143 c,TOI-5143,3,Gas-Giant,0.0002,0.0012,0.9986,0.9986
TOI-5174 b,TOI-5174,2,Hot,0.0039,0.7968,0.1993,0.7968
TOI-5238 b,TOI-5238,2,Hot,0.0002,0.9938,0.006,0.9938
TOI-544 c,TOI-544,1,Rocky-Habitable,0.9546,0.0401,0.0052,0.9546
TOI-5726.01,TOI-5726,2,Hot,0.0002,0.9992,0.0006,0.9992
TOI-5789 b,TOI-5789,2,Hot,0.0008,0.9982,0.0011,0.9982
TOI-5789 d,TOI-5789,2,Hot,0.0196,0.9796,0.0008,0.9796
TOI-5789 e,TOI-5789,2,Hot,0.1051,0.8932,0.0018,0.8932
TOI-6029 b,TOI-6029,3,Gas-Giant,1e-04,0.0028,0.9971,0.9971
TOI-6041 c,TOI-6041,2,Hot,0.0168,0.9695,0.0137,0.9695
TOI-6109 b,TOI-6109,2,Hot,0.0003,0.994,0.0057,0.994
TOI-6109 c,TOI-6109,2,Hot,0.0004,0.9922,0.0075,0.9922
TOI-6255 b,TOI-6255,2,Hot,0.0006,0.9992,0.0002,0.9992
TOI-6695 c,TOI-6695,1,Rocky-Habitable,0.4736,0.1229,0.4034,0.4736
TOI-677 b,TOI-677,3,Gas-Giant,1e-04,0.001,0.9989,0.9989
TOI-700 b,TOI-700,2,Hot,0.1753,0.8217,0.003,0.8217
TOI-700 c,TOI-700,1,Rocky-Habitable,0.9315,0.0677,0.0008,0.9315
TOI-700 d,TOI-700,1,Rocky-Habitable,0.9991,0.0008,1e-04,0.9991
TOI-700 e,TOI-700,1,Rocky-Habitable,0.9989,0.0009,1e-04,0.9989
TOI-7041 b,TOI-7041,3,Gas-Giant,0.0002,0.0052,0.9946,0.9946
TOI-756 c,TOI-756,1,Rocky-Habitable,0.7836,0.0729,0.1435,0.7836
TOI-771 c,TOI-771,1,Rocky-Habitable,0.5069,0.4861,0.007,0.5069
TOI-784 b,HD 307842,2,Hot,0.0006,0.9984,0.001,0.9984
TOI-849 b,TOI-849,2,Hot,0.0011,0.9959,0.003,0.9959
TOI-942 b,TOI-942,2,Hot,0.0002,0.9986,0.0012,0.9986
TOI-942 c,TOI-942,2,Hot,0.0006,0.9949,0.0045,0.9949
TOI-969 c,TOI-969,1,Rocky-Habitable,0.9894,0.0037,0.0069,0.9894
TRAPPIST-1 b,TRAPPIST-1,2,Hot,0.0065,0.9929,0.0005,0.9929
TRAPPIST-1 c,TRAPPIST-1,2,Hot,0.0065,0.9929,0.0005,0.9929
TRAPPIST-1 d,TRAPPIST-1,2,Hot,0.015,0.9837,0.0012,0.9837
TRAPPIST-1 e,TRAPPIST-1,1,Rocky-Habitable,0.5473,0.4506,0.0021,0.5473
TRAPPIST-1 f,TRAPPIST-1,1,Rocky-Habitable,0.9288,0.0693,0.0018,0.9288
TRAPPIST-1 g,TRAPPIST-1,1,Rocky-Habitable,0.9565,0.0419,0.0016,0.9565
TRAPPIST-1 h,TRAPPIST-1,1,Rocky-Habitable,0.9871,0.0123,0.0007,0.9871
TYC 0434-04538-1 b,TYC 0434-04538-1,3,Gas-Giant,0.0244,0.0015,0.9742,0.9742
TYC 1422-614-1 b,TYC 1422-614-1,3,Gas-Giant,0.0289,0.0014,0.9696,0.9696
TYC 1422-614-1 c,TYC 1422-614-1,3,Gas-Giant,0.0184,0.0012,0.9803,0.9803
TYC 2187-512-1 b,TYC 2187-512-1,1,Rocky-Habitable,0.997,0.0014,0.0015,0.997
TYC 3318-01333-1 b,TYC 3318-01333-1,3,Gas-Giant,0.0116,0.0012,0.9872,0.9872
TYC 3667-1280-1 b,TYC 3667-1280-1,3,Gas-Giant,0.001,0.0272,0.9718,0.9718
TYC 4282-00605-1 b,TYC 4282-00605-1,3,Gas-Giant,0.0085,0.0037,0.9877,0.9877
TYC 8998-760-1 b,TYC 8998-760-1,3,Gas-Giant,0.038,0.0006,0.9614,0.9614
Teegarden's Star b,Teegarden's Star,2,Hot,0.0266,0.9687,0.0047,0.9687
Teegarden's Star c,Teegarden's Star,1,Rocky-Habitable,0.5125,0.0339,0.4536,0.5125
Teegarden's Star d,Teegarden's Star,1,Rocky-Habitable,0.6672,0.0177,0.3151,0.6672
TrES-1 b,TrES-1,3,Gas-Giant,0.0002,0.0062,0.9936,0.9936
TrES-2 b,TrES-2,3,Gas-Giant,0.0002,0.0029,0.9969,0.9969
TrES-3 b,TrES-3,3,Gas-Giant,0.0003,0.0029,0.9968,0.9968
TrES-4 b,TrES-4,3,Gas-Giant,1e-04,0.0035,0.9964,0.9964
UCAC3 113-933 b,UCAC3 113-933,3,Gas-Giant,0.1975,0.0012,0.8013,0.8013
UCAC4 328-061594 b,UCAC4 328-061594,3,Gas-Giant,0.1188,0.0014,0.8798,0.8798
UKIRT-2017-BLG-001L b,UKIRT-2017-BLG-001L,3,Gas-Giant,0.0997,0.0049,0.8954,0.8954
USco CTIO 108 b,USco CTIO 108,3,Gas-Giant,0.4798,0.0006,0.5196,0.5196
USco1556 b,USco1556 A,1,Rocky-Habitable,0.6026,0.0006,0.3968,0.6026
USco1621 b,USco1621 A,1,Rocky-Habitable,0.596,0.0006,0.4035,0.596
UZ For b,UZ For,3,Gas-Giant,0.0019,0.0006,0.9975,0.9975
UZ For c,UZ For,3,Gas-Giant,0.0017,0.0006,0.9977,0.9977
V0391 Peg b,V0391 Peg,3,Gas-Giant,0.0349,0.0145,0.9506,0.9506
V1298 Tau e,V1298 Tau,3,Gas-Giant,0.0074,0.0105,0.9821,0.9821
V830 Tau b,V830 Tau,3,Gas-Giant,0.0011,0.0751,0.9238,0.9238
WASP-1 b,WASP-1,3,Gas-Giant,1e-04,0.0005,0.9994,0.9994
WASP-100 b,WASP-100,3,Gas-Giant,0.0002,0.0027,0.9971,0.9971
WASP-101 b,WASP-101,3,Gas-Giant,0.0002,0.0066,0.9932,0.9932
WASP-106 b,WASP-106,3,Gas-Giant,0.0002,0.0026,0.9972,0.9972
WASP-107 b,WASP-107,2,Hot,0.0003,0.9987,0.001,0.9987
WASP-107 c,WASP-107,1,Rocky-Habitable,0.9633,0.011,0.0257,0.9633
WASP-11 b,WASP-11,3,Gas-Giant,0.0002,0.006,0.9938,0.9938
WASP-117 b,WASP-117,3,Gas-Giant,0.0003,0.0023,0.9974,0.9974
WASP-12 b,WASP-12,3,Gas-Giant,1e-04,0.0005,0.9995,0.9995
WASP-126 b,WASP-126,3,Gas-Giant,0.0004,0.3862,0.6134,0.6134
WASP-126 c,WASP-126,2,Hot,0.0009,0.8757,0.1235,0.8757
WASP-127 b,WASP-127,3,Gas-Giant,0.0003,0.0072,0.9924,0.9924
WASP-13 b,WASP-13,3,Gas-Giant,0.0002,0.0086,0.9912,0.9912
WASP-131 b,WASP-131,3,Gas-Giant,0.0006,0.0114,0.988,0.988
WASP-132 d,WASP-132,1,Rocky-Habitable,0.9751,0.0092,0.0157,0.9751
WASP-135 b,WASP-135,3,Gas-Giant,1e-04,0.0013,0.9986,0.9986
WASP-14 b,WASP-14,3,Gas-Giant,0.0002,0.0161,0.9837,0.9837
WASP-148 b,WASP-148,3,Gas-Giant,0.0004,0.0125,0.9871,0.9871
WASP-148 c,WASP-148,3,Gas-Giant,0.003,0.1676,0.8294,0.8294
WASP-15 b,WASP-15,3,Gas-Giant,0.0003,0.0069,0.9928,0.9928
WASP-16 b,WASP-16,3,Gas-Giant,0.0002,0.004,0.9958,0.9958
WASP-17 b,WASP-17,3,Gas-Giant,0.0005,0.0191,0.9804,0.9804
WASP-18 c,WASP-18,2,Hot,0.0008,0.5897,0.4095,0.5897
WASP-186 b,WASP-186,3,Gas-Giant,0.0003,0.0088,0.9908,0.9908
WASP-187 b,WASP-187,3,Gas-Giant,1e-04,0.0017,0.9982,0.9982
WASP-21 b,WASP-21,3,Gas-Giant,0.0002,0.0028,0.997,0.997
WASP-22 b,WASP-22,3,Gas-Giant,0.0002,0.0025,0.9973,0.9973
WASP-23 b,WASP-23,3,Gas-Giant,0.0002,0.003,0.9967,0.9967
WASP-24 b,WASP-24,3,Gas-Giant,1e-04,0.0023,0.9976,0.9976
WASP-26 b,WASP-26,3,Gas-Giant,1e-04,0.0024,0.9975,0.9975
WASP-29 b,WASP-29,3,Gas-Giant,0.0003,0.0107,0.9891,0.9891
WASP-3 b,WASP-3,3,Gas-Giant,1e-04,0.0021,0.9978,0.9978
WASP-31 b,WASP-31,3,Gas-Giant,0.0005,0.0064,0.993,0.993
WASP-32 b,WASP-32,3,Gas-Giant,0.0004,0.0325,0.9671,0.9671
WASP-34 b,WASP-34,3,Gas-Giant,0.0002,0.0048,0.995,0.995
WASP-35 b,WASP-35,3,Gas-Giant,0.0002,0.0029,0.9969,0.9969
WASP-37 b,WASP-37,3,Gas-Giant,0.0004,0.0041,0.9955,0.9955
WASP-38 b,WASP-38,3,Gas-Giant,0.0002,0.0071,0.9927,0.9927
WASP-41 b,WASP-41,3,Gas-Giant,1e-04,0.0042,0.9956,0.9956
WASP-41 c,WASP-41,1,Rocky-Habitable,0.9783,0.0129,0.0088,0.9783
WASP-43 b,WASP-43,3,Gas-Giant,0.0011,0.1231,0.8758,0.8758
WASP-47 b,WASP-47,3,Gas-Giant,0.0002,0.0051,0.9947,0.9947
WASP-47 c,WASP-47,3,Gas-Giant,0.0091,0.0033,0.9876,0.9876
WASP-47 d,WASP-47,2,Hot,0.0002,0.9987,0.0011,0.9987
WASP-47 e,WASP-47,2,Hot,0.0003,0.9993,0.0004,0.9993
WASP-48 b,WASP-48,3,Gas-Giant,0.0002,0.0042,0.9956,0.9956
WASP-49 b,WASP-49,3,Gas-Giant,0.0003,0.0098,0.9899,0.9899
WASP-53 c,WASP-53,1,Rocky-Habitable,0.9264,0.0126,0.0611,0.9264
WASP-54 b,WASP-54,3,Gas-Giant,0.0004,0.0205,0.9791,0.9791
WASP-56 b,WASP-56,3,Gas-Giant,1e-04,0.0046,0.9953,0.9953
WASP-58 b,WASP-58,3,Gas-Giant,0.0003,0.0087,0.991,0.991
WASP-60 b,WASP-60,3,Gas-Giant,0.0004,0.0133,0.9863,0.9863
WASP-61 b,WASP-61,3,Gas-Giant,0.0003,0.0049,0.9949,0.9949
WASP-62 b,WASP-62,3,Gas-Giant,0.0002,0.0055,0.9943,0.9943
WASP-63 b,WASP-63,3,Gas-Giant,0.0005,0.0364,0.9631,0.9631
WASP-66 b,WASP-66,3,Gas-Giant,0.0003,0.0087,0.991,0.991
WASP-67 b,WASP-67,3,Gas-Giant,0.0005,0.0137,0.9858,0.9858
WASP-68 b,WASP-68,3,Gas-Giant,1e-04,0.003,0.9969,0.9969
WASP-71 b,WASP-71,3,Gas-Giant,1e-04,0.0023,0.9976,0.9976
WASP-72 b,WASP-72,3,Gas-Giant,0.0002,0.0038,0.996,0.996
WASP-73 b,WASP-73,3,Gas-Giant,1e-04,0.0031,0.9968,0.9968
WASP-74 b,WASP-74,3,Gas-Giant,1e-04,0.0029,0.9969,0.9969
WASP-77 A b,WASP-77 A,3,Gas-Giant,0.0002,0.0021,0.9977,0.9977
WASP-78 b,WASP-78,3,Gas-Giant,0.0004,0.0232,0.9763,0.9763
WASP-8 b,WASP-8,3,Gas-Giant,0.0002,0.0024,0.9974,0.9974
WASP-8 c,WASP-8,3,Gas-Giant,0.1239,0.0264,0.8497,0.8497
WASP-82 b,WASP-82,3,Gas-Giant,1e-04,0.0019,0.9981,0.9981
WASP-87 b,WASP-87,3,Gas-Giant,1e-04,0.0005,0.9994,0.9994
WASP-88 b,WASP-88,3,Gas-Giant,0.0006,0.0231,0.9763,0.9763
WASP-94 A b,WASP-94 A,3,Gas-Giant,0.0004,0.0205,0.9791,0.9791
WASP-94 B b,WASP-94 B,2,Hot,0.0004,0.9752,0.0245,0.9752
WASP-95 b,WASP-95,3,Gas-Giant,1e-04,0.0024,0.9975,0.9975
WASP-97 b,WASP-97,3,Gas-Giant,1e-04,0.005,0.9948,0.9948
WASP-99 b,WASP-99,3,Gas-Giant,0.0002,0.0101,0.9897,0.9897
WD 0806-661 b,WD 0806-661,3,Gas-Giant,0.3842,0.0013,0.6144,0.6144
WISE J033605.05-014350.4 b,WISE J033605.05-014350.4,1,Rocky-Habitable,0.5822,0.003,0.4148,0.5822
WISPIT 1 b,WISPIT 1,3,Gas-Giant,0.03,0.0013,0.9687,0.9687
WISPIT 1 c,WISPIT 1,3,Gas-Giant,0.1271,0.001,0.8718,0.8718
WISPIT 2 b,WISPIT 2,3,Gas-Giant,0.0402,0.0016,0.9582,0.9582
Wolf 1061 b,Wolf 1061,2,Hot,0.0367,0.9619,0.0014,0.9619
Wolf 1061 c,Wolf 1061,1,Rocky-Habitable,0.9986,0.0013,1e-04,0.9986
Wolf 1061 d,Wolf 1061,1,Rocky-Habitable,0.9994,0.0004,0.0002,0.9994
Wolf 1069 b,Wolf 1069,1,Rocky-Habitable,0.7105,0.2648,0.0247,0.7105
XO-1 b,XO-1,3,Gas-Giant,1e-04,0.0032,0.9966,0.9966
XO-2 N b,XO-2 N,3,Gas-Giant,1e-04,0.0014,0.9985,0.9985
XO-2 S b,XO-2 S,2,Hot,0.004,0.6608,0.3352,0.6608
XO-2 S c,XO-2 S,3,Gas-Giant,0.0315,0.4471,0.5215,0.5215
XO-3 b,XO-3,3,Gas-Giant,0.0003,0.0125,0.9872,0.9872
XO-4 b,XO-4,3,Gas-Giant,0.0002,0.0036,0.9962,0.9962
YZ Cet b,YZ Cet,2,Hot,0.008,0.9914,0.0006,0.9914
YZ Cet c,YZ Cet,2,Hot,0.0128,0.9836,0.0036,0.9836
YZ Cet d,YZ Cet,2,Hot,0.0265,0.9445,0.029,0.9445
ZTF J1230-2655 b,ZTF J1230-2655,3,Gas-Giant,0.0003,0.0542,0.9455,0.9455
ZTF J1828+2308 b,ZTF J1828+2308,3,Gas-Giant,0.0006,0.1314,0.868,0.868
alf Ari b,alf Ari,1,Rocky-Habitable,0.981,0.0087,0.0103,0.981
alf Tau b,alf Tau,1,Rocky-Habitable,0.9912,0.003,0.0058,0.9912
b Cen AB b,b Cen A,3,Gas-Giant,0.0156,0.0007,0.9837,0.9837
bet Cnc b,bet Cnc,3,Gas-Giant,0.0357,0.0012,0.9631,0.9631
bet Pic b,bet Pic,3,Gas-Giant,0.0017,0.0005,0.9978,0.9978
bet Pic c,bet Pic,3,Gas-Giant,0.0016,0.0005,0.9978,0.9978
bet UMi b,bet UMi,3,Gas-Giant,0.0401,0.0012,0.9588,0.9588
eps CrB b,eps CrB,1,Rocky-Habitable,0.9847,0.0062,0.009,0.9847
eps Eri b,eps Eri,3,Gas-Giant,0.0874,0.0329,0.8797,0.8797
eps Ind A b,eps Ind A,3,Gas-Giant,0.0339,0.0009,0.9653,0.9653
eps Tau b,eps Tau,3,Gas-Giant,0.0039,0.0006,0.9955,0.9955
gam Cep b,gam Cep,3,Gas-Giant,0.0025,0.0005,0.997,0.997
gam Lib b,gam Lib,3,Gas-Giant,0.0204,0.0011,0.9785,0.9785
gam Lib c,gam Lib,3,Gas-Giant,0.0165,0.001,0.9825,0.9825
gam Psc b,gam Psc,3,Gas-Giant,0.0157,0.0015,0.9828,0.9828
gam1 Leo b,gam1 Leo,1,Rocky-Habitable,0.9863,0.0084,0.0053,0.9863
iot Dra b,iot Dra,3,Gas-Giant,0.0084,0.0008,0.9908,0.9908
iot Dra c,iot Dra,3,Gas-Giant,0.0065,0.0007,0.9928,0.9928
kap And b,kap And,3,Gas-Giant,0.0056,0.0008,0.9936,0.9936
kap CrB b,kap CrB,3,Gas-Giant,0.0032,0.0006,0.9963,0.9963
mu Leo b,mu Leo,3,Gas-Giant,0.0056,0.0008,0.9937,0.9937
mu2 Sco b,mu2 Sco,3,Gas-Giant,0.0014,0.0005,0.9982,0.9982
nu Oct A b,nu Oct A,3,Gas-Giant,0.017,0.0014,0.9816,0.9816
nu Oph b,nu Oph,3,Gas-Giant,0.0045,0.0006,0.9949,0.9949
nu Oph c,nu Oph,3,Gas-Giant,0.0039,0.0006,0.9955,0.9955
ome Ser b,ome Ser,3,Gas-Giant,0.022,0.0011,0.9769,0.9769
omi CrB b,omi CrB,3,Gas-Giant,0.0225,0.0011,0.9763,0.9763
omi UMa b,omi UMa,3,Gas-Giant,0.0118,0.0011,0.9871,0.9871
pi Men c,HD 39091,2,Hot,0.0003,0.9989,0.0009,0.9989
pi Men d,HD 39091,3,Gas-Giant,0.11,0.3132,0.5768,0.5768
psi1 Dra B b,psi1 Dra B,3,Gas-Giant,0.3748,0.0669,0.5583,0.5583
rho CrB b,rho CrB,2,Hot,0.005,0.9852,0.0098,0.9852
rho CrB c,rho CrB,2,Hot,0.0735,0.8581,0.0684,0.8581
rho CrB d,rho CrB,1,Rocky-Habitable,0.8763,0.0696,0.0541,0.8763
rho CrB e,rho CrB,2,Hot,0.0008,0.9946,0.0045,0.9946
tau Boo b,tau Boo,3,Gas-Giant,0.0004,0.0788,0.9208,0.9208
tau Cet e,tau Cet,2,Hot,0.194,0.6534,0.1526,0.6534
tau Cet f,tau Cet,1,Rocky-Habitable,0.6775,0.0887,0.2338,0.6775
tau Cet g,tau Cet,2,Hot,0.001,0.9964,0.0025,0.9964
tau Cet h,tau Cet,2,Hot,0.0151,0.9735,0.0114,0.9735
tau Gem b,tau Gem,1,Rocky-Habitable,0.8766,0.0162,0.1072,0.8766
ups And b,ups And,2,Hot,0.0002,0.9991,0.0007,0.9991
ups And c,ups And,1,Rocky-Habitable,0.6834,0.1001,0.2165,0.6834
ups And d,ups And,3,Gas-Giant,0.4273,0.1379,0.4348,0.4348
ups Leo b,ups Leo,3,Gas-Giant,0.0207,0.0012,0.978,0.978
xi Aql b,xi Aql,3,Gas-Giant,0.013,0.001,0.986,0.986
